Linux ryzen2 6.3.1-arch1-1 #1 SMP PREEMPT_DYNAMIC Mon, 01 May 2023 17:42:39 +0000 x86_64 GNU/Linux

Using built-in specs.
COLLECT_GCC=gcc
COLLECT_LTO_WRAPPER=/usr/lib/gcc/x86_64-pc-linux-gnu/13.1.1/lto-wrapper
Target: x86_64-pc-linux-gnu
Configured with: /build/gcc/src/gcc/configure --enable-languages=ada,c,c++,d,fortran,go,lto,objc,obj-c++ --enable-bootstrap --prefix=/usr --libdir=/usr/lib --libexecdir=/usr/lib --mandir=/usr/share/man --infodir=/usr/share/info --with-bugurl=https://bugs.archlinux.org/ --with-build-config=bootstrap-lto --with-linker-hash-style=gnu --with-system-zlib --enable-__cxa_atexit --enable-cet=auto --enable-checking=release --enable-clocale=gnu --enable-default-pie --enable-default-ssp --enable-gnu-indirect-function --enable-gnu-unique-object --enable-libstdcxx-backtrace --enable-link-serialization=1 --enable-linker-build-id --enable-lto --enable-multilib --enable-plugin --enable-shared --enable-threads=posix --disable-libssp --disable-libstdcxx-pch --disable-werror
Thread model: posix
Supported LTO compression algorithms: zlib zstd
gcc version 13.1.1 20230429 (GCC) 

cmake version 3.26.3

CMake suite maintained and supported by Kitware (kitware.com/cmake).

processor	: 0
vendor_id	: AuthenticAMD
cpu family	: 23
model		: 113
model name	: AMD Ryzen 9 3900X 12-Core Processor
stepping	: 0
microcode	: 0x8701030
cpu MHz		: 2553.071
cache size	: 512 KB
physical id	: 0
Will use 12 cores
Cloning into 'openmm'...
~/trash/set-up-wshell/openmm ~/trash/set-up-wshell
Note: switching to 'tags/7.3.0'.

You are in 'detached HEAD' state. You can look around, make experimental
changes and commit them, and you can discard any commits you make in this
state without impacting any branches by switching back to a branch.

If you want to create a new branch to retain commits you create, you may
do so (now or later) by using -c with the switch command. Example:

  git switch -c <new-branch-name>

Or undo this operation with:

  git switch -

Turn off this advice by setting config variable advice.detachedHead to false

HEAD is now at 09537426c Merge pull request #2205 from peastman/setstream
awk: warning: escape sequence `\ ' treated as plain ` '
~/trash/set-up-wshell/openmm/build ~/trash/set-up-wshell/openmm ~/trash/set-up-wshell
-- Found PythonInterp: /usr/bin/python (found version "3.11.3") 
CMake Warning (dev) at CMakeLists.txt:21 (PROJECT):
  cmake_minimum_required() should be called prior to this top-level project()
  call.  Please see the cmake-commands(7) manual for usage documentation of
  both commands.
This warning is for project developers.  Use -Wno-dev to suppress it.

-- The C compiler identification is GNU 13.1.1
-- The CXX compiler identification is GNU 13.1.1
-- Detecting C compiler ABI info
-- Detecting C compiler ABI info - done
-- Check for working C compiler: /usr/bin/cc - skipped
-- Detecting C compile features
-- Detecting C compile features - done
-- Detecting CXX compiler ABI info
-- Detecting CXX compiler ABI info - done
-- Check for working CXX compiler: /usr/bin/c++ - skipped
-- Detecting CXX compile features
-- Detecting CXX compile features - done
CMake Deprecation Warning at CMakeLists.txt:25 (CMAKE_POLICY):
  The OLD behavior for policy CMP0042 will be removed from a future version
  of CMake.

  The cmake-policies(7) manual explains that the OLD behaviors of all
  policies are deprecated and that a policy should be set to OLD only under
  specific short-term circumstances.  Projects should be ported to the NEW
  behavior and not rely on setting a policy to OLD.


-- Found Doxygen: /usr/bin/doxygen (found version "1.9.6") found components: doxygen dot 
-- Performing Test CMAKE_HAVE_LIBC_PTHREAD
-- Performing Test CMAKE_HAVE_LIBC_PTHREAD - Success
-- Found Threads: TRUE  
-- Found CUDA: /opt/cuda (found version "12.1") 
CMake Warning (dev) at /usr/share/cmake/Modules/FindPackageHandleStandardArgs.cmake:438 (message):
  The package name passed to `find_package_handle_standard_args` (OPENCL)
  does not match the name of the calling package (OpenCL).  This can lead to
  problems in calling code that expects `find_package` result variables
  (e.g., `_FOUND`) to follow a certain pattern.
Call Stack (most recent call first):
  cmake_modules/FindOpenCL.cmake:86 (find_package_handle_standard_args)
  CMakeLists.txt:318 (FIND_PACKAGE)
This warning is for project developers.  Use -Wno-dev to suppress it.

-- Found OPENCL: /usr/lib/libOpenCL.so  
-- Configuring done (0.5s)
-- Generating done (0.2s)
-- Build files have been written to: /home/surgeon/trash/set-up-wshell/openmm/build
make[1]: warning: -j24 forced in submake: resetting jobserver mode.
make[2]: warning: -j24 forced in submake: resetting jobserver mode.
make[2]: warning: -j24 forced in submake: resetting jobserver mode.
make[2]: warning: -j24 forced in submake: resetting jobserver mode.
make[2]: warning: -j24 forced in submake: resetting jobserver mode.
make[2]: warning: -j24 forced in submake: resetting jobserver mode.
make[2]: warning: -j24 forced in submake: resetting jobserver mode.
[  0%] Parsing OpenMM header files with Doxygen...
[  0%] Parsing OpenMM header files with Doxygen...
[  0%] CMake-copying file /home/surgeon/trash/set-up-wshell/openmm/wrappers/python/MANIFEST.in to /home/surgeon/trash/set-up-wshell/openmm/build/python/MANIFEST.in
[  0%] CMake-copying file /home/surgeon/trash/set-up-wshell/openmm/wrappers/python/simtk/openmm/amd.py to /home/surgeon/trash/set-up-wshell/openmm/build/python/simtk/openmm/amd.py
[  0%] CMake-copying file /home/surgeon/trash/set-up-wshell/openmm/wrappers/python/simtk/openmm/__init__.py to /home/surgeon/trash/set-up-wshell/openmm/build/python/simtk/openmm/__init__.py
[  0%] CMake-copying file /home/surgeon/trash/set-up-wshell/openmm/wrappers/python/simtk/openmm/app/__init__.py to /home/surgeon/trash/set-up-wshell/openmm/build/python/simtk/openmm/app/__init__.py
[  0%] CMake-copying file /home/surgeon/trash/set-up-wshell/openmm/wrappers/python/simtk/openmm/app/amberprmtopfile.py to /home/surgeon/trash/set-up-wshell/openmm/build/python/simtk/openmm/app/amberprmtopfile.py
[  0%] CMake-copying file /home/surgeon/trash/set-up-wshell/openmm/wrappers/python/simtk/openmm/app/charmmcrdfiles.py to /home/surgeon/trash/set-up-wshell/openmm/build/python/simtk/openmm/app/charmmcrdfiles.py
[  0%] CMake-copying file /home/surgeon/trash/set-up-wshell/openmm/wrappers/python/simtk/__init__.py to /home/surgeon/trash/set-up-wshell/openmm/build/python/simtk/__init__.py
[  0%] CMake-copying file /home/surgeon/trash/set-up-wshell/openmm/wrappers/python/simtk/openmm/app/charmmpsffile.py to /home/surgeon/trash/set-up-wshell/openmm/build/python/simtk/openmm/app/charmmpsffile.py
[  0%] CMake-copying file /home/surgeon/trash/set-up-wshell/openmm/wrappers/python/simtk/openmm/app/charmmparameterset.py to /home/surgeon/trash/set-up-wshell/openmm/build/python/simtk/openmm/app/charmmparameterset.py
[  0%] CMake-copying file /home/surgeon/trash/set-up-wshell/openmm/wrappers/python/simtk/openmm/app/checkpointreporter.py to /home/surgeon/trash/set-up-wshell/openmm/build/python/simtk/openmm/app/checkpointreporter.py
warning: Tag 'SYMBOL_CACHE_SIZE' at line 289 of file 'Doxyfile' has become obsolete.
         To avoid this warning please remove this line from your configuration file or upgrade it using "doxygen -u"
[  0%] CMake-copying file /home/surgeon/trash/set-up-wshell/openmm/wrappers/python/simtk/openmm/app/data/POPC.pdb to /home/surgeon/trash/set-up-wshell/openmm/build/python/simtk/openmm/app/data/POPC.pdb
warning: Tag 'SHOW_DIRECTORIES' at line 473 of file 'Doxyfile' has become obsolete.
         To avoid this warning please remove this line from your configuration file or upgrade it using "doxygen -u"
[  0%] CMake-copying file /home/surgeon/trash/set-up-wshell/openmm/wrappers/python/simtk/openmm/app/data/POPE.pdb to /home/surgeon/trash/set-up-wshell/openmm/build/python/simtk/openmm/app/data/POPE.pdb
warning: Tag 'COLS_IN_ALPHA_INDEX' at line 748 of file 'Doxyfile' has become obsolete.
         To avoid this warning please remove this line from your configuration file or upgrade it using "doxygen -u"
warning: Tag 'HTML_ALIGN_MEMBERS' at line 803 of file 'Doxyfile' has become obsolete.
         To avoid this warning please remove this line from your configuration file or upgrade it using "doxygen -u"
[  0%] CMake-copying file /home/surgeon/trash/set-up-wshell/openmm/wrappers/python/simtk/openmm/app/data/absinth.xml to /home/surgeon/trash/set-up-wshell/openmm/build/python/simtk/openmm/app/data/absinth.xml
warning: Tag 'LATEX_SOURCE_CODE' at line 1052 of file 'Doxyfile' has become obsolete.
         To avoid this warning please remove this line from your configuration file or upgrade it using "doxygen -u"
warning: Tag 'XML_SCHEMA' at line 1144 of file 'Doxyfile' has become obsolete.
         To avoid this warning please remove this line from your configuration file or upgrade it using "doxygen -u"
warning: Tag 'XML_DTD' at line 1150 of file 'Doxyfile' has become obsolete.
         To avoid this warning please remove this line from your configuration file or upgrade it using "doxygen -u"
warning: Tag 'PERL_PATH' at line 1315 of file 'Doxyfile' has become obsolete.
         To avoid this warning please remove this line from your configuration file or upgrade it using "doxygen -u"
warning: Tag 'CLASS_DIAGRAMS' at line 1328 of file 'Doxyfile' has become obsolete.
         To avoid this warning please remove this line from your configuration file or upgrade it using "doxygen -u"
warning: Tag 'MSCGEN_PATH' at line 1337 of file 'Doxyfile' has become obsolete.
         To avoid this warning please remove this line from your configuration file or upgrade it using "doxygen -u"
warning: Tag 'DOT_FONTNAME' at line 1361 of file 'Doxyfile' has become obsolete.
         To avoid this warning please remove this line from your configuration file or upgrade it using "doxygen -u"
warning: Tag 'DOT_FONTSIZE' at line 1366 of file 'Doxyfile' has become obsolete.
         To avoid this warning please remove this line from your configuration file or upgrade it using "doxygen -u"
warning: Tag 'DOT_TRANSPARENT' at line 1490 of file 'Doxyfile' has become obsolete.
         To avoid this warning please remove this line from your configuration file or upgrade it using "doxygen -u"
[  1%] CMake-copying file /home/surgeon/trash/set-up-wshell/openmm/wrappers/python/simtk/openmm/app/data/amber03.xml to /home/surgeon/trash/set-up-wshell/openmm/build/python/simtk/openmm/app/data/amber03.xml
warning: argument 'a4wide' for option PAPER_TYPE is not a valid enum value
Using the default: a4!
warning: doxygen no longer ships with the FreeSans font.
  You may want to clear or change DOT_FONTNAME.
  Otherwise you run the risk that the wrong font is being used for dot generated graphs.
warning: Tag 'SYMBOL_CACHE_SIZE' at line 289 of file 'Doxyfile' has become obsolete.
         To avoid this warning please remove this line from your configuration file or upgrade it using "doxygen -u"
warning: Tag 'SHOW_DIRECTORIES' at line 473 of file 'Doxyfile' has become obsolete.
         To avoid this warning please remove this line from your configuration file or upgrade it using "doxygen -u"
[  1%] CMake-copying file /home/surgeon/trash/set-up-wshell/openmm/wrappers/python/simtk/openmm/app/data/amber03_obc.xml to /home/surgeon/trash/set-up-wshell/openmm/build/python/simtk/openmm/app/data/amber03_obc.xml
warning: Tag 'COLS_IN_ALPHA_INDEX' at line 754 of file 'Doxyfile' has become obsolete.
         To avoid this warning please remove this line from your configuration file or upgrade it using "doxygen -u"
warning: Tag 'HTML_ALIGN_MEMBERS' at line 809 of file 'Doxyfile' has become obsolete.
         To avoid this warning please remove this line from your configuration file or upgrade it using "doxygen -u"
warning: Tag 'LATEX_SOURCE_CODE' at line 1058 of file 'Doxyfile' has become obsolete.
         To avoid this warning please remove this line from your configuration file or upgrade it using "doxygen -u"
[  1%] CMake-copying file /home/surgeon/trash/set-up-wshell/openmm/wrappers/python/simtk/openmm/app/data/amber10.xml to /home/surgeon/trash/set-up-wshell/openmm/build/python/simtk/openmm/app/data/amber10.xml
warning: Tag 'XML_SCHEMA' at line 1150 of file 'Doxyfile' has become obsolete.
         To avoid this warning please remove this line from your configuration file or upgrade it using "doxygen -u"
warning: Tag 'XML_DTD' at line 1156 of file 'Doxyfile' has become obsolete.
         To avoid this warning please remove this line from your configuration file or upgrade it using "doxygen -u"
warning: Tag 'PERL_PATH' at line 1321 of file 'Doxyfile' has become obsolete.
         To avoid this warning please remove this line from your configuration file or upgrade it using "doxygen -u"
warning: Tag 'CLASS_DIAGRAMS' at line 1334 of file 'Doxyfile' has become obsolete.
         To avoid this warning please remove this line from your configuration file or upgrade it using "doxygen -u"
warning: Tag 'MSCGEN_PATH' at line 1343 of file 'Doxyfile' has become obsolete.
         To avoid this warning please remove this line from your configuration file or upgrade it using "doxygen -u"
warning: Tag 'DOT_FONTNAME' at line 1367 of file 'Doxyfile' has become obsolete.
         To avoid this warning please remove this line from your configuration file or upgrade it using "doxygen -u"
warning: Tag 'DOT_FONTSIZE' at line 1372 of file 'Doxyfile' has become obsolete.
         To avoid this warning please remove this line from your configuration file or upgrade it using "doxygen -u"
warning: Tag 'DOT_TRANSPARENT' at line 1496 of file 'Doxyfile' has become obsolete.
         To avoid this warning please remove this line from your configuration file or upgrade it using "doxygen -u"
[  1%] CMake-copying file /home/surgeon/trash/set-up-wshell/openmm/wrappers/python/simtk/openmm/app/data/amber10_obc.xml to /home/surgeon/trash/set-up-wshell/openmm/build/python/simtk/openmm/app/data/amber10_obc.xml
warning: argument 'a4wide' for option PAPER_TYPE is not a valid enum value
Using the default: a4!
warning: doxygen no longer ships with the FreeSans font.
  You may want to clear or change DOT_FONTNAME.
  Otherwise you run the risk that the wrong font is being used for dot generated graphs.
[  1%] CMake-copying file /home/surgeon/trash/set-up-wshell/openmm/wrappers/python/simtk/openmm/app/data/amber14-all.xml to /home/surgeon/trash/set-up-wshell/openmm/build/python/simtk/openmm/app/data/amber14-all.xml
[  1%] CMake-copying file /home/surgeon/trash/set-up-wshell/openmm/wrappers/python/simtk/openmm/app/data/amber14/DNA.OL15.xml to /home/surgeon/trash/set-up-wshell/openmm/build/python/simtk/openmm/app/data/amber14/DNA.OL15.xml
[  1%] CMake-copying file /home/surgeon/trash/set-up-wshell/openmm/wrappers/python/simtk/openmm/app/data/amber14/DNA.bsc1.xml to /home/surgeon/trash/set-up-wshell/openmm/build/python/simtk/openmm/app/data/amber14/DNA.bsc1.xml
[  1%] CMake-copying file /home/surgeon/trash/set-up-wshell/openmm/wrappers/python/simtk/openmm/app/amberinpcrdfile.py to /home/surgeon/trash/set-up-wshell/openmm/build/python/simtk/openmm/app/amberinpcrdfile.py
[  1%] CMake-copying file /home/surgeon/trash/set-up-wshell/openmm/wrappers/python/simtk/openmm/app/data/amber14/RNA.OL3.xml to /home/surgeon/trash/set-up-wshell/openmm/build/python/simtk/openmm/app/data/amber14/RNA.OL3.xml
[  1%] CMake-copying file /home/surgeon/trash/set-up-wshell/openmm/wrappers/python/simtk/openmm/app/data/amber14/lipid17.xml to /home/surgeon/trash/set-up-wshell/openmm/build/python/simtk/openmm/app/data/amber14/lipid17.xml
[  1%] CMake-copying file /home/surgeon/trash/set-up-wshell/openmm/wrappers/python/simtk/openmm/app/data/amber14/protein.ff14SB.xml to /home/surgeon/trash/set-up-wshell/openmm/build/python/simtk/openmm/app/data/amber14/protein.ff14SB.xml
[  1%] CMake-copying file /home/surgeon/trash/set-up-wshell/openmm/wrappers/python/simtk/openmm/app/data/amber14/spce.xml to /home/surgeon/trash/set-up-wshell/openmm/build/python/simtk/openmm/app/data/amber14/spce.xml
[  1%] CMake-copying file /home/surgeon/trash/set-up-wshell/openmm/wrappers/python/simtk/openmm/app/data/amber14/protein.ff15ipq.xml to /home/surgeon/trash/set-up-wshell/openmm/build/python/simtk/openmm/app/data/amber14/protein.ff15ipq.xml
[  1%] CMake-copying file /home/surgeon/trash/set-up-wshell/openmm/wrappers/python/simtk/openmm/app/data/amber14/tip4pfb.xml to /home/surgeon/trash/set-up-wshell/openmm/build/python/simtk/openmm/app/data/amber14/tip4pfb.xml
[  1%] CMake-copying file /home/surgeon/trash/set-up-wshell/openmm/wrappers/python/simtk/openmm/app/data/amber14/tip4pew.xml to /home/surgeon/trash/set-up-wshell/openmm/build/python/simtk/openmm/app/data/amber14/tip4pew.xml
[  1%] CMake-copying file /home/surgeon/trash/set-up-wshell/openmm/wrappers/python/simtk/openmm/app/data/amber96.xml to /home/surgeon/trash/set-up-wshell/openmm/build/python/simtk/openmm/app/data/amber96.xml
[  1%] CMake-copying file /home/surgeon/trash/set-up-wshell/openmm/wrappers/python/simtk/openmm/app/data/amber14/tip3p.xml to /home/surgeon/trash/set-up-wshell/openmm/build/python/simtk/openmm/app/data/amber14/tip3p.xml
[  1%] CMake-copying file /home/surgeon/trash/set-up-wshell/openmm/wrappers/python/simtk/openmm/app/data/amber96_obc.xml to /home/surgeon/trash/set-up-wshell/openmm/build/python/simtk/openmm/app/data/amber96_obc.xml
[  3%] CMake-copying file /home/surgeon/trash/set-up-wshell/openmm/wrappers/python/simtk/openmm/app/data/amber99Test.xml to /home/surgeon/trash/set-up-wshell/openmm/build/python/simtk/openmm/app/data/amber99Test.xml
[  3%] CMake-copying file /home/surgeon/trash/set-up-wshell/openmm/wrappers/python/simtk/openmm/app/data/amber99_obc.xml to /home/surgeon/trash/set-up-wshell/openmm/build/python/simtk/openmm/app/data/amber99_obc.xml
[  3%] CMake-copying file /home/surgeon/trash/set-up-wshell/openmm/wrappers/python/simtk/openmm/app/data/amber14/tip3pfb.xml to /home/surgeon/trash/set-up-wshell/openmm/build/python/simtk/openmm/app/data/amber14/tip3pfb.xml
[  3%] CMake-copying file /home/surgeon/trash/set-up-wshell/openmm/wrappers/python/simtk/openmm/app/data/amber99sb.xml to /home/surgeon/trash/set-up-wshell/openmm/build/python/simtk/openmm/app/data/amber99sb.xml
[  3%] CMake-copying file /home/surgeon/trash/set-up-wshell/openmm/wrappers/python/simtk/openmm/app/data/amber99sbildn.xml to /home/surgeon/trash/set-up-wshell/openmm/build/python/simtk/openmm/app/data/amber99sbildn.xml
[  3%] CMake-copying file /home/surgeon/trash/set-up-wshell/openmm/wrappers/python/simtk/openmm/app/data/amberfb15.xml to /home/surgeon/trash/set-up-wshell/openmm/build/python/simtk/openmm/app/data/amberfb15.xml
[  3%] CMake-copying file /home/surgeon/trash/set-up-wshell/openmm/wrappers/python/simtk/openmm/app/data/amber99sbnmr.xml to /home/surgeon/trash/set-up-wshell/openmm/build/python/simtk/openmm/app/data/amber99sbnmr.xml
[  3%] CMake-copying file /home/surgeon/trash/set-up-wshell/openmm/wrappers/python/simtk/openmm/app/data/amoeba2009.xml to /home/surgeon/trash/set-up-wshell/openmm/build/python/simtk/openmm/app/data/amoeba2009.xml
[  3%] CMake-copying file /home/surgeon/trash/set-up-wshell/openmm/wrappers/python/simtk/openmm/app/data/amoeba2013.xml to /home/surgeon/trash/set-up-wshell/openmm/build/python/simtk/openmm/app/data/amoeba2013.xml
[  3%] CMake-copying file /home/surgeon/trash/set-up-wshell/openmm/wrappers/python/simtk/openmm/app/data/amoeba2009_gk.xml to /home/surgeon/trash/set-up-wshell/openmm/build/python/simtk/openmm/app/data/amoeba2009_gk.xml
[  3%] CMake-copying file /home/surgeon/trash/set-up-wshell/openmm/wrappers/python/simtk/openmm/app/data/amoeba2013_gk.xml to /home/surgeon/trash/set-up-wshell/openmm/build/python/simtk/openmm/app/data/amoeba2013_gk.xml
[  3%] CMake-copying file /home/surgeon/trash/set-up-wshell/openmm/wrappers/python/simtk/openmm/app/data/charmm36.xml to /home/surgeon/trash/set-up-wshell/openmm/build/python/simtk/openmm/app/data/charmm36.xml
[  3%] CMake-copying file /home/surgeon/trash/set-up-wshell/openmm/wrappers/python/simtk/openmm/app/data/charmm36/spce.xml to /home/surgeon/trash/set-up-wshell/openmm/build/python/simtk/openmm/app/data/charmm36/spce.xml
[  3%] CMake-copying file /home/surgeon/trash/set-up-wshell/openmm/wrappers/python/simtk/openmm/app/data/charmm36/tip3p-pme-b.xml to /home/surgeon/trash/set-up-wshell/openmm/build/python/simtk/openmm/app/data/charmm36/tip3p-pme-b.xml
[  3%] CMake-copying file /home/surgeon/trash/set-up-wshell/openmm/wrappers/python/simtk/openmm/app/data/charmm36/tip3p-pme-f.xml to /home/surgeon/trash/set-up-wshell/openmm/build/python/simtk/openmm/app/data/charmm36/tip3p-pme-f.xml
[  3%] CMake-copying file /home/surgeon/trash/set-up-wshell/openmm/wrappers/python/simtk/openmm/app/data/charmm36/tip4p2005.xml to /home/surgeon/trash/set-up-wshell/openmm/build/python/simtk/openmm/app/data/charmm36/tip4p2005.xml
[  3%] CMake-copying file /home/surgeon/trash/set-up-wshell/openmm/wrappers/python/simtk/openmm/app/data/charmm36/tip4pew.xml to /home/surgeon/trash/set-up-wshell/openmm/build/python/simtk/openmm/app/data/charmm36/tip4pew.xml
Doxygen version used: 1.9.6
Searching for include files...
Searching for example files...
Searching for images...
Searching for dot files...
Searching for msc files...
Searching for dia files...
Searching for files to exclude
Searching INPUT for files to process...
Searching for files in directory /home/surgeon/trash/set-up-wshell/openmm/plugins/amoeba/openmmapi
Searching for files in directory /home/surgeon/trash/set-up-wshell/openmm/plugins/amoeba/openmmapi/src
Searching for files in directory /home/surgeon/trash/set-up-wshell/openmm/plugins/amoeba/openmmapi/include
Searching for files in directory /home/surgeon/trash/set-up-wshell/openmm/plugins/amoeba/openmmapi/include/openmm
Searching for files in directory /home/surgeon/trash/set-up-wshell/openmm/plugins/amoeba/openmmapi/include/openmm/internal
Reading and parsing tag files
Parsing files
Preprocessing /home/surgeon/trash/set-up-wshell/openmm/plugins/amoeba/openmmapi/include/openmm/AmoebaAngleForce.h...
Parsing file /home/surgeon/trash/set-up-wshell/openmm/plugins/amoeba/openmmapi/include/openmm/AmoebaAngleForce.h...
Preprocessing /home/surgeon/trash/set-up-wshell/openmm/plugins/amoeba/openmmapi/include/openmm/AmoebaBondForce.h...
Parsing file /home/surgeon/trash/set-up-wshell/openmm/plugins/amoeba/openmmapi/include/openmm/AmoebaBondForce.h...
Preprocessing /home/surgeon/trash/set-up-wshell/openmm/plugins/amoeba/openmmapi/include/openmm/AmoebaGeneralizedKirkwoodForce.h...
Parsing file /home/surgeon/trash/set-up-wshell/openmm/plugins/amoeba/openmmapi/include/openmm/AmoebaGeneralizedKirkwoodForce.h...
Preprocessing /home/surgeon/trash/set-up-wshell/openmm/plugins/amoeba/openmmapi/include/openmm/AmoebaInPlaneAngleForce.h...
Parsing file /home/surgeon/trash/set-up-wshell/openmm/plugins/amoeba/openmmapi/include/openmm/AmoebaInPlaneAngleForce.h...
Preprocessing /home/surgeon/trash/set-up-wshell/openmm/plugins/amoeba/openmmapi/include/openmm/AmoebaMultipoleForce.h...
Parsing file /home/surgeon/trash/set-up-wshell/openmm/plugins/amoeba/openmmapi/include/openmm/AmoebaMultipoleForce.h...
Preprocessing /home/surgeon/trash/set-up-wshell/openmm/plugins/amoeba/openmmapi/include/openmm/AmoebaOutOfPlaneBendForce.h...
Parsing file /home/surgeon/trash/set-up-wshell/openmm/plugins/amoeba/openmmapi/include/openmm/AmoebaOutOfPlaneBendForce.h...
Preprocessing /home/surgeon/trash/set-up-wshell/openmm/plugins/amoeba/openmmapi/include/openmm/AmoebaPiTorsionForce.h...
Parsing file /home/surgeon/trash/set-up-wshell/openmm/plugins/amoeba/openmmapi/include/openmm/AmoebaPiTorsionForce.h...
Preprocessing /home/surgeon/trash/set-up-wshell/openmm/plugins/amoeba/openmmapi/include/openmm/AmoebaStretchBendForce.h...
Parsing file /home/surgeon/trash/set-up-wshell/openmm/plugins/amoeba/openmmapi/include/openmm/AmoebaStretchBendForce.h...
Preprocessing /home/surgeon/trash/set-up-wshell/openmm/plugins/amoeba/openmmapi/include/openmm/AmoebaTorsionTorsionForce.h...
Parsing file /home/surgeon/trash/set-up-wshell/openmm/plugins/amoeba/openmmapi/include/openmm/AmoebaTorsionTorsionForce.h...
Preprocessing /home/surgeon/trash/set-up-wshell/openmm/plugins/amoeba/openmmapi/include/openmm/AmoebaVdwForce.h...
Parsing file /home/surgeon/trash/set-up-wshell/openmm/plugins/amoeba/openmmapi/include/openmm/AmoebaVdwForce.h...
Preprocessing /home/surgeon/trash/set-up-wshell/openmm/plugins/amoeba/openmmapi/include/openmm/AmoebaWcaDispersionForce.h...
Parsing file /home/surgeon/trash/set-up-wshell/openmm/plugins/amoeba/openmmapi/include/openmm/AmoebaWcaDispersionForce.h...
Preprocessing /home/surgeon/trash/set-up-wshell/openmm/plugins/amoeba/openmmapi/include/OpenMMAmoeba.h...
Parsing file /home/surgeon/trash/set-up-wshell/openmm/plugins/amoeba/openmmapi/include/OpenMMAmoeba.h...
Building macro definition list...
Building group list...
Building directory list...
Building namespace list...
Building file list...
Building class list...
Building concept list...
Computing nesting relations for classes...
Associating documentation with classes...
Associating documentation with concepts...
Building example list...
Searching for en[  3%] CMake-copying file /home/surgeon/trash/set-up-wshell/openmm/wrappers/python/simtk/openmm/app/data/charmm36/tip5pew.xml to /home/surgeon/trash/set-up-wshell/openmm/build/python/simtk/openmm/app/data/charmm36/tip5pew.xml
[  3%] CMake-copying file /home/surgeon/trash/set-up-wshell/openmm/wrappers/python/simtk/openmm/app/data/charmm36/tip5p.xml to /home/surgeon/trash/set-up-wshell/openmm/build/python/simtk/openmm/app/data/charmm36/tip5p.xml
[  3%] CMake-copying file /home/surgeon/trash/set-up-wshell/openmm/wrappers/python/simtk/openmm/app/data/charmm_polar_2013.xml to /home/surgeon/trash/set-up-wshell/openmm/build/python/simtk/openmm/app/data/charmm_polar_2013.xml
[  5%] CMake-copying file /home/surgeon/trash/set-up-wshell/openmm/wrappers/python/simtk/openmm/app/data/charmm36/water.xml to /home/surgeon/trash/set-up-wshell/openmm/build/python/simtk/openmm/app/data/charmm36/water.xml
[  5%] CMake-copying file /home/surgeon/trash/set-up-wshell/openmm/wrappers/python/simtk/openmm/app/data/iamoeba.xml to /home/surgeon/trash/set-up-wshell/openmm/build/python/simtk/openmm/app/data/iamoeba.xml
[  5%] CMake-copying file /home/surgeon/trash/set-up-wshell/openmm/wrappers/python/simtk/openmm/app/data/pdbNames.xml to /home/surgeon/trash/set-up-wshell/openmm/build/python/simtk/openmm/app/data/pdbNames.xml
[  5%] CMake-copying file /home/surgeon/trash/set-up-wshell/openmm/wrappers/python/simtk/openmm/app/data/residues.xml to /home/surgeon/trash/set-up-wshell/openmm/build/python/simtk/openmm/app/data/residues.xml
[  5%] CMake-copying file /home/surgeon/trash/set-up-wshell/openmm/wrappers/python/simtk/openmm/app/data/spce.pdb to /home/surgeon/trash/set-up-wshell/openmm/build/python/simtk/openmm/app/data/spce.pdb
[  5%] CMake-copying file /home/surgeon/trash/set-up-wshell/openmm/wrappers/python/simtk/openmm/app/data/hydrogens.xml to /home/surgeon/trash/set-up-wshell/openmm/build/python/simtk/openmm/app/data/hydrogens.xml
[  5%] CMake-copying file /home/surgeon/trash/set-up-wshell/openmm/wrappers/python/simtk/openmm/app/data/spce.xml to /home/surgeon/trash/set-up-wshell/openmm/build/python/simtk/openmm/app/data/spce.xml
[  5%] CMake-copying file /home/surgeon/trash/set-up-wshell/openmm/wrappers/python/simtk/openmm/app/data/test.pdb to /home/surgeon/trash/set-up-wshell/openmm/build/python/simtk/openmm/app/data/test.pdb
[  5%] CMake-copying file /home/surgeon/trash/set-up-wshell/openmm/wrappers/python/simtk/openmm/app/data/tip3p.pdb to /home/surgeon/trash/set-up-wshell/openmm/build/python/simtk/openmm/app/data/tip3p.pdb
[  5%] CMake-copying file /home/surgeon/trash/set-up-wshell/openmm/wrappers/python/simtk/openmm/app/data/swm4ndp.xml to /home/surgeon/trash/set-up-wshell/openmm/build/python/simtk/openmm/app/data/swm4ndp.xml
[  5%] CMake-copying file /home/surgeon/trash/set-up-wshell/openmm/wrappers/python/simtk/openmm/app/data/tip3pfb.xml to /home/surgeon/trash/set-up-wshell/openmm/build/python/simtk/openmm/app/data/tip3pfb.xml
[  5%] CMake-copying file /home/surgeon/trash/set-up-wshell/openmm/wrappers/python/simtk/openmm/app/data/tip4pew.pdb to /home/surgeon/trash/set-up-wshell/openmm/build/python/simtk/openmm/app/data/tip4pew.pdb
[  5%] CMake-copying file /home/surgeon/trash/set-up-wshell/openmm/wrappers/python/simtk/openmm/app/data/tip3p.xml to /home/surgeon/trash/set-up-wshell/openmm/build/python/simtk/openmm/app/data/tip3p.xml
[  5%] CMake-copying file /home/surgeon/trash/set-up-wshell/openmm/wrappers/python/simtk/openmm/app/data/tip4pew.xml to /home/surgeon/trash/set-up-wshell/openmm/build/python/simtk/openmm/app/data/tip4pew.xml
[  5%] CMake-copying file /home/surgeon/trash/set-up-wshell/openmm/wrappers/python/simtk/openmm/app/data/tip4pfb.xml to /home/surgeon/trash/set-up-wshell/openmm/build/python/simtk/openmm/app/data/tip4pfb.xml
[  5%] CMake-copying file /home/surgeon/trash/set-up-wshell/openmm/wrappers/python/simtk/openmm/app/data/tip5p.pdb to /home/surgeon/trash/set-up-wshell/openmm/build/python/simtk/openmm/app/data/tip5p.pdb
[  6%] CMake-copying file /home/surgeon/trash/set-up-wshell/openmm/wrappers/python/simtk/openmm/app/data/tip5p.xml to /home/surgeon/trash/set-up-wshell/openmm/build/python/simtk/openmm/app/data/tip5p.xml
[  6%] CMake-copying file /home/surgeon/trash/set-up-wshell/openmm/wrappers/python/simtk/openmm/app/dcdfile.py to /home/surgeon/trash/set-up-wshell/openmm/build/python/simtk/openmm/app/dcdfile.py
[  6%] CMake-copying file /home/surgeon/trash/set-up-wshell/openmm/wrappers/python/simtk/openmm/app/dcdreporter.py to /home/surgeon/trash/set-up-wshell/openmm/build/python/simtk/openmm/app/dcdreporter.py
[  6%] CMake-copying file /home/surgeon/trash/set-up-wshell/openmm/wrappers/python/simtk/openmm/app/desmonddmsfile.py to /home/surgeon/trash/set-up-wshell/openmm/build/python/simtk/openmm/app/desmonddmsfile.py
[  6%] CMake-copying file /home/surgeon/trash/set-up-wshell/openmm/wrappers/python/simtk/openmm/app/element.py to /home/surgeon/trash/set-up-wshell/openmm/build/python/simtk/openmm/app/element.py
umerations...
Searching for documented typedefs...
Searching for members imported via using declarations...
Searching for included using directives...
Searching for documented variables...
Building interface member list...
Building member list...
Searching for friends...
Searching for documented defines...
Computing class inheritance relations...
Computing class usage relations...
Flushing cached template relations that have become invalid...
Computing class relations...
Add enum values to enums...
Searching for member function documentation...
Creating members for template instances...
Building page list...
Search for main page...
Computing page relations...
Determining the scope of groups...
Sorting lists...
Determining which enums are documented
Computing member relations...
Building full member lists recursively...
Adding members to member groups.
Computing member references...
Inheriting documentation...
Generating disk names...
Adding source references...
Adding xrefitems...
Sorting member lists...
Setting anonymous enum type...
Computing dependencies between directories...
Generating citations page...
Counting members...
Counting data structures...
Resolving user defined references...
Finding anchors and sections in the documentation...
Transferring function references...
Combining using relations...
Adding members to index pages...
Correcting members for VHDL...
Computing tooltip texts...
Generating style sheet...
Generating search indices...
Generating example documentation...
Generating file sources...
Generating code for file /home/surgeon/trash/set-up-wshell/openmm/plugins/amoeba/openmmapi/include/openmm/AmoebaAngleForce.h...
Generating code for file /home/surgeon/trash/set-up-wshell/openmm/plugins/amoeba/openmmapi/include/openmm/AmoebaBondForce.h...
Generating code for file /home/surgeon/trash/set-up-wshell/openmm/plugins/amoeba/openmmapi/include/openmm/AmoebaGeneralizedKirkwoodForce.h...
Generating code for file /home/surgeon/trash/set-up-wshell/openmm/plugins/amoeba/openmmapi/include/openmm/AmoebaInPlaneAngleForce.h...
Generating code for file /home/surgeon/trash/set-up-wshell/openmm/plugins/amoeba/openmmapi/include/openmm/AmoebaMultipoleForce.h...
Generating code for file /home/surgeon/trash/set-up-wshell/openmm/plugins/amoeba/openmmapi/include/openmm/AmoebaOutOfPlaneBendForce.h...
Generating code for file /home/surgeon/trash/set-up-wshell/openmm/plugins/amoeba/openmmapi/include/openmm/AmoebaPiTorsionForce.h...
Generating code for file /home/surgeon/trash/set-up-wshell/openmm/plugins/amoeba/openmmapi/include/openmm/AmoebaStretchBendForce.h...
Generating code for file /home/surgeon/trash/set-up-wshell/openmm/plugins/amoeba/openmmapi/include/openmm/AmoebaTorsionTorsionForce.h...
Generating code for file /home/surgeon/trash/set-up-wshell/openmm/plugins/amoeba/openmmapi/include/openmm/AmoebaVdwForce.h...
Generating code for file /home/surgeon/trash/set-up-wshell/openmm/plugins/amoeba/openmmapi/include/openmm/AmoebaWcaDispersionForce.h...
Generating code for file /home/surgeon/trash/set-up-wshell/openmm/plugins/amoeba/openmmapi/include/OpenMMAmoeba.h...
Generating file documentation...
Generating docs for file /home/surgeon/trash/set-up-wshell/openmm/plugins/amoeba/openmmapi/include/openmm/AmoebaAngleForce.h...
Generating docs for file /home/surgeon/trash/set-up-wshell/openmm/plugins/amoeba/openmmapi/include/openmm/AmoebaBondForce.h...
Generating docs for file /home/surgeon/trash/set-up-wshell/openmm/plugins/amoeba/openmmapi/include/openmm/AmoebaGeneralizedKirkwoodForce.h...
Generating docs for file /home/surgeon/trash/set-up-wshell/openmm/plugins/amoeba/openmmapi/include/openmm/AmoebaInPlaneAngleForce.h...
Generating docs for file /home/surgeon/trash/set-up-wshell/openmm/plugins/amoeba/openmmapi/include/openmm/AmoebaMultipoleForce.h...
Generating docs for file /home/surgeon/trash/set-up-wshell/openmm/plugins/amoeba/openmmapi/include/openmm/AmoebaOutOfPlaneBendForce.h...
Generating docs for file /home/surgeon/trash/set-up-wshell/openmm/plugins/amoeba/openmmapi/include/openmm/AmoebaPiTorsionForce.h...
Generatin[  6%] CMake-copying file /home/surgeon/trash/set-up-wshell/openmm/wrappers/python/simtk/openmm/app/forcefield.py to /home/surgeon/trash/set-up-wshell/openmm/build/python/simtk/openmm/app/forcefield.py
[  6%] CMake-copying file /home/surgeon/trash/set-up-wshell/openmm/wrappers/python/simtk/openmm/app/gromacsgrofile.py to /home/surgeon/trash/set-up-wshell/openmm/build/python/simtk/openmm/app/gromacsgrofile.py
[  6%] CMake-copying file /home/surgeon/trash/set-up-wshell/openmm/wrappers/python/simtk/openmm/app/gromacstopfile.py to /home/surgeon/trash/set-up-wshell/openmm/build/python/simtk/openmm/app/gromacstopfile.py
[  6%] CMake-copying file /home/surgeon/trash/set-up-wshell/openmm/wrappers/python/simtk/openmm/app/internal/charmm/__init__.py to /home/surgeon/trash/set-up-wshell/openmm/build/python/simtk/openmm/app/internal/charmm/__init__.py
[  6%] CMake-copying file /home/surgeon/trash/set-up-wshell/openmm/wrappers/python/simtk/openmm/app/internal/__init__.py to /home/surgeon/trash/set-up-wshell/openmm/build/python/simtk/openmm/app/internal/__init__.py
[  6%] CMake-copying file /home/surgeon/trash/set-up-wshell/openmm/wrappers/python/simtk/openmm/app/internal/charmm/topologyobjects.py to /home/surgeon/trash/set-up-wshell/openmm/build/python/simtk/openmm/app/internal/charmm/topologyobjects.py
[  6%] CMake-copying file /home/surgeon/trash/set-up-wshell/openmm/wrappers/python/simtk/openmm/app/internal/amber_file_parser.py to /home/surgeon/trash/set-up-wshell/openmm/build/python/simtk/openmm/app/internal/amber_file_parser.py
[  6%] CMake-copying file /home/surgeon/trash/set-up-wshell/openmm/wrappers/python/simtk/openmm/app/internal/charmm/_charmmfile.py to /home/surgeon/trash/set-up-wshell/openmm/build/python/simtk/openmm/app/internal/charmm/_charmmfile.py
[  6%] CMake-copying file /home/surgeon/trash/set-up-wshell/openmm/wrappers/python/simtk/openmm/app/internal/pdbstructure.py to /home/surgeon/trash/set-up-wshell/openmm/build/python/simtk/openmm/app/internal/pdbstructure.py
[  6%] CMake-copying file /home/surgeon/trash/set-up-wshell/openmm/wrappers/python/simtk/openmm/app/internal/customgbforces.py to /home/surgeon/trash/set-up-wshell/openmm/build/python/simtk/openmm/app/internal/customgbforces.py
[  6%] CMake-copying file /home/surgeon/trash/set-up-wshell/openmm/wrappers/python/simtk/openmm/app/internal/pdbx/reader/PdbxContainers.py to /home/surgeon/trash/set-up-wshell/openmm/build/python/simtk/openmm/app/internal/pdbx/reader/PdbxContainers.py
[  6%] CMake-copying file /home/surgeon/trash/set-up-wshell/openmm/wrappers/python/simtk/openmm/app/internal/charmm/exceptions.py to /home/surgeon/trash/set-up-wshell/openmm/build/python/simtk/openmm/app/internal/charmm/exceptions.py
[  6%] CMake-copying file /home/surgeon/trash/set-up-wshell/openmm/wrappers/python/simtk/openmm/app/internal/pdbx/__init__.py to /home/surgeon/trash/set-up-wshell/openmm/build/python/simtk/openmm/app/internal/pdbx/__init__.py
[  6%] CMake-copying file /home/surgeon/trash/set-up-wshell/openmm/wrappers/python/simtk/openmm/app/internal/pdbx/reader/PdbxReader.py to /home/surgeon/trash/set-up-wshell/openmm/build/python/simtk/openmm/app/internal/pdbx/reader/PdbxReader.py
[  8%] CMake-copying file /home/surgeon/trash/set-up-wshell/openmm/wrappers/python/simtk/openmm/app/internal/pdbx/reader/PdbxReadWriteTests.py to /home/surgeon/trash/set-up-wshell/openmm/build/python/simtk/openmm/app/internal/pdbx/reader/PdbxReadWriteTests.py
[  8%] CMake-copying file /home/surgeon/trash/set-up-wshell/openmm/wrappers/python/simtk/openmm/app/internal/pdbx/reader/PdbxParser.py to /home/surgeon/trash/set-up-wshell/openmm/build/python/simtk/openmm/app/internal/pdbx/reader/PdbxParser.py
[  8%] CMake-copying file /home/surgeon/trash/set-up-wshell/openmm/wrappers/python/simtk/openmm/app/internal/pdbx/reader/PdbxReaderTests.py to /home/surgeon/trash/set-up-wshell/openmm/build/python/simtk/openmm/app/internal/pdbx/reader/PdbxReaderTests.py
[  8%] CMake-copying file /home/surgeon/trash/set-up-wshell/openmm/wrappers/python/simtk/openmm/app/internal/pdbx/reader/__init__.py to /home/surgeon/trash/set-up-wshell/openmm/build/python/simtk/openmm/app/internal/pdbx/reader/__init__.py
[  8%] CMake-copying file /home/surgeon/trash/set-up-wshell/openmm/wrappers/python/simtk/openmm/app/internal/pdbx/writer/PdbxWriterTests.py to /home/surgeon/trash/set-up-wshell/openmm/build/python/simtk/openmm/app/internal/pdbx/writer/PdbxWriterTests.py
[  8%] CMake-copying file /home/surgeon/trash/set-up-wshell/openmm/wrappers/python/simtk/openmm/app/internal/pdbx/writer/PdbxWriter.py to /home/surgeon/trash/set-up-wshell/openmm/build/python/simtk/openmm/app/internal/pdbx/writer/PdbxWriter.py
[  8%] CMake-copying file /home/surgeon/trash/set-up-wshell/openmm/wrappers/python/simtk/openmm/app/internal/pdbx/writer/__init__.py to /home/surgeon/trash/set-up-wshell/openmm/build/python/simtk/openmm/app/internal/pdbx/writer/__init__.py
[  8%] CMake-copying file /home/surgeon/trash/set-up-wshell/openmm/wrappers/python/simtk/openmm/app/internal/singleton.py to /home/surgeon/trash/set-up-wshell/openmm/build/python/simtk/openmm/app/internal/singleton.py
[  8%] CMake-copying file /home/surgeon/trash/set-up-wshell/openmm/wrappers/python/simtk/openmm/app/internal/unitcell.py to /home/surgeon/trash/set-up-wshell/openmm/build/python/simtk/openmm/app/internal/unitcell.py
[  8%] CMake-copying file /home/surgeon/trash/set-up-wshell/openmm/wrappers/python/simtk/openmm/app/modeller.py to /home/surgeon/trash/set-up-wshell/openmm/build/python/simtk/openmm/app/modeller.py
[  8%] CMake-copying file /home/surgeon/trash/set-up-wshell/openmm/wrappers/python/simtk/openmm/app/pdbfile.py to /home/surgeon/trash/set-up-wshell/openmm/build/python/simtk/openmm/app/pdbfile.py
[  8%] CMake-copying file /home/surgeon/trash/set-up-wshell/openmm/wrappers/python/simtk/openmm/app/pdbreporter.py to /home/surgeon/trash/set-up-wshell/openmm/build/python/simtk/openmm/app/pdbreporter.py
[  8%] CMake-copying file /home/surgeon/trash/set-up-wshell/openmm/wrappers/python/simtk/openmm/app/pdbxfile.py to /home/surgeon/trash/set-up-wshell/openmm/build/python/simtk/openmm/app/pdbxfile.py
[  8%] CMake-copying file /home/surgeon/trash/set-up-wshell/openmm/wrappers/python/simtk/openmm/app/statedatareporter.py to /home/surgeon/trash/set-up-wshell/openmm/build/python/simtk/openmm/app/statedatareporter.py
[  8%] CMake-copying file /home/surgeon/trash/set-up-wshell/openmm/wrappers/python/simtk/openmm/app/topology.py to /home/surgeon/trash/set-up-wshell/openmm/build/python/simtk/openmm/app/topology.py
[  8%] CMake-copying file /home/surgeon/trash/set-up-wshell/openmm/wrappers/python/src/swig_doxygen/swig_lib/python/typemaps.i to /home/surgeon/trash/set-up-wshell/openmm/build/python/src/swig_doxygen/swig_lib/python/typemaps.i
[  8%] CMake-copying file /home/surgeon/trash/set-up-wshell/openmm/wrappers/python/simtk/openmm/app/simulation.py to /home/surgeon/trash/set-up-wshell/openmm/build/python/simtk/openmm/app/simulation.py
[  8%] CMake-copying file /home/surgeon/trash/set-up-wshell/openmm/wrappers/python/simtk/openmm/mtsintegrator.py to /home/surgeon/trash/set-up-wshell/openmm/build/python/simtk/openmm/mtsintegrator.py
[  8%] CMake-copying file /home/surgeon/trash/set-up-wshell/openmm/wrappers/python/src/swig_doxygen/OpenMM.i to /home/surgeon/trash/set-up-wshell/openmm/build/python/src/swig_doxygen/OpenMM.i
[  8%] Parsing OpenMM header files with doxygen...
Doxygen version used: 1.9.6
Searching for include files...
Searching for example files...
Searching for images...
Searching for dot files...
Searching for msc files...
Searching for dia files...
Searching for files to exclude
Searching INPUT for files to process...
Searching for files in directory /home/surgeon/trash/set-up-wshell/openmm/openmmapi
Searching for files in directory /home/surgeon/trash/set-up-wshell/openmm/openmmapi/src
Searching for files in directory /home/surgeon/trash/set-up-wshell/openmm/openmmapi/include
Searching for files in directory /home/surgeon/trash/set-up-wshell/openmm/openmmapi/include/openmm
Searching for files in directory /home/surgeon/trash/set-up-wshell/openmm/openmmapi/include/openmm/internal
Reading and parsing tag files
Parsing files
Preprocessing /home/surgeon/trash/set-up-wshell/openmm/openmmapi/include/OpenMM.h...
Parsing file /home/surgeon/trash/set-up-wshell/openmm/openmmapi/include/OpenMM.h...
Preprocessing /home/surgeon/trash/set-up-wshell/openmm/openmmapi/include/openmm/AndersenThermostat.h...
Parsing file /home/surgeon/trash/set-up-wshell/openmm/openmmapi/include/openmm/AndersenThermostat.h...
Preprocessing /home/surgeon/trash/set-up-wshell/openmm/openmmapi/include/openmm/BrownianIntegrator.h...
Parsing file /home/surgeon/trash/set-up-wshell/openmm/openmmapi/include/openmm/BrownianIntegrator.h...
Preprocessing /home/surgeon/trash/set-up-wshell/openmm/openmmapi/include/openmm/CMAPTorsionForce.h...
Parsing file /home/surgeon/trash/set-up-wshell/openmm/openmmapi/include/openmm/CMAPTorsionForce.h...
Preprocessing /home/surgeon/trash/set-up-wshell/openmm/openmmapi/include/openmm/CMMotionRemover.h...
Parsing file /home/surgeon/trash/set-up-wshell/openmm/openmmapi/include/openmm/CMMotionRemover.h...
Preprocessing /home/surgeon/trash/set-up-wshell/openmm/openmmapi/include/openmm/CompoundIntegrator.h...
Parsing file /home/surgeon/trash/set-up-wshell/openmm/openmmapi/include/openmm/CompoundIntegrator.h...
Preprocessing /home/surgeon/trash/set-up-wshell/openmm/openmmapi/include/openmm/Context.h...
Parsing file /home/surgeon/trash/set-up-wshell/openmm/openmmapi/include/openmm/Context.h...
Preprocessing /home/surgeon/trash/set-up-wshell/openmm/openmmapi/include/openmm/CustomAngleForce.h...
Parsing file /home/surgeon/trash/set-up-wshell/openmm/openmmapi/include/openmm/CustomAngleForce.h...
Preprocessing /home/surgeon/trash/set-up-wshell/openmm/openmmapi/include/openmm/CustomBondForce.h...
Parsing file /home/surgeon/trash/set-up-wshell/openmm/openmmapi/include/openmm/CustomBondForce.h...
Preprocessing /home/surgeon/trash/set-up-wshell/openmm/openmmapi/include/openmm/CustomCentroidBondForce.h...
Parsing file /home/surgeon/trash/set-up-wshell/openmm/openmmapi/include/openmm/CustomCentroidBondForce.h...
Preprocessing /home/surgeon/trash/set-up-wshell/openmm/openmmapi/include/openmm/CustomCompoundBondForce.h...
Parsing file /home/surgeon/trash/set-up-wshell/openmm/openmmapi/include/openmm/CustomCompoundBondForce.h...
Preprocessing /home/surgeon/trash/set-up-wshell/openmm/openmmapi/include/openmm/CustomCVForce.h...
Parsing file /home/surgeon/trash/set-up-wshell/openmm/openmmapi/include/openmm/CustomCVForce.h...
Preprocessing /home/surgeon/trash/set-up-wshell/openmm/openmmapi/include/openmm/CustomExternalForce.h...
Parsing file /home/surgeon/trash/set-up-wshell/openmm/openmmapi/include/openmm/CustomExternalForce.h...
Preprocessing /home/surgeon/trash/set-up-wshell/openmm/openmmapi/include/openmm/CustomGBForce.h...
Parsing file /home/surgeon/trash/set-up-wshell/openmm/openmmapi/include/openmm/CustomGBForce.h...
Preprocessing /home/surgeon/trash/set-up-wshell/openmm/openmmapi/include/openmm/CustomHbondForce.h...
Parsing file /home/surgeon/trash/set-up-wshell/openmm/openmmapi/include/openmm/CustomHbondForce.h...
Preprocessing /home/surgeon/trash/set-up-wshell/openmm/openmmapi/include/openmm/CustomIntegrator.h...
Parsing file /home/surgeon/trash/set-up-wshell/openmm/openmmapi/include/openmm/CustomIntegrator.h...
Preprocessing /home/surgeon/trash/set-up-wshell/openmm/openmmapi/include/openmm/CustomMan[ 10%] CMake-copying file /home/surgeon/trash/set-up-wshell/openmm/wrappers/python/src/swig_doxygen/swigInputConfig.py to /home/surgeon/trash/set-up-wshell/openmm/build/python/src/swig_doxygen/swigInputConfig.py
[ 10%] CMake-copying file /home/surgeon/trash/set-up-wshell/openmm/wrappers/python/src/swig_doxygen/swigInputBuilder.py to /home/surgeon/trash/set-up-wshell/openmm/build/python/src/swig_doxygen/swigInputBuilder.py
[ 10%] CMake-copying file /home/surgeon/trash/set-up-wshell/openmm/wrappers/python/src/swig_doxygen/swig_lib/python/exceptions.i to /home/surgeon/trash/set-up-wshell/openmm/build/python/src/swig_doxygen/swig_lib/python/exceptions.i
[ 10%] CMake-copying file /home/surgeon/trash/set-up-wshell/openmm/wrappers/python/src/swig_doxygen/swig_lib/python/extend.i to /home/surgeon/trash/set-up-wshell/openmm/build/python/src/swig_doxygen/swig_lib/python/extend.i
[ 10%] CMake-copying file /home/surgeon/trash/set-up-wshell/openmm/wrappers/python/src/swig_doxygen/swig_lib/python/features.i to /home/surgeon/trash/set-up-wshell/openmm/build/python/src/swig_doxygen/swig_lib/python/features.i
[ 10%] CMake-copying file /home/surgeon/trash/set-up-wshell/openmm/wrappers/python/src/swig_doxygen/swig_lib/python/header.i to /home/surgeon/trash/set-up-wshell/openmm/build/python/src/swig_doxygen/swig_lib/python/header.i
[ 10%] CMake-copying file /home/surgeon/trash/set-up-wshell/openmm/wrappers/python/src/swig_doxygen/swig_lib/python/pythoncode.i to /home/surgeon/trash/set-up-wshell/openmm/build/python/src/swig_doxygen/swig_lib/python/pythoncode.i
[ 12%] CMake-copying file /home/surgeon/trash/set-up-wshell/openmm/wrappers/python/simtk/openmm/vec3.py to /home/surgeon/trash/set-up-wshell/openmm/build/python/simtk/openmm/vec3.py
[ 12%] CMake-copying file /home/surgeon/trash/set-up-wshell/openmm/wrappers/python/simtk/testInstallation.py to /home/surgeon/trash/set-up-wshell/openmm/build/python/simtk/testInstallation.py
[ 12%] CMake-copying file /home/surgeon/trash/set-up-wshell/openmm/wrappers/python/simtk/unit/__init__.py to /home/surgeon/trash/set-up-wshell/openmm/build/python/simtk/unit/__init__.py
warning: Tag 'SYMBOL_CACHE_SIZE' at line 289 of file 'Doxyfile' has become obsolete.
         To avoid this warning please remove this line from your configuration file or upgrade it using "doxygen -u"
warning: Tag 'SHOW_DIRECTORIES' at line 473 of file 'Doxyfile' has become obsolete.
         To avoid this warning please remove this line from your configuration file or upgrade it using "doxygen -u"
warning: Tag 'COLS_IN_ALPHA_INDEX' at line 762 of file 'Doxyfile' has become obsolete.
         To avoid this warning please remove this line from your configuration file or upgrade it using "doxygen -u"
warning: Tag 'HTML_ALIGN_MEMBERS' at line 817 of file 'Doxyfile' has become obsolete.
         To avoid this warning please remove this line from your configuration file or upgrade it using "doxygen -u"
warning: Tag 'LATEX_SOURCE_CODE' at line 1066 of file 'Doxyfile' has become obsolete.
         To avoid this warning please remove this line from your configuration file or upgrade it using "doxygen -u"
warning: Tag 'XML_SCHEMA' at line 1158 of file 'Doxyfile' has become obsolete.
         To avoid this warning please remove this line from your configuration file or upgrade it using "doxygen -u"
warning: Tag 'XML_DTD' at line 1164 of file 'Doxyfile' has become obsolete.
         To avoid this warning please remove this line from your configuration file or upgrade it using "doxygen -u"
warning: Tag 'PERL_PATH' at line 1329 of file 'Doxyfile' has become obsolete.
         To avoid this warning please remove this line from your configuration file or upgrade it using "doxygen -u"
warning: Tag 'CLASS_DIAGRAMS' at line 1342 of file 'Doxyfile' has become obsolete.
         To avoid this warning please remove this line from your configuration file or upgrade it using "doxygen -u"
warning: Tag 'MSCGEN_PATH' at line 1351 of file 'Doxyfile' has become obsolete.
         To avoid this warning please remove this line from your configuration file or upgrade it using "doxygen -u"
warning: Tag 'DOT_FONTNAME' at line 1375 of file 'Doxyfile' has become obsolete.
         To avoid this warning please remove this line from your configuration file or upgrade it using "doxygen -u"
warning: Tag 'DOT_FONTSIZE' at line 1380 of file 'Doxyfile' has become obsolete.
         To avoid this warning please remove this line from your configuration file or upgrade it using "doxygen -u"
warning: Tag 'DOT_TRANSPARENT' at line 1504 of file 'Doxyfile' has become obsolete.
         To avoid this warning please remove this line from your configuration file or upgrade it using "doxygen -u"
warning: argument 'a4wide' for option PAPER_TYPE is not a valid enum value
Using the default: a4!
warning: doxygen no longer ships with the FreeSans font.
  You may want to clear or change DOT_FONTNAME.
  Otherwise you run the risk that the wrong font is being used for dot generated graphs.
[ 12%] CMake-copying file /home/surgeon/trash/set-up-wshell/openmm/wrappers/python/simtk/unit/basedimension.py to /home/surgeon/trash/set-up-wshell/openmm/build/python/simtk/unit/basedimension.py
[ 12%] CMake-copying file /home/surgeon/trash/set-up-wshell/openmm/wrappers/python/simtk/unit/baseunit.py to /home/surgeon/trash/set-up-wshell/openmm/build/python/simtk/unit/baseunit.py
g docs for file /home/surgeon/trash/set-up-wshell/openmm/plugins/amoeba/openmmapi/include/openmm/AmoebaStretchBendForce.h...
Generating docs for file /home/surgeon/trash/set-up-wshell/openmm/plugins/amoeba/openmmapi/include/openmm/AmoebaTorsionTorsionForce.h...
Generating docs for file /home/surgeon/trash/set-up-wshell/openmm/plugins/amoeba/openmmapi/include/openmm/AmoebaVdwForce.h...
Generating docs for file /home/surgeon/trash/set-up-wshell/openmm/plugins/amoeba/openmmapi/include/openmm/AmoebaWcaDispersionForce.h...
Generating docs for file /home/surgeon/trash/set-up-wshell/openmm/plugins/amoeba/openmmapi/include/OpenMMAmoeba.h...
Generating page documentation...
Generating docs for page deprecated...
Generating group documentation...
Generating class documentation...
Generating concept documentation...
Generating namespace index...
Generating docs for namespace OpenMM
Generating docs for compound OpenMM::AmoebaAngleForce...
Generating docs for compound OpenMM::AmoebaBondForce...
Generating docs for compound OpenMM::AmoebaGeneralizedKirkwoodForce...
Generating docs for compound OpenMM::AmoebaInPlaneAngleForce...
Generating docs for compound OpenMM::AmoebaMultipoleForce...
Generating docs for compound OpenMM::AmoebaOutOfPlaneBendForce...
Generating docs for compound OpenMM::AmoebaPiTorsionForce...
Generating docs for compound OpenMM::AmoebaStretchBendForce...
Generating docs for compound OpenMM::AmoebaTorsionTorsionForce...
Generating docs for compound OpenMM::AmoebaVdwForce...
Generating docs for compound OpenMM::AmoebaWcaDispersionForce...
Generating graph info page...
Generating directory documentation...
finalizing index lists...
writing tag file...
Generating XML output...
Generating XML output for class OpenMM::AmoebaAngleForce
Generating XML output for class OpenMM::AmoebaBondForce
Generating XML output for class OpenMM::AmoebaGeneralizedKirkwoodForce
Generating XML output for class OpenMM::AmoebaInPlaneAngleForce
Generating XML output for class OpenMM::AmoebaMultipoleForce
Generating XML output for class OpenMM::AmoebaOutOfPlaneBendForce
Generating XML output for class OpenMM::AmoebaPiTorsionForce
Generating XML output for class OpenMM::AmoebaStretchBendForce
Generating XML output for class OpenMM::AmoebaTorsionTorsionForce
Generating XML output for class OpenMM::AmoebaVdwForce
Generating XML output for class OpenMM::AmoebaWcaDispersionForce
Generating XML output for class OpenMM::AmoebaAngleForce::AngleInfo
Generating XML output for class OpenMM::AmoebaInPlaneAngleForce::AngleInfo
Generating XML output for class OpenMM::AmoebaBondForce::BondInfo
Generating XML output for class OpenMM::AmoebaMultipoleForce::MultipoleInfo
Generating XML output for class OpenMM::AmoebaOutOfPlaneBendForce::OutOfPlaneBendInfo
Generating XML output for class OpenMM::AmoebaGeneralizedKirkwoodForce::ParticleInfo
Generating XML output for class OpenMM::AmoebaPiTorsionForce::PiTorsionInfo
Generating XML output for class OpenMM::AmoebaStretchBendForce::StretchBendInfo
Generating XML output for class OpenMM::AmoebaTorsionTorsionForce::TorsionTorsionGridInfo
Generating XML output for class OpenMM::AmoebaTorsionTorsionForce::TorsionTorsionInfo
Generating XML output for class OpenMM::AmoebaVdwForce::VdwInfo
Generating XML output for class OpenMM::AmoebaWcaDispersionForce::WcaDispersionInfo
Generating XML output for namespace OpenMM
Generating XML output for file AmoebaAngleForce.h
Generating XML output for file AmoebaBondForce.h
Generating XML output for file AmoebaGeneralizedKirkwoodForce.h
Generating XML output for file AmoebaInPlaneAngleForce.h
Generating XML output for file AmoebaMultipoleForce.h
Generating XML output for file AmoebaOutOfPlaneBendForce.h
Generating XML output for file AmoebaPiTorsionForce.h
Generating XML output for file AmoebaStretchBendForce.h
Generating XML output for file AmoebaTorsionTorsionForce.h
Generating XML output for file AmoebaVdwForce.h
Generating XML output for file AmoebaWcaDispersionForce.h
Generating XML output for file OpenMMAmoeba.h
Generating XML output for page deprecated
Generate XML output for dir [ 12%] CMake-copying file /home/surgeon/trash/set-up-wshell/openmm/wrappers/python/simtk/unit/doctests.py to /home/surgeon/trash/set-up-wshell/openmm/build/python/simtk/unit/doctests.py
/home/surgeon/trash/set-up-wshell/openmm/plugins/amoeba/
Generate XML output for dir /home/surgeon/trash/set-up-wshell/openmm/plugins/amoeba/openmmapi/include/
Generate XML output for dir /home/surgeon/trash/set-up-wshell/openmm/plugins/amoeba/openmmapi/include/openmm/
Generate XML output for dir /home/surgeon/trash/set-up-wshell/openmm/plugins/amoeba/openmmapi/
Generate XML output for dir /home/surgeon/trash/set-up-wshell/openmm/plugins/
Running plantuml with JAVA...
type lookup cache used 531/65536 hits=810 misses=546
symbol lookup cache used 597/65536 hits=4007 misses=597
finished...
[ 12%] CMake-copying file /home/surgeon/trash/set-up-wshell/openmm/wrappers/python/simtk/unit/constants.py to /home/surgeon/trash/set-up-wshell/openmm/build/python/simtk/unit/constants.py
[ 12%] CMake-copying file /home/surgeon/trash/set-up-wshell/openmm/wrappers/python/simtk/unit/mymatrix.py to /home/surgeon/trash/set-up-wshell/openmm/build/python/simtk/unit/mymatrix.py
[ 12%] CMake-copying file /home/surgeon/trash/set-up-wshell/openmm/wrappers/python/simtk/unit/standard_dimensions.py to /home/surgeon/trash/set-up-wshell/openmm/build/python/simtk/unit/standard_dimensions.py
[ 12%] CMake-copying file /home/surgeon/trash/set-up-wshell/openmm/wrappers/python/simtk/unit/quantity.py to /home/surgeon/trash/set-up-wshell/openmm/build/python/simtk/unit/quantity.py
[ 12%] CMake-copying file /home/surgeon/trash/set-up-wshell/openmm/wrappers/python/simtk/unit/prefix.py to /home/surgeon/trash/set-up-wshell/openmm/build/python/simtk/unit/prefix.py
[ 12%] CMake-copying file /home/surgeon/trash/set-up-wshell/openmm/wrappers/python/simtk/unit/unit_definitions.py to /home/surgeon/trash/set-up-wshell/openmm/build/python/simtk/unit/unit_definitions.py
[ 12%] CMake-copying file /home/surgeon/trash/set-up-wshell/openmm/wrappers/python/simtk/unit/unit.py to /home/surgeon/trash/set-up-wshell/openmm/build/python/simtk/unit/unit.py
[ 12%] CMake-copying file /home/surgeon/trash/set-up-wshell/openmm/wrappers/python/simtk/unit/unit_operators.py to /home/surgeon/trash/set-up-wshell/openmm/build/python/simtk/unit/unit_operators.py
[ 12%] CMake-copying file /home/surgeon/trash/set-up-wshell/openmm/wrappers/python/simtk/unit/unit_math.py to /home/surgeon/trash/set-up-wshell/openmm/build/python/simtk/unit/unit_math.py
[ 12%] CMake-copying file /home/surgeon/trash/set-up-wshell/openmm/wrappers/python/tests/TestAPIUnits.py to /home/surgeon/trash/set-up-wshell/openmm/build/python/tests/TestAPIUnits.py
[ 12%] CMake-copying file /home/surgeon/trash/set-up-wshell/openmm/wrappers/python/tests/TestAmberInpcrdFile.py to /home/surgeon/trash/set-up-wshell/openmm/build/python/tests/TestAmberInpcrdFile.py
[ 12%] CMake-copying file /home/surgeon/trash/set-up-wshell/openmm/wrappers/python/tests/TestAmberPrmtopFile.py to /home/surgeon/trash/set-up-wshell/openmm/build/python/tests/TestAmberPrmtopFile.py
[ 12%] CMake-copying file /home/surgeon/trash/set-up-wshell/openmm/wrappers/python/src/swig_doxygen/doxygen/buildXML.sh to /home/surgeon/trash/set-up-wshell/openmm/build/python/src/swig_doxygen/doxygen/buildXML.sh
[ 12%] Generating AmoebaOpenMMCWrapper.h, AmoebaOpenMMCWrapper.cpp, AmoebaOpenMMFortranModule.f90, AmoebaOpenMMFortranWrapper.cpp
[ 12%] CMake-copying file /home/surgeon/trash/set-up-wshell/openmm/wrappers/python/tests/TestBytes.py to /home/surgeon/trash/set-up-wshell/openmm/build/python/tests/TestBytes.py
[ 12%] CMake-copying file /home/surgeon/trash/set-up-wshell/openmm/wrappers/python/tests/TestCharmmFiles.py to /home/surgeon/trash/set-up-wshell/openmm/build/python/tests/TestCharmmFiles.py
[ 12%] CMake-copying file /home/surgeon/trash/set-up-wshell/openmm/wrappers/python/tests/TestCheckpointReporter.py to /home/surgeon/trash/set-up-wshell/openmm/build/python/tests/TestCheckpointReporter.py
[ 12%] CMake-copying file /home/surgeon/trash/set-up-wshell/openmm/wrappers/python/tests/TestDcdFile.py to /home/surgeon/trash/set-up-wshell/openmm/build/python/tests/TestDcdFile.py
[ 12%] CMake-copying file /home/surgeon/trash/set-up-wshell/openmm/wrappers/python/tests/TestElement.py to /home/surgeon/trash/set-up-wshell/openmm/build/python/tests/TestElement.py
[ 12%] CMake-copying file /home/surgeon/trash/set-up-wshell/openmm/wrappers/python/tests/TestDesmondDMSFile.py to /home/surgeon/trash/set-up-wshell/openmm/build/python/tests/TestDesmondDMSFile.py
[ 12%] CMake-copying file /home/surgeon/trash/set-up-wshell/openmm/wrappers/python/tests/TestForceGroups.py to /home/surgeon/trash/set-up-wshell/openmm/build/python/tests/TestForceGroups.py
[ 12%] CMake-copying file /home/surgeon/trash/set-up-wshell/openmm/wrappers/python/tests/TestForceField.py to /home/surgeon/trash/set-up-wshell/openmm/build/python/tests/TestForceField.py
[ 13%] CMake-copying file /home/surgeon/trash/set-up-wshell/openmm/wrappers/python/tests/TestGenerators.py to /home/surgeon/trash/set-up-wshell/openmm/build/python/tests/TestGenerators.py
[ 13%] CMake-copying file /home/surgeon/trash/set-up-wshell/openmm/wrappers/python/tests/TestGromacsGroFile.py to /home/surgeon/trash/set-up-wshell/openmm/build/python/tests/TestGromacsGroFile.py
[ 13%] CMake-copying file /home/surgeon/trash/set-up-wshell/openmm/wrappers/python/tests/TestIntegrators.py to /home/surgeon/trash/set-up-wshell/openmm/build/python/tests/TestIntegrators.py
[ 13%] CMake-copying file /home/surgeon/trash/set-up-wshell/openmm/wrappers/python/tests/TestModeller.py to /home/surgeon/trash/set-up-wshell/openmm/build/python/tests/TestModeller.py
[ 13%] CMake-copying file /home/surgeon/trash/set-up-wshell/openmm/wrappers/python/tests/TestGromacsTopFile.py to /home/surgeon/trash/set-up-wshell/openmm/build/python/tests/TestGromacsTopFile.py
[ 13%] CMake-copying file /home/surgeon/trash/set-up-wshell/openmm/wrappers/python/tests/TestPatches.py to /home/surgeon/trash/set-up-wshell/openmm/build/python/tests/TestPatches.py
[ 13%] CMake-copying file /home/surgeon/trash/set-up-wshell/openmm/wrappers/python/tests/TestPdbFile.py to /home/surgeon/trash/set-up-wshell/openmm/build/python/tests/TestPdbFile.py
[ 13%] CMake-copying file /home/surgeon/trash/set-up-wshell/openmm/wrappers/python/tests/TestPdbxFile.py to /home/surgeon/trash/set-up-wshell/openmm/build/python/tests/TestPdbxFile.py
[ 13%] CMake-copying file /home/surgeon/trash/set-up-wshell/openmm/wrappers/python/tests/TestNumpyCompatibility.py to /home/surgeon/trash/set-up-wshell/openmm/build/python/tests/TestNumpyCompatibility.py
[ 13%] CMake-copying file /home/surgeon/trash/set-up-wshell/openmm/wrappers/python/tests/TestPickle.py to /home/surgeon/trash/set-up-wshell/openmm/build/python/tests/TestPickle.py
[ 13%] CMake-copying file /home/surgeon/trash/set-up-wshell/openmm/wrappers/python/tests/TestSimulation.py to /home/surgeon/trash/set-up-wshell/openmm/build/python/tests/TestSimulation.py
[ 13%] CMake-copying file /home/surgeon/trash/set-up-wshell/openmm/wrappers/python/tests/TestTopology.py to /home/surgeon/trash/set-up-wshell/openmm/build/python/tests/TestTopology.py
[ 13%] CMake-copying file /home/surgeon/trash/set-up-wshell/openmm/wrappers/python/tests/TestUnitCell.py to /home/surgeon/trash/set-up-wshell/openmm/build/python/tests/TestUnitCell.py
[ 13%] CMake-copying file /home/surgeon/trash/set-up-wshell/openmm/wrappers/python/tests/TestSwigWrappers.py to /home/surgeon/trash/set-up-wshell/openmm/build/python/tests/TestSwigWrappers.py
[ 13%] CMake-copying file /home/surgeon/trash/set-up-wshell/openmm/wrappers/python/tests/TestUnits.py to /home/surgeon/trash/set-up-wshell/openmm/build/python/tests/TestUnits.py
[ 13%] CMake-copying file /home/surgeon/trash/set-up-wshell/openmm/wrappers/python/tests/pytest.ini to /home/surgeon/trash/set-up-wshell/openmm/build/python/tests/pytest.ini
[ 13%] CMake-copying file /home/surgeon/trash/set-up-wshell/openmm/wrappers/python/tests/systems/1T2Y.pdb to /home/surgeon/trash/set-up-wshell/openmm/build/python/tests/systems/1T2Y.pdb
[ 13%] CMake-copying file /home/surgeon/trash/set-up-wshell/openmm/wrappers/python/tests/systems/2ci2.pdb.gro to /home/surgeon/trash/set-up-wshell/openmm/build/python/tests/systems/2ci2.pdb.gro
yParticleForce.h...
Parsing file /home/surgeon/trash/set-up-wshell/openmm/openmmapi/include/openmm/CustomManyParticleForce.h...
Preprocessing /home/surgeon/trash/set-up-wshell/openmm/openmmapi/include/openmm/CustomNonbondedForce.h...
Parsing file /home/surgeon/trash/set-up-wshell/openmm/openmmapi/include/openmm/CustomNonbondedForce.h...
Preprocessing /home/surgeon/trash/set-up-wshell/openmm/openmmapi/include/openmm/CustomTorsionForce.h...
Parsing file /home/surgeon/trash/set-up-wshell/openmm/openmmapi/include/openmm/CustomTorsionForce.h...
Preprocessing /home/surgeon/trash/set-up-wshell/openmm/openmmapi/include/openmm/Force.h...
Parsing file /home/surgeon/trash/set-up-wshell/openmm/openmmapi/include/openmm/Force.h...
Preprocessing /home/surgeon/trash/set-up-wshell/openmm/openmmapi/include/openmm/GayBerneForce.h...
Parsing file /home/surgeon/trash/set-up-wshell/openmm/openmmapi/include/openmm/GayBerneForce.h...
Preprocessing /home/surgeon/trash/set-up-wshell/openmm/openmmapi/include/openmm/GBSAOBCForce.h...
Parsing file /home/surgeon/trash/set-up-wshell/openmm/openmmapi/include/openmm/GBSAOBCForce.h...
Preprocessing /home/surgeon/trash/set-up-wshell/openmm/openmmapi/include/openmm/HarmonicAngleForce.h...
Parsing file /home/surgeon/trash/set-up-wshell/openmm/openmmapi/include/openmm/HarmonicAngleForce.h...
Preprocessing /home/surgeon/trash/set-up-wshell/openmm/openmmapi/include/openmm/HarmonicBondForce.h...
Parsing file /home/surgeon/trash/set-up-wshell/openmm/openmmapi/include/openmm/HarmonicBondForce.h...
Preprocessing /home/surgeon/trash/set-up-wshell/openmm/openmmapi/include/openmm/Integrator.h...
Parsing file /home/surgeon/trash/set-up-wshell/openmm/openmmapi/include/openmm/Integrator.h...
Preprocessing /home/surgeon/trash/set-up-wshell/openmm/openmmapi/include/openmm/LangevinIntegrator.h...
Parsing file /home/surgeon/trash/set-up-wshell/openmm/openmmapi/include/openmm/LangevinIntegrator.h...
Preprocessing /home/surgeon/trash/set-up-wshell/openmm/openmmapi/include/openmm/LocalEnergyMinimizer.h...
Parsing file /home/surgeon/trash/set-up-wshell/openmm/openmmapi/include/openmm/LocalEnergyMinimizer.h...
Preprocessing /home/surgeon/trash/set-up-wshell/openmm/openmmapi/include/openmm/MonteCarloAnisotropicBarostat.h...
Parsing file /home/surgeon/trash/set-up-wshell/openmm/openmmapi/include/openmm/MonteCarloAnisotropicBarostat.h...
Preprocessing /home/surgeon/trash/set-up-wshell/openmm/openmmapi/include/openmm/MonteCarloBarostat.h...
Parsing file /home/surgeon/trash/set-up-wshell/openmm/openmmapi/include/openmm/MonteCarloBarostat.h...
Preprocessing /home/surgeon/trash/set-up-wshell/openmm/openmmapi/include/openmm/MonteCarloMembraneBarostat.h...
Parsing file /home/surgeon/trash/set-up-wshell/openmm/openmmapi/include/openmm/MonteCarloMembraneBarostat.h...
Preprocessing /home/surgeon/trash/set-up-wshell/openmm/openmmapi/include/openmm/NonbondedForce.h...
Parsing file /home/surgeon/trash/set-up-wshell/openmm/openmmapi/include/openmm/NonbondedForce.h...
Preprocessing /home/surgeon/trash/set-up-wshell/openmm/openmmapi/include/openmm/OpenMMException.h...
Parsing file /home/surgeon/trash/set-up-wshell/openmm/openmmapi/include/openmm/OpenMMException.h...
Preprocessing /home/surgeon/trash/set-up-wshell/openmm/openmmapi/include/openmm/PeriodicTorsionForce.h...
Parsing file /home/surgeon/trash/set-up-wshell/openmm/openmmapi/include/openmm/PeriodicTorsionForce.h...
Preprocessing /home/surgeon/trash/set-up-wshell/openmm/openmmapi/include/openmm/RBTorsionForce.h...
Parsing file /home/surgeon/trash/set-up-wshell/openmm/openmmapi/include/openmm/RBTorsionForce.h...
Preprocessing /home/surgeon/trash/set-up-wshell/openmm/openmmapi/include/openmm/RMSDForce.h...
Parsing file /home/surgeon/trash/set-up-wshell/openmm/openmmapi/include/openmm/RMSDForce.h...
Preprocessing /home/surgeon/trash/set-up-wshell/openmm/openmmapi/include/openmm/State.h...
Parsing file /home/surgeon/trash/set-up-wshell/openmm/openmmapi/include/openmm/State.h...
Preprocessing /home/surgeon/trash/set-up-wshell/openmm/openmmapi/include/openmm/System.h...
Parsing file /home/surgeo[ 15%] CMake-copying file /home/surgeon/trash/set-up-wshell/openmm/wrappers/python/tests/systems/2ci2.pdb.top to /home/surgeon/trash/set-up-wshell/openmm/build/python/tests/systems/2ci2.pdb.top
[ 15%] CMake-copying file /home/surgeon/trash/set-up-wshell/openmm/wrappers/python/tests/systems/4TVP-dmj_wat-ion.psf to /home/surgeon/trash/set-up-wshell/openmm/build/python/tests/systems/4TVP-dmj_wat-ion.psf
[ 15%] CMake-copying file /home/surgeon/trash/set-up-wshell/openmm/wrappers/python/tests/systems/5dhfr_cube.pdb to /home/surgeon/trash/set-up-wshell/openmm/build/python/tests/systems/5dhfr_cube.pdb
[ 15%] CMake-copying file /home/surgeon/trash/set-up-wshell/openmm/wrappers/python/tests/systems/5dhfr_cube.psf to /home/surgeon/trash/set-up-wshell/openmm/build/python/tests/systems/5dhfr_cube.psf
[ 15%] CMake-copying file /home/surgeon/trash/set-up-wshell/openmm/wrappers/python/tests/systems/Mg_water.inpcrd to /home/surgeon/trash/set-up-wshell/openmm/build/python/tests/systems/Mg_water.inpcrd
[ 15%] CMake-copying file /home/surgeon/trash/set-up-wshell/openmm/wrappers/python/tests/systems/Mg_water.prmtop to /home/surgeon/trash/set-up-wshell/openmm/build/python/tests/systems/Mg_water.prmtop
[ 15%] CMake-copying file /home/surgeon/trash/set-up-wshell/openmm/wrappers/python/tests/systems/T4-lysozyme-L99A-p-xylene-implicit.pdb to /home/surgeon/trash/set-up-wshell/openmm/build/python/tests/systems/T4-lysozyme-L99A-p-xylene-implicit.pdb
Doxygen version used: 1.9.6
Searching for include files...
Searching for example files...
Searching for images...
Searching for dot files...
Searching for msc files...
Searching for dia files...
Searching for files to exclude
Searching INPUT for files to process...
Searching for files in directory /home/surgeon/trash/set-up-wshell/openmm/openmmapi
Searching for files in directory /home/surgeon/trash/set-up-wshell/openmm/openmmapi/src
Searching for files in directory /home/surgeon/trash/set-up-wshell/openmm/openmmapi/include
Searching for files in directory /home/surgeon/trash/set-up-wshell/openmm/openmmapi/include/openmm
Searching for files in directory /home/surgeon/trash/set-up-wshell/openmm/openmmapi/include/openmm/internal
Searching for files in directory /home/surgeon/trash/set-up-wshell/openmm/plugins/amoeba/openmmapi
Searching for files in directory /home/surgeon/trash/set-up-wshell/openmm/plugins/amoeba/openmmapi/src
Searching for files in directory /home/surgeon/trash/set-up-wshell/openmm/plugins/amoeba/openmmapi/include
Searching for files in directory /home/surgeon/trash/set-up-wshell/openmm/plugins/amoeba/openmmapi/include/openmm
Searching for files in directory /home/surgeon/trash/set-up-wshell/openmm/plugins/amoeba/openmmapi/include/openmm/internal
Searching for files in directory /home/surgeon/trash/set-up-wshell/openmm/plugins/rpmd/openmmapi
Searching for files in directory /home/surgeon/trash/set-up-wshell/openmm/plugins/rpmd/openmmapi/src
Searching for files in directory /home/surgeon/trash/set-up-wshell/openmm/plugins/rpmd/openmmapi/include
Searching for files in directory /home/surgeon/trash/set-up-wshell/openmm/plugins/rpmd/openmmapi/include/openmm
Searching for files in directory /home/surgeon/trash/set-up-wshell/openmm/plugins/rpmd/openmmapi/include/openmm/internal
Searching for files in directory /home/surgeon/trash/set-up-wshell/openmm/plugins/drude/openmmapi
Searching for files in directory /home/surgeon/trash/set-up-wshell/openmm/plugins/drude/openmmapi/src
Searching for files in directory /home/surgeon/trash/set-up-wshell/openmm/plugins/drude/openmmapi/include
Searching for files in directory /home/surgeon/trash/set-up-wshell/openmm/plugins/drude/openmmapi/include/openmm
Searching for files in directory /home/surgeon/trash/set-up-wshell/openmm/plugins/drude/openmmapi/include/openmm/internal
Reading and parsing tag files
Parsing files
Preprocessing /home/surgeon/trash/set-up-wshell/openmm/openmmapi/include/OpenMM.h...
Parsing file /home/surgeon/trash/set-up-wshell/openmm/openmmapi/include/OpenMM.h...
Preprocessing /home/surgeon/trash/set-up-wshell/openmm/openmmapi/include/openmm/AndersenThermostat.h...
Parsing file /home/surgeon/trash/set-up-wshell/openmm/openmmapi/include/openmm/AndersenThermostat.h...
Preprocessing /home/surgeon/trash/set-up-wshell/openmm/openmmapi/include/openmm/BrownianIntegrator.h...
Parsing file /home/surgeon/trash/set-up-wshell/openmm/openmmapi/include/openmm/BrownianIntegrator.h...
Preprocessing /home/surgeon/trash/set-up-wshell/openmm/openmmapi/include/openmm/CMAPTorsionForce.h...
Parsing file /home/surgeon/trash/set-up-wshell/openmm/openmmapi/include/openmm/CMAPTorsionForce.h...
Preprocessing /home/surgeon/trash/set-up-wshell/openmm/openmmapi/include/openmm/CMMotionRemover.h...
Parsing file /home/surgeon/trash/set-up-wshell/openmm/openmmapi/include/openmm/CMMotionRemover.h...
Preprocessing /home/surgeon/trash/set-up-wshell/openmm/openmmapi/include/openmm/CompoundIntegrator.h...
Parsing file /home/surgeon/trash/set-up-wshell/openmm/openmmapi/include/openmm/CompoundIntegrator.h...
Preprocessing /home/surgeon/trash/set-up-wshell/openmm/openmmapi/include/openmm/Context.h...
Parsing file /home/surgeon/trash/set-up-wshell/openmm/openmmapi/include/openmm/Context.h...
Preprocessing /home/surgeon/trash/set-up-wshell/openmm/openmmapi/include/openmm/CustomAngleForce.h...
Parsing file /home/surgeon/trash/set-up-wshell/openmm/openmmapi/include/openmm/CustomAngleForce.h...
Preprocessing /home/surgeon/trash/set-up-wshell/openmm/openmmapi/include/openmm/CustomBondForce.h...
Parsing f[ 15%] CMake-copying file /home/surgeon/trash/set-up-wshell/openmm/wrappers/python/tests/systems/ala-ala-ala-implicit-forces/GBn2_NoCutoff.xml to /home/surgeon/trash/set-up-wshell/openmm/build/python/tests/systems/ala-ala-ala-implicit-forces/GBn2_NoCutoff.xml
[ 15%] CMake-copying file /home/surgeon/trash/set-up-wshell/openmm/wrappers/python/tests/systems/aidilnaaaaa.gro to /home/surgeon/trash/set-up-wshell/openmm/build/python/tests/systems/aidilnaaaaa.gro
[ 15%] CMake-copying file /home/surgeon/trash/set-up-wshell/openmm/wrappers/python/tests/systems/aidilnaaaaa.top to /home/surgeon/trash/set-up-wshell/openmm/build/python/tests/systems/aidilnaaaaa.top
[ 15%] CMake-copying file /home/surgeon/trash/set-up-wshell/openmm/wrappers/python/tests/systems/ala-ala-ala-implicit-forces/HCT_NoCutoff.xml to /home/surgeon/trash/set-up-wshell/openmm/build/python/tests/systems/ala-ala-ala-implicit-forces/HCT_NoCutoff.xml
[ 15%] CMake-copying file /home/surgeon/trash/set-up-wshell/openmm/wrappers/python/tests/systems/ala-ala-ala-implicit-forces/GBn_NoCutoff_Salt.xml to /home/surgeon/trash/set-up-wshell/openmm/build/python/tests/systems/ala-ala-ala-implicit-forces/GBn_NoCutoff_Salt.xml
[ 15%] CMake-copying file /home/surgeon/trash/set-up-wshell/openmm/wrappers/python/tests/systems/ala-ala-ala-implicit-forces/OBC1_NonPeriodic.xml to /home/surgeon/trash/set-up-wshell/openmm/build/python/tests/systems/ala-ala-ala-implicit-forces/OBC1_NonPeriodic.xml
[ 15%] CMake-copying file /home/surgeon/trash/set-up-wshell/openmm/wrappers/python/tests/systems/ala-ala-ala-implicit-forces/OBC2_NonPeriodic_Salt.xml to /home/surgeon/trash/set-up-wshell/openmm/build/python/tests/systems/ala-ala-ala-implicit-forces/OBC2_NonPeriodic_Salt.xml
[ 15%] CMake-copying file /home/surgeon/trash/set-up-wshell/openmm/wrappers/python/tests/systems/ala3_solv.crd to /home/surgeon/trash/set-up-wshell/openmm/build/python/tests/systems/ala3_solv.crd
[ 15%] CMake-copying file /home/surgeon/trash/set-up-wshell/openmm/wrappers/python/tests/systems/ala3_solv.parm7 to /home/surgeon/trash/set-up-wshell/openmm/build/python/tests/systems/ala3_solv.parm7
[ 15%] CMake-copying file /home/surgeon/trash/set-up-wshell/openmm/wrappers/python/tests/systems/ala3_solv.psf to /home/surgeon/trash/set-up-wshell/openmm/build/python/tests/systems/ala3_solv.psf
[ 15%] CMake-copying file /home/surgeon/trash/set-up-wshell/openmm/wrappers/python/tests/systems/ala3_solv_drude.crd to /home/surgeon/trash/set-up-wshell/openmm/build/python/tests/systems/ala3_solv_drude.crd
[ 17%] CMake-copying file /home/surgeon/trash/set-up-wshell/openmm/wrappers/python/tests/systems/ala3_solv_drude.psf to /home/surgeon/trash/set-up-wshell/openmm/build/python/tests/systems/ala3_solv_drude.psf
[ 17%] CMake-copying file /home/surgeon/trash/set-up-wshell/openmm/wrappers/python/tests/systems/ala_ala_ala.vpsf to /home/surgeon/trash/set-up-wshell/openmm/build/python/tests/systems/ala_ala_ala.vpsf
[ 17%] CMake-copying file /home/surgeon/trash/set-up-wshell/openmm/wrappers/python/tests/systems/ala_ala_ala.pdb to /home/surgeon/trash/set-up-wshell/openmm/build/python/tests/systems/ala_ala_ala.pdb
[ 17%] CMake-copying file /home/surgeon/trash/set-up-wshell/openmm/wrappers/python/tests/systems/ala_ala_ala.psf to /home/surgeon/trash/set-up-wshell/openmm/build/python/tests/systems/ala_ala_ala.psf
[ 17%] CMake-copying file /home/surgeon/trash/set-up-wshell/openmm/wrappers/python/tests/systems/ala_ala_ala.xpsf to /home/surgeon/trash/set-up-wshell/openmm/build/python/tests/systems/ala_ala_ala.xpsf
[ 17%] CMake-copying file /home/surgeon/trash/set-up-wshell/openmm/wrappers/python/tests/systems/alanine-dipeptide-amoeba-forces.xml to /home/surgeon/trash/set-up-wshell/openmm/build/python/tests/systems/alanine-dipeptide-amoeba-forces.xml
[ 17%] CMake-copying file /home/surgeon/trash/set-up-wshell/openmm/wrappers/python/tests/systems/alanine-dipeptide-explicit-amber99SBILDN-tip3p.dms to /home/surgeon/trash/set-up-wshell/openmm/build/python/tests/systems/alanine-dipeptide-explicit-amber99SBILDN-tip3p.dms
[ 17%] CMake-copying file /home/surgeon/trash/set-up-wshell/openmm/wrappers/python/tests/systems/alanine-dipeptide-explicit.inpcrd to /home/surgeon/trash/set-up-wshell/openmm/build/python/tests/systems/alanine-dipeptide-explicit.inpcrd
[ 17%] CMake-copying file /home/surgeon/trash/set-up-wshell/openmm/wrappers/python/tests/systems/alanine-dipeptide-explicit.pdb to /home/surgeon/trash/set-up-wshell/openmm/build/python/tests/systems/alanine-dipeptide-explicit.pdb
[ 17%] CMake-copying file /home/surgeon/trash/set-up-wshell/openmm/wrappers/python/tests/systems/alanine-dipeptide-explicit.prmtop to /home/surgeon/trash/set-up-wshell/openmm/build/python/tests/systems/alanine-dipeptide-explicit.prmtop
[ 17%] CMake-copying file /home/surgeon/trash/set-up-wshell/openmm/wrappers/python/tests/systems/alanine-dipeptide-implicit-forces/GBn2_NoCutoff.xml to /home/surgeon/trash/set-up-wshell/openmm/build/python/tests/systems/alanine-dipeptide-implicit-forces/GBn2_NoCutoff.xml
[ 17%] CMake-copying file /home/surgeon/trash/set-up-wshell/openmm/wrappers/python/tests/systems/alanine-dipeptide-implicit-forces/GBn_NoCutoff_Salt.xml to /home/surgeon/trash/set-up-wshell/openmm/build/python/tests/systems/alanine-dipeptide-implicit-forces/GBn_NoCutoff_Salt.xml
[ 17%] CMake-copying file /home/surgeon/trash/set-up-wshell/openmm/wrappers/python/tests/systems/alanine-dipeptide-implicit-forces/OBC2_NonPeriodic_Salt.xml to /home/surgeon/trash/set-up-wshell/openmm/build/python/tests/systems/alanine-dipeptide-implicit-forces/OBC2_NonPeriodic_Salt.xml
[ 17%] CMake-copying file /home/surgeon/trash/set-up-wshell/openmm/wrappers/python/tests/systems/alanine-dipeptide-implicit-forces/HCT_NoCutoff.xml to /home/surgeon/trash/set-up-wshell/openmm/build/python/tests/systems/alanine-dipeptide-implicit-forces/HCT_NoCutoff.xml
[ 17%] CMake-copying file /home/surgeon/trash/set-up-wshell/openmm/wrappers/python/tests/systems/alanine-dipeptide-implicit.inpcrd to /home/surgeon/trash/set-up-wshell/openmm/build/python/tests/systems/alanine-dipeptide-implicit.inpcrd
[ 17%] CMake-copying file /home/surgeon/trash/set-up-wshell/openmm/wrappers/python/tests/systems/alanine-dipeptide-implicit-forces/OBC1_NonPeriodic.xml to /home/surgeon/trash/set-up-wshell/openmm/build/python/tests/systems/alanine-dipeptide-implicit-forces/OBC1_NonPeriodic.xml
[ 17%] CMake-copying file /home/surgeon/trash/set-up-wshell/openmm/wrappers/python/tests/systems/alanine-dipeptide-implicit.pdb to /home/surgeon/trash/set-up-wshell/openmm/build/python/tests/systems/alanine-dipeptide-implicit.pdb
[ 17%] CMake-copying file /home/surgeon/trash/set-up-wshell/openmm/wrappers/python/tests/systems/alanine-dipeptide-implicit.prmtop to /home/surgeon/trash/set-up-wshell/openmm/build/python/tests/systems/alanine-dipeptide-implicit.prmtop
[ 18%] CMake-copying file /home/surgeon/trash/set-up-wshell/openmm/wrappers/python/tests/systems/amber.ncrst to /home/surgeon/trash/set-up-wshell/openmm/build/python/tests/systems/amber.ncrst
[ 18%] CMake-copying file /home/surgeon/trash/set-up-wshell/openmm/wrappers/python/tests/systems/altlocs.pdb to /home/surgeon/trash/set-up-wshell/openmm/build/python/tests/systems/altlocs.pdb
[ 18%] CMake-copying file /home/surgeon/trash/set-up-wshell/openmm/wrappers/python/tests/systems/amoeba-ion-in-water.pdb to /home/surgeon/trash/set-up-wshell/openmm/build/python/tests/systems/amoeba-ion-in-water.pdb
[ 18%] CMake-copying file /home/surgeon/trash/set-up-wshell/openmm/wrappers/python/tests/systems/bnz.gro to /home/surgeon/trash/set-up-wshell/openmm/build/python/tests/systems/bnz.gro
[ 18%] CMake-copying file /home/surgeon/trash/set-up-wshell/openmm/wrappers/python/tests/systems/bpti.pdb to /home/surgeon/trash/set-up-wshell/openmm/build/python/tests/systems/bpti.pdb
[ 18%] CMake-copying file /home/surgeon/trash/set-up-wshell/openmm/wrappers/python/tests/systems/bnz.top to /home/surgeon/trash/set-up-wshell/openmm/build/python/tests/systems/bnz.top
[ 18%] CMake-copying file /home/surgeon/trash/set-up-wshell/openmm/wrappers/python/tests/systems/charmm22.par to /home/surgeon/trash/set-up-wshell/openmm/build/python/tests/systems/charmm22.par
[ 18%] CMake-copying file /home/surgeon/trash/set-up-wshell/openmm/wrappers/python/tests/systems/charmm22.rtf to /home/surgeon/trash/set-up-wshell/openmm/build/python/tests/systems/charmm22.rtf
[ 18%] CMake-copying file /home/surgeon/trash/set-up-wshell/openmm/wrappers/python/tests/systems/crds_box.rst7 to /home/surgeon/trash/set-up-wshell/openmm/build/python/tests/systems/crds_box.rst7
[ 18%] CMake-copying file /home/surgeon/trash/set-up-wshell/openmm/wrappers/python/tests/systems/crds_vels_box.rst7 to /home/surgeon/trash/set-up-wshell/openmm/build/python/tests/systems/crds_vels_box.rst7
[ 18%] CMake-copying file /home/surgeon/trash/set-up-wshell/openmm/wrappers/python/tests/systems/crds_vels.rst7 to /home/surgeon/trash/set-up-wshell/openmm/build/python/tests/systems/crds_vels.rst7
[ 18%] CMake-copying file /home/surgeon/trash/set-up-wshell/openmm/wrappers/python/tests/systems/crdsonly.rst7 to /home/surgeon/trash/set-up-wshell/openmm/build/python/tests/systems/crdsonly.rst7
[ 18%] CMake-copying file /home/surgeon/trash/set-up-wshell/openmm/wrappers/python/tests/systems/explicit.top to /home/surgeon/trash/set-up-wshell/openmm/build/python/tests/systems/explicit.top
[ 18%] CMake-copying file /home/surgeon/trash/set-up-wshell/openmm/wrappers/python/tests/systems/ff14ipq.parm7 to /home/surgeon/trash/set-up-wshell/openmm/build/python/tests/systems/ff14ipq.parm7
[ 18%] CMake-copying file /home/surgeon/trash/set-up-wshell/openmm/wrappers/python/tests/systems/ff14ipq.rst7 to /home/surgeon/trash/set-up-wshell/openmm/build/python/tests/systems/ff14ipq.rst7
[ 18%] CMake-copying file /home/surgeon/trash/set-up-wshell/openmm/wrappers/python/tests/systems/ff_with_includes.xml to /home/surgeon/trash/set-up-wshell/openmm/build/python/tests/systems/ff_with_includes.xml
[ 18%] CMake-copying file /home/surgeon/trash/set-up-wshell/openmm/wrappers/python/tests/systems/implicit.top to /home/surgeon/trash/set-up-wshell/openmm/build/python/tests/systems/implicit.top
[ 18%] CMake-copying file /home/surgeon/trash/set-up-wshell/openmm/wrappers/python/tests/systems/gaffwat.parm7 to /home/surgeon/trash/set-up-wshell/openmm/build/python/tests/systems/gaffwat.parm7
[ 20%] CMake-copying file /home/surgeon/trash/set-up-wshell/openmm/wrappers/python/tests/systems/improper.psf to /home/surgeon/trash/set-up-wshell/openmm/build/python/tests/systems/improper.psf
[ 20%] CMake-copying file /home/surgeon/trash/set-up-wshell/openmm/wrappers/python/tests/systems/impropers_ordering_tetrapeptide.pdb to /home/surgeon/trash/set-up-wshell/openmm/build/python/tests/systems/impropers_ordering_tetrapeptide.pdb
[ 20%] CMake-copying file /home/surgeon/trash/set-up-wshell/openmm/wrappers/python/tests/systems/ionic.gro to /home/surgeon/trash/set-up-wshell/openmm/build/python/tests/systems/ionic.gro
[ 20%] CMake-copying file /home/surgeon/trash/set-up-wshell/openmm/wrappers/python/tests/systems/ionic.top to /home/surgeon/trash/set-up-wshell/openmm/build/python/tests/systems/ionic.top
[ 20%] CMake-copying file /home/surgeon/trash/set-up-wshell/openmm/wrappers/python/tests/systems/ions.pdb to /home/surgeon/trash/set-up-wshell/openmm/build/python/tests/systems/ions.pdb
[ 20%] CMake-copying file /home/surgeon/trash/set-up-wshell/openmm/wrappers/python/tests/systems/ions.psf to /home/surgeon/trash/set-up-wshell/openmm/build/python/tests/systems/ions.psf
[ 20%] CMake-copying file /home/surgeon/trash/set-up-wshell/openmm/wrappers/python/tests/systems/lysozyme-implicit-forces.xml to /home/surgeon/trash/set-up-wshell/openmm/build/python/tests/systems/lysozyme-implicit-forces.xml
[ 20%] CMake-copying file /home/surgeon/trash/set-up-wshell/openmm/wrappers/python/tests/systems/methanol-box.pdb to /home/surgeon/trash/set-up-wshell/openmm/build/python/tests/systems/methanol-box.pdb
[ 20%] CMake-copying file /home/surgeon/trash/set-up-wshell/openmm/wrappers/python/tests/systems/lysozyme-implicit.pdb to /home/surgeon/trash/set-up-wshell/openmm/build/python/tests/systems/lysozyme-implicit.pdb
[ 20%] CMake-copying file /home/surgeon/trash/set-up-wshell/openmm/wrappers/python/tests/systems/methanol_ions.pdb to /home/surgeon/trash/set-up-wshell/openmm/build/python/tests/systems/methanol_ions.pdb
[ 20%] CMake-copying file /home/surgeon/trash/set-up-wshell/openmm/wrappers/python/tests/systems/methanol_ions.psf to /home/surgeon/trash/set-up-wshell/openmm/build/python/tests/systems/methanol_ions.psf
[ 20%] CMake-copying file /home/surgeon/trash/set-up-wshell/openmm/wrappers/python/tests/systems/multichain.pdbx to /home/surgeon/trash/set-up-wshell/openmm/build/python/tests/systems/multichain.pdbx
[ 20%] CMake-copying file /home/surgeon/trash/set-up-wshell/openmm/wrappers/python/tests/systems/nacl-water.pdb to /home/surgeon/trash/set-up-wshell/openmm/build/python/tests/systems/nacl-water.pdb
[ 20%] CMake-copying file /home/surgeon/trash/set-up-wshell/openmm/wrappers/python/tests/systems/par_all22_prot.inp to /home/surgeon/trash/set-up-wshell/openmm/build/python/tests/systems/par_all22_prot.inp
[ 20%] CMake-copying file /home/surgeon/trash/set-up-wshell/openmm/wrappers/python/tests/systems/par_all22_prot_with_mass.inp to /home/surgeon/trash/set-up-wshell/openmm/build/python/tests/systems/par_all22_prot_with_mass.inp
[ 20%] CMake-copying file /home/surgeon/trash/set-up-wshell/openmm/wrappers/python/tests/systems/par_all36_cgenff.prm to /home/surgeon/trash/set-up-wshell/openmm/build/python/tests/systems/par_all36_cgenff.prm
[ 22%] CMake-copying file /home/surgeon/trash/set-up-wshell/openmm/wrappers/python/tests/systems/tip5p.pdb to /home/surgeon/trash/set-up-wshell/openmm/build/python/tests/systems/tip5p.pdb
[ 22%] CMake-copying file /home/surgeon/trash/set-up-wshell/openmm/wrappers/python/tests/systems/par_all36_prot.prm to /home/surgeon/trash/set-up-wshell/openmm/build/python/tests/systems/par_all36_prot.prm
[ 22%] CMake-copying file /home/surgeon/trash/set-up-wshell/openmm/wrappers/python/tests/systems/test_amber_ff.xml to /home/surgeon/trash/set-up-wshell/openmm/build/python/tests/systems/test_amber_ff.xml
[ 22%] CMake-copying file /home/surgeon/trash/set-up-wshell/openmm/wrappers/python/tests/systems/toppar_water_ions.str to /home/surgeon/trash/set-up-wshell/openmm/build/python/tests/systems/toppar_water_ions.str
[ 22%] CMake-copying file /home/surgeon/trash/set-up-wshell/openmm/wrappers/python/tests/systems/triclinic.pdb to /home/surgeon/trash/set-up-wshell/openmm/build/python/tests/systems/triclinic.pdb
[ 22%] CMake-copying file /home/surgeon/trash/set-up-wshell/openmm/wrappers/python/tests/systems/toppar_drude_master_protein_2013e.str to /home/surgeon/trash/set-up-wshell/openmm/build/python/tests/systems/toppar_drude_master_protein_2013e.str
[ 22%] CMake-copying file /home/surgeon/trash/set-up-wshell/openmm/wrappers/python/tests/systems/triclinic.pdbx to /home/surgeon/trash/set-up-wshell/openmm/build/python/tests/systems/triclinic.pdbx
[ 22%] CMake-copying file /home/surgeon/trash/set-up-wshell/openmm/wrappers/python/tests/systems/triclinic.gro to /home/surgeon/trash/set-up-wshell/openmm/build/python/tests/systems/triclinic.gro
n/trash/set-up-wshell/openmm/openmmapi/include/openmm/System.h...
Preprocessing /home/surgeon/trash/set-up-wshell/openmm/openmmapi/include/openmm/TabulatedFunction.h...
Parsing file /home/surgeon/trash/set-up-wshell/openmm/openmmapi/include/openmm/TabulatedFunction.h...
Preprocessing /home/surgeon/trash/set-up-wshell/openmm/openmmapi/include/openmm/Units.h...
Parsing file /home/surgeon/trash/set-up-wshell/openmm/openmmapi/include/openmm/Units.h...
Preprocessing /home/surgeon/trash/set-up-wshell/openmm/openmmapi/include/openmm/VariableLangevinIntegrator.h...
Parsing file /home/surgeon/trash/set-up-wshell/openmm/openmmapi/include/openmm/VariableLangevinIntegrator.h...
Preprocessing /home/surgeon/trash/set-up-wshell/openmm/openmmapi/include/openmm/VariableVerletIntegrator.h...
Parsing file /home/surgeon/trash/set-up-wshell/openmm/openmmapi/include/openmm/VariableVerletIntegrator.h...
Preprocessing /home/surgeon/trash/set-up-wshell/openmm/openmmapi/include/openmm/Vec3.h...
Parsing file /home/surgeon/trash/set-up-wshell/openmm/openmmapi/include/openmm/Vec3.h...
Preprocessing /home/surgeon/trash/set-up-wshell/openmm/openmmapi/include/openmm/VerletIntegrator.h...
Parsing file /home/surgeon/trash/set-up-wshell/openmm/openmmapi/include/openmm/VerletIntegrator.h...
Preprocessing /home/surgeon/trash/set-up-wshell/openmm/openmmapi/include/openmm/VirtualSite.h...
Parsing file /home/surgeon/trash/set-up-wshell/openmm/openmmapi/include/openmm/VirtualSite.h...
Preprocessing /home/surgeon/trash/set-up-wshell/openmm/olla/include/openmm/Platform.h...
Parsing file /home/surgeon/trash/set-up-wshell/openmm/olla/include/openmm/Platform.h...
Building macro definition list...
Building group list...
Building directory list...
Building namespace list...
Building file list...
Building class list...
Building concept list...
Computing nesting relations for classes...
Associating documentation with classes...
Associating documentation with concepts...
Building example list...
Searching for enumerations...
Searching for documented typedefs...
Searching for members imported via using declarations...
Searching for included using directives...
Searching for documented variables...
Building interface member list...
Building member list...
Searching for friends...
Searching for documented defines...
Computing class inheritance relations...
Computing class usage relations...
Flushing cached template relations that have become invalid...
Computing class relations...
Add enum values to enums...
Searching for member function documentation...
Creating members for template instances...
Building page list...
Search for main page...
Computing page relations...
Determining the scope of groups...
Sorting lists...
Determining which enums are documented
Computing member relations...
Building full member lists recursively...
Adding members to member groups.
Computing member references...
Inheriting documentation...
Generating disk names...
Adding source references...
Adding xrefitems...
Sorting member lists...
Setting anonymous enum type...
Computing dependencies between directories...
Generating citations page...
Counting members...
Counting data structures...
Resolving user defined references...
Finding anchors and sections in the documentation...
Transferring function references...
Combining using relations...
Adding members to index pages...
Correcting members for VHDL...
Computing tooltip texts...
Generating style sheet...
Generating search indices...
Generating example documentation...
Generating file sources...
Generating code for file /home/surgeon/trash/set-up-wshell/openmm/olla/include/openmm/Platform.h...
Generating code for file /home/surgeon/trash/set-up-wshell/openmm/openmmapi/include/OpenMM.h...
Generating code for file /home/surgeon/trash/set-up-wshell/openmm/openmmapi/include/openmm/AndersenThermostat.h...
Generating code for file /home/surgeon/trash/set-up-wshell/openmm/openmmapi/include/openmm/BrownianIntegrator.h...
Generating code for file /home/surgeon/trash/set-up-wshell/openmm/openmmapi/include/openmm/CMAPTorsionForce.h...
Generating code for filile /home/surgeon/trash/set-up-wshell/openmm/openmmapi/include/openmm/CustomBondForce.h...
Preprocessing /home/surgeon/trash/set-up-wshell/openmm/openmmapi/include/openmm/CustomCentroidBondForce.h...
Parsing file /home/surgeon/trash/set-up-wshell/openmm/openmmapi/include/openmm/CustomCentroidBondForce.h...
Preprocessing /home/surgeon/trash/set-up-wshell/openmm/openmmapi/include/openmm/CustomCompoundBondForce.h...
Parsing file /home/surgeon/trash/set-up-wshell/openmm/openmmapi/include/openmm/CustomCompoundBondForce.h...
Preprocessing /home/surgeon/trash/set-up-wshell/openmm/openmmapi/include/openmm/CustomCVForce.h...
Parsing file /home/surgeon/trash/set-up-wshell/openmm/openmmapi/include/openmm/CustomCVForce.h...
Preprocessing /home/surgeon/trash/set-up-wshell/openmm/openmmapi/include/openmm/CustomExternalForce.h...
Parsing file /home/surgeon/trash/set-up-wshell/openmm/openmmapi/include/openmm/CustomExternalForce.h...
Preprocessing /home/surgeon/trash/set-up-wshell/openmm/openmmapi/include/openmm/CustomGBForce.h...
Parsing file /home/surgeon/trash/set-up-wshell/openmm/openmmapi/include/openmm/CustomGBForce.h...
Preprocessing /home/surgeon/trash/set-up-wshell/openmm/openmmapi/include/openmm/CustomHbondForce.h...
Parsing file /home/surgeon/trash/set-up-wshell/openmm/openmmapi/include/openmm/CustomHbondForce.h...
Preprocessing /home/surgeon/trash/set-up-wshell/openmm/openmmapi/include/openmm/CustomIntegrator.h...
Parsing file /home/surgeon/trash/set-up-wshell/openmm/openmmapi/include/openmm/CustomIntegrator.h...
Preprocessing /home/surgeon/trash/set-up-wshell/openmm/openmmapi/include/openmm/CustomManyParticleForce.h...
Parsing file /home/surgeon/trash/set-up-wshell/openmm/openmmapi/include/openmm/CustomManyParticleForce.h...
Preprocessing /home/surgeon/trash/set-up-wshell/openmm/openmmapi/include/openmm/CustomNonbondedForce.h...
Parsing file /home/surgeon/trash/set-up-wshell/openmm/openmmapi/include/openmm/CustomNonbondedForce.h...
Preprocessing /home/surgeon/trash/set-up-wshell/openmm/openmmapi/include/openmm/CustomTorsionForce.h...
Parsing file /home/surgeon/trash/set-up-wshell/openmm/openmmapi/include/openmm/CustomTorsionForce.h...
Preprocessing /home/surgeon/trash/set-up-wshell/openmm/openmmapi/include/openmm/Force.h...
Parsing file /home/surgeon/trash/set-up-wshell/openmm/openmmapi/include/openmm/Force.h...
Preprocessing /home/surgeon/trash/set-up-wshell/openmm/openmmapi/include/openmm/GayBerneForce.h...
Parsing file /home/surgeon/trash/set-up-wshell/openmm/openmmapi/include/openmm/GayBerneForce.h...
Preprocessing /home/surgeon/trash/set-up-wshell/openmm/openmmapi/include/openmm/GBSAOBCForce.h...
Parsing file /home/surgeon/trash/set-up-wshell/openmm/openmmapi/include/openmm/GBSAOBCForce.h...
Preprocessing /home/surgeon/trash/set-up-wshell/openmm/openmmapi/include/openmm/HarmonicAngleForce.h...
Parsing file /home/surgeon/trash/set-up-wshell/openmm/openmmapi/include/openmm/HarmonicAngleForce.h...
Preprocessing /home/surgeon/trash/set-up-wshell/openmm/openmmapi/include/openmm/HarmonicBondForce.h...
Parsing file /home/surgeon/trash/set-up-wshell/openmm/openmmapi/include/openmm/HarmonicBondForce.h...
Preprocessing /home/surgeon/trash/set-up-wshell/openmm/openmmapi/include/openmm/Integrator.h...
Parsing file /home/surgeon/trash/set-up-wshell/openmm/openmmapi/include/openmm/Integrator.h...
Preprocessing /home/surgeon/trash/set-up-wshell/openmm/openmmapi/include/openmm/LangevinIntegrator.h...
Parsing file /home/surgeon/trash/set-up-wshell/openmm/openmmapi/include/openmm/LangevinIntegrator.h...
Preprocessing /home/surgeon/trash/set-up-wshell/openmm/openmmapi/include/openmm/LocalEnergyMinimizer.h...
Parsing file /home/surgeon/trash/set-up-wshell/openmm/openmmapi/include/openmm/LocalEnergyMinimizer.h...
Preprocessing /home/surgeon/trash/set-up-wshell/openmm/openmmapi/include/openmm/MonteCarloAnisotropicBarostat.h...
Parsing file /home/surgeon/trash/set-up-wshell/openmm/openmmapi/include/openmm/MonteCarloAnisotropicBarostat.h...
Preprocessing /home/surgeon/trash/set-up-wshell/openmm/openmmapi/include/openmm/MonteCarloBarostat.h...
[ 22%] CMake-copying file /home/surgeon/trash/set-up-wshell/openmm/wrappers/python/tests/systems/tz2.truncoct.parm7 to /home/surgeon/trash/set-up-wshell/openmm/build/python/tests/systems/tz2.truncoct.parm7
[ 22%] CMake-copying file /home/surgeon/trash/set-up-wshell/openmm/wrappers/python/tests/systems/tz2.truncoct.rst7 to /home/surgeon/trash/set-up-wshell/openmm/build/python/tests/systems/tz2.truncoct.rst7
[ 22%] CMake-copying file /home/surgeon/trash/set-up-wshell/openmm/wrappers/python/tests/systems/water-box-216.prmtop to /home/surgeon/trash/set-up-wshell/openmm/build/python/tests/systems/water-box-216.prmtop
[ 22%] CMake-copying file /home/surgeon/trash/set-up-wshell/openmm/wrappers/python/tests/validateConstraints.py to /home/surgeon/trash/set-up-wshell/openmm/build/python/tests/validateConstraints.py
[ 22%] CMake-copying file /home/surgeon/trash/set-up-wshell/openmm/wrappers/python/tests/validateModeller.py to /home/surgeon/trash/set-up-wshell/openmm/build/python/tests/validateModeller.py
Parsing file /home/surgeon/trash/set-up-wshell/openmm/openmmapi/include/openmm/MonteCarloBarostat.h...
Preprocessing /home/surgeon/trash/set-up-wshell/openmm/openmmapi/include/openmm/MonteCarloMembraneBarostat.h...
Parsing file /home/surgeon/trash/set-up-wshell/openmm/openmmapi/include/openmm/MonteCarloMembraneBarostat.h...
Preprocessing /home/surgeon/trash/set-up-wshell/openmm/openmmapi/include/openmm/NonbondedForce.h...
Parsing file /home/surgeon/trash/set-up-wshell/openmm/openmmapi/include/openmm/NonbondedForce.h...
Preprocessing /home/surgeon/trash/set-up-wshell/openmm/openmmapi/include/openmm/OpenMMException.h...
Parsing file /home/surgeon/trash/set-up-wshell/openmm/openmmapi/include/openmm/OpenMMException.h...
Preprocessing /home/surgeon/trash/set-up-wshell/openmm/openmmapi/include/openmm/PeriodicTorsionForce.h...
Parsing file /home/surgeon/trash/set-up-wshell/openmm/openmmapi/include/openmm/PeriodicTorsionForce.h...
Preprocessing /home/surgeon/trash/set-up-wshell/openmm/openmmapi/include/openmm/RBTorsionForce.h...
Parsing file /home/surgeon/trash/set-up-wshell/openmm/openmmapi/include/openmm/RBTorsionForce.h...
Preprocessing /home/surgeon/trash/set-up-wshell/openmm/openmmapi/include/openmm/RMSDForce.h...
Parsing file /home/surgeon/trash/set-up-wshell/openmm/openmmapi/include/openmm/RMSDForce.h...
Preprocessing /home/surgeon/trash/set-up-wshell/openmm/openmmapi/include/openmm/State.h...
Parsing file /home/surgeon/trash/set-up-wshell/openmm/openmmapi/include/openmm/State.h...
Preprocessing /home/surgeon/trash/set-up-wshell/openmm/openmmapi/include/openmm/System.h...
Parsing file /home/surgeon/trash/set-up-wshell/openmm/openmmapi/include/openmm/System.h...
Preprocessing /home/surgeon/trash/set-up-wshell/openmm/openmmapi/include/openmm/TabulatedFunction.h...
Parsing file /home/surgeon/trash/set-up-wshell/openmm/openmmapi/include/openmm/TabulatedFunction.h...
Preprocessing /home/surgeon/trash/set-up-wshell/openmm/openmmapi/include/openmm/Units.h...
Parsing file /home/surgeon/trash/set-up-wshell/openmm/openmmapi/include/openmm/Units.h...
Preprocessing /home/surgeon/trash/set-up-wshell/openmm/openmmapi/include/openmm/VariableLangevinIntegrator.h...
Parsing file /home/surgeon/trash/set-up-wshell/openmm/openmmapi/include/openmm/VariableLangevinIntegrator.h...
Preprocessing /home/surgeon/trash/set-up-wshell/openmm/openmmapi/include/openmm/VariableVerletIntegrator.h...
Parsing file /home/surgeon/trash/set-up-wshell/openmm/openmmapi/include/openmm/VariableVerletIntegrator.h...
Preprocessing /home/surgeon/trash/set-up-wshell/openmm/openmmapi/include/openmm/Vec3.h...
Parsing file /home/surgeon/trash/set-up-wshell/openmm/openmmapi/include/openmm/Vec3.h...
Preprocessing /home/surgeon/trash/set-up-wshell/openmm/openmmapi/include/openmm/VerletIntegrator.h...
Parsing file /home/surgeon/trash/set-up-wshell/openmm/openmmapi/include/openmm/VerletIntegrator.h...
Preprocessing /home/surgeon/trash/set-up-wshell/openmm/openmmapi/include/openmm/VirtualSite.h...
Parsing file /home/surgeon/trash/set-up-wshell/openmm/openmmapi/include/openmm/VirtualSite.h...
Preprocessing /home/surgeon/trash/set-up-wshell/openmm/olla/include/openmm/Platform.h...
Parsing file /home/surgeon/trash/set-up-wshell/openmm/olla/include/openmm/Platform.h...
Preprocessing /home/surgeon/trash/set-up-wshell/openmm/serialization/include/openmm/serialization/SerializationNode.h...
Parsing file /home/surgeon/trash/set-up-wshell/openmm/serialization/include/openmm/serialization/SerializationNode.h...
Preprocessing /home/surgeon/trash/set-up-wshell/openmm/serialization/include/openmm/serialization/SerializationProxy.h...
Parsing file /home/surgeon/trash/set-up-wshell/openmm/serialization/include/openmm/serialization/SerializationProxy.h...
Preprocessing /home/surgeon/trash/set-up-wshell/openmm/serialization/include/openmm/serialization/XmlSerializer.h...
Parsing file /home/surgeon/trash/set-up-wshell/openmm/serialization/include/openmm/serialization/XmlSerializer.h...
Preprocessing /home/surgeon/trash/set-up-wshell/openmm/plugins/amoeba/openmmapi/include/openmm/AmoebaAngleForce /home/surgeon/trash/set-up-wshell/openmm/openmmapi/include/openmm/CMMotionRemover.h...
Generating code for file /home/surgeon/trash/set-up-wshell/openmm/openmmapi/include/openmm/CompoundIntegrator.h...
Generating code for file /home/surgeon/trash/set-up-wshell/openmm/openmmapi/include/openmm/Context.h...
Generating code for file /home/surgeon/trash/set-up-wshell/openmm/openmmapi/include/openmm/CustomAngleForce.h...
Generating code for file /home/surgeon/trash/set-up-wshell/openmm/openmmapi/include/openmm/CustomBondForce.h...
Generating code for file /home/surgeon/trash/set-up-wshell/openmm/openmmapi/include/openmm/CustomCentroidBondForce.h...
Generating code for file /home/surgeon/trash/set-up-wshell/openmm/openmmapi/include/openmm/CustomCompoundBondForce.h...
Generating code for file /home/surgeon/trash/set-up-wshell/openmm/openmmapi/include/openmm/CustomCVForce.h...
Generating code for file /home/surgeon/trash/set-up-wshell/openmm/openmmapi/include/openmm/CustomExternalForce.h...
Generating code for file /home/surgeon/trash/set-up-wshell/openmm/openmmapi/include/openmm/CustomGBForce.h...
Generating code for file /home/surgeon/trash/set-up-wshell/openmm/openmmapi/include/openmm/CustomHbondForce.h...
Generating code for file /home/surgeon/trash/set-up-wshell/openmm/openmmapi/include/openmm/CustomIntegrator.h...
Generating code for file /home/surgeon/trash/set-up-wshell/openmm/openmmapi/include/openmm/CustomManyParticleForce.h...
Generating code for file /home/surgeon/trash/set-up-wshell/openmm/openmmapi/include/openmm/CustomNonbondedForce.h...
Generating code for file /home/surgeon/trash/set-up-wshell/openmm/openmmapi/include/openmm/CustomTorsionForce.h...
Generating code for file /home/surgeon/trash/set-up-wshell/openmm/openmmapi/include/openmm/Force.h...
Generating code for file /home/surgeon/trash/set-up-wshell/openmm/openmmapi/include/openmm/GayBerneForce.h...
Generating code for file /home/surgeon/trash/set-up-wshell/openmm/openmmapi/include/openmm/GBSAOBCForce.h...
Generating code for file /home/surgeon/trash/set-up-wshell/openmm/openmmapi/include/openmm/HarmonicAngleForce.h...
Generating code for file /home/surgeon/trash/set-up-wshell/openmm/openmmapi/include/openmm/HarmonicBondForce.h...
Generating code for file /home/surgeon/trash/set-up-wshell/openmm/openmmapi/include/openmm/Integrator.h...
Generating code for file /home/surgeon/trash/set-up-wshell/openmm/openmmapi/include/openmm/LangevinIntegrator.h...
Generating code for file /home/surgeon/trash/set-up-wshell/openmm/openmmapi/include/openmm/LocalEnergyMinimizer.h...
Generating code for file /home/surgeon/trash/set-up-wshell/openmm/openmmapi/include/openmm/MonteCarloAnisotropicBarostat.h...
Generating code for file /home/surgeon/trash/set-up-wshell/openmm/openmmapi/include/openmm/MonteCarloBarostat.h...
Generating code for file /home/surgeon/trash/set-up-wshell/openmm/openmmapi/include/openmm/MonteCarloMembraneBarostat.h...
Generating code for file /home/surgeon/trash/set-up-wshell/openmm/openmmapi/include/openmm/NonbondedForce.h...
Generating code for file /home/surgeon/trash/set-up-wshell/openmm/openmmapi/include/openmm/OpenMMException.h...
Generating code for file /home/surgeon/trash/set-up-wshell/openmm/openmmapi/include/openmm/PeriodicTorsionForce.h...
Generating code for file /home/surgeon/trash/set-up-wshell/openmm/openmmapi/include/openmm/RBTorsionForce.h...
Generating code for file /home/surgeon/trash/set-up-wshell/openmm/openmmapi/include/openmm/RMSDForce.h...
Generating code for file /home/surgeon/trash/set-up-wshell/openmm/openmmapi/include/openmm/State.h...
Generating code for file /home/surgeon/trash/set-up-wshell/openmm/openmmapi/include/openmm/System.h...
Generating code for file /home/surgeon/trash/set-up-wshell/openmm/openmmapi/include/openmm/TabulatedFunction.h...
Generating code for file /home/surgeon/trash/set-up-wshell/openmm/openmmapi/include/openmm/Units.h...
Generating code for file /home/surgeon/trash/set-up-wshell/openmm/openmmapi/include/openmm/VariableLangevinIntegrator.h...
Generating code for file /home/surgeon/trash/set-up-wshell/openmm/openmmapi/include/openmm/VariableVerletIntegrator.h...
Generating code for file /home/surgeon/trash/set-up-wshell/openmm/openmmapi/include/openmm/Vec3.h...
Generating code for file /home/surgeon/trash/set-up-wshell/openmm/openmmapi/include/openmm/VerletIntegrator.h...
Generating code for file /home/surgeon/trash/set-up-wshell/openmm/openmmapi/include/openmm/VirtualSite.h...
Generating file documentation...
Generating docs for file /home/surgeon/trash/set-up-wshell/openmm/olla/include/openmm/Platform.h...
Generating docs for file /home/surgeon/trash/set-up-wshell/openmm/openmmapi/include/OpenMM.h...
Generating docs for file /home/surgeon/trash/set-up-wshell/openmm/openmmapi/include/openmm/AndersenThermostat.h...
Generating docs for file /home/surgeon/trash/set-up-wshell/openmm/openmmapi/include/openmm/BrownianIntegrator.h...
Generating docs for file /home/surgeon/trash/set-up-wshell/openmm/openmmapi/include/openmm/CMAPTorsionForce.h...
Generating docs for file /home/surgeon/trash/set-up-wshell/openmm/openmmapi/include/openmm/CMMotionRemover.h...
Generating docs for file /home/surgeon/trash/set-up-wshell/openmm/openmmapi/include/openmm/CompoundIntegrator.h...
Generating docs for file /home/surgeon/trash/set-up-wshell/openmm/openmmapi/include/openmm/Context.h...
Generating docs for file /home/surgeon/trash/set-up-wshell/openmm/openmmapi/include/openmm/CustomAngleForce.h...
Generating docs for file /home/surgeon/trash/set-up-wshell/openmm/openmmapi/include/openmm/CustomBondForce.h...
Generating docs for file /home/surgeon/trash/set-up-wshell/openmm/openmmapi/include/openmm/CustomCentroidBondForce.h...
Generating docs for file /home/surgeon/trash/set-up-wshell/openmm/openmmapi/include/openmm/CustomCompoundBondForce.h...
Generating docs for file /home/surgeon/trash/set-up-wshell/openmm/openmmapi/include/openmm/CustomCVForce.h...
Generating docs for file /home/surgeon/trash/set-up-wshell/openmm/openmmapi/include/openmm/CustomExternalForce.h...
Generating docs for file /home/surgeon/trash/set-up-wshell/openmm/openmmapi/include/openmm/CustomGBForce.h...
Generating docs for file /home/surgeon/trash/set-up-wshell/openmm/openmmapi/include/openmm/CustomHbondForce.h...
Generating docs for file /home/surgeon/trash/set-up-wshell/openmm/openmmapi/include/openmm/CustomIntegrator.h...
Generating docs for file /home/surgeon/trash/set-up-wshell/openmm/openmmapi/include/openmm/CustomManyParticleForce.h...
Generating docs for file /home/surgeon/trash/set-up-wshell/openmm/openmmapi/include/openmm/CustomNonbondedForce.h...
Generating docs for file /home/surgeon/trash/set-up-wshell/openmm/openmmapi/include/openmm/CustomTorsionForce.h...
Generating docs for file /home/surgeon/trash/set-up-wshell/openmm/openmmapi/include/openmm/Force.h...
Generating docs for file /home/surgeon/trash/set-up-wshell/openmm/openmmapi/include/openmm/GayBerneForce.h...
Generating docs for file /home/surgeon/trash/set-up-wshell/openmm/openmmapi/include/openmm/GBSAOBCForce.h...
Generating docs for file /home/surgeon/trash/set-up-wshell/openmm/openmmapi/include/openmm/HarmonicAngleForce.h...
Generating docs for file /home/surgeon/trash/set-up-wshell/openmm/openmmapi/include/openmm/HarmonicBondForce.h...
Generating docs for file /home/surgeon/trash/set-up-wshell/openmm/openmmapi/include/openmm/Integrator.h...
Generating docs for file /home/surgeon/trash/set-up-wshell/openmm/openmmapi/include/openmm/LangevinIntegrator.h...
Generating docs for file /home/surgeon/trash/set-up-wshell/openmm/openmmapi/include/openmm/LocalEnergyMinimizer.h...
Generating docs for file /home/surgeon/trash/set-up-wshell/openmm/openmmapi/include/openmm/MonteCarloAnisotropicBarostat.h...
Generating docs for file /home/surgeon/trash/set-up-wshell/openmm/openmmapi/include/openmm/MonteCarloBarostat.h...
Generating docs for file /home/surgeon/trash/set-up-wshell/openmm/openmmapi/include/openmm/MonteCarloMembraneBarostat.h...
Generating docs for file /home/surgeon/trash/set-up-wshell/openmm/openmmapi/include/openmm/NonbondedForce.h...
Generating docs for file /home/surgeon/trash/set-up-wshell/opee.h...
Parsing file /home/surgeon/trash/set-up-wshell/openmm/plugins/amoeba/openmmapi/include/openmm/AmoebaAngleForce.h...
Preprocessing /home/surgeon/trash/set-up-wshell/openmm/plugins/amoeba/openmmapi/include/openmm/AmoebaBondForce.h...
Parsing file /home/surgeon/trash/set-up-wshell/openmm/plugins/amoeba/openmmapi/include/openmm/AmoebaBondForce.h...
Preprocessing /home/surgeon/trash/set-up-wshell/openmm/plugins/amoeba/openmmapi/include/openmm/AmoebaGeneralizedKirkwoodForce.h...
Parsing file /home/surgeon/trash/set-up-wshell/openmm/plugins/amoeba/openmmapi/include/openmm/AmoebaGeneralizedKirkwoodForce.h...
Preprocessing /home/surgeon/trash/set-up-wshell/openmm/plugins/amoeba/openmmapi/include/openmm/AmoebaInPlaneAngleForce.h...
Parsing file /home/surgeon/trash/set-up-wshell/openmm/plugins/amoeba/openmmapi/include/openmm/AmoebaInPlaneAngleForce.h...
Preprocessing /home/surgeon/trash/set-up-wshell/openmm/plugins/amoeba/openmmapi/include/openmm/AmoebaMultipoleForce.h...
Parsing file /home/surgeon/trash/set-up-wshell/openmm/plugins/amoeba/openmmapi/include/openmm/AmoebaMultipoleForce.h...
Preprocessing /home/surgeon/trash/set-up-wshell/openmm/plugins/amoeba/openmmapi/include/openmm/AmoebaOutOfPlaneBendForce.h...
Parsing file /home/surgeon/trash/set-up-wshell/openmm/plugins/amoeba/openmmapi/include/openmm/AmoebaOutOfPlaneBendForce.h...
Preprocessing /home/surgeon/trash/set-up-wshell/openmm/plugins/amoeba/openmmapi/include/openmm/AmoebaPiTorsionForce.h...
Parsing file /home/surgeon/trash/set-up-wshell/openmm/plugins/amoeba/openmmapi/include/openmm/AmoebaPiTorsionForce.h...
Preprocessing /home/surgeon/trash/set-up-wshell/openmm/plugins/amoeba/openmmapi/include/openmm/AmoebaStretchBendForce.h...
Parsing file /home/surgeon/trash/set-up-wshell/openmm/plugins/amoeba/openmmapi/include/openmm/AmoebaStretchBendForce.h...
Preprocessing /home/surgeon/trash/set-up-wshell/openmm/plugins/amoeba/openmmapi/include/openmm/AmoebaTorsionTorsionForce.h...
Parsing file /home/surgeon/trash/set-up-wshell/openmm/plugins/amoeba/openmmapi/include/openmm/AmoebaTorsionTorsionForce.h...
Preprocessing /home/surgeon/trash/set-up-wshell/openmm/plugins/amoeba/openmmapi/include/openmm/AmoebaVdwForce.h...
Parsing file /home/surgeon/trash/set-up-wshell/openmm/plugins/amoeba/openmmapi/include/openmm/AmoebaVdwForce.h...
Preprocessing /home/surgeon/trash/set-up-wshell/openmm/plugins/amoeba/openmmapi/include/openmm/AmoebaWcaDispersionForce.h...
Parsing file /home/surgeon/trash/set-up-wshell/openmm/plugins/amoeba/openmmapi/include/openmm/AmoebaWcaDispersionForce.h...
Preprocessing /home/surgeon/trash/set-up-wshell/openmm/plugins/amoeba/openmmapi/include/OpenMMAmoeba.h...
Parsing file /home/surgeon/trash/set-up-wshell/openmm/plugins/amoeba/openmmapi/include/OpenMMAmoeba.h...
Preprocessing /home/surgeon/trash/set-up-wshell/openmm/plugins/rpmd/openmmapi/include/openmm/RPMDIntegrator.h...
Parsing file /home/surgeon/trash/set-up-wshell/openmm/plugins/rpmd/openmmapi/include/openmm/RPMDIntegrator.h...
Preprocessing /home/surgeon/trash/set-up-wshell/openmm/plugins/rpmd/openmmapi/include/openmm/RPMDMonteCarloBarostat.h...
Parsing file /home/surgeon/trash/set-up-wshell/openmm/plugins/rpmd/openmmapi/include/openmm/RPMDMonteCarloBarostat.h...
Preprocessing /home/surgeon/trash/set-up-wshell/openmm/plugins/drude/openmmapi/include/openmm/DrudeForce.h...
Parsing file /home/surgeon/trash/set-up-wshell/openmm/plugins/drude/openmmapi/include/openmm/DrudeForce.h...
Preprocessing /home/surgeon/trash/set-up-wshell/openmm/plugins/drude/openmmapi/include/openmm/DrudeLangevinIntegrator.h...
Parsing file /home/surgeon/trash/set-up-wshell/openmm/plugins/drude/openmmapi/include/openmm/DrudeLangevinIntegrator.h...
Preprocessing /home/surgeon/trash/set-up-wshell/openmm/plugins/drude/openmmapi/include/openmm/DrudeSCFIntegrator.h...
Parsing file /home/surgeon/trash/set-up-wshell/openmm/plugins/drude/openmmapi/include/openmm/DrudeSCFIntegrator.h...
Preprocessing /home/surgeon/trash/set-up-wshell/openmm/plugins/drude/openmmapi/include/OpenMMDrude.h...
Parsing file /home/surgeon/trash/set-up-wshell/[ 22%] Built target AmoebaApiWrappers
nmm/openmmapi/include/openmm/OpenMMException.h...
Generating docs for file /home/surgeon/trash/set-up-wshell/openmm/openmmapi/include/openmm/PeriodicTorsionForce.h...
Generating docs for file /home/surgeon/trash/set-up-wshell/openmm/openmmapi/include/openmm/RBTorsionForce.h...
Generating docs for file /home/surgeon/trash/set-up-wshell/openmm/openmmapi/include/openmm/RMSDForce.h...
Generating docs for file /home/surgeon/trash/set-up-wshell/openmm/openmmapi/include/openmm/State.h...
Generating docs for file /home/surgeon/trash/set-up-wshell/openmm/openmmapi/include/openmm/System.h...
Generating docs for file /home/surgeon/trash/set-up-wshell/openmm/openmmapi/include/openmm/TabulatedFunction.h...
Generating docs for file /home/surgeon/trash/set-up-wshell/openmm/openmmapi/include/openmm/Units.h...
Generating docs for file /home/surgeon/trash/set-up-wshell/openmm/openmmapi/include/openmm/VariableLangevinIntegrator.h...
Generating docs for file /home/surgeon/trash/set-up-wshell/openmm/openmmapi/include/openmm/VariableVerletIntegrator.h...
Generating docs for file /home/surgeon/trash/set-up-wshell/openmm/openmmapi/include/openmm/Vec3.h...
Generating docs for file /home/surgeon/trash/set-up-wshell/openmm/openmmapi/include/openmm/VerletIntegrator.h...
Generating docs for file /home/surgeon/trash/set-up-wshell/openmm/openmmapi/include/openmm/VirtualSite.h...
Generating page documentation...
Generating docs for page deprecated...
Generating group documentation...
Generating class documentation...
Generating concept documentation...
Generating namespace index...
Generating docs for namespace OpenMM
Generating docs for compound OpenMM::AndersenThermostat...
Generating docs for compound OpenMM::BrownianIntegrator...
Generating docs for compound OpenMM::CMAPTorsionForce...
Generating docs for compound OpenMM::CMMotionRemover...
Generating docs for compound OpenMM::CompoundIntegrator...
Generating docs for compound OpenMM::Context...
Generating docs for compound OpenMM::Continuous1DFunction...
Generating docs for compound OpenMM::Continuous2DFunction...
Generating docs for compound OpenMM::Continuous3DFunction...
Generating docs for compound OpenMM::CustomAngleForce...
Generating docs for compound OpenMM::CustomBondForce...
Generating docs for compound OpenMM::CustomCentroidBondForce...
Generating docs for compound OpenMM::CustomCompoundBondForce...
Generating docs for compound OpenMM::CustomCVForce...
Generating docs for compound OpenMM::CustomExternalForce...
Generating docs for compound OpenMM::CustomGBForce...
Generating docs for compound OpenMM::CustomHbondForce...
Generating docs for compound OpenMM::CustomIntegrator...
Generating docs for compound OpenMM::CustomManyParticleForce...
Generating docs for compound OpenMM::CustomNonbondedForce...
Generating docs for compound OpenMM::CustomTorsionForce...
Generating docs for compound OpenMM::Discrete1DFunction...
Generating docs for compound OpenMM::Discrete2DFunction...
Generating docs for compound OpenMM::Discrete3DFunction...
Generating docs for compound OpenMM::Force...
Generating docs for compound OpenMM::GayBerneForce...
Generating docs for compound OpenMM::GBSAOBCForce...
Generating docs for compound OpenMM::HarmonicAngleForce...
Generating docs for compound OpenMM::HarmonicBondForce...
Generating docs for compound OpenMM::Integrator...
Generating docs for compound OpenMM::LangevinIntegrator...
Generating docs for compound OpenMM::LocalCoordinatesSite...
Generating docs for compound OpenMM::LocalEnergyMinimizer...
Generating docs for compound OpenMM::MonteCarloAnisotropicBarostat...
Generating docs for compound OpenMM::MonteCarloBarostat...
Generating docs for compound OpenMM::MonteCarloMembraneBarostat...
Generating docs for compound OpenMM::NonbondedForce...
Generating docs for compound OpenMM::OpenMMException...
Generating docs for compound OpenMM::OutOfPlaneSite...
Generating docs for compound OpenMM::PeriodicTorsionForce...
Generating docs for compound OpenMM::Platform...
Generating docs for compound OpenMM::RBTorsionForce...
Generating docs for compound OpenMM::RMSDForce../home/surgeon/trash/set-up-wshell/openmm/openmmapi/include/openmm/TabulatedFunction.h:182: warning: The following parameter of OpenMM::Continuous3DFunction::Continuous3DFunction(int xsize, int ysize, int zsize, const std::vector< double > &values, double xmin, double xmax, double ymin, double ymax, double zmin, double zmax) is not documented:
  parameter 'zsize'
openmm/plugins/drude/openmmapi/include/OpenMMDrude.h...
Building macro definition list...
Building group list...
Building directory list...
Building namespace list...
Building file list...
Building class list...
Building concept list...
Computing nesting relations for classes...
Associating documentation with classes...
Associating documentation with concepts...
Building example list...
Searching for enumerations...
Searching for documented typedefs...
Searching for members imported via using declarations...
Searching for included using directives...
Searching for documented variables...
Building interface member list...
Building member list...
Searching for friends...
Searching for documented defines...
Computing class inheritance relations...
Computing class usage relations...
Flushing cached template relations that have become invalid...
Computing class relations...
Add enum values to enums...
Searching for member function documentation...
Creating members for template instances...
Building page list...
Search for main page...
Computing page relations...
Determining the scope of groups...
Sorting lists...
Determining which enums are documented
Computing member relations...
Building full member lists recursively...
Adding members to member groups.
Computing member references...
Inheriting documentation...
Generating disk names...
Adding source references...
Adding xrefitems...
Sorting member lists...
Setting anonymous enum type...
Computing dependencies between directories...
Generating citations page...
Counting members...
Counting data structures...
Resolving user defined references...
Finding anchors and sections in the documentation...
Transferring function references...
Combining using relations...
Adding members to index pages...
Correcting members for VHDL...
Computing tooltip texts...
Generating style sheet...
Generating search indices...
Generating example documentation...
Generating file sources...
Generating code for file /home/surgeon/trash/set-up-wshell/openmm/olla/include/openmm/Platform.h...
Generating code for file /home/surgeon/trash/set-up-wshell/openmm/openmmapi/include/OpenMM.h...
Generating code for file /home/surgeon/trash/set-up-wshell/openmm/openmmapi/include/openmm/AndersenThermostat.h...
Generating code for file /home/surgeon/trash/set-up-wshell/openmm/openmmapi/include/openmm/BrownianIntegrator.h...
Generating code for file /home/surgeon/trash/set-up-wshell/openmm/openmmapi/include/openmm/CMAPTorsionForce.h...
Generating code for file /home/surgeon/trash/set-up-wshell/openmm/openmmapi/include/openmm/CMMotionRemover.h...
Generating code for file /home/surgeon/trash/set-up-wshell/openmm/openmmapi/include/openmm/CompoundIntegrator.h...
Generating code for file /home/surgeon/trash/set-up-wshell/openmm/openmmapi/include/openmm/Context.h...
Generating code for file /home/surgeon/trash/set-up-wshell/openmm/openmmapi/include/openmm/CustomAngleForce.h...
Generating code for file /home/surgeon/trash/set-up-wshell/openmm/openmmapi/include/openmm/CustomBondForce.h...
Generating code for file /home/surgeon/trash/set-up-wshell/openmm/openmmapi/include/openmm/CustomCentroidBondForce.h...
Generating code for file /home/surgeon/trash/set-up-wshell/openmm/openmmapi/include/openmm/CustomCompoundBondForce.h...
Generating code for file /home/surgeon/trash/set-up-wshell/openmm/openmmapi/include/openmm/CustomCVForce.h...
Generating code for file /home/surgeon/trash/set-up-wshell/openmm/openmmapi/include/openmm/CustomExternalForce.h...
Generating code for file /home/surgeon/trash/set-up-wshell/openmm/openmmapi/include/openmm/CustomGBForce.h...
Generating code for file /home/surgeon/trash/set-up-wshell/openmm/openmmapi/include/openmm/CustomHbondForce.h...
Generating code for file /home/surgeon/trash/set-up-wshell/openmm/openmmapi/include/openmm/CustomIntegrator.h...
Generating code for file /home/surgeon/trash/set-up-wshell/openmm/openmmapi/include/openmm/CustomManyParticleForce.h...
Generating code for file /home/surgeon/trash/set-up-wshell/openmm/openmmapi/include/openmm/CustomNonbondedForce.h...
Generating code fo.
Generating docs for compound OpenMM::State...
Generating docs for compound OpenMM::System...
Generating docs for compound OpenMM::TabulatedFunction...
Generating docs for compound OpenMM::ThreeParticleAverageSite...
Generating docs for compound OpenMM::TwoParticleAverageSite...
Generating docs for compound OpenMM::VariableLangevinIntegrator...
Generating docs for compound OpenMM::VariableVerletIntegrator...
Generating docs for compound OpenMM::Vec3...
Generating docs for compound OpenMM::VerletIntegrator...
Generating docs for compound OpenMM::VirtualSite...
Generating graph info page...
Generating directory documentation...
finalizing index lists...
writing tag file...
Generating XML output...
Generating XML output for class OpenMM::AndersenThermostat
Generating XML output for class OpenMM::CustomAngleForce::AngleInfo
Generating XML output for class OpenMM::HarmonicAngleForce::AngleInfo
Generating XML output for class OpenMM::CustomAngleForce::AngleParameterInfo
Generating XML output for class OpenMM::CustomBondForce::BondInfo
Generating XML output for class OpenMM::CustomCentroidBondForce::BondInfo
Generating XML output for class OpenMM::CustomCompoundBondForce::BondInfo
Generating XML output for class OpenMM::HarmonicBondForce::BondInfo
Generating XML output for class OpenMM::CustomBondForce::BondParameterInfo
Generating XML output for class OpenMM::CustomCentroidBondForce::BondParameterInfo
Generating XML output for class OpenMM::CustomCompoundBondForce::BondParameterInfo
Generating XML output for class OpenMM::BrownianIntegrator
Generating XML output for class OpenMM::CMAPTorsionForce
Generating XML output for class OpenMM::CMAPTorsionForce::CMAPTorsionInfo
Generating XML output for class OpenMM::CMMotionRemover
Generating XML output for class OpenMM::CompoundIntegrator
Generating XML output for class OpenMM::CustomGBForce::ComputationInfo
Generating XML output for class OpenMM::CustomIntegrator::ComputationInfo
Generating XML output for class OpenMM::Context
Generating XML output for class OpenMM::Continuous1DFunction
Generating XML output for class OpenMM::Continuous2DFunction
Generating XML output for class OpenMM::Continuous3DFunction
Generating XML output for class OpenMM::CustomAngleForce
Generating XML output for class OpenMM::CustomBondForce
Generating XML output for class OpenMM::CustomCentroidBondForce
Generating XML output for class OpenMM::CustomCompoundBondForce
Generating XML output for class OpenMM::CustomCVForce
Generating XML output for class OpenMM::CustomExternalForce
Generating XML output for class OpenMM::CustomGBForce
Generating XML output for class OpenMM::CustomHbondForce
Generating XML output for class OpenMM::CustomIntegrator
Generating XML output for class OpenMM::CustomManyParticleForce
Generating XML output for class OpenMM::CustomNonbondedForce
Generating XML output for class OpenMM::CustomTorsionForce
Generating XML output for class OpenMM::Discrete1DFunction
Generating XML output for class OpenMM::Discrete2DFunction
Generating XML output for class OpenMM::Discrete3DFunction
Generating XML output for class OpenMM::GayBerneForce::ExceptionInfo
Generating XML output for class OpenMM::NonbondedForce::ExceptionInfo
Generating XML output for class OpenMM::NonbondedForce::ExceptionOffsetInfo
Generating XML output for class OpenMM::CustomGBForce::ExclusionInfo
Generating XML output for class OpenMM::CustomHbondForce::ExclusionInfo
Generating XML output for class OpenMM::CustomManyParticleForce::ExclusionInfo
Generating XML output for class OpenMM::CustomNonbondedForce::ExclusionInfo
Generating XML output for class OpenMM::Force
Generating XML output for class OpenMM::CustomCentroidBondForce::FunctionInfo
Generating XML output for class OpenMM::CustomCompoundBondForce::FunctionInfo
Generating XML output for class OpenMM::CustomCVForce::FunctionInfo
Generating XML output for class OpenMM::CustomGBForce::FunctionInfo
Generating XML output for class OpenMM::CustomHbondForce::FunctionInfo
Generating XML output for class OpenMM::CustomIntegrator::FunctionInfo
Generating XML output for class OpenMr file /home/surgeon/trash/set-up-wshell/openmm/openmmapi/include/openmm/CustomTorsionForce.h...
Generating code for file /home/surgeon/trash/set-up-wshell/openmm/openmmapi/include/openmm/Force.h...
Generating code for file /home/surgeon/trash/set-up-wshell/openmm/openmmapi/include/openmm/GayBerneForce.h...
Generating code for file /home/surgeon/trash/set-up-wshell/openmm/openmmapi/include/openmm/GBSAOBCForce.h...
Generating code for file /home/surgeon/trash/set-up-wshell/openmm/openmmapi/include/openmm/HarmonicAngleForce.h...
Generating code for file /home/surgeon/trash/set-up-wshell/openmm/openmmapi/include/openmm/HarmonicBondForce.h...
Generating code for file /home/surgeon/trash/set-up-wshell/openmm/openmmapi/include/openmm/Integrator.h...
Generating code for file /home/surgeon/trash/set-up-wshell/openmm/openmmapi/include/openmm/LangevinIntegrator.h...
Generating code for file /home/surgeon/trash/set-up-wshell/openmm/openmmapi/include/openmm/LocalEnergyMinimizer.h...
Generating code for file /home/surgeon/trash/set-up-wshell/openmm/openmmapi/include/openmm/MonteCarloAnisotropicBarostat.h...
Generating code for file /home/surgeon/trash/set-up-wshell/openmm/openmmapi/include/openmm/MonteCarloBarostat.h...
Generating code for file /home/surgeon/trash/set-up-wshell/openmm/openmmapi/include/openmm/MonteCarloMembraneBarostat.h...
Generating code for file /home/surgeon/trash/set-up-wshell/openmm/openmmapi/include/openmm/NonbondedForce.h...
Generating code for file /home/surgeon/trash/set-up-wshell/openmm/openmmapi/include/openmm/OpenMMException.h...
Generating code for file /home/surgeon/trash/set-up-wshell/openmm/openmmapi/include/openmm/PeriodicTorsionForce.h...
Generating code for file /home/surgeon/trash/set-up-wshell/openmm/openmmapi/include/openmm/RBTorsionForce.h...
Generating code for file /home/surgeon/trash/set-up-wshell/openmm/openmmapi/include/openmm/RMSDForce.h...
Generating code for file /home/surgeon/trash/set-up-wshell/openmm/openmmapi/include/openmm/State.h...
Generating code for file /home/surgeon/trash/set-up-wshell/openmm/openmmapi/include/openmm/System.h...
Generating code for file /home/surgeon/trash/set-up-wshell/openmm/openmmapi/include/openmm/TabulatedFunction.h...
Generating code for file /home/surgeon/trash/set-up-wshell/openmm/openmmapi/include/openmm/Units.h...
Generating code for file /home/surgeon/trash/set-up-wshell/openmm/openmmapi/include/openmm/VariableLangevinIntegrator.h...
Generating code for file /home/surgeon/trash/set-up-wshell/openmm/openmmapi/include/openmm/VariableVerletIntegrator.h...
Generating code for file /home/surgeon/trash/set-up-wshell/openmm/openmmapi/include/openmm/Vec3.h...
Generating code for file /home/surgeon/trash/set-up-wshell/openmm/openmmapi/include/openmm/VerletIntegrator.h...
Generating code for file /home/surgeon/trash/set-up-wshell/openmm/openmmapi/include/openmm/VirtualSite.h...
Generating code for file /home/surgeon/trash/set-up-wshell/openmm/plugins/amoeba/openmmapi/include/openmm/AmoebaAngleForce.h...
Generating code for file /home/surgeon/trash/set-up-wshell/openmm/plugins/amoeba/openmmapi/include/openmm/AmoebaBondForce.h...
Generating code for file /home/surgeon/trash/set-up-wshell/openmm/plugins/amoeba/openmmapi/include/openmm/AmoebaGeneralizedKirkwoodForce.h...
Generating code for file /home/surgeon/trash/set-up-wshell/openmm/plugins/amoeba/openmmapi/include/openmm/AmoebaInPlaneAngleForce.h...
Generating code for file /home/surgeon/trash/set-up-wshell/openmm/plugins/amoeba/openmmapi/include/openmm/AmoebaMultipoleForce.h...
Generating code for file /home/surgeon/trash/set-up-wshell/openmm/plugins/amoeba/openmmapi/include/openmm/AmoebaOutOfPlaneBendForce.h...
Generating code for file /home/surgeon/trash/set-up-wshell/openmm/plugins/amoeba/openmmapi/include/openmm/AmoebaPiTorsionForce.h...
Generating code for file /home/surgeon/trash/set-up-wshell/openmm/plugins/amoeba/openmmapi/include/openmm/AmoebaStretchBendForce.h...
Generating code for file /home/surgeon/trash/set-up-wshell/openmm/plugins/amoeba/openmmapi/include/openmm/AmoebaTorsionTorsionForce.h../home/surgeon/trash/set-up-wshell/openmm/openmmapi/include/openmm/VirtualSite.h:107: warning: The following parameter of OpenMM::ThreeParticleAverageSite::ThreeParticleAverageSite(int particle1, int particle2, int particle3, double weight1, double weight2, double weight3) is not documented:
  parameter 'weight3'
M::CustomManyParticleForce::FunctionInfo
Generating XML output for class OpenMM::CustomNonbondedForce::FunctionInfo
Generating XML output for class OpenMM::GayBerneForce
Generating XML output for class OpenMM::GBSAOBCForce
Generating XML output for class OpenMM::CustomAngleForce::GlobalParameterInfo
Generating XML output for class OpenMM::CustomBondForce::GlobalParameterInfo
Generating XML output for class OpenMM::CustomCentroidBondForce::GlobalParameterInfo
Generating XML output for class OpenMM::CustomCompoundBondForce::GlobalParameterInfo
Generating XML output for class OpenMM::CustomCVForce::GlobalParameterInfo
Generating XML output for class OpenMM::CustomExternalForce::GlobalParameterInfo
Generating XML output for class OpenMM::CustomGBForce::GlobalParameterInfo
Generating XML output for class OpenMM::CustomHbondForce::GlobalParameterInfo
Generating XML output for class OpenMM::CustomManyParticleForce::GlobalParameterInfo
Generating XML output for class OpenMM::CustomNonbondedForce::GlobalParameterInfo
Generating XML output for class OpenMM::CustomTorsionForce::GlobalParameterInfo
Generating XML output for class OpenMM::NonbondedForce::GlobalParameterInfo
Generating XML output for class OpenMM::CustomCentroidBondForce::GroupInfo
Generating XML output for class OpenMM::CustomHbondForce::GroupInfo
Generating XML output for class OpenMM::HarmonicAngleForce
Generating XML output for class OpenMM::HarmonicBondForce
Generating XML output for class OpenMM::Integrator
Generating XML output for class OpenMM::CustomNonbondedForce::InteractionGroupInfo
Generating XML output for class OpenMM::LangevinIntegrator
Generating XML output for class OpenMM::LocalCoordinatesSite
Generating XML output for class OpenMM::LocalEnergyMinimizer
Generating XML output for class OpenMM::CMAPTorsionForce::MapInfo
Generating XML output for class OpenMM::MonteCarloAnisotropicBarostat
Generating XML output for class OpenMM::MonteCarloBarostat
Generating XML output for class OpenMM::MonteCarloMembraneBarostat
Generating XML output for class OpenMM::NonbondedForce
Generating XML output for class OpenMM::OpenMMException
Generating XML output for class OpenMM::OutOfPlaneSite
Generating XML output for class OpenMM::CustomExternalForce::ParticleInfo
Generating XML output for class OpenMM::CustomGBForce::ParticleInfo
Generating XML output for class OpenMM::CustomManyParticleForce::ParticleInfo
Generating XML output for class OpenMM::CustomNonbondedForce::ParticleInfo
Generating XML output for class OpenMM::GayBerneForce::ParticleInfo
Generating XML output for class OpenMM::GBSAOBCForce::ParticleInfo
Generating XML output for class OpenMM::NonbondedForce::ParticleInfo
Generating XML output for class OpenMM::NonbondedForce::ParticleOffsetInfo
Generating XML output for class OpenMM::CustomExternalForce::ParticleParameterInfo
Generating XML output for class OpenMM::CustomManyParticleForce::ParticleParameterInfo
Generating XML output for class OpenMM::PeriodicTorsionForce
Generating XML output for class OpenMM::PeriodicTorsionForce::PeriodicTorsionInfo
Generating XML output for class OpenMM::CustomHbondForce::PerPairParameterInfo
Generating XML output for class OpenMM::CustomGBForce::PerParticleParameterInfo
Generating XML output for class OpenMM::CustomNonbondedForce::PerParticleParameterInfo
Generating XML output for class OpenMM::Platform
Generating XML output for class OpenMM::RBTorsionForce
Generating XML output for class OpenMM::RBTorsionForce::RBTorsionInfo
Generating XML output for class OpenMM::RMSDForce
Generating XML output for class OpenMM::State
Generating XML output for class OpenMM::State::StateBuilder
Generating XML output for class OpenMM::System
Generating XML output for class OpenMM::TabulatedFunction
Generating XML output for class OpenMM::ThreeParticleAverageSite
Generating XML output for class OpenMM::CustomTorsionForce::TorsionInfo
Generating XML output for class OpenMM::CustomTorsionForce::TorsionParameterInfo
Generating XML output for class OpenMM::TwoParticleAverageSite
Generating XML output for class OpenMM::CustomCVForce::VariableInfo
Generating XML output for class OpenMM::VariableLangevinIntegrator
Generating XML output for class OpenMM::VariableVerletIntegrator
Generating XML output for class OpenMM::Vec3
Generating XML output for class OpenMM::VerletIntegrator
Generating XML output for class OpenMM::VirtualSite
Generating XML output for namespace OpenMM
Generating XML output for namespace std
Generating XML output for file Platform.h
Generating XML output for file OpenMM.h
Generating XML output for file AndersenThermostat.h
Generating XML output for file BrownianIntegrator.h
Generating XML output for file CMAPTorsionForce.h
Generating XML output for file CMMotionRemover.h
Generating XML output for file CompoundIntegrator.h
Generating XML output for file Context.h
Generating XML output for file CustomAngleForce.h
Generating XML output for file CustomBondForce.h
Generating XML output for file CustomCentroidBondForce.h
Generating XML output for file CustomCompoundBondForce.h
Generating XML output for file CustomCVForce.h
Generating XML output for file CustomExternalForce.h
Generating XML output for file CustomGBForce.h
Generating XML output for file CustomHbondForce.h
Generating XML output for file CustomIntegrator.h
Generating XML output for file CustomManyParticleForce.h
Generating XML output for file CustomNonbondedForce.h
Generating XML output for file CustomTorsionForce.h
Generating XML output for file Force.h
Generating XML output for file GayBerneForce.h
Generating XML output for file GBSAOBCForce.h
Generating XML output for file HarmonicAngleForce.h
Generating XML output for file HarmonicBondForce.h
Generating XML output for file Integrator.h
Generating XML output for file LangevinIntegrator.h
Generating XML output for file LocalEnergyMinimizer.h
Generating XML output for file MonteCarloAnisotropicBarostat.h
Generating XML output for file MonteCarloBarostat.h
Generating XML output for file MonteCarloMembraneBarostat.h
Generating XML output for file NonbondedForce.h
Generating XML output for file OpenMMException.h
Generating XML output for file PeriodicTorsionForce.h
Generating XML output for file RBTorsionForce.h
Generating XML output for file RMSDForce.h
Generating XML output for file State.h
Generating XML output for file System.h
Generating XML output for file TabulatedFunction.h
Generating XML output for file Units.h
Generating XML output for file VariableLangevinIntegrator.h
Generating XML output for file VariableVerletIntegrator.h
Generating XML output for file Vec3.h
Generating XML output for file VerletIntegrator.h
Generating XML output for file VirtualSite.h
Generating XML output for page deprecated
Generate XML output for dir /home/surgeon/trash/set-up-wshell/openmm/olla/include/
Generate XML output for dir /home/surgeon/trash/set-up-wshell/openmm/openmmapi/include/
Generate XML output for dir /home/surgeon/trash/set-up-wshell/openmm/olla/
Generate XML output for dir /home/surgeon/trash/set-up-wshell/openmm/olla/include/openmm/
Generate XML output for dir /home/surgeon/trash/set-up-wshell/openmm/openmmapi/include/openmm/
Generate XML output for dir /home/surgeon/trash/set-up-wshell/openmm/openmmapi/
Running plantuml with JAVA...
type lookup cache used 2054/65536 hits=4517 misses=2236
symbol lookup cache used 2425/65536 hits=17364 misses=2425
finished...
[ 22%] Generating OpenMMCWrapper.h, OpenMMCWrapper.cpp, OpenMMFortranModule.f90, OpenMMFortranWrapper.cpp
/home/surgeon/trash/set-up-wshell/openmm/openmmapi/include/openmm/TabulatedFunction.h:182: warning: The following parameter of OpenMM::Continuous3DFunction::Continuous3DFunction(int xsize, int ysize, int zsize, const std::vector< double > &values, double xmin, double xmax, double ymin, double ymax, double zmin, double zmax) is not documented:
  parameter 'zsize'
.
Generating code for file /home/surgeon/trash/set-up-wshell/openmm/plugins/amoeba/openmmapi/include/openmm/AmoebaVdwForce.h...
Generating code for file /home/surgeon/trash/set-up-wshell/openmm/plugins/amoeba/openmmapi/include/openmm/AmoebaWcaDispersionForce.h...
Generating code for file /home/surgeon/trash/set-up-wshell/openmm/plugins/amoeba/openmmapi/include/OpenMMAmoeba.h...
Generating code for file /home/surgeon/trash/set-up-wshell/openmm/plugins/drude/openmmapi/include/openmm/DrudeForce.h...
Generating code for file /home/surgeon/trash/set-up-wshell/openmm/plugins/drude/openmmapi/include/openmm/DrudeLangevinIntegrator.h...
Generating code for file /home/surgeon/trash/set-up-wshell/openmm/plugins/drude/openmmapi/include/openmm/DrudeSCFIntegrator.h...
Generating code for file /home/surgeon/trash/set-up-wshell/openmm/plugins/drude/openmmapi/include/OpenMMDrude.h...
Generating code for file /home/surgeon/trash/set-up-wshell/openmm/plugins/rpmd/openmmapi/include/openmm/RPMDIntegrator.h...
Generating code for file /home/surgeon/trash/set-up-wshell/openmm/plugins/rpmd/openmmapi/include/openmm/RPMDMonteCarloBarostat.h...
Generating code for file /home/surgeon/trash/set-up-wshell/openmm/serialization/include/openmm/serialization/SerializationNode.h...
Generating code for file /home/surgeon/trash/set-up-wshell/openmm/serialization/include/openmm/serialization/SerializationProxy.h...
Generating code for file /home/surgeon/trash/set-up-wshell/openmm/serialization/include/openmm/serialization/XmlSerializer.h...
Generating file documentation...
Generating docs for file /home/surgeon/trash/set-up-wshell/openmm/openmmapi/include/openmm/Units.h...
Generating page documentation...
Generating docs for page deprecated...
Generating group documentation...
Generating class documentation...
Generating concept documentation...
Generating namespace index...
Generating docs for compound OpenMM::AmoebaAngleForce...
Generating docs for compound OpenMM::AmoebaBondForce...
Generating docs for compound OpenMM::AmoebaGeneralizedKirkwoodForce...
Generating docs for compound OpenMM::AmoebaInPlaneAngleForce...
Generating docs for compound OpenMM::AmoebaMultipoleForce...
Generating docs for compound OpenMM::AmoebaOutOfPlaneBendForce...
Generating docs for compound OpenMM::AmoebaPiTorsionForce...
Generating docs for compound OpenMM::AmoebaStretchBendForce...
Generating docs for compound OpenMM::AmoebaTorsionTorsionForce...
Generating docs for compound OpenMM::AmoebaVdwForce...
Generating docs for compound OpenMM::AmoebaWcaDispersionForce...
Generating docs for compound OpenMM::AndersenThermostat...
Generating docs for compound OpenMM::BrownianIntegrator...
Generating docs for compound OpenMM::CMAPTorsionForce...
Generating docs for compound OpenMM::CMMotionRemover...
Generating docs for compound OpenMM::CompoundIntegrator...
Generating docs for compound OpenMM::Context...
Generating docs for compound OpenMM::Continuous1DFunction...
Generating docs for compound OpenMM::Continuous2DFunction...
Generating docs for compound OpenMM::Continuous3DFunction...
Generating docs for compound OpenMM::CustomAngleForce...
Generating docs for compound OpenMM::CustomBondForce...
Generating docs for compound OpenMM::CustomCentroidBondForce...
Generating docs for compound OpenMM::CustomCompoundBondForce...
Generating docs for compound OpenMM::CustomCVForce...
Generating docs for compound OpenMM::CustomExternalForce...
Generating docs for compound OpenMM::CustomGBForce...
Generating docs for compound OpenMM::CustomHbondForce...
Generating docs for compound OpenMM::CustomIntegrator...
Generating docs for compound OpenMM::CustomManyParticleForce...
Generating docs for compound OpenMM::CustomNonbondedForce...
Generating docs for compound OpenMM::CustomTorsionForce...
Generating docs for compound OpenMM::Discrete1DFunction...
Generating docs for compound OpenMM::Discrete2DFunction...
Generating docs for compound OpenMM::Discrete3DFunction...
Generating docs for compound OpenMM::DrudeForce...
Generating docs for compound OpenMM::DrudeLangevinIntegrator...
Generating docs for c/home/surgeon/trash/set-up-wshell/openmm/serialization/include/openmm/serialization/SerializationNode.h:95: warning: The following parameter of OpenMM::SerializationNode::getChildNode(const std::string &name) is not documented:
  parameter 'name'
/home/surgeon/trash/set-up-wshell/openmm/serialization/include/openmm/serialization/SerializationNode.h:88: warning: The following parameter of OpenMM::SerializationNode::getChildNode(const std::string &name) const is not documented:
  parameter 'name'
/home/surgeon/trash/set-up-wshell/openmm/openmmapi/include/openmm/VirtualSite.h:107: warning: The following parameter of OpenMM::ThreeParticleAverageSite::ThreeParticleAverageSite(int particle1, int particle2, int particle3, double weight1, double weight2, double weight3) is not documented:
  parameter 'weight3'
ompound OpenMM::DrudeSCFIntegrator...
Generating docs for compound OpenMM::Force...
Generating docs for compound OpenMM::GayBerneForce...
Generating docs for compound OpenMM::GBSAOBCForce...
Generating docs for compound OpenMM::HarmonicAngleForce...
Generating docs for compound OpenMM::HarmonicBondForce...
Generating docs for compound OpenMM::Integrator...
Generating docs for compound OpenMM::LangevinIntegrator...
Generating docs for compound OpenMM::LocalCoordinatesSite...
Generating docs for compound OpenMM::LocalEnergyMinimizer...
Generating docs for compound OpenMM::MonteCarloAnisotropicBarostat...
Generating docs for compound OpenMM::MonteCarloBarostat...
Generating docs for compound OpenMM::MonteCarloMembraneBarostat...
Generating docs for compound OpenMM::NonbondedForce...
Generating docs for compound OpenMM::OpenMMException...
Generating docs for compound OpenMM::OutOfPlaneSite...
Generating docs for compound OpenMM::PeriodicTorsionForce...
Generating docs for compound OpenMM::Platform...
Generating docs for compound OpenMM::RBTorsionForce...
Generating docs for compound OpenMM::RMSDForce...
Generating docs for compound OpenMM::RPMDIntegrator...
Generating docs for compound OpenMM::RPMDMonteCarloBarostat...
Generating docs for compound OpenMM::SerializationNode...
Generating docs for compound OpenMM::SerializationProxy...
Generating docs for compound OpenMM::State...
Generating docs for compound OpenMM::System...
Generating docs for compound OpenMM::TabulatedFunction...
Generating docs for compound OpenMM::ThreeParticleAverageSite...
Generating docs for compound OpenMM::TwoParticleAverageSite...
Generating docs for compound OpenMM::VariableLangevinIntegrator...
Generating docs for compound OpenMM::VariableVerletIntegrator...
Generating docs for compound OpenMM::Vec3...
Generating docs for compound OpenMM::VerletIntegrator...
Generating docs for compound OpenMM::VirtualSite...
Generating docs for compound OpenMM::XmlSerializer...
Generating graph info page...
Generating directory documentation...
Generating index page...
Generating page index...
Generating module index...
Generating namespace index...
Generating namespace member index...
Generating concept index...
Generating annotated compound index...
Generating alphabetical compound index...
Generating hierarchical class index...
Generating member index...
Generating file index...
Generating file member index...
Generating example index...
finalizing index lists...
writing tag file...
Generating XML output...
Generating XML output for class OpenMM::AmoebaAngleForce
Generating XML output for class OpenMM::AmoebaBondForce
Generating XML output for class OpenMM::AmoebaGeneralizedKirkwoodForce
Generating XML output for class OpenMM::AmoebaInPlaneAngleForce
Generating XML output for class OpenMM::AmoebaMultipoleForce
Generating XML output for class OpenMM::AmoebaOutOfPlaneBendForce
Generating XML output for class OpenMM::AmoebaPiTorsionForce
Generating XML output for class OpenMM::AmoebaStretchBendForce
Generating XML output for class OpenMM::AmoebaTorsionTorsionForce
Generating XML output for class OpenMM::AmoebaVdwForce
Generating XML output for class OpenMM::AmoebaWcaDispersionForce
Generating XML output for class OpenMM::AndersenThermostat
Generating XML output for class OpenMM::AmoebaAngleForce::AngleInfo
Generating XML output for class OpenMM::AmoebaInPlaneAngleForce::AngleInfo
Generating XML output for class OpenMM::CustomAngleForce::AngleInfo
Generating XML output for class OpenMM::HarmonicAngleForce::AngleInfo
Generating XML output for class OpenMM::CustomAngleForce::AngleParameterInfo
Generating XML output for class OpenMM::AmoebaBondForce::BondInfo
Generating XML output for class OpenMM::CustomBondForce::BondInfo
Generating XML output for class OpenMM::CustomCentroidBondForce::BondInfo
Generating XML output for class OpenMM::CustomCompoundBondForce::BondInfo
Generating XML output for class OpenMM::HarmonicBondForce::BondInfo
Generating XML output for class OpenMM::CustomBondForce::BondParameterInfo
Generating XML output for class OpenMM::CustomCentroidBon/home/surgeon/trash/set-up-wshell/openmm/openmmapi/include/openmm/TabulatedFunction.h:182: warning: The following parameter of OpenMM::Continuous3DFunction::Continuous3DFunction(int xsize, int ysize, int zsize, const std::vector< double > &values, double xmin, double xmax, double ymin, double ymax, double zmin, double zmax) is not documented:
  parameter 'zsize'
dForce::BondParameterInfo
Generating XML output for class OpenMM::CustomCompoundBondForce::BondParameterInfo
Generating XML output for class OpenMM::BrownianIntegrator
Generating XML output for class OpenMM::CMAPTorsionForce
Generating XML output for class OpenMM::CMAPTorsionForce::CMAPTorsionInfo
Generating XML output for class OpenMM::CMMotionRemover
Generating XML output for class OpenMM::CompoundIntegrator
Generating XML output for class OpenMM::CustomGBForce::ComputationInfo
Generating XML output for class OpenMM::CustomIntegrator::ComputationInfo
Generating XML output for class OpenMM::Context
Generating XML output for class OpenMM::Continuous1DFunction
Generating XML output for class OpenMM::Continuous2DFunction
Generating XML output for class OpenMM::Continuous3DFunction
Generating XML output for class OpenMM::CustomAngleForce
Generating XML output for class OpenMM::CustomBondForce
Generating XML output for class OpenMM::CustomCentroidBondForce
Generating XML output for class OpenMM::CustomCompoundBondForce
Generating XML output for class OpenMM::CustomCVForce
Generating XML output for class OpenMM::CustomExternalForce
Generating XML output for class OpenMM::CustomGBForce
Generating XML output for class OpenMM::CustomHbondForce
Generating XML output for class OpenMM::CustomIntegrator
Generating XML output for class OpenMM::CustomManyParticleForce
Generating XML output for class OpenMM::CustomNonbondedForce
Generating XML output for class OpenMM::CustomTorsionForce
Generating XML output for class OpenMM::Discrete1DFunction
Generating XML output for class OpenMM::Discrete2DFunction
Generating XML output for class OpenMM::Discrete3DFunction
Generating XML output for class OpenMM::DrudeForce
Generating XML output for class OpenMM::DrudeLangevinIntegrator
Generating XML output for class OpenMM::DrudeSCFIntegrator
Generating XML output for class OpenMM::GayBerneForce::ExceptionInfo
Generating XML output for class OpenMM::NonbondedForce::ExceptionInfo
Generating XML output for class OpenMM::NonbondedForce::ExceptionOffsetInfo
Generating XML output for class OpenMM::CustomGBForce::ExclusionInfo
Generating XML output for class OpenMM::CustomHbondForce::ExclusionInfo
Generating XML output for class OpenMM::CustomManyParticleForce::ExclusionInfo
Generating XML output for class OpenMM::CustomNonbondedForce::ExclusionInfo
Generating XML output for class OpenMM::Force
Generating XML output for class OpenMM::CustomCentroidBondForce::FunctionInfo
Generating XML output for class OpenMM::CustomCompoundBondForce::FunctionInfo
Generating XML output for class OpenMM::CustomCVForce::FunctionInfo
Generating XML output for class OpenMM::CustomGBForce::FunctionInfo
Generating XML output for class OpenMM::CustomHbondForce::FunctionInfo
Generating XML output for class OpenMM::CustomIntegrator::FunctionInfo
Generating XML output for class OpenMM::CustomManyParticleForce::FunctionInfo
Generating XML output for class OpenMM::CustomNonbondedForce::FunctionInfo
Generating XML output for class OpenMM::GayBerneForce
Generating XML output for class OpenMM::GBSAOBCForce
Generating XML output for class OpenMM::CustomAngleForce::GlobalParameterInfo
Generating XML output for class OpenMM::CustomBondForce::GlobalParameterInfo
Generating XML output for class OpenMM::CustomCentroidBondForce::GlobalParameterInfo
Generating XML output for class OpenMM::CustomCompoundBondForce::GlobalParameterInfo
Generating XML output for class OpenMM::CustomCVForce::GlobalParameterInfo
Generating XML output for class OpenMM::CustomExternalForce::GlobalParameterInfo
Generating XML output for class OpenMM::CustomGBForce::GlobalParameterInfo
Generating XML output for class OpenMM::CustomHbondForce::GlobalParameterInfo
Generating XML output for class OpenMM::CustomManyParticleForce::GlobalParameterInfo
Generating XML output for class OpenMM::CustomNonbondedForce::GlobalParameterInfo
Generating XML output for class OpenMM::CustomTorsionForce::GlobalParameterInfo
Generating XML output for class OpenMM::NonbondedForce::GlobalParameterInfo
Generating XML output for class OpenMM::/home/surgeon/trash/set-up-wshell/openmm/serialization/include/openmm/serialization/SerializationNode.h:88: warning: The following parameter of OpenMM::SerializationNode::getChildNode(const std::string &name) const is not documented:
  parameter 'name'
/home/surgeon/trash/set-up-wshell/openmm/serialization/include/openmm/serialization/SerializationNode.h:95: warning: The following parameter of OpenMM::SerializationNode::getChildNode(const std::string &name) is not documented:
  parameter 'name'
/home/surgeon/trash/set-up-wshell/openmm/openmmapi/include/openmm/VirtualSite.h:107: warning: The following parameter of OpenMM::ThreeParticleAverageSite::ThreeParticleAverageSite(int particle1, int particle2, int particle3, double weight1, double weight2, double weight3) is not documented:
  parameter 'weight3'
CustomCentroidBondForce::GroupInfo
Generating XML output for class OpenMM::CustomHbondForce::GroupInfo
Generating XML output for class OpenMM::HarmonicAngleForce
Generating XML output for class OpenMM::HarmonicBondForce
Generating XML output for class OpenMM::Integrator
Generating XML output for class OpenMM::CustomNonbondedForce::InteractionGroupInfo
Generating XML output for class OpenMM::LangevinIntegrator
Generating XML output for class OpenMM::LocalCoordinatesSite
Generating XML output for class OpenMM::LocalEnergyMinimizer
Generating XML output for class OpenMM::CMAPTorsionForce::MapInfo
Generating XML output for class OpenMM::MonteCarloAnisotropicBarostat
Generating XML output for class OpenMM::MonteCarloBarostat
Generating XML output for class OpenMM::MonteCarloMembraneBarostat
Generating XML output for class OpenMM::AmoebaMultipoleForce::MultipoleInfo
Generating XML output for class OpenMM::NonbondedForce
Generating XML output for class OpenMM::OpenMMException
Generating XML output for class OpenMM::AmoebaOutOfPlaneBendForce::OutOfPlaneBendInfo
Generating XML output for class OpenMM::OutOfPlaneSite
Generating XML output for class OpenMM::AmoebaGeneralizedKirkwoodForce::ParticleInfo
Generating XML output for class OpenMM::CustomExternalForce::ParticleInfo
Generating XML output for class OpenMM::CustomGBForce::ParticleInfo
Generating XML output for class OpenMM::CustomManyParticleForce::ParticleInfo
Generating XML output for class OpenMM::CustomNonbondedForce::ParticleInfo
Generating XML output for class OpenMM::DrudeForce::ParticleInfo
Generating XML output for class OpenMM::GayBerneForce::ParticleInfo
Generating XML output for class OpenMM::GBSAOBCForce::ParticleInfo
Generating XML output for class OpenMM::NonbondedForce::ParticleInfo
Generating XML output for class OpenMM::NonbondedForce::ParticleOffsetInfo
Generating XML output for class OpenMM::CustomExternalForce::ParticleParameterInfo
Generating XML output for class OpenMM::CustomManyParticleForce::ParticleParameterInfo
Generating XML output for class OpenMM::PeriodicTorsionForce
Generating XML output for class OpenMM::PeriodicTorsionForce::PeriodicTorsionInfo
Generating XML output for class OpenMM::CustomHbondForce::PerPairParameterInfo
Generating XML output for class OpenMM::CustomGBForce::PerParticleParameterInfo
Generating XML output for class OpenMM::CustomNonbondedForce::PerParticleParameterInfo
Generating XML output for class OpenMM::AmoebaPiTorsionForce::PiTorsionInfo
Generating XML output for class OpenMM::Platform
Generating XML output for class OpenMM::RBTorsionForce
Generating XML output for class OpenMM::RBTorsionForce::RBTorsionInfo
Generating XML output for class OpenMM::RMSDForce
Generating XML output for class OpenMM::RPMDIntegrator
Generating XML output for class OpenMM::RPMDMonteCarloBarostat
Generating XML output for class OpenMM::DrudeForce::ScreenedPairInfo
Generating XML output for class OpenMM::SerializationNode
Generating XML output for class OpenMM::SerializationProxy
Generating XML output for class OpenMM::State
Generating XML output for class OpenMM::State::StateBuilder
Generating XML output for class OpenMM::AmoebaStretchBendForce::StretchBendInfo
Generating XML output for class OpenMM::System
Generating XML output for class OpenMM::TabulatedFunction
Generating XML output for class OpenMM::ThreeParticleAverageSite
Generating XML output for class OpenMM::CustomTorsionForce::TorsionInfo
Generating XML output for class OpenMM::CustomTorsionForce::TorsionParameterInfo
Generating XML output for class OpenMM::AmoebaTorsionTorsionForce::TorsionTorsionGridInfo
Generating XML output for class OpenMM::AmoebaTorsionTorsionForce::TorsionTorsionInfo
Generating XML output for class OpenMM::TwoParticleAverageSite
Generating XML output for class OpenMM::CustomCVForce::VariableInfo
Generating XML output for class OpenMM::VariableLangevinIntegrator
Generating XML output for class OpenMM::VariableVerletIntegrator
Generating XML output for class OpenMM::AmoebaVdwForce::VdwInfo
Generating XML output for class OpenMM::Vec3
Generating XML output for class OpenMM::VerletIntegrator
Generating XML output for class OpenMM::VirtualSite
Generating XML output for class OpenMM::AmoebaWcaDispersionForce::WcaDispersionInfo
Generating XML output for class OpenMM::XmlSerializer
Generating XML output for namespace OpenMM
Generating XML output for namespace std
Generating XML output for file Platform.h
Generating XML output for file OpenMM.h
Generating XML output for file AndersenThermostat.h
Generating XML output for file BrownianIntegrator.h
Generating XML output for file CMAPTorsionForce.h
Generating XML output for file CMMotionRemover.h
Generating XML output for file CompoundIntegrator.h
Generating XML output for file Context.h
Generating XML output for file CustomAngleForce.h
Generating XML output for file CustomBondForce.h
Generating XML output for file CustomCentroidBondForce.h
Generating XML output for file CustomCompoundBondForce.h
Generating XML output for file CustomCVForce.h
Generating XML output for file CustomExternalForce.h
Generating XML output for file CustomGBForce.h
Generating XML output for file CustomHbondForce.h
Generating XML output for file CustomIntegrator.h
Generating XML output for file CustomManyParticleForce.h
Generating XML output for file CustomNonbondedForce.h
Generating XML output for file CustomTorsionForce.h
Generating XML output for file Force.h
Generating XML output for file GayBerneForce.h
Generating XML output for file GBSAOBCForce.h
Generating XML output for file HarmonicAngleForce.h
Generating XML output for file HarmonicBondForce.h
Generating XML output for file Integrator.h
Generating XML output for file LangevinIntegrator.h
Generating XML output for file LocalEnergyMinimizer.h
Generating XML output for file MonteCarloAnisotropicBarostat.h
Generating XML output for file MonteCarloBarostat.h
Generating XML output for file MonteCarloMembraneBarostat.h
Generating XML output for file NonbondedForce.h
Generating XML output for file OpenMMException.h
Generating XML output for file PeriodicTorsionForce.h
Generating XML output for file RBTorsionForce.h
Generating XML output for file RMSDForce.h
Generating XML output for file State.h
Generating XML output for file System.h
Generating XML output for file TabulatedFunction.h
Generating XML output for file Units.h
Generating XML output for file VariableLangevinIntegrator.h
Generating XML output for file VariableVerletIntegrator.h
Generating XML output for file Vec3.h
Generating XML output for file VerletIntegrator.h
Generating XML output for file VirtualSite.h
Generating XML output for file AmoebaAngleForce.h
Generating XML output for file AmoebaBondForce.h
Generating XML output for file AmoebaGeneralizedKirkwoodForce.h
Generating XML output for file AmoebaInPlaneAngleForce.h
Generating XML output for file AmoebaMultipoleForce.h
Generating XML output for file AmoebaOutOfPlaneBendForce.h
Generating XML output for file AmoebaPiTorsionForce.h
Generating XML output for file AmoebaStretchBendForce.h
Generating XML output for file AmoebaTorsionTorsionForce.h
Generating XML output for file AmoebaVdwForce.h
Generating XML output for file AmoebaWcaDispersionForce.h
Generating XML output for file OpenMMAmoeba.h
Generating XML output for file DrudeForce.h
Generating XML output for file DrudeLangevinIntegrator.h
Generating XML output for file DrudeSCFIntegrator.h
Generating XML output for file OpenMMDrude.h
Generating XML output for file RPMDIntegrator.h
Generating XML output for file RPMDMonteCarloBarostat.h
Generating XML output for file SerializationNode.h
Generating XML output for file SerializationProxy.h
Generating XML output for file XmlSerializer.h
Generating XML output for page deprecated
Generate XML output for dir /home/surgeon/trash/set-up-wshell/openmm/plugins/amoeba/
Generate XML output for dir /home/surgeon/trash/set-up-wshell/openmm/plugins/drude/
Generate XML output for dir /home/surgeon/trash/set-up-wshell/openmm/olla/include/
Generate XML output for dir /home/surgeon/trash/set-up-wshell/openmm/openmmapi/include/
Generate XML output for dir /home/surgeon/trash/set-up-wshell/openmm/plugins/amoeba/openmmapi/include/
Generate XML output for dir /home/surgeon/trash/set-up-wshell/openmm/plugins/drude/openmmapi/include/
Generate XML output for dir /home/surgeon/trash/set-up-wshell/openmm/plugins/rpmd/openmmapi/include/
Generate XML output for dir /home/surgeon/trash/set-up-wshell/openmm/serialization/include/
Generate XML output for dir /home/surgeon/trash/set-up-wshell/openmm/olla/
Generate XML output for dir /home/surgeon/trash/set-up-wshell/openmm/olla/include/openmm/
Generate XML output for dir /home/surgeon/trash/set-up-wshell/openmm/openmmapi/include/openmm/
Generate XML output for dir /home/surgeon/trash/set-up-wshell/openmm/plugins/amoeba/openmmapi/include/openmm/
Generate XML output for dir /home/surgeon/trash/set-up-wshell/openmm/plugins/drude/openmmapi/include/openmm/
Generate XML output for dir /home/surgeon/trash/set-up-wshell/openmm/plugins/rpmd/openmmapi/include/openmm/
Generate XML output for dir /home/surgeon/trash/set-up-wshell/openmm/serialization/include/openmm/
Generate XML output for dir /home/surgeon/trash/set-up-wshell/openmm/openmmapi/
Generate XML output for dir /home/surgeon/trash/set-up-wshell/openmm/plugins/amoeba/openmmapi/
Generate XML output for dir /home/surgeon/trash/set-up-wshell/openmm/plugins/drude/openmmapi/
Generate XML output for dir /home/surgeon/trash/set-up-wshell/openmm/plugins/rpmd/openmmapi/
Generate XML output for dir /home/surgeon/trash/set-up-wshell/openmm/plugins/
Generate XML output for dir /home/surgeon/trash/set-up-wshell/openmm/plugins/rpmd/
Generate XML output for dir /home/surgeon/trash/set-up-wshell/openmm/serialization/
Generate XML output for dir /home/surgeon/trash/set-up-wshell/openmm/serialization/include/openmm/serialization/
Running plantuml with JAVA...
type lookup cache used 2790/65536 hits=6058 misses=3010
symbol lookup cache used 3297/65536 hits=24736 misses=3297
finished...
[ 22%] Creating OpenMM Python swig input files...
/home/surgeon/trash/set-up-wshell/openmm/build/python/src/swig_doxygen/swigInputBuilder.py:178: DeprecationWarning: distutils Version classes are deprecated. Use packaging.version instead.
  self.SWIG_COMPACT_ARGUMENTS = LooseVersion(SWIG_VERSION) < LooseVersion('3.0.5')
[ 22%] Built target ApiWrappers
make[2]: warning: -j24 forced in submake: resetting jobserver mode.
make[2]: warning: -j24 forced in submake: resetting jobserver mode.
[ 22%] Building CXX object CMakeFiles/OpenMM.dir/openmmapi/src/AndersenThermostat.cpp.o
[ 22%] Building CXX object CMakeFiles/OpenMM.dir/openmmapi/src/AndersenThermostatImpl.cpp.o
[ 22%] Building CXX object CMakeFiles/OpenMM.dir/openmmapi/src/AssertionUtilities.cpp.o
[ 22%] Building CXX object CMakeFiles/OpenMM.dir/openmmapi/src/BrownianIntegrator.cpp.o
[ 22%] Building CXX object CMakeFiles/OpenMM.dir/openmmapi/src/CMAPTorsionForce.cpp.o
[ 22%] Building CXX object CMakeFiles/OpenMM.dir/openmmapi/src/CMMotionRemoverImpl.cpp.o
[ 22%] Building CXX object CMakeFiles/OpenMM.dir/openmmapi/src/CMMotionRemover.cpp.o
[ 22%] Building CXX object CMakeFiles/OpenMM.dir/openmmapi/src/CompiledExpressionSet.cpp.o
[ 24%] Building CXX object CMakeFiles/OpenMM.dir/openmmapi/src/Context.cpp.o
[ 24%] Building CXX object CMakeFiles/OpenMM.dir/openmmapi/src/ContextImpl.cpp.o
[ 24%] Building CXX object CMakeFiles/OpenMM.dir/openmmapi/src/CustomAngleForce.cpp.o
[ 24%] Building CXX object CMakeFiles/OpenMM.dir/openmmapi/src/CMAPTorsionForceImpl.cpp.o
[ 24%] Building CXX object CMakeFiles/OpenMM.dir/openmmapi/src/CompoundIntegrator.cpp.o
[ 24%] Building CXX object CMakeFiles/OpenMM.dir/openmmapi/src/CustomBondForce.cpp.o
[ 24%] Building CXX object CMakeFiles/OpenMM.dir/openmmapi/src/CustomCentroidBondForce.cpp.o
[ 24%] Building CXX object CMakeFiles/OpenMM.dir/openmmapi/src/CustomAngleForceImpl.cpp.o
[ 24%] Building CXX object CMakeFiles/OpenMM.dir/openmmapi/src/CustomCVForce.cpp.o
[ 24%] Building CXX object CMakeFiles/OpenMM.dir/openmmapi/src/CustomCentroidBondForceImpl.cpp.o
[ 24%] Building CXX object CMakeFiles/OpenMM.dir/openmmapi/src/CustomCVForceImpl.cpp.o
[ 24%] Building CXX object CMakeFiles/OpenMM.dir/openmmapi/src/CustomCompoundBondForce.cpp.o
[ 24%] Building CXX object CMakeFiles/OpenMM.dir/openmmapi/src/CustomCompoundBondForceImpl.cpp.o
[ 24%] Building CXX object CMakeFiles/OpenMM.dir/openmmapi/src/CustomBondForceImpl.cpp.o
[ 24%] Building CXX object CMakeFiles/OpenMM.dir/openmmapi/src/CustomExternalForce.cpp.o
[ 24%] Building CXX object CMakeFiles/OpenMM.dir/openmmapi/src/CustomExternalForceImpl.cpp.o
Integrator.getStepSize() returns unit.picosecond
DrudeLangevinIntegrator.getTemperature() returns unit.kelvin
DrudeLangevinIntegrator.getFriction() returns 1/unit.picosecond
DrudeLangevinIntegrator.getDrudeTemperature() returns unit.kelvin
DrudeLangevinIntegrator.getDrudeFriction() returns 1/unit.picosecond
DrudeLangevinIntegrator.getMaxDrudeDistance() returns unit.nanometer
AmoebaOutOfPlaneBendForce.getAmoebaGlobalOutOfPlaneBendCubic() returns 1/unit.radian
AmoebaOutOfPlaneBendForce.getAmoebaGlobalOutOfPlaneBendQuartic() returns 1/unit.radian**2
AmoebaOutOfPlaneBendForce.getAmoebaGlobalOutOfPlaneBendPentic() returns 1/unit.radian**3
AmoebaOutOfPlaneBendForce.getAmoebaGlobalOutOfPlaneBendSextic() returns 1/unit.radian**4
AmoebaOutOfPlaneBendForce.getOutOfPlaneBendParameters() returns particle1 as None
AmoebaOutOfPlaneBendForce.getOutOfPlaneBendParameters() returns particle2 as None
AmoebaOutOfPlaneBendForce.getOutOfPlaneBendParameters() returns particle3 as None
AmoebaOutOfPlaneBendForce.getOutOfPlaneBendParameters() returns particle4 as None
AmoebaOutOfPlaneBendForce.getOutOfPlaneBendParameters() returns k as unit.kilojoule_per_mole/unit.radians**2
AmoebaInPlaneAngleForce.getAmoebaGlobalInPlaneAngleCubic() returns 1/unit.radian
AmoebaInPlaneAngleForce.getAmoebaGlobalInPlaneAngleQuartic() returns 1/unit.radian**2
AmoebaInPlaneAngleForce.getAmoebaGlobalInPlaneAnglePentic() returns 1/unit.radian**3
AmoebaInPlaneAngleForce.getAmoebaGlobalInPlaneAngleSextic() returns 1/unit.radian**4
AmoebaInPlaneAngleForce.getAngleParameters() returns particle1 as None
AmoebaInPlaneAngleForce.getAngleParameters() returns particle2 as None
AmoebaInPlaneAngleForce.getAngleParameters() returns particle3 as None
AmoebaInPlaneAngleForce.getAngleParameters() returns particle4 as None
AmoebaInPlaneAngleForce.getAngleParameters() returns length as unit.radian
AmoebaInPlaneAngleForce.getAngleParameters() returns quadraticK as unit.kilojoule_per_mole/(unit.radian*unit.radian)
BrownianIntegrator.getTemperature() returns unit.kelvin
BrownianIntegrator.getFriction() returns 1/unit.picosecond
CustomHbondForce.getCutoffDistance() returns unit.nanometers
RPMDIntegrator.getTemperature() returns unit.kelvin
RPMDIntegrator.getFriction() returns 1/unit.picosecond
RPMDIntegrator.getTotalEnergy() returns unit.kilojoules_per_mole
AmoebaBondForce.getAmoebaGlobalBondCubic() returns 1/unit.nanometer
AmoebaBondForce.getAmoebaGlobalBondQuartic() returns 1/unit.nanometer**2
AmoebaBondForce.getBondParameters() returns particle1 as None
AmoebaBondForce.getBondParameters() returns particle2 as None
AmoebaBondForce.getBondParameters() returns length as unit.nanometer
AmoebaBondForce.getBondParameters() returns quadraticK as unit.kilojoule_per_mole/(unit.nanometer*unit.nanometer)
CompoundIntegrator.getStepSize() returns unit.picosecond
VariableLangevinIntegrator.getTemperature() returns unit.kelvin
VariableLangevinIntegrator.getFriction() returns 1/unit.picosecond
DrudeForce.getParticleParameters() returns particle as None
DrudeForce.getParticleParameters() returns particle1 as None
DrudeForce.getParticleParameters() returns particle2 as None
DrudeForce.getParticleParameters() returns particle3 as None
DrudeForce.getParticleParameters() returns particle4 as None
DrudeForce.getParticleParameters() returns charge as unit.elementary_charge
DrudeForce.getParticleParameters() returns polarizability as unit.nanometer**3
DrudeForce.getParticleParameters() returns aniso12 as None
DrudeForce.getParticleParameters() returns aniso34 as None
CustomGBForce.getCutoffDistance() returns unit.nanometers
GayBerneForce.getCutoffDistance() returns unit.nanometers
GayBerneForce.getSwitchingDistance() returns unit.nanometers
GayBerneForce.getParticleParameters() returns sigma as unit.nanometer
GayBerneForce.getParticleParameters() returns epsilon as unit.kilojoule_per_mole
GayBerneForce.getParticleParameters() returns xparticle as None
GayBerneForce.getParticleParameters() returns yparticle as None
GayBerneForce.getParticleParameters() returns sx as unit.nanometer
GayBerneForce.getParticleParameters() returns sy as unit.nanometer
GayBerneForce.getParticleParameters() returns sz as unit.nanometer
GayBerneForce.getParticleParameters() returns ex as None
GayBerneForce.getParticleParameters() returns ey as None
GayBerneForce.getParticleParameters() returns ez as None
RBTorsionForce.getTorsionParameters() returns particle1 as None
RBTorsionForce.getTorsionParameters() returns particle2 as None
RBTorsionForce.getTorsionParameters() returns particle3 as None
RBTorsionForce.getTorsionParameters() returns particle4 as None
RBTorsionForce.getTorsionParameters() returns c0 as unit.kilojoules_per_mole
RBTorsionForce.getTorsionParameters() returns c1 as unit.kilojoules_per_mole
RBTorsionForce.getTorsionParameters() returns c2 as unit.kilojoules_per_mole
RBTorsionForce.getTorsionParameters() returns c3 as unit.kilojoules_per_mole
RBTorsionForce.getTorsionParameters() returns c4 as unit.kilojoules_per_mole
RBTorsionForce.getTorsionParameters() returns c5 as unit.kilojoules_per_mole
HarmonicBondForce.getBondParameters() returns particle1 as None
HarmonicBondForce.getBondParameters() returns particle2 as None
HarmonicBondForce.getBondParameters() returns length as unit.nanometer
HarmonicBondForce.getBondParameters() returns k as unit.kilojoule_per_mole/(unit.nanometer*unit.nanometer)
RMSDForce.getReferencePositions() returns unit.nanometer
GBSAOBCForce.getParticleParameters() returns charge as unit.elementary_charge
GBSAOBCForce.getParticleParameters() returns radius as unit.nanometer
GBSAOBCForce.getParticleParameters() returns scalingFactor as None
GBSAOBCForce.getSurfaceAreaEnergy() returns unit.kilojoule_per_mole/unit.nanometer/unit.nanometer
GBSAOBCForce.getCutoffDistance() returns unit.nanometers
LocalCoordinatesSite.getLocalPosition() returns unit.nanometer
CustomNonbondedForce.getCutoffDistance() returns unit.nanometers
CustomNonbondedForce.getSwitchingDistance() returns unit.nanometers
LangevinIntegrator.getTemperature() returns unit.kelvin
LangevinIntegrator.getFriction() returns 1/unit.picosecond
DrudeSCFIntegrator.getMinimizationErrorTolerance() returns unit.kilojoules_per_mole/unit.nanometer
RPMDMonteCarloBarostat.getDefaultPressure() returns unit.bar
System.getParticleMass() returns unit.amu
System.getConstraintParameters() returns particle1 as None
System.getConstraintParameters() returns particle2 as None
System.getConstraintParameters() returns distance as unit.nanometer
System.getDefaultPeriodicBoxVectors() returns a as unit.nanometer
System.getDefaultPeriodicBoxVectors() returns b as unit.nanometer
System.getDefaultPeriodicBoxVectors() returns c as unit.nanometer
CustomManyParticleForce.getCutoffDistance() returns unit.nanometers
AmoebaStretchBendForce.getStretchBendParameters() returns particle1 as None
AmoebaStretchBendForce.getStretchBendParameters() returns particle2 as None
AmoebaStretchBendForce.getStretchBendParameters() returns particle3 as None
AmoebaStretchBendForce.getStretchBendParameters() returns lengthAB as unit.nanometer
AmoebaStretchBendForce.getStretchBendParameters() returns lengthCB as unit.nanometer
AmoebaStretchBendForce.getStretchBendParameters() returns angle as unit.radian
AmoebaStretchBendForce.getStretchBendParameters() returns k1 as unit.kilojoule_per_mole/unit.nanometer/unit.radian
AmoebaStretchBendForce.getStretchBendParameters() returns k2 as unit.kilojoule_per_mole/unit.nanometer/unit.radian
AmoebaPiTorsionForce.getPiTorsionParameters() returns particle1 as None
AmoebaPiTorsionForce.getPiTorsionParameters() returns particle2 as None
AmoebaPiTorsionForce.getPiTorsionParameters() returns particle3 as None
AmoebaPiTorsionForce.getPiTorsionParameters() returns particle4 as None
AmoebaPiTorsionForce.getPiTorsionParameters() returns particle5 as None
AmoebaPiTorsionForce.getPiTorsionParameters() returns particle6 as None
AmoebaPiTorsionForce.getPiTorsionParameters() returns k as unit.kilojoule_per_mole
State.getTime() returns unit.picosecond
State.getKineticEnergy() returns unit.kilojoules_per_mole
State.getPotentialEnergy() returns unit.kilojoules_per_mole
State.getPeriodicBoxVectors() returns unit.nanometers
State.getPeriodicBoxVolume() returns unit.nanometers**3
CMAPTorsionForce.getMapParameters() returns size as None
CMAPTorsionForce.getMapParameters() returns energy as unit.kilojoule_per_mole
AmoebaVdwForce.getParticleParameters() returns parentIndex as None
AmoebaVdwForce.getParticleParameters() returns sigma as unit.nanometer
AmoebaVdwForce.getParticleParameters() returns epsilon as unit.kilojoule_per_mole
AmoebaVdwForce.getParticleParameters() returns reductionFactor as None
AmoebaVdwForce.getCutoffDistance() returns unit.nanometers
AmoebaVdwForce.getCutoff() returns unit.nanometer
AmoebaWcaDispersionForce.getParticleParameters() returns radius as unit.nanometer
AmoebaWcaDispersionForce.getParticleParameters() returns epsilon as unit.kilojoule_per_mole
AmoebaWcaDispersionForce.getEpso() returns unit.kilojoule_per_mole
AmoebaWcaDispersionForce.getEpsh() returns unit.kilojoule_per_mole
AmoebaWcaDispersionForce.getRmino() returns unit.nanometer
AmoebaWcaDispersionForce.getRminh() returns unit.nanometer
AmoebaWcaDispersionForce.getAwater() returns 1/(unit.nanometer*unit.nanometer*unit.nanometer)
AmoebaWcaDispersionForce.getDispoff() returns unit.nanometer
NonbondedForce.getCutoffDistance() returns unit.nanometers
NonbondedForce.getSwitchingDistance() returns unit.nanometers
NonbondedForce.getPMEParameters() returns alpha as 1/unit.nanometer
NonbondedForce.getPMEParameters() returns nx as None
NonbondedForce.getPMEParameters() returns ny as None
NonbondedForce.getPMEParameters() returns nz as None
NonbondedForce.getParticleParameters() returns charge as unit.elementary_charge
NonbondedForce.getParticleParameters() returns sigma as unit.nanometer
NonbondedForce.getParticleParameters() returns epsilon as unit.kilojoule_per_mole
NonbondedForce.getExceptionParameters() returns particle1 as None
NonbondedForce.getExceptionParameters() returns particle2 as None
NonbondedForce.getExceptionParameters() returns chargeProd as unit.elementary_charge*unit.elementary_charge
NonbondedForce.getExceptionParameters() returns sigma as unit.nanometer
NonbondedForce.getExceptionParameters() returns epsilon as unit.kilojoule_per_mole
HarmonicAngleForce.getAngleParameters() returns particle1 as None
HarmonicAngleForce.getAngleParameters() returns particle2 as None
HarmonicAngleForce.getAngleParameters() returns particle3 as None
HarmonicAngleForce.getAngleParameters() returns angle as unit.radian
HarmonicAngleForce.getAngleParameters() returns k as unit.kilojoule_per_mole/(unit.radian*unit.radian)
AndersenThermostat.getDefaultTemperature() returns unit.kelvin
AndersenThermostat.getDefaultCollisionFrequency() returns 1/unit.picosecond
MonteCarloMembraneBarostat.getDefaultPressure() returns unit.bar
MonteCarloMembraneBarostat.getDefaultSurfaceTension() returns unit.bar*unit.nanometer
MonteCarloMembraneBarostat.getDefaultTemperature() returns unit.kelvin
AmoebaMultipoleForce.getCutoffDistance() returns unit.nanometer
AmoebaMultipoleForce.getAEwald() returns 1/unit.nanometer
AmoebaMultipoleForce.getMultipoleParameters() returns charge as unit.elementary_charge
AmoebaMultipoleForce.getMultipoleParameters() returns molecularDipole as unit.elementary_charge*unit.nanometer
AmoebaMultipoleForce.getMultipoleParameters() returns molecularQuadrupole as unit.elementary_charge*unit.nanometer**2
AmoebaMultipoleForce.getMultipoleParameters() returns axisType as None
AmoebaMultipoleForce.getMultipoleParameters() returns multipoleAtomZ as None
AmoebaMultipoleForce.getMultipoleParameters() returns multipoleAtomX as None
AmoebaMultipoleForce.getMultipoleParameters() returns multipoleAtomY as None
AmoebaMultipoleForce.getMultipoleParameters() returns thole as None
AmoebaMultipoleForce.getMultipoleParameters() returns dampingFactor as None
AmoebaMultipoleForce.getMultipoleParameters() returns polarity as unit.nanometer**3
MonteCarloBarostat.getDefaultPressure() returns unit.bar
MonteCarloBarostat.getDefaultTemperature() returns unit.kelvin
MonteCarloAnisotropicBarostat.getDefaultPressure() returns unit.bar
MonteCarloAnisotropicBarostat.getDefaultTemperature() returns unit.kelvin
AmoebaGeneralizedKirkwoodForce.getParticleParameters() returns charge as unit.elementary_charge
AmoebaGeneralizedKirkwoodForce.getParticleParameters() returns radius as unit.nanometer
AmoebaGeneralizedKirkwoodForce.getParticleParameters() returns scalingFactor as None
AmoebaGeneralizedKirkwoodForce.getProbeRadius() returns unit.nanometer
AmoebaGeneralizedKirkwoodForce.getSurfaceAreaFactor() returns unit.kilojoule_per_mole/(unit.nanometer*unit.nanometer)
AmoebaAngleForce.getAmoebaGlobalAngleCubic() returns 1/unit.radian
AmoebaAngleForce.getAmoebaGlobalAngleQuartic() returns 1/unit.radian**2
AmoebaAngleForce.getAmoebaGlobalAnglePentic() returns 1/unit.radian**3
AmoebaAngleForce.getAmoebaGlobalAngleSextic() returns 1/unit.radian**4
AmoebaAngleForce.getAngleParameters() returns particle1 as None
AmoebaAngleForce.getAngleParameters() returns particle2 as None
AmoebaAngleForce.getAngleParameters() returns particle3 as None
AmoebaAngleForce.getAngleParameters() returns length as unit.degree
AmoebaAngleForce.getAngleParameters() returns quadraticK as unit.kilojoule_per_mole/(unit.radian*unit.radian)
PeriodicTorsionForce.getTorsionParameters() returns particle1 as None
PeriodicTorsionForce.getTorsionParameters() returns particle2 as None
PeriodicTorsionForce.getTorsionParameters() returns particle3 as None
PeriodicTorsionForce.getTorsionParameters() returns particle4 as None
PeriodicTorsionForce.getTorsionParameters() returns periodicity as None
PeriodicTorsionForce.getTorsionParameters() returns phase as unit.radian
PeriodicTorsionForce.getTorsionParameters() returns k as unit.kilojoule_per_mole
[ 24%] Creating OpenMM Python module sources with swig...
[ 24%] Building CXX object CMakeFiles/OpenMM.dir/openmmapi/src/CustomGBForce.cpp.o
[ 24%] Building CXX object CMakeFiles/OpenMM.dir/openmmapi/src/CustomGBForceImpl.cpp.o
[ 24%] Building CXX object CMakeFiles/OpenMM.dir/openmmapi/src/CustomHbondForce.cpp.o
[ 24%] Building CXX object CMakeFiles/OpenMM.dir/openmmapi/src/CustomHbondForceImpl.cpp.o
[ 25%] Building CXX object CMakeFiles/OpenMM.dir/openmmapi/src/CustomIntegrator.cpp.o
[ 25%] Building CXX object CMakeFiles/OpenMM.dir/openmmapi/src/CustomIntegratorUtilities.cpp.o
[ 25%] Building CXX object CMakeFiles/OpenMM.dir/openmmapi/src/CustomManyParticleForce.cpp.o
[ 25%] Building CXX object CMakeFiles/OpenMM.dir/openmmapi/src/CustomManyParticleForceImpl.cpp.o
[ 25%] Building CXX object CMakeFiles/OpenMM.dir/openmmapi/src/CustomNonbondedForce.cpp.o
[ 25%] Building CXX object CMakeFiles/OpenMM.dir/openmmapi/src/CustomNonbondedForceImpl.cpp.o
[ 25%] Building CXX object CMakeFiles/OpenMM.dir/openmmapi/src/CustomTorsionForce.cpp.o
[ 25%] Building CXX object CMakeFiles/OpenMM.dir/openmmapi/src/CustomTorsionForceImpl.cpp.o
[ 25%] Building CXX object CMakeFiles/OpenMM.dir/openmmapi/src/Force.cpp.o
[ 25%] Building CXX object CMakeFiles/OpenMM.dir/openmmapi/src/ForceImpl.cpp.o
[ 25%] Building CXX object CMakeFiles/OpenMM.dir/openmmapi/src/GBSAOBCForce.cpp.o
[ 25%] Building CXX object CMakeFiles/OpenMM.dir/openmmapi/src/GBSAOBCForceImpl.cpp.o
[ 25%] Building CXX object CMakeFiles/OpenMM.dir/openmmapi/src/GayBerneForce.cpp.o
[ 25%] Building CXX object CMakeFiles/OpenMM.dir/openmmapi/src/GayBerneForceImpl.cpp.o
[ 25%] Building CXX object CMakeFiles/OpenMM.dir/openmmapi/src/HarmonicAngleForce.cpp.o
[ 25%] Building CXX object CMakeFiles/OpenMM.dir/openmmapi/src/HarmonicAngleForceImpl.cpp.o
[ 25%] Building CXX object CMakeFiles/OpenMM.dir/openmmapi/src/HarmonicBondForce.cpp.o
[ 25%] Building CXX object CMakeFiles/OpenMM.dir/openmmapi/src/HarmonicBondForceImpl.cpp.o
[ 27%] Building CXX object CMakeFiles/OpenMM.dir/openmmapi/src/Integrator.cpp.o
[ 27%] Building CXX object CMakeFiles/OpenMM.dir/openmmapi/src/LangevinIntegrator.cpp.o
[ 27%] Building CXX object CMakeFiles/OpenMM.dir/openmmapi/src/LocalEnergyMinimizer.cpp.o
[ 27%] Building CXX object CMakeFiles/OpenMM.dir/openmmapi/src/MonteCarloAnisotropicBarostat.cpp.o
[ 27%] Building CXX object CMakeFiles/OpenMM.dir/openmmapi/src/MonteCarloAnisotropicBarostatImpl.cpp.o
[ 27%] Building CXX object CMakeFiles/OpenMM.dir/openmmapi/src/MonteCarloBarostat.cpp.o
[ 27%] Building CXX object CMakeFiles/OpenMM.dir/openmmapi/src/MonteCarloBarostatImpl.cpp.o
[ 27%] Building CXX object CMakeFiles/OpenMM.dir/openmmapi/src/MonteCarloMembraneBarostat.cpp.o
[ 27%] Building CXX object CMakeFiles/OpenMM.dir/openmmapi/src/MonteCarloMembraneBarostatImpl.cpp.o
[ 27%] Building CXX object CMakeFiles/OpenMM.dir/openmmapi/src/NonbondedForce.cpp.o
[ 27%] Building CXX object CMakeFiles/OpenMM.dir/openmmapi/src/NonbondedForceImpl.cpp.o
[ 27%] Building CXX object CMakeFiles/OpenMM.dir/openmmapi/src/OSRngSeed.cpp.o
[ 27%] Building CXX object CMakeFiles/OpenMM.dir/openmmapi/src/PeriodicTorsionForce.cpp.o
[ 27%] Building CXX object CMakeFiles/OpenMM.dir/openmmapi/src/PeriodicTorsionForceImpl.cpp.o
[ 27%] Building CXX object CMakeFiles/OpenMM.dir/openmmapi/src/RBTorsionForce.cpp.o
[ 27%] Building CXX object CMakeFiles/OpenMM.dir/openmmapi/src/RBTorsionForceImpl.cpp.o
[ 27%] Building CXX object CMakeFiles/OpenMM.dir/openmmapi/src/RMSDForce.cpp.o
[ 27%] Building CXX object CMakeFiles/OpenMM.dir/openmmapi/src/RMSDForceImpl.cpp.o
[ 29%] Building CXX object CMakeFiles/OpenMM.dir/openmmapi/src/SplineFitter.cpp.o
[ 29%] Building CXX object CMakeFiles/OpenMM.dir/openmmapi/src/State.cpp.o
[ 29%] Building CXX object CMakeFiles/OpenMM.dir/openmmapi/src/System.cpp.o
[ 29%] Building CXX object CMakeFiles/OpenMM.dir/openmmapi/src/TabulatedFunction.cpp.o
[ 29%] Building CXX object CMakeFiles/OpenMM.dir/openmmapi/src/ThreadPool.cpp.o
[ 29%] Building CXX object CMakeFiles/OpenMM.dir/openmmapi/src/VariableLangevinIntegrator.cpp.o
[ 29%] Building CXX object CMakeFiles/OpenMM.dir/openmmapi/src/VariableVerletIntegrator.cpp.o
[ 29%] Building CXX object CMakeFiles/OpenMM.dir/openmmapi/src/VectorExpression.cpp.o
[ 29%] Building CXX object CMakeFiles/OpenMM.dir/openmmapi/src/VerletIntegrator.cpp.o
[ 29%] Building CXX object CMakeFiles/OpenMM.dir/openmmapi/src/VirtualSite.cpp.o
OpenMMSwigHeaders.i:454: Warning 453: Can't apply (OpenMM::Context &OUTPUT). No typemaps are defined.
[ 29%] Building CXX object CMakeFiles/OpenMM.dir/olla/src/Kernel.cpp.o
OpenMMSwigHeaders.i:489: Warning 453: Can't apply (OpenMM::Context &OUTPUT). No typemaps are defined.
OpenMMSwigHeaders.i:546: Warning 453: Can't apply (std::vector< Vec3,std::allocator< Vec3 > > &OUTPUT). No typemaps are defined.
OpenMMSwigHeaders.i:549: Warning 453: Can't apply (std::vector< Vec3,std::allocator< Vec3 > > &OUTPUT). No typemaps are defined.
[ 29%] Building CXX object CMakeFiles/OpenMM.dir/olla/src/KernelImpl.cpp.o
[ 29%] Building CXX object CMakeFiles/OpenMM.dir/olla/src/Platform.cpp.o
[ 29%] Building CXX object CMakeFiles/OpenMM.dir/libraries/quern/src/quern.cpp.o
./swig_lib/python/extend.i:340: Warning 509: Overloaded method OpenMM::CustomIntegrator::getPerDofVariable(int) const effectively ignored,
OpenMMSwigHeaders.i:547: Warning 509: as it is shadowed by OpenMM::CustomIntegrator::getPerDofVariable(int,std::vector< Vec3,std::allocator< Vec3 > > &) const.
[ 29%] Building CXX object CMakeFiles/OpenMM.dir/libraries/quern/src/quern_factorization.cpp.o
[ 29%] Building CXX object CMakeFiles/OpenMM.dir/libraries/quern/src/quern_order.cpp.o
[ 29%] Building CXX object CMakeFiles/OpenMM.dir/libraries/quern/src/quern_solver.cpp.o
[ 29%] Building CXX object CMakeFiles/OpenMM.dir/libraries/lepton/src/CompiledExpression.cpp.o
OpenMMSwigHeaders.i:684: Warning 453: Can't apply (OpenMM::Context &OUTPUT). No typemaps are defined.
[ 31%] Building CXX object CMakeFiles/OpenMM.dir/libraries/lepton/src/ExpressionProgram.cpp.o
[ 31%] Building CXX object CMakeFiles/OpenMM.dir/libraries/lepton/src/ExpressionTreeNode.cpp.o
[ 31%] Building CXX object CMakeFiles/OpenMM.dir/libraries/lepton/src/Operation.cpp.o
OpenMMSwigHeaders.i:739: Warning 453: Can't apply (OpenMM::Context &OUTPUT). No typemaps are defined.
[ 31%] Building CXX object CMakeFiles/OpenMM.dir/libraries/lepton/src/ParsedExpression.cpp.o
[ 31%] Building CXX object CMakeFiles/OpenMM.dir/libraries/lepton/src/Parser.cpp.o
[ 31%] Building CXX object CMakeFiles/OpenMM.dir/libraries/sfmt/src/SFMT.cpp.o
[ 31%] Building CXX object CMakeFiles/OpenMM.dir/libraries/lbfgs/src/lbfgs.cpp.o
OpenMMSwigHeaders.i:788: Warning 453: Can't apply (OpenMM::Context &OUTPUT). No typemaps are defined.
[ 31%] Building CXX object CMakeFiles/OpenMM.dir/libraries/hilbert/src/hilbert.cpp.o
[ 31%] Building CXX object CMakeFiles/OpenMM.dir/libraries/csha1/src/SHA1.cpp.o
OpenMMSwigHeaders.i:871: Warning 453: Can't apply (OpenMM::Context &OUTPUT). No typemaps are defined.
[ 31%] Building CXX object CMakeFiles/OpenMM.dir/platforms/reference/src/ReferenceKernelFactory.cpp.o
[ 31%] Building CXX object CMakeFiles/OpenMM.dir/platforms/reference/src/ReferenceKernels.cpp.o
[ 31%] Building CXX object CMakeFiles/OpenMM.dir/platforms/reference/src/ReferencePlatform.cpp.o
[ 31%] Building CXX object CMakeFiles/OpenMM.dir/platforms/reference/src/ReferenceTabulatedFunction.cpp.o
OpenMMSwigHeaders.i:959: Warning 453: Can't apply (OpenMM::Context &OUTPUT). No typemaps are defined.
[ 31%] Building CXX object CMakeFiles/OpenMM.dir/platforms/reference/src/SimTKReference/ObcParameters.cpp.o
[ 31%] Building CXX object CMakeFiles/OpenMM.dir/platforms/reference/src/SimTKReference/ReferenceAndersenThermostat.cpp.o
OpenMMSwigHeaders.i:1019: Warning 453: Can't apply (OpenMM::Context &OUTPUT). No typemaps are defined.
[ 31%] Building CXX object CMakeFiles/OpenMM.dir/platforms/reference/src/SimTKReference/ReferenceAngleBondIxn.cpp.o
OpenMMSwigHeaders.i:1105: Warning 453: Can't apply (OpenMM::Context &OUTPUT). No typemaps are defined.
[ 31%] Building CXX object CMakeFiles/OpenMM.dir/platforms/reference/src/SimTKReference/ReferenceBondForce.cpp.o
[ 31%] Building CXX object CMakeFiles/OpenMM.dir/platforms/reference/src/SimTKReference/ReferenceBondIxn.cpp.o
OpenMMSwigHeaders.i:1157: Warning 453: Can't apply (OpenMM::Context &OUTPUT). No typemaps are defined.
[ 32%] Building CXX object CMakeFiles/OpenMM.dir/platforms/reference/src/SimTKReference/ReferenceBrownianDynamics.cpp.o
OpenMMSwigHeaders.i:1172: Warning 453: Can't apply (OpenMM::Context &OUTPUT). No typemaps are defined.
OpenMMSwigHeaders.i:1208: Warning 453: Can't apply (OpenMM::Context &OUTPUT). No typemaps are defined.
[ 32%] Building CXX object CMakeFiles/OpenMM.dir/platforms/reference/src/SimTKReference/ReferenceCCMAAlgorithm.cpp.o
[ 32%] Building CXX object CMakeFiles/OpenMM.dir/platforms/reference/src/SimTKReference/ReferenceCMAPTorsionIxn.cpp.o
[ 32%] Building CXX object CMakeFiles/OpenMM.dir/platforms/reference/src/SimTKReference/ReferenceConstraints.cpp.o
[ 32%] Building CXX object CMakeFiles/OpenMM.dir/platforms/reference/src/SimTKReference/ReferenceCustomAngleIxn.cpp.o
[ 32%] Building CXX object CMakeFiles/OpenMM.dir/platforms/reference/src/SimTKReference/ReferenceCustomBondIxn.cpp.o
OpenMMSwigHeaders.i:1316: Warning 453: Can't apply (OpenMM::Context &OUTPUT). No typemaps are defined.
[ 32%] Building CXX object CMakeFiles/OpenMM.dir/platforms/reference/src/SimTKReference/ReferenceCustomCVForce.cpp.o
[ 32%] Building CXX object CMakeFiles/OpenMM.dir/platforms/reference/src/SimTKReference/ReferenceCustomCentroidBondIxn.cpp.o
[ 32%] Building CXX object CMakeFiles/OpenMM.dir/platforms/reference/src/SimTKReference/ReferenceCustomCompoundBondIxn.cpp.o
OpenMMSwigHeaders.i:1375: Warning 453: Can't apply (OpenMM::Context &OUTPUT). No typemaps are defined.
[ 32%] Building CXX object CMakeFiles/OpenMM.dir/platforms/reference/src/SimTKReference/ReferenceCustomDynamics.cpp.o
[ 32%] Building CXX object CMakeFiles/OpenMM.dir/platforms/reference/src/SimTKReference/ReferenceCustomExternalIxn.cpp.o
OpenMMSwigHeaders.i:1517: Warning 453: Can't apply (OpenMM::Context &OUTPUT). No typemaps are defined.
OpenMMSwigHeaders.i:1547: Warning 453: Can't apply (OpenMM::Context &OUTPUT). No typemaps are defined.
[ 32%] Building CXX object CMakeFiles/OpenMM.dir/platforms/reference/src/SimTKReference/ReferenceCustomGBIxn.cpp.o
OpenMMSwigHeaders.i:1605: Warning 453: Can't apply (OpenMM::Context &OUTPUT). No typemaps are defined.
OpenMMSwigHeaders.i:1634: Warning 453: Can't apply (Vec3 &OUTPUT). No typemaps are defined.
OpenMMSwigHeaders.i:1635: Warning 453: Can't apply (Vec3 &OUTPUT). No typemaps are defined.
OpenMMSwigHeaders.i:1636: Warning 453: Can't apply (Vec3 &OUTPUT). No typemaps are defined.
OpenMMSwigHeaders.i:1705: Warning 453: Can't apply (OpenMM::Context &OUTPUT). No typemaps are defined.
[ 32%] Building CXX object CMakeFiles/OpenMM.dir/platforms/reference/src/SimTKReference/ReferenceCustomHbondIxn.cpp.o
OpenMMSwigHeaders.i:1758: Warning 453: Can't apply (OpenMM::Context &OUTPUT). No typemaps are defined.
OpenMMSwigHeaders.i:1805: Warning 453: Can't apply (OpenMM::Context &OUTPUT). No typemaps are defined.
[ 32%] Building CXX object CMakeFiles/OpenMM.dir/platforms/reference/src/SimTKReference/ReferenceCustomManyParticleIxn.cpp.o
[ 32%] Building CXX object CMakeFiles/OpenMM.dir/platforms/reference/src/SimTKReference/ReferenceCustomNonbondedIxn.cpp.o
OpenMMSwigHeaders.i:1849: Warning 453: Can't apply (OpenMM::Context &OUTPUT). No typemaps are defined.
[ 32%] Building CXX object CMakeFiles/OpenMM.dir/platforms/reference/src/SimTKReference/ReferenceCustomTorsionIxn.cpp.o
OpenMMSwigHeaders.i:1867: Warning 453: Can't apply (OpenMM::Context &OUTPUT). No typemaps are defined.
[ 32%] Building CXX object CMakeFiles/OpenMM.dir/platforms/reference/src/SimTKReference/ReferenceDynamics.cpp.o
OpenMMSwigHeaders.i:2015: Warning 453: Can't apply (OpenMM::Context &OUTPUT). No typemaps are defined.
[ 32%] Building CXX object CMakeFiles/OpenMM.dir/platforms/reference/src/SimTKReference/ReferenceForce.cpp.o
OpenMMSwigHeaders.i:2039: Warning 453: Can't apply (OpenMM::Context &OUTPUT). No typemaps are defined.
OpenMMSwigHeaders.i:2083: Warning 453: Can't apply (ContextImpl &OUTPUT). No typemaps are defined.
OpenMMSwigHeaders.i:2084: Warning 453: Can't apply (ContextImpl &OUTPUT). No typemaps are defined.
OpenMMSwigHeaders.i:2230: Warning 453: Can't apply (std::vector< Vec3,std::allocator< Vec3 > > &OUTPUT). No typemaps are defined.
OpenMMSwigHeaders.i:2233: Warning 453: Can't apply (std::vector< Vec3,std::allocator< Vec3 > > &OUTPUT). No typemaps are defined.
OpenMMSwigHeaders.i:2236: Warning 453: Can't apply (std::vector< Vec3,std::allocator< Vec3 > > &OUTPUT). No typemaps are defined.
OpenMMSwigHeaders.i:2242: Warning 453: Can't apply (OpenMM::Context &OUTPUT). No typemaps are defined.
OpenMMSwigHeaders.i:2247: Warning 453: Can't apply (OpenMM::Context &OUTPUT). No typemaps are defined.
OpenMMSwigHeaders.i:2279: Warning 453: Can't apply (OpenMM::SerializationNode &OUTPUT). No typemaps are defined.
[ 34%] Building CXX object CMakeFiles/OpenMM.dir/platforms/reference/src/SimTKReference/ReferenceGayBerneForce.cpp.o
[ 34%] Building CXX object CMakeFiles/OpenMM.dir/platforms/reference/src/SimTKReference/ReferenceHarmonicBondIxn.cpp.o
OpenMMSwigHeaders.i:2355: Warning 453: Can't apply (OpenMM::Context &OUTPUT). No typemaps are defined.
OpenMMSwigHeaders.i:2386: Warning 453: Can't apply (OpenMM::Context &OUTPUT). No typemaps are defined.
OpenMMSwigHeaders.i:2418: Warning 453: Can't apply (OpenMM::Context &OUTPUT). No typemaps are defined.
OpenMMSwigHeaders.i:2451: Warning 453: Can't apply (OpenMM::Context &OUTPUT). No typemaps are defined.
OpenMMSwigHeaders.i:2456: Warning 453: Can't apply (OpenMM::Context &OUTPUT). No typemaps are defined.
OpenMMSwigHeaders.i:2459: Warning 453: Can't apply (OpenMM::Context &OUTPUT). No typemaps are defined.
OpenMMSwigHeaders.i:2487: Warning 453: Can't apply (OpenMM::Context &OUTPUT). No typemaps are defined.
[ 34%] Building CXX object CMakeFiles/OpenMM.dir/platforms/reference/src/SimTKReference/ReferenceLJCoulomb14.cpp.o
[ 34%] Building CXX object CMakeFiles/OpenMM.dir/platforms/reference/src/SimTKReference/ReferenceLJCoulombIxn.cpp.o
[ 34%] Building CXX object CMakeFiles/OpenMM.dir/platforms/reference/src/SimTKReference/ReferenceLincsAlgorithm.cpp.o
[ 34%] Building CXX object CMakeFiles/OpenMM.dir/platforms/reference/src/SimTKReference/ReferenceMonteCarloBarostat.cpp.o
OpenMMSwigHeaders.i:2552: Warning 453: Can't apply (OpenMM::Context &OUTPUT). No typemaps are defined.
[ 34%] Built target BuildModule
[ 34%] Building CXX object CMakeFiles/OpenMM.dir/platforms/reference/src/SimTKReference/ReferenceNeighborList.cpp.o
[ 34%] Building CXX object CMakeFiles/OpenMM.dir/platforms/reference/src/SimTKReference/ReferenceObc.cpp.o
[ 34%] Building CXX object CMakeFiles/OpenMM.dir/platforms/reference/src/SimTKReference/ReferencePME.cpp.o
[ 34%] Building CXX object CMakeFiles/OpenMM.dir/platforms/reference/src/SimTKReference/ReferencePairIxn.cpp.o
[ 34%] Building CXX object CMakeFiles/OpenMM.dir/platforms/reference/src/SimTKReference/ReferenceProperDihedralBond.cpp.o
[ 34%] Building CXX object CMakeFiles/OpenMM.dir/platforms/reference/src/SimTKReference/ReferenceRMSDForce.cpp.o
[ 34%] Building CXX object CMakeFiles/OpenMM.dir/platforms/reference/src/SimTKReference/ReferenceRbDihedralBond.cpp.o
[ 34%] Building CXX object CMakeFiles/OpenMM.dir/platforms/reference/src/SimTKReference/ReferenceSETTLEAlgorithm.cpp.o
[ 34%] Building CXX object CMakeFiles/OpenMM.dir/platforms/reference/src/SimTKReference/ReferenceStochasticDynamics.cpp.o
[ 34%] Building CXX object CMakeFiles/OpenMM.dir/platforms/reference/src/SimTKReference/ReferenceVariableStochasticDynamics.cpp.o
[ 34%] Building CXX object CMakeFiles/OpenMM.dir/platforms/reference/src/SimTKReference/ReferenceVariableVerletDynamics.cpp.o
[ 34%] Building CXX object CMakeFiles/OpenMM.dir/platforms/reference/src/SimTKReference/ReferenceVerletDynamics.cpp.o
[ 36%] Building CXX object CMakeFiles/OpenMM.dir/platforms/reference/src/SimTKReference/ReferenceVirtualSites.cpp.o
[ 36%] Building CXX object CMakeFiles/OpenMM.dir/platforms/reference/src/SimTKReference/SimTKOpenMMUtilities.cpp.o
[ 36%] Building CXX object CMakeFiles/OpenMM.dir/platforms/reference/src/SimTKReference/fftpack.cpp.o
[ 36%] Building CXX object CMakeFiles/OpenMM.dir/serialization/src/AndersenThermostatProxy.cpp.o
[ 36%] Building CXX object CMakeFiles/OpenMM.dir/serialization/src/BrownianIntegratorProxy.cpp.o
[ 36%] Building CXX object CMakeFiles/OpenMM.dir/serialization/src/CMAPTorsionForceProxy.cpp.o
[ 36%] Building CXX object CMakeFiles/OpenMM.dir/serialization/src/CMMotionRemoverProxy.cpp.o
[ 36%] Building CXX object CMakeFiles/OpenMM.dir/serialization/src/CompoundIntegratorProxy.cpp.o
[ 36%] Building CXX object CMakeFiles/OpenMM.dir/serialization/src/CustomAngleForceProxy.cpp.o
[ 36%] Building CXX object CMakeFiles/OpenMM.dir/serialization/src/CustomBondForceProxy.cpp.o
[ 36%] Building CXX object CMakeFiles/OpenMM.dir/serialization/src/CustomCVForceProxy.cpp.o
[ 36%] Building CXX object CMakeFiles/OpenMM.dir/serialization/src/CustomCentroidBondForceProxy.cpp.o
[ 36%] Building CXX object CMakeFiles/OpenMM.dir/serialization/src/CustomCompoundBondForceProxy.cpp.o
[ 36%] Building CXX object CMakeFiles/OpenMM.dir/serialization/src/CustomExternalForceProxy.cpp.o
[ 36%] Building CXX object CMakeFiles/OpenMM.dir/serialization/src/CustomGBForceProxy.cpp.o
[ 36%] Building CXX object CMakeFiles/OpenMM.dir/serialization/src/CustomHbondForceProxy.cpp.o
[ 36%] Building CXX object CMakeFiles/OpenMM.dir/serialization/src/CustomIntegratorProxy.cpp.o
[ 36%] Building CXX object CMakeFiles/OpenMM.dir/serialization/src/CustomManyParticleForceProxy.cpp.o
[ 37%] Building CXX object CMakeFiles/OpenMM.dir/serialization/src/CustomNonbondedForceProxy.cpp.o
[ 37%] Building CXX object CMakeFiles/OpenMM.dir/serialization/src/CustomTorsionForceProxy.cpp.o
[ 37%] Building CXX object CMakeFiles/OpenMM.dir/serialization/src/GBSAOBCForceProxy.cpp.o
[ 37%] Building CXX object CMakeFiles/OpenMM.dir/serialization/src/GayBerneForceProxy.cpp.o
[ 37%] Building CXX object CMakeFiles/OpenMM.dir/serialization/src/HarmonicAngleForceProxy.cpp.o
[ 37%] Building CXX object CMakeFiles/OpenMM.dir/serialization/src/HarmonicBondForceProxy.cpp.o
[ 37%] Building CXX object CMakeFiles/OpenMM.dir/serialization/src/LangevinIntegratorProxy.cpp.o
[ 37%] Building CXX object CMakeFiles/OpenMM.dir/serialization/src/MonteCarloAnisotropicBarostatProxy.cpp.o
[ 37%] Building CXX object CMakeFiles/OpenMM.dir/serialization/src/MonteCarloBarostatProxy.cpp.o
[ 37%] Building CXX object CMakeFiles/OpenMM.dir/serialization/src/NonbondedForceProxy.cpp.o
[ 37%] Building CXX object CMakeFiles/OpenMM.dir/serialization/src/MonteCarloMembraneBarostatProxy.cpp.o
[ 37%] Building CXX object CMakeFiles/OpenMM.dir/serialization/src/PeriodicTorsionForceProxy.cpp.o
[ 37%] Building CXX object CMakeFiles/OpenMM.dir/serialization/src/RBTorsionForceProxy.cpp.o
[ 37%] Building CXX object CMakeFiles/OpenMM.dir/serialization/src/RMSDForceProxy.cpp.o
[ 37%] Building CXX object CMakeFiles/OpenMM.dir/serialization/src/SerializationNode.cpp.o
[ 37%] Building CXX object CMakeFiles/OpenMM.dir/serialization/src/SerializationProxy.cpp.o
[ 37%] Building CXX object CMakeFiles/OpenMM.dir/serialization/src/SerializationProxyRegistration.cpp.o
[ 37%] Building CXX object CMakeFiles/OpenMM.dir/serialization/src/StateProxy.cpp.o
[ 39%] Building CXX object CMakeFiles/OpenMM.dir/serialization/src/SystemProxy.cpp.o
[ 39%] Building CXX object CMakeFiles/OpenMM.dir/serialization/src/TabulatedFunctionProxies.cpp.o
[ 39%] Building CXX object CMakeFiles/OpenMM.dir/serialization/src/VariableLangevinIntegratorProxy.cpp.o
[ 39%] Building CXX object CMakeFiles/OpenMM.dir/serialization/src/VariableVerletIntegratorProxy.cpp.o
[ 39%] Building CXX object CMakeFiles/OpenMM.dir/serialization/src/VerletIntegratorProxy.cpp.o
[ 39%] Building CXX object CMakeFiles/OpenMM.dir/serialization/src/XmlSerializer.cpp.o
[ 39%] Building CXX object CMakeFiles/OpenMM.dir/serialization/src/dtoa.cpp.o
[ 39%] Building CXX object CMakeFiles/OpenMM.dir/serialization/src/g_fmt.cpp.o
[ 39%] Building CXX object CMakeFiles/OpenMM.dir/libraries/irrxml/src/irrXML.cpp.o
/home/surgeon/trash/set-up-wshell/openmm/serialization/src/dtoa.cpp: In function ‘double strtod2(const char*, char**)’:
/home/surgeon/trash/set-up-wshell/openmm/serialization/src/dtoa.cpp:2650:46: warning: ISO C++ forbids converting a string constant to ‘char*’ [-Wwrite-strings]
 2650 |                                 if (match(&s,"nf")) {
      |                                              ^~~~
/home/surgeon/trash/set-up-wshell/openmm/serialization/src/dtoa.cpp:2652:55: warning: ISO C++ forbids converting a string constant to ‘char*’ [-Wwrite-strings]
 2652 |                                         if (!match(&s,"inity"))
      |                                                       ^~~~~~~
/home/surgeon/trash/set-up-wshell/openmm/serialization/src/dtoa.cpp:2661:47: warning: ISO C++ forbids converting a string constant to ‘char*’ [-Wwrite-strings]
 2661 |                                 if (match(&s, "an")) {
      |                                               ^~~~
/home/surgeon/trash/set-up-wshell/openmm/serialization/src/dtoa.cpp: In function ‘char* dtoa(double, int, int, int*, int*, char**)’:
/home/surgeon/trash/set-up-wshell/openmm/serialization/src/dtoa.cpp:3725:42: warning: ISO C++ forbids converting a string constant to ‘char*’ [-Wwrite-strings]
 3725 |                         return nrv_alloc("Infinity", rve, 8);
      |                                          ^~~~~~~~~~
/home/surgeon/trash/set-up-wshell/openmm/serialization/src/dtoa.cpp:3727:34: warning: ISO C++ forbids converting a string constant to ‘char*’ [-Wwrite-strings]
 3727 |                 return nrv_alloc("NaN", rve, 3);
      |                                  ^~~~~
/home/surgeon/trash/set-up-wshell/openmm/serialization/src/dtoa.cpp:3735:34: warning: ISO C++ forbids converting a string constant to ‘char*’ [-Wwrite-strings]
 3735 |                 return nrv_alloc("0", rve, 1);
      |                                  ^~~
[ 39%] Building CXX object CMakeFiles/OpenMM.dir/libraries/vecmath/src/vecmath.cpp.o
[ 39%] Building CXX object CMakeFiles/OpenMM.dir/libraries/asmjit/base/assembler.cpp.o
[ 39%] Building CXX object CMakeFiles/OpenMM.dir/libraries/asmjit/base/codegen.cpp.o
[ 39%] Building CXX object CMakeFiles/OpenMM.dir/libraries/asmjit/base/compiler.cpp.o
[ 39%] Building CXX object CMakeFiles/OpenMM.dir/libraries/asmjit/base/constpool.cpp.o
[ 39%] Building CXX object CMakeFiles/OpenMM.dir/libraries/asmjit/base/containers.cpp.o
[ 39%] Building CXX object CMakeFiles/OpenMM.dir/libraries/asmjit/base/context.cpp.o
[ 39%] Building CXX object CMakeFiles/OpenMM.dir/libraries/asmjit/base/cpuinfo.cpp.o
[ 39%] Building CXX object CMakeFiles/OpenMM.dir/libraries/asmjit/base/cputicks.cpp.o
[ 41%] Building CXX object CMakeFiles/OpenMM.dir/libraries/asmjit/base/error.cpp.o
[ 41%] Building CXX object CMakeFiles/OpenMM.dir/libraries/asmjit/base/globals.cpp.o
[ 41%] Building CXX object CMakeFiles/OpenMM.dir/libraries/asmjit/base/intutil.cpp.o
[ 41%] Building CXX object CMakeFiles/OpenMM.dir/libraries/asmjit/base/logger.cpp.o
[ 41%] Building CXX object CMakeFiles/OpenMM.dir/libraries/asmjit/base/operand.cpp.o
[ 41%] Building CXX object CMakeFiles/OpenMM.dir/libraries/asmjit/base/runtime.cpp.o
[ 41%] Building CXX object CMakeFiles/OpenMM.dir/libraries/asmjit/base/string.cpp.o
[ 41%] Building CXX object CMakeFiles/OpenMM.dir/libraries/asmjit/base/vmem.cpp.o
[ 41%] Building CXX object CMakeFiles/OpenMM.dir/libraries/asmjit/base/zone.cpp.o
[ 41%] Building CXX object CMakeFiles/OpenMM.dir/libraries/asmjit/x86/x86assembler.cpp.o
[ 41%] Building CXX object CMakeFiles/OpenMM.dir/libraries/asmjit/x86/x86compiler.cpp.o
[ 41%] Building CXX object CMakeFiles/OpenMM.dir/libraries/asmjit/x86/x86context.cpp.o
[ 41%] Building CXX object CMakeFiles/OpenMM.dir/libraries/asmjit/x86/x86cpuinfo.cpp.o
[ 41%] Building CXX object CMakeFiles/OpenMM.dir/libraries/asmjit/x86/x86inst.cpp.o
[ 41%] Building CXX object CMakeFiles/OpenMM.dir/libraries/asmjit/x86/x86operand.cpp.o
[ 41%] Building CXX object CMakeFiles/OpenMM.dir/libraries/asmjit/x86/x86operand_regs.cpp.o
[ 41%] Building CXX object CMakeFiles/OpenMM.dir/libraries/asmjit/x86/x86scheduler.cpp.o
[ 41%] Building CXX object CMakeFiles/OpenMM.dir/wrappers/OpenMMCWrapper.cpp.o
[ 43%] Building CXX object CMakeFiles/OpenMM.dir/wrappers/OpenMMFortranWrapper.cpp.o
[ 43%] Linking CXX shared library libOpenMM.so
[ 43%] Built target OpenMM
make[2]: warning: -j24 forced in submake: resetting jobserver mode.
make[2]: warning: -j24 forced in submake: resetting jobserver mode.
make[2]: warning: -j24 forced in submake: resetting jobserver mode.
make[2]: warning: -j24 forced in submake: resetting jobserver mode.
make[2]: warning: -j24 forced in submake: resetting jobserver mode.
make[2]: warning: -j24 forced in submake: resetting jobserver mode.
make[2]: warning: -j24 forced in submake: resetting jobserver mode.
make[2]: warning: -j24 forced in submake: resetting jobserver mode.
make[2]: warning: -j24 forced in submake: resetting jobserver mode.
make[2]: warning: -j24 forced in submake: resetting jobserver mode.
make[2]: warning: -j24 forced in submake: resetting jobserver mode.
make[2]: warning: -j24 forced in submake: resetting jobserver mode.
make[2]: warning: -j24 forced in submake: resetting jobserver mode.
make[2]: warning: -j24 forced in submake: resetting jobserver mode.
make[2]: warning: -j24 forced in submake: resetting jobserver mode.
make[2]: warning: -j24 forced in submake: resetting jobserver mode.
make[2]: warning: -j24 forced in submake: resetting jobserver mode.
make[2]: warning: -j24 forced in submake: resetting jobserver mode.
make[2]: warning: -j24 forced in submake: resetting jobserver mode.
make[2]: warning: -j24 forced in submake: resetting jobserver mode.
make[2]: warning: -j24 forced in submake: resetting jobserver mode.
make[2]: warning: -j24 forced in submake: resetting jobserver mode.
make[2]: warning: -j24 forced in submake: resetting jobserver mode.
make[2]: warning: -j24 forced in submake: resetting jobserver mode.
make[2]: warning: -j24 forced in submake: resetting jobserver mode.
make[2]: warning: -j24 forced in submake: resetting jobserver mode.
make[2]: warning: -j24 forced in submake: resetting jobserver mode.
make[2]: warning: -j24 forced in submake: resetting jobserver mode.
make[2]: warning: -j24 forced in submake: resetting jobserver mode.
make[2]: warning: -j24 forced in submake: resetting jobserver mode.
make[2]: warning: -j24 forced in submake: resetting jobserver mode.
make[2]: warning: -j24 forced in submake: resetting jobserver mode.
make[2]: warning: -j24 forced in submake: resetting jobserver mode.
make[2]: warning: -j24 forced in submake: resetting jobserver mode.
make[2]: warning: -j24 forced in submake: resetting jobserver mode.
make[2]: warning: -j24 forced in submake: resetting jobserver mode.
make[2]: warning: -j24 forced in submake: resetting jobserver mode.
make[2]: warning: -j24 forced in submake: resetting jobserver mode.
make[2]: warning: -j24 forced in submake: resetting jobserver mode.
make[2]: warning: -j24 forced in submake: resetting jobserver mode.
make[2]: warning: -j24 forced in submake: resetting jobserver mode.
make[2]: warning: -j24 forced in submake: resetting jobserver mode.
make[2]: warning: -j24 forced in submake: resetting jobserver mode.
make[2]: warning: -j24 forced in submake: resetting jobserver mode.
make[2]: warning: -j24 forced in submake: resetting jobserver mode.
make[2]: warning: -j24 forced in submake: resetting jobserver mode.
make[2]: warning: -j24 forced in submake: resetting jobserver mode.
make[2]: warning: -j24 forced in submake: resetting jobserver mode.
[ 43%] Building CXX object platforms/reference/tests/CMakeFiles/TestReferenceAndersenThermostat.dir/TestReferenceAndersenThermostat.cpp.o
[ 43%] Building CXX object platforms/reference/tests/CMakeFiles/TestReferenceBrownianIntegrator.dir/TestReferenceBrownianIntegrator.cpp.o
[ 43%] Building CXX object platforms/reference/tests/CMakeFiles/TestReferenceCustomBondForce.dir/TestReferenceCustomBondForce.cpp.o
[ 43%] Building CXX object platforms/reference/tests/CMakeFiles/TestReferenceCustomAngleForce.dir/TestReferenceCustomAngleForce.cpp.o
[ 43%] Building CXX object platforms/reference/tests/CMakeFiles/TestReferenceCMMotionRemover.dir/TestReferenceCMMotionRemover.cpp.o
[ 43%] Building CXX object platforms/reference/tests/CMakeFiles/TestReferenceCMAPTorsionForce.dir/TestReferenceCMAPTorsionForce.cpp.o
[ 43%] Building CXX object platforms/reference/tests/CMakeFiles/TestReferenceCustomCompoundBondForce.dir/TestReferenceCustomCompoundBondForce.cpp.o
[ 43%] Building CXX object platforms/reference/tests/CMakeFiles/TestReferenceCompoundIntegrator.dir/TestReferenceCompoundIntegrator.cpp.o
[ 43%] Building CXX object platforms/reference/tests/CMakeFiles/TestReferenceCustomCVForce.dir/TestReferenceCustomCVForce.cpp.o
[ 43%] Building CXX object platforms/reference/tests/CMakeFiles/TestReferenceCustomHbondForce.dir/TestReferenceCustomHbondForce.cpp.o
[ 43%] Building CXX object platforms/reference/tests/CMakeFiles/TestReferenceCheckpoints.dir/TestReferenceCheckpoints.cpp.o
[ 43%] Building CXX object platforms/reference/tests/CMakeFiles/TestReferenceCustomCentroidBondForce.dir/TestReferenceCustomCentroidBondForce.cpp.o
[ 43%] Building CXX object platforms/reference/tests/CMakeFiles/TestReferenceCustomExternalForce.dir/TestReferenceCustomExternalForce.cpp.o
[ 43%] Building CXX object platforms/reference/tests/CMakeFiles/TestReferenceCustomIntegrator.dir/TestReferenceCustomIntegrator.cpp.o
[ 43%] Building CXX object platforms/reference/tests/CMakeFiles/TestReferenceCustomManyParticleForce.dir/TestReferenceCustomManyParticleForce.cpp.o
[ 43%] Building CXX object platforms/reference/tests/CMakeFiles/TestReferenceCustomNonbondedForce.dir/TestReferenceCustomNonbondedForce.cpp.o
[ 43%] Building CXX object platforms/reference/tests/CMakeFiles/TestReferenceCustomGBForce.dir/TestReferenceCustomGBForce.cpp.o
[ 43%] Building CXX object platforms/reference/tests/CMakeFiles/TestReferenceCustomTorsionForce.dir/TestReferenceCustomTorsionForce.cpp.o
[ 43%] Building CXX object platforms/reference/tests/CMakeFiles/TestReferenceEwald.dir/TestReferenceEwald.cpp.o
[ 43%] Building CXX object platforms/reference/tests/CMakeFiles/TestReferenceDispersionPME.dir/TestReferenceDispersionPME.cpp.o
[ 43%] Building CXX object platforms/reference/tests/CMakeFiles/TestReferenceGBSAOBCForce.dir/TestReferenceGBSAOBCForce.cpp.o
[ 43%] Building CXX object platforms/reference/tests/CMakeFiles/TestReferenceGayBerneForce.dir/TestReferenceGayBerneForce.cpp.o
[ 43%] Building CXX object platforms/reference/tests/CMakeFiles/TestReferenceHarmonicBondForce.dir/TestReferenceHarmonicBondForce.cpp.o
[ 43%] Building CXX object platforms/reference/tests/CMakeFiles/TestReferenceHarmonicAngleForce.dir/TestReferenceHarmonicAngleForce.cpp.o
[ 43%] Linking CXX executable ../../../TestReferenceCMMotionRemover
[ 43%] Linking CXX executable ../../../TestReferenceAndersenThermostat
[ 43%] Built target TestReferenceCMMotionRemover
make[2]: warning: -j24 forced in submake: resetting jobserver mode.
make[2]: warning: -j24 forced in submake: resetting jobserver mode.
[ 43%] Building CXX object platforms/reference/tests/CMakeFiles/TestReferenceKineticEnergy.dir/TestReferenceKineticEnergy.cpp.o
[ 43%] Built target TestReferenceAndersenThermostat
make[2]: warning: -j24 forced in submake: resetting jobserver mode.
make[2]: warning: -j24 forced in submake: resetting jobserver mode.
[ 43%] Building CXX object platforms/reference/tests/CMakeFiles/TestReferenceLangevinIntegrator.dir/TestReferenceLangevinIntegrator.cpp.o
[ 43%] Linking CXX executable ../../../TestReferenceHarmonicBondForce
[ 43%] Linking CXX executable ../../../TestReferenceHarmonicAngleForce
[ 43%] Linking CXX executable ../../../TestReferenceCMAPTorsionForce
[ 44%] Linking CXX executable ../../../TestReferenceBrownianIntegrator
[ 44%] Linking CXX executable ../../../TestReferenceCheckpoints
[ 44%] Built target TestReferenceHarmonicBondForce
make[2]: warning: -j24 forced in submake: resetting jobserver mode.
make[2]: warning: -j24 forced in submake: resetting jobserver mode.
[ 44%] Built target TestReferenceHarmonicAngleForce
make[2]: warning: -j24 forced in submake: resetting jobserver mode.
[ 44%] Building CXX object platforms/reference/tests/CMakeFiles/TestReferenceLocalEnergyMinimizer.dir/TestReferenceLocalEnergyMinimizer.cpp.o
make[2]: warning: -j24 forced in submake: resetting jobserver mode.
[ 44%] Building CXX object platforms/reference/tests/CMakeFiles/TestReferenceMonteCarloAnisotropicBarostat.dir/TestReferenceMonteCarloAnisotropicBarostat.cpp.o
[ 44%] Built target TestReferenceCMAPTorsionForce
make[2]: warning: -j24 forced in submake: resetting jobserver mode.
[ 44%] Built target TestReferenceBrownianIntegrator
make[2]: warning: -j24 forced in submake: resetting jobserver mode.
make[2]: warning: -j24 forced in submake: resetting jobserver mode.
[ 44%] Building CXX object platforms/reference/tests/CMakeFiles/TestReferenceMonteCarloBarostat.dir/TestReferenceMonteCarloBarostat.cpp.o
make[2]: warning: -j24 forced in submake: resetting jobserver mode.
[ 44%] Building CXX object platforms/reference/tests/CMakeFiles/TestReferenceMonteCarloMembraneBarostat.dir/TestReferenceMonteCarloMembraneBarostat.cpp.o
[ 44%] Linking CXX executable ../../../TestReferenceCustomExternalForce
[ 44%] Built target TestReferenceCheckpoints
make[2]: warning: -j24 forced in submake: resetting jobserver mode.
make[2]: warning: -j24 forced in submake: resetting jobserver mode.
[ 44%] Building CXX object platforms/reference/tests/CMakeFiles/TestReferenceNeighborList.dir/TestReferenceNeighborList.cpp.o
[ 44%] Linking CXX executable ../../../TestReferenceCustomAngleForce
[ 44%] Built target TestReferenceCustomExternalForce
make[2]: warning: -j24 forced in submake: resetting jobserver mode.
make[2]: warning: -j24 forced in submake: resetting jobserver mode.
[ 44%] Building CXX object platforms/reference/tests/CMakeFiles/TestReferenceNonbondedForce.dir/TestReferenceNonbondedForce.cpp.o
[ 44%] Linking CXX executable ../../../TestReferenceGayBerneForce
[ 44%] Linking CXX executable ../../../TestReferenceKineticEnergy
[ 44%] Linking CXX executable ../../../TestReferenceCustomTorsionForce
[ 44%] Built target TestReferenceCustomAngleForce
make[2]: warning: -j24 forced in submake: resetting jobserver mode.
make[2]: warning: -j24 forced in submake: resetting jobserver mode.
[ 44%] Building CXX object platforms/reference/tests/CMakeFiles/TestReferencePeriodicTorsionForce.dir/TestReferencePeriodicTorsionForce.cpp.o
[ 44%] Linking CXX executable ../../../TestReferenceCustomBondForce
[ 44%] Built target TestReferenceKineticEnergy
make[2]: warning: -j24 forced in submake: resetting jobserver mode.
[ 44%] Built target TestReferenceGayBerneForce
[ 44%] Linking CXX executable ../../../TestReferenceCustomHbondForce
make[2]: warning: -j24 forced in submake: resetting jobserver mode.
make[2]: warning: -j24 forced in submake: resetting jobserver mode.
make[2]: warning: -j24 forced in submake: resetting jobserver mode.
[ 44%] Building CXX object platforms/reference/tests/CMakeFiles/TestReferenceRBTorsionForce.dir/TestReferenceRBTorsionForce.cpp.o
[ 44%] Building CXX object platforms/reference/tests/CMakeFiles/TestReferenceRMSDForce.dir/TestReferenceRMSDForce.cpp.o
[ 44%] Linking CXX executable ../../../TestReferenceCustomCVForce
[ 44%] Built target TestReferenceCustomTorsionForce
make[2]: warning: -j24 forced in submake: resetting jobserver mode.
make[2]: warning: -j24 forced in submake: resetting jobserver mode.
[ 44%] Building CXX object platforms/reference/tests/CMakeFiles/TestReferenceRandom.dir/TestReferenceRandom.cpp.o
[ 44%] Linking CXX executable ../../../TestReferenceCompoundIntegrator
[ 44%] Built target TestReferenceCustomBondForce
make[2]: warning: -j24 forced in submake: resetting jobserver mode.
make[2]: warning: -j24 forced in submake: resetting jobserver mode.
[ 44%] Linking CXX executable ../../../TestReferenceGBSAOBCForce
[ 44%] Building CXX object platforms/reference/tests/CMakeFiles/TestReferenceSettle.dir/TestReferenceSettle.cpp.o
[ 44%] Built target TestReferenceCustomHbondForce
make[2]: warning: -j24 forced in submake: resetting jobserver mode.
make[2]: warning: -j24 forced in submake: resetting jobserver mode.
[ 44%] Building CXX object platforms/reference/tests/CMakeFiles/TestReferenceVariableLangevinIntegrator.dir/TestReferenceVariableLangevinIntegrator.cpp.o
[ 44%] Built target TestReferenceCustomCVForce
make[2]: warning: -j24 forced in submake: resetting jobserver mode.
make[2]: warning: -j24 forced in submake: resetting jobserver mode.
[ 44%] Building CXX object platforms/reference/tests/CMakeFiles/TestReferenceVariableVerletIntegrator.dir/TestReferenceVariableVerletIntegrator.cpp.o
[ 44%] Built target TestReferenceCompoundIntegrator
make[2]: warning: -j24 forced in submake: resetting jobserver mode.
[ 44%] Built target TestReferenceGBSAOBCForce
make[2]: warning: -j24 forced in submake: resetting jobserver mode.
make[2]: warning: -j24 forced in submake: resetting jobserver mode.
[ 44%] Building CXX object platforms/reference/tests/CMakeFiles/TestReferenceVerletIntegrator.dir/TestReferenceVerletIntegrator.cpp.o
make[2]: warning: -j24 forced in submake: resetting jobserver mode.
[ 44%] Building CXX object platforms/reference/tests/CMakeFiles/TestReferenceVirtualSites.dir/TestReferenceVirtualSites.cpp.o
[ 44%] Linking CXX executable ../../../TestReferenceNeighborList
[ 44%] Linking CXX executable ../../../TestReferenceMonteCarloMembraneBarostat
[ 44%] Linking CXX executable ../../../TestReferenceLocalEnergyMinimizer
[ 44%] Built target TestReferenceNeighborList
make[2]: warning: -j24 forced in submake: resetting jobserver mode.
[ 44%] Generating ../src/CudaKernelSources.cpp, ../src/CudaKernelSources.h
[ 46%] Linking CXX executable ../../../TestReferenceCustomCompoundBondForce
[ 48%] Linking CXX executable ../../../TestReferenceLangevinIntegrator
make[2]: warning: -j24 forced in submake: resetting jobserver mode.
[ 48%] Building CXX object platforms/cuda/sharedTarget/CMakeFiles/OpenMMCUDA.dir/__/src/CudaArray.cpp.o
[ 48%] Building CXX object platforms/cuda/sharedTarget/CMakeFiles/OpenMMCUDA.dir/__/src/CudaBondedUtilities.cpp.o
[ 48%] Linking CXX executable ../../../TestReferenceCustomCentroidBondForce
[ 48%] Built target TestReferenceMonteCarloMembraneBarostat
[ 48%] Building CXX object platforms/cuda/sharedTarget/CMakeFiles/OpenMMCUDA.dir/__/src/CudaContext.cpp.o
[ 48%] Building CXX object platforms/cuda/sharedTarget/CMakeFiles/OpenMMCUDA.dir/__/src/CudaExpressionUtilities.cpp.o
[ 48%] Building CXX object platforms/cuda/sharedTarget/CMakeFiles/OpenMMCUDA.dir/__/src/CudaFFT3D.cpp.o
[ 48%] Building CXX object platforms/cuda/sharedTarget/CMakeFiles/OpenMMCUDA.dir/__/src/CudaForceInfo.cpp.o
[ 48%] Built target TestReferenceLocalEnergyMinimizer
make[2]: warning: -j24 forced in submake: resetting jobserver mode.
make[2]: warning: -j24 forced in submake: resetting jobserver mode.
[ 48%] Generating ../src/OpenCLKernelSources.cpp, ../src/OpenCLKernelSources.h
[ 48%] Building CXX object platforms/cuda/sharedTarget/CMakeFiles/OpenMMCUDA.dir/__/src/CudaIntegrationUtilities.cpp.o
[ 48%] Building CXX object platforms/cuda/sharedTarget/CMakeFiles/OpenMMCUDA.dir/__/src/CudaKernelFactory.cpp.o
make[2]: warning: -j24 forced in submake: resetting jobserver mode.
[ 48%] Building CXX object platforms/cuda/sharedTarget/CMakeFiles/OpenMMCUDA.dir/__/src/CudaKernels.cpp.o
[ 48%] Building CXX object platforms/cpu/sharedTarget/CMakeFiles/OpenMMCPU.dir/__/src/CpuBondForce.cpp.o
[ 48%] Built target TestReferenceCustomCompoundBondForce
make[2]: warning: -j24 forced in submake: resetting jobserver mode.
[ 48%] Building CXX object platforms/cuda/sharedTarget/CMakeFiles/OpenMMCUDA.dir/__/src/CudaNonbondedUtilities.cpp.o
[ 48%] Building CXX object platforms/cpu/sharedTarget/CMakeFiles/OpenMMCPU.dir/__/src/CpuCustomGBForce.cpp.o
[ 48%] Linking CXX executable ../../../TestReferenceCustomManyParticleForce
[ 48%] Building CXX object platforms/cpu/sharedTarget/CMakeFiles/OpenMMCPU.dir/__/src/CpuCustomManyParticleForce.cpp.o
[ 48%] Built target TestReferenceLangevinIntegrator
[ 48%] Building CXX object platforms/cuda/sharedTarget/CMakeFiles/OpenMMCUDA.dir/__/src/CudaParallelKernels.cpp.o
make[2]: warning: -j24 forced in submake: resetting jobserver mode.
[ 48%] Built target TestReferenceCustomCentroidBondForce
[ 48%] Building CXX object platforms/opencl/sharedTarget/CMakeFiles/OpenMMOpenCL.dir/__/src/OpenCLArray.cpp.o
make[2]: warning: -j24 forced in submake: resetting jobserver mode.
[ 48%] Building CXX object platforms/cuda/sharedTarget/CMakeFiles/OpenMMCUDA.dir/__/src/CudaParameterSet.cpp.o
[ 48%] Building CXX object platforms/opencl/sharedTarget/CMakeFiles/OpenMMOpenCL.dir/__/src/OpenCLBondedUtilities.cpp.o
[ 48%] Building CXX object platforms/cpu/sharedTarget/CMakeFiles/OpenMMCPU.dir/__/src/CpuCustomNonbondedForce.cpp.o
make[2]: warning: -j24 forced in submake: resetting jobserver mode.
make[2]: warning: -j24 forced in submake: resetting jobserver mode.
[ 48%] Building CXX object platforms/cuda/sharedTarget/CMakeFiles/OpenMMCUDA.dir/__/src/CudaPlatform.cpp.o
[ 48%] Building CXX object platforms/cpu/sharedTarget/CMakeFiles/OpenMMCPU.dir/__/src/CpuGBSAOBCForce.cpp.o
[ 48%] Linking CXX executable ../../../TestReferenceRandom
[ 48%] Building CXX object platforms/opencl/sharedTarget/CMakeFiles/OpenMMOpenCL.dir/__/src/OpenCLCompact.cpp.o
[ 48%] Building CXX object platforms/opencl/sharedTarget/CMakeFiles/OpenMMOpenCL.dir/__/src/OpenCLContext.cpp.o
make[2]: warning: -j24 forced in submake: resetting jobserver mode.
[ 48%] Building CXX object platforms/cuda/sharedTarget/CMakeFiles/OpenMMCUDA.dir/__/src/CudaSort.cpp.o
[ 48%] Building CXX object plugins/amoeba/CMakeFiles/OpenMMAmoeba.dir/openmmapi/src/AmoebaAngleForceImpl.cpp.o
[ 48%] Building CXX object plugins/amoeba/CMakeFiles/OpenMMAmoeba.dir/openmmapi/src/AmoebaAngleForce.cpp.o
[ 48%] Building CXX object platforms/opencl/sharedTarget/CMakeFiles/OpenMMOpenCL.dir/__/src/OpenCLExpressionUtilities.cpp.o
[ 48%] Building CXX object platforms/cpu/sharedTarget/CMakeFiles/OpenMMCPU.dir/__/src/CpuGayBerneForce.cpp.o
[ 48%] Building CXX object plugins/rpmd/CMakeFiles/OpenMMRPMD.dir/openmmapi/src/RPMDIntegrator.cpp.o
[ 48%] Building CXX object plugins/amoeba/CMakeFiles/OpenMMAmoeba.dir/openmmapi/src/AmoebaBondForce.cpp.o
[ 48%] Linking CXX executable ../../../TestReferenceMonteCarloBarostat
make[2]: warning: -j24 forced in submake: resetting jobserver mode.
[ 48%] Building CXX object platforms/opencl/sharedTarget/CMakeFiles/OpenMMOpenCL.dir/__/src/OpenCLFFT3D.cpp.o
[ 48%] Building CXX object plugins/rpmd/CMakeFiles/OpenMMRPMD.dir/openmmapi/src/RPMDMonteCarloBarostat.cpp.o
[ 48%] Building CXX object platforms/cpu/sharedTarget/CMakeFiles/OpenMMCPU.dir/__/src/CpuKernelFactory.cpp.o
[ 48%] Building CXX object plugins/amoeba/CMakeFiles/OpenMMAmoeba.dir/openmmapi/src/AmoebaBondForceImpl.cpp.o
[ 48%] Building CXX object platforms/opencl/sharedTarget/CMakeFiles/OpenMMOpenCL.dir/__/src/OpenCLForceInfo.cpp.o
[ 48%] Building CXX object platforms/cpu/sharedTarget/CMakeFiles/OpenMMCPU.dir/__/src/CpuKernels.cpp.o
[ 50%] Building CXX object plugins/rpmd/CMakeFiles/OpenMMRPMD.dir/openmmapi/src/RPMDMonteCarloBarostatImpl.cpp.o
[ 50%] Building CXX object platforms/cuda/sharedTarget/CMakeFiles/OpenMMCUDA.dir/__/src/CudaKernelSources.cpp.o
[ 50%] Building CXX object plugins/drude/CMakeFiles/OpenMMDrude.dir/openmmapi/src/DrudeForceImpl.cpp.o
[ 50%] Building CXX object plugins/drude/CMakeFiles/OpenMMDrude.dir/openmmapi/src/DrudeForce.cpp.o
[ 50%] Building CXX object plugins/drude/CMakeFiles/OpenMMDrude.dir/openmmapi/src/DrudeSCFIntegrator.cpp.o
[ 50%] Building CXX object plugins/drude/CMakeFiles/OpenMMDrude.dir/openmmapi/src/DrudeLangevinIntegrator.cpp.o
[ 50%] Building CXX object plugins/drude/CMakeFiles/OpenMMDrude.dir/serialization/src/DrudeForceProxy.cpp.o
[ 50%] Building CXX object platforms/cpu/sharedTarget/CMakeFiles/OpenMMCPU.dir/__/src/CpuLangevinDynamics.cpp.o
[ 50%] Linking CXX executable ../../../TestReferenceSettle
[ 50%] Building CXX object platforms/opencl/sharedTarget/CMakeFiles/OpenMMOpenCL.dir/__/src/OpenCLIntegrationUtilities.cpp.o
[ 50%] Building CXX object platforms/opencl/sharedTarget/CMakeFiles/OpenMMOpenCL.dir/__/src/OpenCLKernelFactory.cpp.o
[ 50%] Building CXX object plugins/amoeba/CMakeFiles/OpenMMAmoeba.dir/openmmapi/src/AmoebaGeneralizedKirkwoodForce.cpp.o
[ 50%] Building CXX object plugins/amoeba/CMakeFiles/OpenMMAmoeba.dir/openmmapi/src/AmoebaGeneralizedKirkwoodForceImpl.cpp.o
[ 50%] Building CXX object platforms/cpu/sharedTarget/CMakeFiles/OpenMMCPU.dir/__/src/CpuNonbondedForce.cpp.o
[ 50%] Building CXX object platforms/cpu/sharedTarget/CMakeFiles/OpenMMCPU.dir/__/src/CpuNeighborList.cpp.o
[ 50%] Building CXX object plugins/drude/CMakeFiles/OpenMMDrude.dir/serialization/src/DrudeLangevinIntegratorProxy.cpp.o
[ 50%] Building CXX object platforms/cpu/sharedTarget/CMakeFiles/OpenMMCPU.dir/__/src/CpuNonbondedForceVec4.cpp.o
[ 50%] Building CXX object plugins/amoeba/CMakeFiles/OpenMMAmoeba.dir/openmmapi/src/AmoebaInPlaneAngleForce.cpp.o
[ 51%] Building CXX object platforms/opencl/sharedTarget/CMakeFiles/OpenMMOpenCL.dir/__/src/OpenCLKernels.cpp.o
[ 51%] Building CXX object plugins/drude/CMakeFiles/OpenMMDrude.dir/serialization/src/DrudeSerializationProxyRegistration.cpp.o
[ 51%] Building CXX object plugins/amoeba/CMakeFiles/OpenMMAmoeba.dir/openmmapi/src/AmoebaInPlaneAngleForceImpl.cpp.o
[ 51%] Building CXX object platforms/cpu/sharedTarget/CMakeFiles/OpenMMCPU.dir/__/src/CpuNonbondedForceVec8.cpp.o
[ 51%] Building CXX object plugins/amoeba/CMakeFiles/OpenMMAmoeba.dir/openmmapi/src/AmoebaMultipoleForce.cpp.o
[ 51%] Building CXX object platforms/opencl/sharedTarget/CMakeFiles/OpenMMOpenCL.dir/__/src/OpenCLNonbondedUtilities.cpp.o
[ 51%] Building CXX object plugins/amoeba/CMakeFiles/OpenMMAmoeba.dir/openmmapi/src/AmoebaMultipoleForceImpl.cpp.o
[ 51%] Building CXX object platforms/opencl/sharedTarget/CMakeFiles/OpenMMOpenCL.dir/__/src/OpenCLParallelKernels.cpp.o
[ 51%] Building CXX object plugins/amoeba/CMakeFiles/OpenMMAmoeba.dir/openmmapi/src/AmoebaOutOfPlaneBendForce.cpp.o
[ 51%] Building CXX object platforms/cpu/sharedTarget/CMakeFiles/OpenMMCPU.dir/__/src/CpuPlatform.cpp.o
/home/surgeon/trash/set-up-wshell/openmm/platforms/cuda/src/CudaArray.cpp: In destructor ‘OpenMM::CudaArray::~CudaArray()’:
/home/surgeon/trash/set-up-wshell/openmm/platforms/cuda/src/CudaArray.cpp:49:13: warning: ‘throw’ will always call ‘terminate’ [-Wterminate]
   49 |             throw OpenMMException(str.str());
      |             ^~~~~~~~~~~~~~~~~~~~~~~~~~~~~~~~
/home/surgeon/trash/set-up-wshell/openmm/platforms/cuda/src/CudaArray.cpp:49:13: note: in C++11 destructors default to ‘noexcept’
[ 51%] Building CXX object platforms/opencl/sharedTarget/CMakeFiles/OpenMMOpenCL.dir/__/src/OpenCLParameterSet.cpp.o
[ 53%] Building CXX object platforms/cpu/sharedTarget/CMakeFiles/OpenMMCPU.dir/__/src/CpuRandom.cpp.o
[ 53%] Building CXX object plugins/amoeba/CMakeFiles/OpenMMAmoeba.dir/openmmapi/src/AmoebaOutOfPlaneBendForceImpl.cpp.o
[ 53%] Building CXX object platforms/cpu/sharedTarget/CMakeFiles/OpenMMCPU.dir/__/src/CpuSETTLE.cpp.o
[ 53%] Building CXX object platforms/opencl/sharedTarget/CMakeFiles/OpenMMOpenCL.dir/__/src/OpenCLPlatform.cpp.o
[ 53%] Linking CXX executable ../../../TestReferenceMonteCarloAnisotropicBarostat
[ 53%] Building CXX object platforms/opencl/sharedTarget/CMakeFiles/OpenMMOpenCL.dir/__/src/OpenCLSort.cpp.o
[ 53%] Built target TestReferenceCustomManyParticleForce
[ 53%] Linking CXX executable ../../../TestReferencePeriodicTorsionForce
[ 53%] Building CXX object plugins/amoeba/CMakeFiles/OpenMMAmoeba.dir/openmmapi/src/AmoebaPiTorsionForce.cpp.o
make[2]: warning: -j24 forced in submake: resetting jobserver mode.
[ 53%] Building CXX object plugins/amoeba/CMakeFiles/OpenMMAmoeba.dir/openmmapi/src/AmoebaPiTorsionForceImpl.cpp.o
[ 53%] Building CXX object platforms/opencl/sharedTarget/CMakeFiles/OpenMMOpenCL.dir/__/src/OpenCLKernelSources.cpp.o
[ 53%] Building CXX object plugins/amoeba/CMakeFiles/OpenMMAmoeba.dir/openmmapi/src/AmoebaStretchBendForce.cpp.o
[ 53%] Building CXX object plugins/amoeba/CMakeFiles/OpenMMAmoeba.dir/openmmapi/src/AmoebaStretchBendForceImpl.cpp.o
[ 55%] Building CXX object plugins/amoeba/CMakeFiles/OpenMMAmoeba.dir/openmmapi/src/AmoebaTorsionTorsionForce.cpp.o
make[2]: warning: -j24 forced in submake: resetting jobserver mode.
[ 55%] Building CXX object plugins/cpupme/CMakeFiles/OpenMMPME.dir/src/CpuPmeKernelFactory.cpp.o
[ 55%] Building CXX object plugins/cpupme/CMakeFiles/OpenMMPME.dir/src/CpuPmeKernels.cpp.o
[ 55%] Building CXX object plugins/amoeba/CMakeFiles/OpenMMAmoeba.dir/openmmapi/src/AmoebaTorsionTorsionForceImpl.cpp.o
[ 55%] Building CXX object plugins/amoeba/CMakeFiles/OpenMMAmoeba.dir/openmmapi/src/AmoebaVdwForce.cpp.o
[ 55%] Building CXX object plugins/amoeba/CMakeFiles/OpenMMAmoeba.dir/openmmapi/src/AmoebaVdwForceImpl.cpp.o
[ 55%] Built target TestReferenceRandom
[ 55%] Building CXX object plugins/amoeba/CMakeFiles/OpenMMAmoeba.dir/openmmapi/src/AmoebaWcaDispersionForce.cpp.o
make[2]: warning: -j24 forced in submake: resetting jobserver mode.
[ 55%] Built target TestReferenceMonteCarloBarostat
[ 55%] Building CXX object plugins/amoeba/CMakeFiles/OpenMMAmoeba.dir/openmmapi/src/AmoebaWcaDispersionForceImpl.cpp.o
make[2]: warning: -j24 forced in submake: resetting jobserver mode.
[ 55%] Building CXX object plugins/amoeba/CMakeFiles/OpenMMAmoeba.dir/serialization/src/AmoebaAngleForceProxy.cpp.o
make[2]: warning: -j24 forced in submake: resetting jobserver mode.
In file included from /opt/cuda/include/CL/opencl.h:24,
                 from /home/surgeon/trash/set-up-wshell/openmm/platforms/opencl/src/cl.hpp:178,
                 from /home/surgeon/trash/set-up-wshell/openmm/platforms/opencl/./include/OpenCLArray.h:34,
                 from /home/surgeon/trash/set-up-wshell/openmm/platforms/opencl/src/OpenCLArray.cpp:27:
/opt/cuda/include/CL/cl.h:26:104: note: ‘#pragma message: cl_version.h: CL_TARGET_OPENCL_VERSION is not defined. Defaulting to 300 (OpenCL 3.0)’
   26 | #pragma message("cl_version.h: CL_TARGET_OPENCL_VERSION is not defined. Defaulting to 300 (OpenCL 3.0)")
      |                                                                                                        ^
[ 55%] Linking CXX executable ../../../TestReferenceCustomGBForce
[ 55%] Building CXX object serialization/tests/CMakeFiles/TestSerializationNode.dir/TestSerializationNode.cpp.o
In file included from /opt/cuda/include/CL/opencl.h:24,
                 from /home/surgeon/trash/set-up-wshell/openmm/platforms/opencl/src/cl.hpp:178,
                 from /home/surgeon/trash/set-up-wshell/openmm/platforms/opencl/./include/OpenCLArray.h:34,
                 from /home/surgeon/trash/set-up-wshell/openmm/platforms/opencl/./include/OpenCLCompact.h:28,
                 from /home/surgeon/trash/set-up-wshell/openmm/platforms/opencl/src/OpenCLCompact.cpp:27:
/opt/cuda/include/CL/cl.h:26:104: note: ‘#pragma message: cl_version.h: CL_TARGET_OPENCL_VERSION is not defined. Defaulting to 300 (OpenCL 3.0)’
   26 | #pragma message("cl_version.h: CL_TARGET_OPENCL_VERSION is not defined. Defaulting to 300 (OpenCL 3.0)")
      |                                                                                                        ^
[ 55%] Building CXX object plugins/amoeba/CMakeFiles/OpenMMAmoeba.dir/serialization/src/AmoebaBondForceProxy.cpp.o
In file included from /opt/cuda/include/CL/opencl.h:24,
                 from /home/surgeon/trash/set-up-wshell/openmm/platforms/opencl/src/cl.hpp:178,
                 from /home/surgeon/trash/set-up-wshell/openmm/platforms/opencl/./include/OpenCLArray.h:34,
                 from /home/surgeon/trash/set-up-wshell/openmm/platforms/opencl/./include/OpenCLBondedUtilities.h:30,
                 from /home/surgeon/trash/set-up-wshell/openmm/platforms/opencl/src/OpenCLBondedUtilities.cpp:27:
/opt/cuda/include/CL/cl.h:26:104: note: ‘#pragma message: cl_version.h: CL_TARGET_OPENCL_VERSION is not defined. Defaulting to 300 (OpenCL 3.0)’
   26 | #pragma message("cl_version.h: CL_TARGET_OPENCL_VERSION is not defined. Defaulting to 300 (OpenCL 3.0)")
      |                                                                                                        ^
make[2]: warning: -j24 forced in submake: resetting jobserver mode.
[ 55%] Building CXX object serialization/tests/CMakeFiles/TestSerializeAndersenThermostat.dir/TestSerializeAndersenThermostat.cpp.o
[ 55%] Built target TestReferenceSettle
make[2]: warning: -j24 forced in submake: resetting jobserver mode.
make[2]: warning: -j24 forced in submake: resetting jobserver mode.
[ 56%] Linking CXX executable ../../../TestReferenceRMSDForce
[ 56%] Building CXX object serialization/tests/CMakeFiles/TestSerializeCMAPTorsion.dir/TestSerializeCMAPTorsion.cpp.o
In file included from /opt/cuda/include/CL/opencl.h:24,
                 from /home/surgeon/trash/set-up-wshell/openmm/platforms/opencl/src/cl.hpp:178,
                 from /home/surgeon/trash/set-up-wshell/openmm/platforms/opencl/./include/OpenCLArray.h:34,
                 from /home/surgeon/trash/set-up-wshell/openmm/platforms/opencl/./include/OpenCLFFT3D.h:30,
                 from /home/surgeon/trash/set-up-wshell/openmm/platforms/opencl/src/OpenCLFFT3D.cpp:27:
/opt/cuda/include/CL/cl.h:26:104: note: ‘#pragma message: cl_version.h: CL_TARGET_OPENCL_VERSION is not defined. Defaulting to 300 (OpenCL 3.0)’
   26 | #pragma message("cl_version.h: CL_TARGET_OPENCL_VERSION is not defined. Defaulting to 300 (OpenCL 3.0)")
      |                                                                                                        ^
[ 56%] Built target TestReferenceMonteCarloAnisotropicBarostat
make[2]: warning: -j24 forced in submake: resetting jobserver mode.
[ 56%] Built target TestReferencePeriodicTorsionForce
make[2]: warning: -j24 forced in submake: resetting jobserver mode.
/home/surgeon/trash/set-up-wshell/openmm/platforms/opencl/src/cl.hpp: In constructor ‘cl::Sampler::Sampler(const cl::Context&, cl_bool, cl_addressing_mode, cl_filter_mode, cl_int*)’:
/home/surgeon/trash/set-up-wshell/openmm/platforms/opencl/src/cl.hpp:4241:36: warning: ‘_cl_sampler* clCreateSampler(cl_context, cl_bool, cl_addressing_mode, cl_filter_mode, cl_int*)’ is deprecated [-Wdeprecated-declarations]
 4241 |         object_ = ::clCreateSampler(
      |                   ~~~~~~~~~~~~~~~~~^
 4242 |             context(),
      |             ~~~~~~~~~~              
 4243 |             normalized_coords,
      |             ~~~~~~~~~~~~~~~~~~      
 4244 |             addressing_mode,
      |             ~~~~~~~~~~~~~~~~        
 4245 |             filter_mode,
      |             ~~~~~~~~~~~~            
 4246 |             &error);
      |             ~~~~~~~                 
/home/surgeon/trash/set-up-wshell/openmm/platforms/opencl/src/cl.hpp: In constructor ‘cl::Sampler::Sampler(const cl::Context&, cl_bool, cl_addressing_mode, cl_filter_mode, cl_int*)’:
/home/surgeon/trash/set-up-wshell/openmm/platforms/opencl/src/cl.hpp:4241:36: warning: ‘_cl_sampler* clCreateSampler(cl_context, cl_bool, cl_addressing_mode, cl_filter_mode, cl_int*)’ is deprecated [-Wdeprecated-declarations]
 4241 |         object_ = ::clCreateSampler(
      |                   ~~~~~~~~~~~~~~~~~^
 4242 |             context(),
      |             ~~~~~~~~~~              
 4243 |             normalized_coords,
      |             ~~~~~~~~~~~~~~~~~~      
 4244 |             addressing_mode,
      |             ~~~~~~~~~~~~~~~~        
 4245 |             filter_mode,
      |             ~~~~~~~~~~~~            
 4246 |             &error);
      |             ~~~~~~~                 
/opt/cuda/include/CL/cl.h:1986:1: note: declared here
 1986 | clCreateSampler(cl_context          context,
      | ^~~~~~~~~~~~~~~
/opt/cuda/include/CL/cl.h:1986:1: note: declared here
 1986 | clCreateSampler(cl_context          context,
      | ^~~~~~~~~~~~~~~
make[2]: warning: -j24 forced in submake: resetting jobserver mode.
/home/surgeon/trash/set-up-wshell/openmm/platforms/opencl/src/cl.hpp: In constructor ‘cl::Sampler::Sampler(const cl::Context&, cl_bool, cl_addressing_mode, cl_filter_mode, cl_int*)’:
/home/surgeon/trash/set-up-wshell/openmm/platforms/opencl/src/cl.hpp:4241:36: warning: ‘_cl_sampler* clCreateSampler(cl_context, cl_bool, cl_addressing_mode, cl_filter_mode, cl_int*)’ is deprecated [-Wdeprecated-declarations]
 4241 |         object_ = ::clCreateSampler(
      |                   ~~~~~~~~~~~~~~~~~^
 4242 |             context(),
      |             ~~~~~~~~~~              
 4243 |             normalized_coords,
      |             ~~~~~~~~~~~~~~~~~~      
 4244 |             addressing_mode,
      |             ~~~~~~~~~~~~~~~~        
 4245 |             filter_mode,
      |             ~~~~~~~~~~~~            
 4246 |             &error);
      |             ~~~~~~~                 
/opt/cuda/include/CL/cl.h:1986:1: note: declared here
 1986 | clCreateSampler(cl_context          context,
      | ^~~~~~~~~~~~~~~
[ 56%] Building CXX object serialization/tests/CMakeFiles/TestSerializeCMMotionRemover.dir/TestSerializeCMMotionRemover.cpp.o
make[2]: warning: -j24 forced in submake: resetting jobserver mode.
In file included from /opt/cuda/include/CL/opencl.h:24,
                 from /home/surgeon/trash/set-up-wshell/openmm/platforms/opencl/src/cl.hpp:178,
                 from /home/surgeon/trash/set-up-wshell/openmm/platforms/opencl/./include/OpenCLArray.h:34,
                 from /home/surgeon/trash/set-up-wshell/openmm/platforms/opencl/./include/OpenCLSort.h:30,
                 from /home/surgeon/trash/set-up-wshell/openmm/platforms/opencl/src/OpenCLSort.cpp:31:
/opt/cuda/include/CL/cl.h:26:104: note: ‘#pragma message: cl_version.h: CL_TARGET_OPENCL_VERSION is not defined. Defaulting to 300 (OpenCL 3.0)’
   26 | #pragma message("cl_version.h: CL_TARGET_OPENCL_VERSION is not defined. Defaulting to 300 (OpenCL 3.0)")
      |                                                                                                        ^
/home/surgeon/trash/set-up-wshell/openmm/platforms/opencl/src/cl.hpp: In constructor ‘cl::CommandQueue::CommandQueue(cl_command_queue_properties, cl_int*)’:
/home/surgeon/trash/set-up-wshell/openmm/platforms/opencl/src/cl.hpp:5085:45: warning: ‘_cl_command_queue* clCreateCommandQueue(cl_context, cl_device_id, cl_command_queue_properties, cl_int*)’ is deprecated [-Wdeprecated-declarations]
 5085 |             object_ = ::clCreateCommandQueue(
      |                       ~~~~~~~~~~~~~~~~~~~~~~^
 5086 |                 context(), device(), properties, &error);
      |                 ~~~~~~~~~~~~~~~~~~~~~~~~~~~~~~~~~~~~~~~~
/opt/cuda/include/CL/cl.h:1980:1: note: declared here
 1980 | clCreateCommandQueue(cl_context                     context,
      | ^~~~~~~~~~~~~~~~~~~~
/home/surgeon/trash/set-up-wshell/openmm/platforms/opencl/src/cl.hpp: In constructor ‘cl::CommandQueue::CommandQueue(const cl::Context&, const cl::Device&, cl_command_queue_properties, cl_int*)’:
/home/surgeon/trash/set-up-wshell/openmm/platforms/opencl/src/cl.hpp:5102:41: warning: ‘_cl_command_queue* clCreateCommandQueue(cl_context, cl_device_id, cl_command_queue_properties, cl_int*)’ is deprecated [-Wdeprecated-declarations]
 5102 |         object_ = ::clCreateCommandQueue(
      |                   ~~~~~~~~~~~~~~~~~~~~~~^
 5103 |             context(), device(), properties, &error);
      |             ~~~~~~~~~~~~~~~~~~~~~~~~~~~~~~~~~~~~~~~~
/opt/cuda/include/CL/cl.h:1980:1: note: declared here
 1980 | clCreateCommandQueue(cl_context                     context,
      | ^~~~~~~~~~~~~~~~~~~~
In file included from /opt/cuda/include/CL/opencl.h:24,
                 from /home/surgeon/trash/set-up-wshell/openmm/platforms/opencl/src/cl.hpp:178,
                 from /home/surgeon/trash/set-up-wshell/openmm/platforms/opencl/./include/OpenCLContext.h:40,
                 from /home/surgeon/trash/set-up-wshell/openmm/platforms/opencl/./include/OpenCLExpressionUtilities.h:30,
                 from /home/surgeon/trash/set-up-wshell/openmm/platforms/opencl/src/OpenCLExpressionUtilities.cpp:27:
/opt/cuda/include/CL/cl.h:26:104: note: ‘#pragma message: cl_version.h: CL_TARGET_OPENCL_VERSION is not defined. Defaulting to 300 (OpenCL 3.0)’
   26 | #pragma message("cl_version.h: CL_TARGET_OPENCL_VERSION is not defined. Defaulting to 300 (OpenCL 3.0)")
      |                                                                                                        ^
/home/surgeon/trash/set-up-wshell/openmm/platforms/opencl/src/cl.hpp: In constructor ‘cl::CommandQueue::CommandQueue(cl_command_queue_properties, cl_int*)’:
/home/surgeon/trash/set-up-wshell/openmm/platforms/opencl/src/cl.hpp:5085:45: warning: ‘_cl_command_queue* clCreateCommandQueue(cl_context, cl_device_id, cl_command_queue_properties, cl_int*)’ is deprecated [-Wdeprecated-declarations]
 5085 |             object_ = ::clCreateCommandQueue(
      |                       ~~~~~~~~~~~~~~~~~~~~~~^
 5086 |                 context(), device(), properties, &error);
      |                 ~~~~~~~~~~~~~~~~~~~~~~~~~~~~~~~~~~~~~~~~
/opt/cuda/include/CL/cl.h:1980:1: note: declared here
 1980 | clCreateCommandQueue(cl_context                     context,
      | ^~~~~~~~~~~~~~~~~~~~
[ 56%] Building CXX object serialization/tests/CMakeFiles/TestSerializeCustomAngleForce.dir/TestSerializeCustomAngleForce.cpp.o
/home/surgeon/trash/set-up-wshell/openmm/platforms/opencl/src/cl.hpp: In constructor ‘cl::CommandQueue::CommandQueue(const cl::Context&, const cl::Device&, cl_command_queue_properties, cl_int*)’:
/home/surgeon/trash/set-up-wshell/openmm/platforms/opencl/src/cl.hpp:5102:41: warning: ‘_cl_command_queue* clCreateCommandQueue(cl_context, cl_device_id, cl_command_queue_properties, cl_int*)’ is deprecated [-Wdeprecated-declarations]
 5102 |         object_ = ::clCreateCommandQueue(
      |                   ~~~~~~~~~~~~~~~~~~~~~~^
 5103 |             context(), device(), properties, &error);
      |             ~~~~~~~~~~~~~~~~~~~~~~~~~~~~~~~~~~~~~~~~
/opt/cuda/include/CL/cl.h:1980:1: note: declared here
 1980 | clCreateCommandQueue(cl_context                     context,
      | ^~~~~~~~~~~~~~~~~~~~
/home/surgeon/trash/set-up-wshell/openmm/platforms/opencl/src/cl.hpp: In constructor ‘cl::CommandQueue::CommandQueue(cl_command_queue_properties, cl_int*)’:
/home/surgeon/trash/set-up-wshell/openmm/platforms/opencl/src/cl.hpp:5085:45: warning: ‘_cl_command_queue* clCreateCommandQueue(cl_context, cl_device_id, cl_command_queue_properties, cl_int*)’ is deprecated [-Wdeprecated-declarations]
 5085 |             object_ = ::clCreateCommandQueue(
      |                       ~~~~~~~~~~~~~~~~~~~~~~^
 5086 |                 context(), device(), properties, &error);
      |                 ~~~~~~~~~~~~~~~~~~~~~~~~~~~~~~~~~~~~~~~~
/opt/cuda/include/CL/cl.h:1980:1: note: declared here
 1980 | clCreateCommandQueue(cl_context                     context,
      | ^~~~~~~~~~~~~~~~~~~~
/home/surgeon/trash/set-up-wshell/openmm/platforms/opencl/src/cl.hpp: In member function ‘cl_int cl::CommandQueue::enqueueTask(const cl::Kernel&, const std::vector<cl::Event>*, cl::Event*) const’:
/home/surgeon/trash/set-up-wshell/openmm/platforms/opencl/src/cl.hpp:5879:28: warning: ‘cl_int clEnqueueTask(cl_command_queue, cl_kernel, cl_uint, _cl_event* const*, _cl_event**)’ is deprecated [-Wdeprecated-declarations]
 5879 |             ::clEnqueueTask(
      |             ~~~~~~~~~~~~~~~^
 5880 |                 object_, kernel(),
      |                 ~~~~~~~~~~~~~~~~~~
 5881 |                 (events != NULL) ? (cl_uint) events->size() : 0,
      |                 ~~~~~~~~~~~~~~~~~~~~~~~~~~~~~~~~~~~~~~~~~~~~~~~~
 5882 |                 (events != NULL && events->size() > 0) ? (cl_event*) &events->front() : NULL,
      |                 ~~~~~~~~~~~~~~~~~~~~~~~~~~~~~~~~~~~~~~~~~~~~~~~~~~~~~~~~~~~~~~~~~~~~~~~~~~~~~
 5883 |                 (event != NULL) ? &tmp : NULL),
      |                 ~~~~~~~~~~~~~~~~~~~~~~~~~~~~~~
/opt/cuda/include/CL/cl.h:1993:1: note: declared here
 1993 | clEnqueueTask(cl_command_queue  command_queue,
      | ^~~~~~~~~~~~~
/home/surgeon/trash/set-up-wshell/openmm/platforms/opencl/src/cl.hpp: In member function ‘cl_int cl::CommandQueue::enqueueTask(const cl::Kernel&, const std::vector<cl::Event>*, cl::Event*) const’:
/home/surgeon/trash/set-up-wshell/openmm/platforms/opencl/src/cl.hpp:5879:28: warning: ‘cl_int clEnqueueTask(cl_command_queue, cl_kernel, cl_uint, _cl_event* const*, _cl_event**)’ is deprecated [-Wdeprecated-declarations]
 5879 |             ::clEnqueueTask(
      |             ~~~~~~~~~~~~~~~^
 5880 |                 object_, kernel(),
      |                 ~~~~~~~~~~~~~~~~~~
 5881 |                 (events != NULL) ? (cl_uint) events->size() : 0,
      |                 ~~~~~~~~~~~~~~~~~~~~~~~~~~~~~~~~~~~~~~~~~~~~~~~~
 5882 |                 (events != NULL && events->size() > 0) ? (cl_event*) &events->front() : NULL,
      |                 ~~~~~~~~~~~~~~~~~~~~~~~~~~~~~~~~~~~~~~~~~~~~~~~~~~~~~~~~~~~~~~~~~~~~~~~~~~~~~
 5883 |                 (event != NULL) ? &tmp : NULL),
      |                 ~~~~~~~~~~~~~~~~~~~~~~~~~~~~~~
/opt/cuda/include/CL/cl.h:1993:1: note: declared here
 1993 | clEnqueueTask(cl_command_queue  command_queue,
      | ^~~~~~~~~~~~~
/home/surgeon/trash/set-up-wshell/openmm/platforms/opencl/src/cl.hpp: In constructor ‘cl::CommandQueue::CommandQueue(const cl::Context&, const cl::Device&, cl_command_queue_properties, cl_int*)’:
/home/surgeon/trash/set-up-wshell/openmm/platforms/opencl/src/cl.hpp:5102:41: warning: ‘_cl_command_queue* clCreateCommandQueue(cl_context, cl_device_id, cl_command_queue_properties, cl_int*)’ is deprecated [-Wdeprecated-declarations]
 5102 |         object_ = ::clCreateCommandQueue(
      |                   ~~~~~~~~~~~~~~~~~~~~~~^
 5103 |             context(), device(), properties, &error);
      |             ~~~~~~~~~~~~~~~~~~~~~~~~~~~~~~~~~~~~~~~~
/opt/cuda/include/CL/cl.h:1980:1: note: declared here
 1980 | clCreateCommandQueue(cl_context                     context,
      | ^~~~~~~~~~~~~~~~~~~~
/home/surgeon/trash/set-up-wshell/openmm/platforms/opencl/src/cl.hpp: In member function ‘cl_int cl::CommandQueue::enqueueTask(const cl::Kernel&, const std::vector<cl::Event>*, cl::Event*) const’:
/home/surgeon/trash/set-up-wshell/openmm/platforms/opencl/src/cl.hpp:5879:28: warning: ‘cl_int clEnqueueTask(cl_command_queue, cl_kernel, cl_uint, _cl_event* const*, _cl_event**)’ is deprecated [-Wdeprecated-declarations]
 5879 |             ::clEnqueueTask(
      |             ~~~~~~~~~~~~~~~^
 5880 |                 object_, kernel(),
      |                 ~~~~~~~~~~~~~~~~~~
 5881 |                 (events != NULL) ? (cl_uint) events->size() : 0,
      |                 ~~~~~~~~~~~~~~~~~~~~~~~~~~~~~~~~~~~~~~~~~~~~~~~~
 5882 |                 (events != NULL && events->size() > 0) ? (cl_event*) &events->front() : NULL,
      |                 ~~~~~~~~~~~~~~~~~~~~~~~~~~~~~~~~~~~~~~~~~~~~~~~~~~~~~~~~~~~~~~~~~~~~~~~~~~~~~
 5883 |                 (event != NULL) ? &tmp : NULL),
      |                 ~~~~~~~~~~~~~~~~~~~~~~~~~~~~~~
/opt/cuda/include/CL/cl.h:1993:1: note: declared here
 1993 | clEnqueueTask(cl_command_queue  command_queue,
      | ^~~~~~~~~~~~~
[ 56%] Built target TestReferenceCustomGBForce
In file included from /opt/cuda/include/CL/opencl.h:24,
                 from /home/surgeon/trash/set-up-wshell/openmm/platforms/opencl/src/cl.hpp:178,
                 from /home/surgeon/trash/set-up-wshell/openmm/platforms/opencl/./include/OpenCLContext.h:40,
                 from /home/surgeon/trash/set-up-wshell/openmm/platforms/opencl/src/OpenCLContext.cpp:31:
/opt/cuda/include/CL/cl.h:26:104: note: ‘#pragma message: cl_version.h: CL_TARGET_OPENCL_VERSION is not defined. Defaulting to 300 (OpenCL 3.0)’
   26 | #pragma message("cl_version.h: CL_TARGET_OPENCL_VERSION is not defined. Defaulting to 300 (OpenCL 3.0)")
      |                                                                                                        ^
[ 56%] Linking CXX executable ../../../TestReferenceRBTorsionForce
make[2]: warning: -j24 forced in submake: resetting jobserver mode.
/home/surgeon/trash/set-up-wshell/openmm/platforms/opencl/src/cl.hpp: In constructor ‘cl::Sampler::Sampler(const cl::Context&, cl_bool, cl_addressing_mode, cl_filter_mode, cl_int*)’:
/home/surgeon/trash/set-up-wshell/openmm/platforms/opencl/src/cl.hpp:4241:36: warning: ‘_cl_sampler* clCreateSampler(cl_context, cl_bool, cl_addressing_mode, cl_filter_mode, cl_int*)’ is deprecated [-Wdeprecated-declarations]
 4241 |         object_ = ::clCreateSampler(
      |                   ~~~~~~~~~~~~~~~~~^
 4242 |             context(),
      |             ~~~~~~~~~~              
 4243 |             normalized_coords,
      |             ~~~~~~~~~~~~~~~~~~      
 4244 |             addressing_mode,
      |             ~~~~~~~~~~~~~~~~        
 4245 |             filter_mode,
      |             ~~~~~~~~~~~~            
 4246 |             &error);
      |             ~~~~~~~                 
/opt/cuda/include/CL/cl.h:1986:1: note: declared here
 1986 | clCreateSampler(cl_context          context,
      | ^~~~~~~~~~~~~~~
[ 56%] Building CXX object plugins/amoeba/CMakeFiles/OpenMMAmoeba.dir/serialization/src/AmoebaGeneralizedKirkwoodForceProxy.cpp.o
In file included from /opt/cuda/include/CL/opencl.h:24,
                 from /home/surgeon/trash/set-up-wshell/openmm/platforms/opencl/src/cl.hpp:178,
                 from /home/surgeon/trash/set-up-wshell/openmm/platforms/opencl/./include/OpenCLContext.h:40,
                 from /home/surgeon/trash/set-up-wshell/openmm/platforms/opencl/./include/OpenCLNonbondedUtilities.h:30,
                 from /home/surgeon/trash/set-up-wshell/openmm/platforms/opencl/src/OpenCLNonbondedUtilities.cpp:28:
/opt/cuda/include/CL/cl.h:26:104: note: ‘#pragma message: cl_version.h: CL_TARGET_OPENCL_VERSION is not defined. Defaulting to 300 (OpenCL 3.0)’
   26 | #pragma message("cl_version.h: CL_TARGET_OPENCL_VERSION is not defined. Defaulting to 300 (OpenCL 3.0)")
      |                                                                                                        ^
In file included from /opt/cuda/include/CL/opencl.h:24,
                 from /home/surgeon/trash/set-up-wshell/openmm/platforms/opencl/src/cl.hpp:178,
                 from /home/surgeon/trash/set-up-wshell/openmm/platforms/opencl/./include/OpenCLContext.h:40,
                 from /home/surgeon/trash/set-up-wshell/openmm/platforms/opencl/./include/OpenCLParameterSet.h:30,
                 from /home/surgeon/trash/set-up-wshell/openmm/platforms/opencl/src/OpenCLParameterSet.cpp:27:
/opt/cuda/include/CL/cl.h:26:104: note: ‘#pragma message: cl_version.h: CL_TARGET_OPENCL_VERSION is not defined. Defaulting to 300 (OpenCL 3.0)’
   26 | #pragma message("cl_version.h: CL_TARGET_OPENCL_VERSION is not defined. Defaulting to 300 (OpenCL 3.0)")
      |                                                                                                        ^
make[2]: warning: -j24 forced in submake: resetting jobserver mode.
In file included from /opt/cuda/include/CL/opencl.h:24,
                 from /home/surgeon/trash/set-up-wshell/openmm/platforms/opencl/src/cl.hpp:178,
                 from /home/surgeon/trash/set-up-wshell/openmm/platforms/opencl/./include/OpenCLContext.h:40,
                 from /home/surgeon/trash/set-up-wshell/openmm/platforms/opencl/./include/OpenCLIntegrationUtilities.h:31,
                 from /home/surgeon/trash/set-up-wshell/openmm/platforms/opencl/src/OpenCLIntegrationUtilities.cpp:27:
/opt/cuda/include/CL/cl.h:26:104: note: ‘#pragma message: cl_version.h: CL_TARGET_OPENCL_VERSION is not defined. Defaulting to 300 (OpenCL 3.0)’
   26 | #pragma message("cl_version.h: CL_TARGET_OPENCL_VERSION is not defined. Defaulting to 300 (OpenCL 3.0)")
      |                                                                                                        ^
[ 56%] Building CXX object serialization/tests/CMakeFiles/TestSerializeCustomBondForce.dir/TestSerializeCustomBondForce.cpp.o
[ 56%] Building CXX object plugins/amoeba/CMakeFiles/OpenMMAmoeba.dir/serialization/src/AmoebaInPlaneAngleForceProxy.cpp.o
/home/surgeon/trash/set-up-wshell/openmm/platforms/opencl/src/cl.hpp: In constructor ‘cl::CommandQueue::CommandQueue(cl_command_queue_properties, cl_int*)’:
/home/surgeon/trash/set-up-wshell/openmm/platforms/opencl/src/cl.hpp:5085:45: warning: ‘_cl_command_queue* clCreateCommandQueue(cl_context, cl_device_id, cl_command_queue_properties, cl_int*)’ is deprecated [-Wdeprecated-declarations]
 5085 |             object_ = ::clCreateCommandQueue(
      |                       ~~~~~~~~~~~~~~~~~~~~~~^
 5086 |                 context(), device(), properties, &error);
      |                 ~~~~~~~~~~~~~~~~~~~~~~~~~~~~~~~~~~~~~~~~
/opt/cuda/include/CL/cl.h:1980:1: note: declared here
 1980 | clCreateCommandQueue(cl_context                     context,
      | ^~~~~~~~~~~~~~~~~~~~
/home/surgeon/trash/set-up-wshell/openmm/platforms/opencl/src/cl.hpp: In constructor ‘cl::CommandQueue::CommandQueue(const cl::Context&, const cl::Device&, cl_command_queue_properties, cl_int*)’:
/home/surgeon/trash/set-up-wshell/openmm/platforms/opencl/src/cl.hpp:5102:41: warning: ‘_cl_command_queue* clCreateCommandQueue(cl_context, cl_device_id, cl_command_queue_properties, cl_int*)’ is deprecated [-Wdeprecated-declarations]
 5102 |         object_ = ::clCreateCommandQueue(
      |                   ~~~~~~~~~~~~~~~~~~~~~~^
 5103 |             context(), device(), properties, &error);
      |             ~~~~~~~~~~~~~~~~~~~~~~~~~~~~~~~~~~~~~~~~
/opt/cuda/include/CL/cl.h:1980:1: note: declared here
 1980 | clCreateCommandQueue(cl_context                     context,
      | ^~~~~~~~~~~~~~~~~~~~
/home/surgeon/trash/set-up-wshell/openmm/platforms/opencl/src/cl.hpp: In constructor ‘cl::Sampler::Sampler(const cl::Context&, cl_bool, cl_addressing_mode, cl_filter_mode, cl_int*)’:
/home/surgeon/trash/set-up-wshell/openmm/platforms/opencl/src/cl.hpp:4241:36: warning: ‘_cl_sampler* clCreateSampler(cl_context, cl_bool, cl_addressing_mode, cl_filter_mode, cl_int*)’ is deprecated [-Wdeprecated-declarations]
 4241 |         object_ = ::clCreateSampler(
      |                   ~~~~~~~~~~~~~~~~~^
 4242 |             context(),
      |             ~~~~~~~~~~              
 4243 |             normalized_coords,
      |             ~~~~~~~~~~~~~~~~~~      
 4244 |             addressing_mode,
      |             ~~~~~~~~~~~~~~~~        
 4245 |             filter_mode,
      |             ~~~~~~~~~~~~            
 4246 |             &error);
      |             ~~~~~~~                 
/opt/cuda/include/CL/cl.h:1986:1: note: declared here
 1986 | clCreateSampler(cl_context          context,
      | ^~~~~~~~~~~~~~~
/home/surgeon/trash/set-up-wshell/openmm/platforms/opencl/src/cl.hpp: In member function ‘cl_int cl::CommandQueue::enqueueTask(const cl::Kernel&, const std::vector<cl::Event>*, cl::Event*) const’:
/home/surgeon/trash/set-up-wshell/openmm/platforms/opencl/src/cl.hpp:5879:28: warning: ‘cl_int clEnqueueTask(cl_command_queue, cl_kernel, cl_uint, _cl_event* const*, _cl_event**)’ is deprecated [-Wdeprecated-declarations]
 5879 |             ::clEnqueueTask(
      |             ~~~~~~~~~~~~~~~^
 5880 |                 object_, kernel(),
      |                 ~~~~~~~~~~~~~~~~~~
 5881 |                 (events != NULL) ? (cl_uint) events->size() : 0,
      |                 ~~~~~~~~~~~~~~~~~~~~~~~~~~~~~~~~~~~~~~~~~~~~~~~~
 5882 |                 (events != NULL && events->size() > 0) ? (cl_event*) &events->front() : NULL,
      |                 ~~~~~~~~~~~~~~~~~~~~~~~~~~~~~~~~~~~~~~~~~~~~~~~~~~~~~~~~~~~~~~~~~~~~~~~~~~~~~
 5883 |                 (event != NULL) ? &tmp : NULL),
      |                 ~~~~~~~~~~~~~~~~~~~~~~~~~~~~~~
/opt/cuda/include/CL/cl.h:1993:1: note: declared here
 1993 | clEnqueueTask(cl_command_queue  command_queue,
      | ^~~~~~~~~~~~~
/home/surgeon/trash/set-up-wshell/openmm/platforms/opencl/src/cl.hpp: In constructor ‘cl::Sampler::Sampler(const cl::Context&, cl_bool, cl_addressing_mode, cl_filter_mode, cl_int*)’:
/home/surgeon/trash/set-up-wshell/openmm/platforms/opencl/src/cl.hpp:4241:36: warning: ‘_cl_sampler* clCreateSampler(cl_context, cl_bool, cl_addressing_mode, cl_filter_mode, cl_int*)’ is deprecated [-Wdeprecated-declarations]
 4241 |         object_ = ::clCreateSampler(
      |                   ~~~~~~~~~~~~~~~~~^
 4242 |             context(),
      |             ~~~~~~~~~~              
 4243 |             normalized_coords,
      |             ~~~~~~~~~~~~~~~~~~      
 4244 |             addressing_mode,
      |             ~~~~~~~~~~~~~~~~        
 4245 |             filter_mode,
      |             ~~~~~~~~~~~~            
 4246 |             &error);
      |             ~~~~~~~                 
/opt/cuda/include/CL/cl.h:1986:1: note: declared here
 1986 | clCreateSampler(cl_context          context,
      | ^~~~~~~~~~~~~~~
In file included from /opt/cuda/include/CL/opencl.h:24,
                 from /home/surgeon/trash/set-up-wshell/openmm/platforms/opencl/src/cl.hpp:178,
                 from /home/surgeon/trash/set-up-wshell/openmm/platforms/opencl/./include/OpenCLContext.h:40,
                 from /home/surgeon/trash/set-up-wshell/openmm/platforms/opencl/./include/OpenCLParallelKernels.h:31,
                 from /home/surgeon/trash/set-up-wshell/openmm/platforms/opencl/src/OpenCLKernelFactory.cpp:28:
/opt/cuda/include/CL/cl.h:26:104: note: ‘#pragma message: cl_version.h: CL_TARGET_OPENCL_VERSION is not defined. Defaulting to 300 (OpenCL 3.0)’
   26 | #pragma message("cl_version.h: CL_TARGET_OPENCL_VERSION is not defined. Defaulting to 300 (OpenCL 3.0)")
      |                                                                                                        ^
[ 56%] Building CXX object plugins/amoeba/CMakeFiles/OpenMMAmoeba.dir/serialization/src/AmoebaMultipoleForceProxy.cpp.o
[ 56%] Built target TestReferenceRMSDForce
make[2]: warning: -j24 forced in submake: resetting jobserver mode.
/home/surgeon/trash/set-up-wshell/openmm/platforms/opencl/src/cl.hpp: In constructor ‘cl::CommandQueue::CommandQueue(cl_command_queue_properties, cl_int*)’:
/home/surgeon/trash/set-up-wshell/openmm/platforms/opencl/src/cl.hpp:5085:45: warning: ‘_cl_command_queue* clCreateCommandQueue(cl_context, cl_device_id, cl_command_queue_properties, cl_int*)’ is deprecated [-Wdeprecated-declarations]
 5085 |             object_ = ::clCreateCommandQueue(
      |                       ~~~~~~~~~~~~~~~~~~~~~~^
 5086 |                 context(), device(), properties, &error);
      |                 ~~~~~~~~~~~~~~~~~~~~~~~~~~~~~~~~~~~~~~~~
/opt/cuda/include/CL/cl.h:1980:1: note: declared here
 1980 | clCreateCommandQueue(cl_context                     context,
      | ^~~~~~~~~~~~~~~~~~~~
/home/surgeon/trash/set-up-wshell/openmm/platforms/opencl/src/cl.hpp: In constructor ‘cl::CommandQueue::CommandQueue(const cl::Context&, const cl::Device&, cl_command_queue_properties, cl_int*)’:
/home/surgeon/trash/set-up-wshell/openmm/platforms/opencl/src/cl.hpp:5102:41: warning: ‘_cl_command_queue* clCreateCommandQueue(cl_context, cl_device_id, cl_command_queue_properties, cl_int*)’ is deprecated [-Wdeprecated-declarations]
 5102 |         object_ = ::clCreateCommandQueue(
      |                   ~~~~~~~~~~~~~~~~~~~~~~^
 5103 |             context(), device(), properties, &error);
      |             ~~~~~~~~~~~~~~~~~~~~~~~~~~~~~~~~~~~~~~~~
/opt/cuda/include/CL/cl.h:1980:1: note: declared here
 1980 | clCreateCommandQueue(cl_context                     context,
      | ^~~~~~~~~~~~~~~~~~~~
/home/surgeon/trash/set-up-wshell/openmm/platforms/cuda/src/CudaIntegrationUtilities.cpp:85:61: warning: ‘template<class _Arg1, class _Arg2, class _Result> struct std::binary_function’ is deprecated [-Wdeprecated-declarations]
   85 | struct CudaIntegrationUtilities::ConstraintOrderer : public binary_function<int, int, bool> {
      |                                                             ^~~~~~~~~~~~~~~
In file included from /usr/include/c++/13.1.1/bits/refwrap.h:39,
                 from /usr/include/c++/13.1.1/vector:68,
                 from /home/surgeon/trash/set-up-wshell/openmm/openmmapi/include/openmm/System.h:36,
                 from /home/surgeon/trash/set-up-wshell/openmm/platforms/cuda/./include/CudaIntegrationUtilities.h:30,
                 from /home/surgeon/trash/set-up-wshell/openmm/platforms/cuda/src/CudaIntegrationUtilities.cpp:27:
/usr/include/c++/13.1.1/bits/stl_function.h:131:12: note: declared here
  131 |     struct binary_function
      |            ^~~~~~~~~~~~~~~
/home/surgeon/trash/set-up-wshell/openmm/platforms/opencl/src/cl.hpp: In member function ‘cl_int cl::CommandQueue::enqueueTask(const cl::Kernel&, const std::vector<cl::Event>*, cl::Event*) const’:
/home/surgeon/trash/set-up-wshell/openmm/platforms/opencl/src/cl.hpp:5879:28: warning: ‘cl_int clEnqueueTask(cl_command_queue, cl_kernel, cl_uint, _cl_event* const*, _cl_event**)’ is deprecated [-Wdeprecated-declarations]
 5879 |             ::clEnqueueTask(
      |             ~~~~~~~~~~~~~~~^
 5880 |                 object_, kernel(),
      |                 ~~~~~~~~~~~~~~~~~~
 5881 |                 (events != NULL) ? (cl_uint) events->size() : 0,
      |                 ~~~~~~~~~~~~~~~~~~~~~~~~~~~~~~~~~~~~~~~~~~~~~~~~
 5882 |                 (events != NULL && events->size() > 0) ? (cl_event*) &events->front() : NULL,
      |                 ~~~~~~~~~~~~~~~~~~~~~~~~~~~~~~~~~~~~~~~~~~~~~~~~~~~~~~~~~~~~~~~~~~~~~~~~~~~~~
 5883 |                 (event != NULL) ? &tmp : NULL),
      |                 ~~~~~~~~~~~~~~~~~~~~~~~~~~~~~~
/opt/cuda/include/CL/cl.h:1993:1: note: declared here
 1993 | clEnqueueTask(cl_command_queue  command_queue,
      | ^~~~~~~~~~~~~
/home/surgeon/trash/set-up-wshell/openmm/platforms/opencl/src/cl.hpp: In constructor ‘cl::Sampler::Sampler(const cl::Context&, cl_bool, cl_addressing_mode, cl_filter_mode, cl_int*)’:
/home/surgeon/trash/set-up-wshell/openmm/platforms/opencl/src/cl.hpp:4241:36: warning: ‘_cl_sampler* clCreateSampler(cl_context, cl_bool, cl_addressing_mode, cl_filter_mode, cl_int*)’ is deprecated [-Wdeprecated-declarations]
 4241 |         object_ = ::clCreateSampler(
      |                   ~~~~~~~~~~~~~~~~~^
 4242 |             context(),
      |             ~~~~~~~~~~              
 4243 |             normalized_coords,
      |             ~~~~~~~~~~~~~~~~~~      
 4244 |             addressing_mode,
      |             ~~~~~~~~~~~~~~~~        
 4245 |             filter_mode,
      |             ~~~~~~~~~~~~            
 4246 |             &error);
      |             ~~~~~~~                 
/opt/cuda/include/CL/cl.h:1986:1: note: declared here
 1986 | clCreateSampler(cl_context          context,
      | ^~~~~~~~~~~~~~~
/home/surgeon/trash/set-up-wshell/openmm/platforms/opencl/src/cl.hpp: In constructor ‘cl::CommandQueue::CommandQueue(cl_command_queue_properties, cl_int*)’:
/home/surgeon/trash/set-up-wshell/openmm/platforms/opencl/src/cl.hpp:5085:45: warning: ‘_cl_command_queue* clCreateCommandQueue(cl_context, cl_device_id, cl_command_queue_properties, cl_int*)’ is deprecated [-Wdeprecated-declarations]
 5085 |             object_ = ::clCreateCommandQueue(
      |                       ~~~~~~~~~~~~~~~~~~~~~~^
 5086 |                 context(), device(), properties, &error);
      |                 ~~~~~~~~~~~~~~~~~~~~~~~~~~~~~~~~~~~~~~~~
/opt/cuda/include/CL/cl.h:1980:1: note: declared here
 1980 | clCreateCommandQueue(cl_context                     context,
      | ^~~~~~~~~~~~~~~~~~~~
/home/surgeon/trash/set-up-wshell/openmm/platforms/opencl/src/cl.hpp: In constructor ‘cl::CommandQueue::CommandQueue(const cl::Context&, const cl::Device&, cl_command_queue_properties, cl_int*)’:
/home/surgeon/trash/set-up-wshell/openmm/platforms/opencl/src/cl.hpp:5102:41: warning: ‘_cl_command_queue* clCreateCommandQueue(cl_context, cl_device_id, cl_command_queue_properties, cl_int*)’ is deprecated [-Wdeprecated-declarations]
 5102 |         object_ = ::clCreateCommandQueue(
      |                   ~~~~~~~~~~~~~~~~~~~~~~^
 5103 |             context(), device(), properties, &error);
      |             ~~~~~~~~~~~~~~~~~~~~~~~~~~~~~~~~~~~~~~~~
/opt/cuda/include/CL/cl.h:1980:1: note: declared here
 1980 | clCreateCommandQueue(cl_context                     context,
      | ^~~~~~~~~~~~~~~~~~~~
[ 56%] Building CXX object plugins/amoeba/CMakeFiles/OpenMMAmoeba.dir/serialization/src/AmoebaOutOfPlaneBendForceProxy.cpp.o
make[2]: warning: -j24 forced in submake: resetting jobserver mode.
/home/surgeon/trash/set-up-wshell/openmm/platforms/opencl/src/cl.hpp: In member function ‘cl_int cl::CommandQueue::enqueueTask(const cl::Kernel&, const std::vector<cl::Event>*, cl::Event*) const’:
/home/surgeon/trash/set-up-wshell/openmm/platforms/opencl/src/cl.hpp:5879:28: warning: ‘cl_int clEnqueueTask(cl_command_queue, cl_kernel, cl_uint, _cl_event* const*, _cl_event**)’ is deprecated [-Wdeprecated-declarations]
 5879 |             ::clEnqueueTask(
      |             ~~~~~~~~~~~~~~~^
 5880 |                 object_, kernel(),
      |                 ~~~~~~~~~~~~~~~~~~
 5881 |                 (events != NULL) ? (cl_uint) events->size() : 0,
      |                 ~~~~~~~~~~~~~~~~~~~~~~~~~~~~~~~~~~~~~~~~~~~~~~~~
 5882 |                 (events != NULL && events->size() > 0) ? (cl_event*) &events->front() : NULL,
      |                 ~~~~~~~~~~~~~~~~~~~~~~~~~~~~~~~~~~~~~~~~~~~~~~~~~~~~~~~~~~~~~~~~~~~~~~~~~~~~~
 5883 |                 (event != NULL) ? &tmp : NULL),
      |                 ~~~~~~~~~~~~~~~~~~~~~~~~~~~~~~
/opt/cuda/include/CL/cl.h:1993:1: note: declared here
 1993 | clEnqueueTask(cl_command_queue  command_queue,
      | ^~~~~~~~~~~~~
/home/surgeon/trash/set-up-wshell/openmm/platforms/opencl/src/cl.hpp: In constructor ‘cl::Sampler::Sampler(const cl::Context&, cl_bool, cl_addressing_mode, cl_filter_mode, cl_int*)’:
/home/surgeon/trash/set-up-wshell/openmm/platforms/opencl/src/cl.hpp:4241:36: warning: ‘_cl_sampler* clCreateSampler(cl_context, cl_bool, cl_addressing_mode, cl_filter_mode, cl_int*)’ is deprecated [-Wdeprecated-declarations]
 4241 |         object_ = ::clCreateSampler(
      |                   ~~~~~~~~~~~~~~~~~^
 4242 |             context(),
      |             ~~~~~~~~~~              
 4243 |             normalized_coords,
      |             ~~~~~~~~~~~~~~~~~~      
 4244 |             addressing_mode,
      |             ~~~~~~~~~~~~~~~~        
 4245 |             filter_mode,
      |             ~~~~~~~~~~~~            
 4246 |             &error);
      |             ~~~~~~~                 
/opt/cuda/include/CL/cl.h:1986:1: note: declared here
 1986 | clCreateSampler(cl_context          context,
      | ^~~~~~~~~~~~~~~
[ 56%] Building CXX object plugins/amoeba/CMakeFiles/OpenMMAmoeba.dir/serialization/src/AmoebaPiTorsionForceProxy.cpp.o
[ 56%] Building CXX object serialization/tests/CMakeFiles/TestSerializeCustomCVForce.dir/TestSerializeCustomCVForce.cpp.o
In file included from /opt/cuda/include/CL/opencl.h:24,
                 from /home/surgeon/trash/set-up-wshell/openmm/platforms/opencl/src/cl.hpp:178,
                 from /home/surgeon/trash/set-up-wshell/openmm/platforms/opencl/./include/OpenCLContext.h:40,
                 from /home/surgeon/trash/set-up-wshell/openmm/platforms/opencl/./include/OpenCLParallelKernels.h:31,
                 from /home/surgeon/trash/set-up-wshell/openmm/platforms/opencl/src/OpenCLParallelKernels.cpp:27:
/opt/cuda/include/CL/cl.h:26:104: note: ‘#pragma message: cl_version.h: CL_TARGET_OPENCL_VERSION is not defined. Defaulting to 300 (OpenCL 3.0)’
   26 | #pragma message("cl_version.h: CL_TARGET_OPENCL_VERSION is not defined. Defaulting to 300 (OpenCL 3.0)")
      |                                                                                                        ^
/home/surgeon/trash/set-up-wshell/openmm/platforms/opencl/src/cl.hpp: In constructor ‘cl::Sampler::Sampler(const cl::Context&, cl_bool, cl_addressing_mode, cl_filter_mode, cl_int*)’:
/home/surgeon/trash/set-up-wshell/openmm/platforms/opencl/src/cl.hpp:4241:36: warning: ‘_cl_sampler* clCreateSampler(cl_context, cl_bool, cl_addressing_mode, cl_filter_mode, cl_int*)’ is deprecated [-Wdeprecated-declarations]
 4241 |         object_ = ::clCreateSampler(
      |                   ~~~~~~~~~~~~~~~~~^
 4242 |             context(),
      |             ~~~~~~~~~~              
 4243 |             normalized_coords,
      |             ~~~~~~~~~~~~~~~~~~      
 4244 |             addressing_mode,
      |             ~~~~~~~~~~~~~~~~        
 4245 |             filter_mode,
      |             ~~~~~~~~~~~~            
 4246 |             &error);
      |             ~~~~~~~                 
/opt/cuda/include/CL/cl.h:1986:1: note: declared here
 1986 | clCreateSampler(cl_context          context,
      | ^~~~~~~~~~~~~~~
/home/surgeon/trash/set-up-wshell/openmm/platforms/opencl/src/cl.hpp: In constructor ‘cl::CommandQueue::CommandQueue(cl_command_queue_properties, cl_int*)’:
/home/surgeon/trash/set-up-wshell/openmm/platforms/opencl/src/cl.hpp:5085:45: warning: ‘_cl_command_queue* clCreateCommandQueue(cl_context, cl_device_id, cl_command_queue_properties, cl_int*)’ is deprecated [-Wdeprecated-declarations]
 5085 |             object_ = ::clCreateCommandQueue(
      |                       ~~~~~~~~~~~~~~~~~~~~~~^
 5086 |                 context(), device(), properties, &error);
      |                 ~~~~~~~~~~~~~~~~~~~~~~~~~~~~~~~~~~~~~~~~
/opt/cuda/include/CL/cl.h:1980:1: note: declared here
 1980 | clCreateCommandQueue(cl_context                     context,
      | ^~~~~~~~~~~~~~~~~~~~
/home/surgeon/trash/set-up-wshell/openmm/platforms/opencl/src/cl.hpp: In constructor ‘cl::CommandQueue::CommandQueue(const cl::Context&, const cl::Device&, cl_command_queue_properties, cl_int*)’:
/home/surgeon/trash/set-up-wshell/openmm/platforms/opencl/src/cl.hpp:5102:41: warning: ‘_cl_command_queue* clCreateCommandQueue(cl_context, cl_device_id, cl_command_queue_properties, cl_int*)’ is deprecated [-Wdeprecated-declarations]
 5102 |         object_ = ::clCreateCommandQueue(
      |                   ~~~~~~~~~~~~~~~~~~~~~~^
 5103 |             context(), device(), properties, &error);
      |             ~~~~~~~~~~~~~~~~~~~~~~~~~~~~~~~~~~~~~~~~
/opt/cuda/include/CL/cl.h:1980:1: note: declared here
 1980 | clCreateCommandQueue(cl_context                     context,
      | ^~~~~~~~~~~~~~~~~~~~
In file included from /opt/cuda/include/CL/opencl.h:24,
                 from /home/surgeon/trash/set-up-wshell/openmm/platforms/opencl/src/cl.hpp:178,
                 from /home/surgeon/trash/set-up-wshell/openmm/platforms/opencl/./include/OpenCLArray.h:34,
                 from /home/surgeon/trash/set-up-wshell/openmm/platforms/opencl/./include/OpenCLKernels.h:31,
                 from /home/surgeon/trash/set-up-wshell/openmm/platforms/opencl/src/OpenCLKernels.cpp:27:
/opt/cuda/include/CL/cl.h:26:104: note: ‘#pragma message: cl_version.h: CL_TARGET_OPENCL_VERSION is not defined. Defaulting to 300 (OpenCL 3.0)’
   26 | #pragma message("cl_version.h: CL_TARGET_OPENCL_VERSION is not defined. Defaulting to 300 (OpenCL 3.0)")
      |                                                                                                        ^
/home/surgeon/trash/set-up-wshell/openmm/platforms/opencl/src/cl.hpp: In constructor ‘cl::Sampler::Sampler(const cl::Context&, cl_bool, cl_addressing_mode, cl_filter_mode, cl_int*)’:
/home/surgeon/trash/set-up-wshell/openmm/platforms/opencl/src/cl.hpp:4241:36: warning: ‘_cl_sampler* clCreateSampler(cl_context, cl_bool, cl_addressing_mode, cl_filter_mode, cl_int*)’ is deprecated [-Wdeprecated-declarations]
 4241 |         object_ = ::clCreateSampler(
      |                   ~~~~~~~~~~~~~~~~~^
 4242 |             context(),
      |             ~~~~~~~~~~              
 4243 |             normalized_coords,
      |             ~~~~~~~~~~~~~~~~~~      
 4244 |             addressing_mode,
      |             ~~~~~~~~~~~~~~~~        
 4245 |             filter_mode,
      |             ~~~~~~~~~~~~            
 4246 |             &error);
      |             ~~~~~~~                 
/home/surgeon/trash/set-up-wshell/openmm/platforms/opencl/src/cl.hpp: In member function ‘cl_int cl::CommandQueue::enqueueTask(const cl::Kernel&, const std::vector<cl::Event>*, cl::Event*) const’:
/home/surgeon/trash/set-up-wshell/openmm/platforms/opencl/src/cl.hpp:5879:28: warning: ‘cl_int clEnqueueTask(cl_command_queue, cl_kernel, cl_uint, _cl_event* const*, _cl_event**)’ is deprecated [-Wdeprecated-declarations]
 5879 |             ::clEnqueueTask(
      |             ~~~~~~~~~~~~~~~^
 5880 |                 object_, kernel(),
      |                 ~~~~~~~~~~~~~~~~~~
 5881 |                 (events != NULL) ? (cl_uint) events->size() : 0,
      |                 ~~~~~~~~~~~~~~~~~~~~~~~~~~~~~~~~~~~~~~~~~~~~~~~~
 5882 |                 (events != NULL && events->size() > 0) ? (cl_event*) &events->front() : NULL,
      |                 ~~~~~~~~~~~~~~~~~~~~~~~~~~~~~~~~~~~~~~~~~~~~~~~~~~~~~~~~~~~~~~~~~~~~~~~~~~~~~
 5883 |                 (event != NULL) ? &tmp : NULL),
      |                 ~~~~~~~~~~~~~~~~~~~~~~~~~~~~~~
/opt/cuda/include/CL/cl.h:1993:1: note: declared here
 1993 | clEnqueueTask(cl_command_queue  command_queue,
      | ^~~~~~~~~~~~~
/opt/cuda/include/CL/cl.h:1986:1: note: declared here
 1986 | clCreateSampler(cl_context          context,
      | ^~~~~~~~~~~~~~~
In file included from /opt/cuda/include/CL/opencl.h:24,
                 from /home/surgeon/trash/set-up-wshell/openmm/platforms/opencl/src/cl.hpp:178,
                 from /home/surgeon/trash/set-up-wshell/openmm/platforms/opencl/./include/OpenCLContext.h:40,
                 from /home/surgeon/trash/set-up-wshell/openmm/platforms/opencl/src/OpenCLPlatform.cpp:27:
/opt/cuda/include/CL/cl.h:26:104: note: ‘#pragma message: cl_version.h: CL_TARGET_OPENCL_VERSION is not defined. Defaulting to 300 (OpenCL 3.0)’
   26 | #pragma message("cl_version.h: CL_TARGET_OPENCL_VERSION is not defined. Defaulting to 300 (OpenCL 3.0)")
      |                                                                                                        ^
/home/surgeon/trash/set-up-wshell/openmm/platforms/opencl/src/cl.hpp: In constructor ‘cl::CommandQueue::CommandQueue(cl_command_queue_properties, cl_int*)’:
/home/surgeon/trash/set-up-wshell/openmm/platforms/opencl/src/cl.hpp:5085:45: warning: ‘_cl_command_queue* clCreateCommandQueue(cl_context, cl_device_id, cl_command_queue_properties, cl_int*)’ is deprecated [-Wdeprecated-declarations]
 5085 |             object_ = ::clCreateCommandQueue(
      |                       ~~~~~~~~~~~~~~~~~~~~~~^
 5086 |                 context(), device(), properties, &error);
      |                 ~~~~~~~~~~~~~~~~~~~~~~~~~~~~~~~~~~~~~~~~
/opt/cuda/include/CL/cl.h:1980:1: note: declared here
 1980 | clCreateCommandQueue(cl_context                     context,
      | ^~~~~~~~~~~~~~~~~~~~
/home/surgeon/trash/set-up-wshell/openmm/platforms/opencl/src/cl.hpp: In constructor ‘cl::CommandQueue::CommandQueue(const cl::Context&, const cl::Device&, cl_command_queue_properties, cl_int*)’:
/home/surgeon/trash/set-up-wshell/openmm/platforms/opencl/src/cl.hpp:5102:41: warning: ‘_cl_command_queue* clCreateCommandQueue(cl_context, cl_device_id, cl_command_queue_properties, cl_int*)’ is deprecated [-Wdeprecated-declarations]
 5102 |         object_ = ::clCreateCommandQueue(
      |                   ~~~~~~~~~~~~~~~~~~~~~~^
 5103 |             context(), device(), properties, &error);
      |             ~~~~~~~~~~~~~~~~~~~~~~~~~~~~~~~~~~~~~~~~
/opt/cuda/include/CL/cl.h:1980:1: note: declared here
 1980 | clCreateCommandQueue(cl_context                     context,
      | ^~~~~~~~~~~~~~~~~~~~
[ 56%] Building CXX object plugins/amoeba/CMakeFiles/OpenMMAmoeba.dir/serialization/src/AmoebaSerializationProxyRegistration.cpp.o
/home/surgeon/trash/set-up-wshell/openmm/platforms/cuda/src/CudaParameterSet.cpp: In destructor ‘OpenMM::CudaParameterSet::~CudaParameterSet()’:
/home/surgeon/trash/set-up-wshell/openmm/platforms/cuda/src/CudaParameterSet.cpp:39:9: warning: ‘throw’ will always call ‘terminate’ [-Wterminate]
   39 |         throw OpenMMException(m.str());\
      |         ^~~~~~~~~~~~~~~~~~~~~~~~~~~~~~
/home/surgeon/trash/set-up-wshell/openmm/platforms/cuda/src/CudaParameterSet.cpp:79:13: note: in expansion of macro ‘CHECK_RESULT’
   79 |             CHECK_RESULT(cuMemFree(buffers[i].getMemory()));
      |             ^~~~~~~~~~~~
/home/surgeon/trash/set-up-wshell/openmm/platforms/cuda/src/CudaParameterSet.cpp:39:9: note: in C++11 destructors default to ‘noexcept’
   39 |         throw OpenMMException(m.str());\
      |         ^~~~~~~~~~~~~~~~~~~~~~~~~~~~~~
/home/surgeon/trash/set-up-wshell/openmm/platforms/cuda/src/CudaParameterSet.cpp:79:13: note: in expansion of macro ‘CHECK_RESULT’
   79 |             CHECK_RESULT(cuMemFree(buffers[i].getMemory()));
      |             ^~~~~~~~~~~~
/home/surgeon/trash/set-up-wshell/openmm/platforms/opencl/src/cl.hpp: In constructor ‘cl::Sampler::Sampler(const cl::Context&, cl_bool, cl_addressing_mode, cl_filter_mode, cl_int*)’:
/home/surgeon/trash/set-up-wshell/openmm/platforms/opencl/src/cl.hpp:4241:36: warning: ‘_cl_sampler* clCreateSampler(cl_context, cl_bool, cl_addressing_mode, cl_filter_mode, cl_int*)’ is deprecated [-Wdeprecated-declarations]
 4241 |         object_ = ::clCreateSampler(
      |                   ~~~~~~~~~~~~~~~~~^
 4242 |             context(),
      |             ~~~~~~~~~~              
 4243 |             normalized_coords,
      |             ~~~~~~~~~~~~~~~~~~      
 4244 |             addressing_mode,
      |             ~~~~~~~~~~~~~~~~        
 4245 |             filter_mode,
      |             ~~~~~~~~~~~~            
 4246 |             &error);
      |             ~~~~~~~                 
/opt/cuda/include/CL/cl.h:1986:1: note: declared here
 1986 | clCreateSampler(cl_context          context,
      | ^~~~~~~~~~~~~~~
/home/surgeon/trash/set-up-wshell/openmm/platforms/opencl/src/cl.hpp: In constructor ‘cl::CommandQueue::CommandQueue(cl_command_queue_properties, cl_int*)’:
/home/surgeon/trash/set-up-wshell/openmm/platforms/opencl/src/cl.hpp:5085:45: warning: ‘_cl_command_queue* clCreateCommandQueue(cl_context, cl_device_id, cl_command_queue_properties, cl_int*)’ is deprecated [-Wdeprecated-declarations]
 5085 |             object_ = ::clCreateCommandQueue(
      |                       ~~~~~~~~~~~~~~~~~~~~~~^
 5086 |                 context(), device(), properties, &error);
      |                 ~~~~~~~~~~~~~~~~~~~~~~~~~~~~~~~~~~~~~~~~
/opt/cuda/include/CL/cl.h:1980:1: note: declared here
 1980 | clCreateCommandQueue(cl_context                     context,
      | ^~~~~~~~~~~~~~~~~~~~
/home/surgeon/trash/set-up-wshell/openmm/platforms/opencl/src/cl.hpp: In constructor ‘cl::CommandQueue::CommandQueue(const cl::Context&, const cl::Device&, cl_command_queue_properties, cl_int*)’:
/home/surgeon/trash/set-up-wshell/openmm/platforms/opencl/src/cl.hpp:5102:41: warning: ‘_cl_command_queue* clCreateCommandQueue(cl_context, cl_device_id, cl_command_queue_properties, cl_int*)’ is deprecated [-Wdeprecated-declarations]
 5102 |         object_ = ::clCreateCommandQueue(
      |                   ~~~~~~~~~~~~~~~~~~~~~~^
 5103 |             context(), device(), properties, &error);
      |             ~~~~~~~~~~~~~~~~~~~~~~~~~~~~~~~~~~~~~~~~
/opt/cuda/include/CL/cl.h:1980:1: note: declared here
 1980 | clCreateCommandQueue(cl_context                     context,
      | ^~~~~~~~~~~~~~~~~~~~
/home/surgeon/trash/set-up-wshell/openmm/platforms/opencl/src/cl.hpp: In member function ‘cl_int cl::CommandQueue::enqueueTask(const cl::Kernel&, const std::vector<cl::Event>*, cl::Event*) const’:
/home/surgeon/trash/set-up-wshell/openmm/platforms/opencl/src/cl.hpp:5879:28: warning: ‘cl_int clEnqueueTask(cl_command_queue, cl_kernel, cl_uint, _cl_event* const*, _cl_event**)’ is deprecated [-Wdeprecated-declarations]
 5879 |             ::clEnqueueTask(
      |             ~~~~~~~~~~~~~~~^
 5880 |                 object_, kernel(),
      |                 ~~~~~~~~~~~~~~~~~~
 5881 |                 (events != NULL) ? (cl_uint) events->size() : 0,
      |                 ~~~~~~~~~~~~~~~~~~~~~~~~~~~~~~~~~~~~~~~~~~~~~~~~
 5882 |                 (events != NULL && events->size() > 0) ? (cl_event*) &events->front() : NULL,
      |                 ~~~~~~~~~~~~~~~~~~~~~~~~~~~~~~~~~~~~~~~~~~~~~~~~~~~~~~~~~~~~~~~~~~~~~~~~~~~~~
 5883 |                 (event != NULL) ? &tmp : NULL),
      |                 ~~~~~~~~~~~~~~~~~~~~~~~~~~~~~~
/opt/cuda/include/CL/cl.h:1993:1: note: declared here
 1993 | clEnqueueTask(cl_command_queue  command_queue,
      | ^~~~~~~~~~~~~
/home/surgeon/trash/set-up-wshell/openmm/platforms/opencl/src/cl.hpp: In constructor ‘cl::CommandQueue::CommandQueue(cl_command_queue_properties, cl_int*)’:
/home/surgeon/trash/set-up-wshell/openmm/platforms/opencl/src/cl.hpp:5085:45: warning: ‘_cl_command_queue* clCreateCommandQueue(cl_context, cl_device_id, cl_command_queue_properties, cl_int*)’ is deprecated [-Wdeprecated-declarations]
 5085 |             object_ = ::clCreateCommandQueue(
      |                       ~~~~~~~~~~~~~~~~~~~~~~^
 5086 |                 context(), device(), properties, &error);
      |                 ~~~~~~~~~~~~~~~~~~~~~~~~~~~~~~~~~~~~~~~~
/opt/cuda/include/CL/cl.h:1980:1: note: declared here
 1980 | clCreateCommandQueue(cl_context                     context,
      | ^~~~~~~~~~~~~~~~~~~~
/home/surgeon/trash/set-up-wshell/openmm/platforms/opencl/src/cl.hpp: In constructor ‘cl::CommandQueue::CommandQueue(const cl::Context&, const cl::Device&, cl_command_queue_properties, cl_int*)’:
/home/surgeon/trash/set-up-wshell/openmm/platforms/opencl/src/cl.hpp:5102:41: warning: ‘_cl_command_queue* clCreateCommandQueue(cl_context, cl_device_id, cl_command_queue_properties, cl_int*)’ is deprecated [-Wdeprecated-declarations]
 5102 |         object_ = ::clCreateCommandQueue(
      |                   ~~~~~~~~~~~~~~~~~~~~~~^
 5103 |             context(), device(), properties, &error);
      |             ~~~~~~~~~~~~~~~~~~~~~~~~~~~~~~~~~~~~~~~~
/opt/cuda/include/CL/cl.h:1980:1: note: declared here
 1980 | clCreateCommandQueue(cl_context                     context,
      | ^~~~~~~~~~~~~~~~~~~~
/home/surgeon/trash/set-up-wshell/openmm/platforms/opencl/src/cl.hpp: In member function ‘cl_int cl::CommandQueue::enqueueTask(const cl::Kernel&, const std::vector<cl::Event>*, cl::Event*) const’:
/home/surgeon/trash/set-up-wshell/openmm/platforms/opencl/src/cl.hpp:5879:28: warning: ‘cl_int clEnqueueTask(cl_command_queue, cl_kernel, cl_uint, _cl_event* const*, _cl_event**)’ is deprecated [-Wdeprecated-declarations]
 5879 |             ::clEnqueueTask(
      |             ~~~~~~~~~~~~~~~^
 5880 |                 object_, kernel(),
      |                 ~~~~~~~~~~~~~~~~~~
 5881 |                 (events != NULL) ? (cl_uint) events->size() : 0,
      |                 ~~~~~~~~~~~~~~~~~~~~~~~~~~~~~~~~~~~~~~~~~~~~~~~~
 5882 |                 (events != NULL && events->size() > 0) ? (cl_event*) &events->front() : NULL,
      |                 ~~~~~~~~~~~~~~~~~~~~~~~~~~~~~~~~~~~~~~~~~~~~~~~~~~~~~~~~~~~~~~~~~~~~~~~~~~~~~
 5883 |                 (event != NULL) ? &tmp : NULL),
      |                 ~~~~~~~~~~~~~~~~~~~~~~~~~~~~~~
/opt/cuda/include/CL/cl.h:1993:1: note: declared here
 1993 | clEnqueueTask(cl_command_queue  command_queue,
      | ^~~~~~~~~~~~~
/home/surgeon/trash/set-up-wshell/openmm/platforms/opencl/src/cl.hpp: In member function ‘cl_int cl::CommandQueue::enqueueTask(const cl::Kernel&, const std::vector<cl::Event>*, cl::Event*) const’:
/home/surgeon/trash/set-up-wshell/openmm/platforms/opencl/src/cl.hpp:5879:28: warning: ‘cl_int clEnqueueTask(cl_command_queue, cl_kernel, cl_uint, _cl_event* const*, _cl_event**)’ is deprecated [-Wdeprecated-declarations]
 5879 |             ::clEnqueueTask(
      |             ~~~~~~~~~~~~~~~^
 5880 |                 object_, kernel(),
      |                 ~~~~~~~~~~~~~~~~~~
 5881 |                 (events != NULL) ? (cl_uint) events->size() : 0,
      |                 ~~~~~~~~~~~~~~~~~~~~~~~~~~~~~~~~~~~~~~~~~~~~~~~~
 5882 |                 (events != NULL && events->size() > 0) ? (cl_event*) &events->front() : NULL,
      |                 ~~~~~~~~~~~~~~~~~~~~~~~~~~~~~~~~~~~~~~~~~~~~~~~~~~~~~~~~~~~~~~~~~~~~~~~~~~~~~
 5883 |                 (event != NULL) ? &tmp : NULL),
      |                 ~~~~~~~~~~~~~~~~~~~~~~~~~~~~~~
/opt/cuda/include/CL/cl.h:1993:1: note: declared here
 1993 | clEnqueueTask(cl_command_queue  command_queue,
      | ^~~~~~~~~~~~~
[ 56%] Built target TestReferenceRBTorsionForce
make[2]: warning: -j24 forced in submake: resetting jobserver mode.
/home/surgeon/trash/set-up-wshell/openmm/platforms/opencl/src/cl.hpp: In constructor ‘cl::CommandQueue::CommandQueue(cl_command_queue_properties, cl_int*)’:
/home/surgeon/trash/set-up-wshell/openmm/platforms/opencl/src/cl.hpp:5085:45: warning: ‘_cl_command_queue* clCreateCommandQueue(cl_context, cl_device_id, cl_command_queue_properties, cl_int*)’ is deprecated [-Wdeprecated-declarations]
 5085 |             object_ = ::clCreateCommandQueue(
      |                       ~~~~~~~~~~~~~~~~~~~~~~^
 5086 |                 context(), device(), properties, &error);
      |                 ~~~~~~~~~~~~~~~~~~~~~~~~~~~~~~~~~~~~~~~~
/opt/cuda/include/CL/cl.h:1980:1: note: declared here
 1980 | clCreateCommandQueue(cl_context                     context,
      | ^~~~~~~~~~~~~~~~~~~~
/home/surgeon/trash/set-up-wshell/openmm/platforms/opencl/src/cl.hpp: In constructor ‘cl::CommandQueue::CommandQueue(const cl::Context&, const cl::Device&, cl_command_queue_properties, cl_int*)’:
/home/surgeon/trash/set-up-wshell/openmm/platforms/opencl/src/cl.hpp:5102:41: warning: ‘_cl_command_queue* clCreateCommandQueue(cl_context, cl_device_id, cl_command_queue_properties, cl_int*)’ is deprecated [-Wdeprecated-declarations]
 5102 |         object_ = ::clCreateCommandQueue(
      |                   ~~~~~~~~~~~~~~~~~~~~~~^
 5103 |             context(), device(), properties, &error);
      |             ~~~~~~~~~~~~~~~~~~~~~~~~~~~~~~~~~~~~~~~~
/opt/cuda/include/CL/cl.h:1980:1: note: declared here
 1980 | clCreateCommandQueue(cl_context                     context,
      | ^~~~~~~~~~~~~~~~~~~~
/home/surgeon/trash/set-up-wshell/openmm/platforms/opencl/src/cl.hpp: In member function ‘cl_int cl::CommandQueue::enqueueTask(const cl::Kernel&, const std::vector<cl::Event>*, cl::Event*) const’:
/home/surgeon/trash/set-up-wshell/openmm/platforms/opencl/src/cl.hpp:5879:28: warning: ‘cl_int clEnqueueTask(cl_command_queue, cl_kernel, cl_uint, _cl_event* const*, _cl_event**)’ is deprecated [-Wdeprecated-declarations]
 5879 |             ::clEnqueueTask(
      |             ~~~~~~~~~~~~~~~^
 5880 |                 object_, kernel(),
      |                 ~~~~~~~~~~~~~~~~~~
 5881 |                 (events != NULL) ? (cl_uint) events->size() : 0,
      |                 ~~~~~~~~~~~~~~~~~~~~~~~~~~~~~~~~~~~~~~~~~~~~~~~~
 5882 |                 (events != NULL && events->size() > 0) ? (cl_event*) &events->front() : NULL,
      |                 ~~~~~~~~~~~~~~~~~~~~~~~~~~~~~~~~~~~~~~~~~~~~~~~~~~~~~~~~~~~~~~~~~~~~~~~~~~~~~
 5883 |                 (event != NULL) ? &tmp : NULL),
      |                 ~~~~~~~~~~~~~~~~~~~~~~~~~~~~~~
/opt/cuda/include/CL/cl.h:1993:1: note: declared here
 1993 | clEnqueueTask(cl_command_queue  command_queue,
      | ^~~~~~~~~~~~~
[ 56%] Building CXX object plugins/amoeba/CMakeFiles/OpenMMAmoeba.dir/serialization/src/AmoebaStretchBendForceProxy.cpp.o
/home/surgeon/trash/set-up-wshell/openmm/platforms/opencl/src/cl.hpp: In constructor ‘cl::Sampler::Sampler(const cl::Context&, cl_bool, cl_addressing_mode, cl_filter_mode, cl_int*)’:
/home/surgeon/trash/set-up-wshell/openmm/platforms/opencl/src/cl.hpp:4241:36: warning: ‘_cl_sampler* clCreateSampler(cl_context, cl_bool, cl_addressing_mode, cl_filter_mode, cl_int*)’ is deprecated [-Wdeprecated-declarations]
 4241 |         object_ = ::clCreateSampler(
      |                   ~~~~~~~~~~~~~~~~~^
 4242 |             context(),
      |             ~~~~~~~~~~              
 4243 |             normalized_coords,
      |             ~~~~~~~~~~~~~~~~~~      
 4244 |             addressing_mode,
      |             ~~~~~~~~~~~~~~~~        
 4245 |             filter_mode,
      |             ~~~~~~~~~~~~            
 4246 |             &error);
      |             ~~~~~~~                 
/opt/cuda/include/CL/cl.h:1986:1: note: declared here
 1986 | clCreateSampler(cl_context          context,
      | ^~~~~~~~~~~~~~~
/home/surgeon/trash/set-up-wshell/openmm/platforms/opencl/src/cl.hpp: In constructor ‘cl::Sampler::Sampler(const cl::Context&, cl_bool, cl_addressing_mode, cl_filter_mode, cl_int*)’:
/home/surgeon/trash/set-up-wshell/openmm/platforms/opencl/src/cl.hpp:4241:36: warning: ‘_cl_sampler* clCreateSampler(cl_context, cl_bool, cl_addressing_mode, cl_filter_mode, cl_int*)’ is deprecated [-Wdeprecated-declarations]
 4241 |         object_ = ::clCreateSampler(
      |                   ~~~~~~~~~~~~~~~~~^
 4242 |             context(),
      |             ~~~~~~~~~~              
 4243 |             normalized_coords,
      |             ~~~~~~~~~~~~~~~~~~      
 4244 |             addressing_mode,
      |             ~~~~~~~~~~~~~~~~        
 4245 |             filter_mode,
      |             ~~~~~~~~~~~~            
 4246 |             &error);
      |             ~~~~~~~                 
/opt/cuda/include/CL/cl.h:1986:1: note: declared here
 1986 | clCreateSampler(cl_context          context,
      | ^~~~~~~~~~~~~~~
make[2]: warning: -j24 forced in submake: resetting jobserver mode.
[ 56%] Building CXX object serialization/tests/CMakeFiles/TestSerializeCustomCentroidBondForce.dir/TestSerializeCustomCentroidBondForce.cpp.o
/home/surgeon/trash/set-up-wshell/openmm/platforms/opencl/src/cl.hpp: In constructor ‘cl::Sampler::Sampler(const cl::Context&, cl_bool, cl_addressing_mode, cl_filter_mode, cl_int*)’:
/home/surgeon/trash/set-up-wshell/openmm/platforms/opencl/src/cl.hpp:4241:36: warning: ‘_cl_sampler* clCreateSampler(cl_context, cl_bool, cl_addressing_mode, cl_filter_mode, cl_int*)’ is deprecated [-Wdeprecated-declarations]
 4241 |         object_ = ::clCreateSampler(
      |                   ~~~~~~~~~~~~~~~~~^
 4242 |             context(),
      |             ~~~~~~~~~~              
 4243 |             normalized_coords,
      |             ~~~~~~~~~~~~~~~~~~      
 4244 |             addressing_mode,
      |             ~~~~~~~~~~~~~~~~        
 4245 |             filter_mode,
      |             ~~~~~~~~~~~~            
 4246 |             &error);
      |             ~~~~~~~                 
/opt/cuda/include/CL/cl.h:1986:1: note: declared here
 1986 | clCreateSampler(cl_context          context,
      | ^~~~~~~~~~~~~~~
[ 56%] Building CXX object plugins/amoeba/CMakeFiles/OpenMMAmoeba.dir/serialization/src/AmoebaTorsionTorsionForceProxy.cpp.o
[ 56%] Building CXX object plugins/amoeba/CMakeFiles/OpenMMAmoeba.dir/serialization/src/AmoebaVdwForceProxy.cpp.o
/home/surgeon/trash/set-up-wshell/openmm/platforms/opencl/src/cl.hpp: In constructor ‘cl::CommandQueue::CommandQueue(cl_command_queue_properties, cl_int*)’:
/home/surgeon/trash/set-up-wshell/openmm/platforms/opencl/src/cl.hpp:5085:45: warning: ‘_cl_command_queue* clCreateCommandQueue(cl_context, cl_device_id, cl_command_queue_properties, cl_int*)’ is deprecated [-Wdeprecated-declarations]
 5085 |             object_ = ::clCreateCommandQueue(
      |                       ~~~~~~~~~~~~~~~~~~~~~~^
 5086 |                 context(), device(), properties, &error);
      |                 ~~~~~~~~~~~~~~~~~~~~~~~~~~~~~~~~~~~~~~~~
/opt/cuda/include/CL/cl.h:1980:1: note: declared here
 1980 | clCreateCommandQueue(cl_context                     context,
      | ^~~~~~~~~~~~~~~~~~~~
/home/surgeon/trash/set-up-wshell/openmm/platforms/opencl/src/cl.hpp: In constructor ‘cl::CommandQueue::CommandQueue(const cl::Context&, const cl::Device&, cl_command_queue_properties, cl_int*)’:
/home/surgeon/trash/set-up-wshell/openmm/platforms/opencl/src/cl.hpp:5102:41: warning: ‘_cl_command_queue* clCreateCommandQueue(cl_context, cl_device_id, cl_command_queue_properties, cl_int*)’ is deprecated [-Wdeprecated-declarations]
 5102 |         object_ = ::clCreateCommandQueue(
      |                   ~~~~~~~~~~~~~~~~~~~~~~^
 5103 |             context(), device(), properties, &error);
      |             ~~~~~~~~~~~~~~~~~~~~~~~~~~~~~~~~~~~~~~~~
/opt/cuda/include/CL/cl.h:1980:1: note: declared here
 1980 | clCreateCommandQueue(cl_context                     context,
      | ^~~~~~~~~~~~~~~~~~~~
/home/surgeon/trash/set-up-wshell/openmm/platforms/opencl/src/cl.hpp: In constructor ‘cl::CommandQueue::CommandQueue(cl_command_queue_properties, cl_int*)’:
/home/surgeon/trash/set-up-wshell/openmm/platforms/opencl/src/cl.hpp:5085:45: warning: ‘_cl_command_queue* clCreateCommandQueue(cl_context, cl_device_id, cl_command_queue_properties, cl_int*)’ is deprecated [-Wdeprecated-declarations]
 5085 |             object_ = ::clCreateCommandQueue(
      |                       ~~~~~~~~~~~~~~~~~~~~~~^
 5086 |                 context(), device(), properties, &error);
      |                 ~~~~~~~~~~~~~~~~~~~~~~~~~~~~~~~~~~~~~~~~
/opt/cuda/include/CL/cl.h:1980:1: note: declared here
 1980 | clCreateCommandQueue(cl_context                     context,
      | ^~~~~~~~~~~~~~~~~~~~
/home/surgeon/trash/set-up-wshell/openmm/platforms/opencl/src/cl.hpp: In constructor ‘cl::CommandQueue::CommandQueue(const cl::Context&, const cl::Device&, cl_command_queue_properties, cl_int*)’:
/home/surgeon/trash/set-up-wshell/openmm/platforms/opencl/src/cl.hpp:5102:41: warning: ‘_cl_command_queue* clCreateCommandQueue(cl_context, cl_device_id, cl_command_queue_properties, cl_int*)’ is deprecated [-Wdeprecated-declarations]
 5102 |         object_ = ::clCreateCommandQueue(
      |                   ~~~~~~~~~~~~~~~~~~~~~~^
 5103 |             context(), device(), properties, &error);
      |             ~~~~~~~~~~~~~~~~~~~~~~~~~~~~~~~~~~~~~~~~
/opt/cuda/include/CL/cl.h:1980:1: note: declared here
 1980 | clCreateCommandQueue(cl_context                     context,
      | ^~~~~~~~~~~~~~~~~~~~
/home/surgeon/trash/set-up-wshell/openmm/platforms/opencl/src/cl.hpp: In member function ‘cl_int cl::CommandQueue::enqueueTask(const cl::Kernel&, const std::vector<cl::Event>*, cl::Event*) const’:
/home/surgeon/trash/set-up-wshell/openmm/platforms/opencl/src/cl.hpp:5879:28: warning: ‘cl_int clEnqueueTask(cl_command_queue, cl_kernel, cl_uint, _cl_event* const*, _cl_event**)’ is deprecated [-Wdeprecated-declarations]
 5879 |             ::clEnqueueTask(
      |             ~~~~~~~~~~~~~~~^
 5880 |                 object_, kernel(),
      |                 ~~~~~~~~~~~~~~~~~~
 5881 |                 (events != NULL) ? (cl_uint) events->size() : 0,
      |                 ~~~~~~~~~~~~~~~~~~~~~~~~~~~~~~~~~~~~~~~~~~~~~~~~
 5882 |                 (events != NULL && events->size() > 0) ? (cl_event*) &events->front() : NULL,
      |                 ~~~~~~~~~~~~~~~~~~~~~~~~~~~~~~~~~~~~~~~~~~~~~~~~~~~~~~~~~~~~~~~~~~~~~~~~~~~~~
 5883 |                 (event != NULL) ? &tmp : NULL),
      |                 ~~~~~~~~~~~~~~~~~~~~~~~~~~~~~~
/opt/cuda/include/CL/cl.h:1993:1: note: declared here
 1993 | clEnqueueTask(cl_command_queue  command_queue,
      | ^~~~~~~~~~~~~
/home/surgeon/trash/set-up-wshell/openmm/platforms/opencl/src/cl.hpp: In member function ‘cl_int cl::CommandQueue::enqueueTask(const cl::Kernel&, const std::vector<cl::Event>*, cl::Event*) const’:
/home/surgeon/trash/set-up-wshell/openmm/platforms/opencl/src/cl.hpp:5879:28: warning: ‘cl_int clEnqueueTask(cl_command_queue, cl_kernel, cl_uint, _cl_event* const*, _cl_event**)’ is deprecated [-Wdeprecated-declarations]
 5879 |             ::clEnqueueTask(
      |             ~~~~~~~~~~~~~~~^
 5880 |                 object_, kernel(),
      |                 ~~~~~~~~~~~~~~~~~~
 5881 |                 (events != NULL) ? (cl_uint) events->size() : 0,
      |                 ~~~~~~~~~~~~~~~~~~~~~~~~~~~~~~~~~~~~~~~~~~~~~~~~
 5882 |                 (events != NULL && events->size() > 0) ? (cl_event*) &events->front() : NULL,
      |                 ~~~~~~~~~~~~~~~~~~~~~~~~~~~~~~~~~~~~~~~~~~~~~~~~~~~~~~~~~~~~~~~~~~~~~~~~~~~~~
 5883 |                 (event != NULL) ? &tmp : NULL),
      |                 ~~~~~~~~~~~~~~~~~~~~~~~~~~~~~~
/opt/cuda/include/CL/cl.h:1993:1: note: declared here
 1993 | clEnqueueTask(cl_command_queue  command_queue,
      | ^~~~~~~~~~~~~
/home/surgeon/trash/set-up-wshell/openmm/platforms/opencl/src/cl.hpp: In constructor ‘cl::CommandQueue::CommandQueue(cl_command_queue_properties, cl_int*)’:
/home/surgeon/trash/set-up-wshell/openmm/platforms/opencl/src/cl.hpp:5085:45: warning: ‘_cl_command_queue* clCreateCommandQueue(cl_context, cl_device_id, cl_command_queue_properties, cl_int*)’ is deprecated [-Wdeprecated-declarations]
 5085 |             object_ = ::clCreateCommandQueue(
      |                       ~~~~~~~~~~~~~~~~~~~~~~^
 5086 |                 context(), device(), properties, &error);
      |                 ~~~~~~~~~~~~~~~~~~~~~~~~~~~~~~~~~~~~~~~~
/opt/cuda/include/CL/cl.h:1980:1: note: declared here
 1980 | clCreateCommandQueue(cl_context                     context,
      | ^~~~~~~~~~~~~~~~~~~~
/home/surgeon/trash/set-up-wshell/openmm/platforms/opencl/src/cl.hpp: In constructor ‘cl::CommandQueue::CommandQueue(const cl::Context&, const cl::Device&, cl_command_queue_properties, cl_int*)’:
/home/surgeon/trash/set-up-wshell/openmm/platforms/opencl/src/cl.hpp:5102:41: warning: ‘_cl_command_queue* clCreateCommandQueue(cl_context, cl_device_id, cl_command_queue_properties, cl_int*)’ is deprecated [-Wdeprecated-declarations]
 5102 |         object_ = ::clCreateCommandQueue(
      |                   ~~~~~~~~~~~~~~~~~~~~~~^
 5103 |             context(), device(), properties, &error);
      |             ~~~~~~~~~~~~~~~~~~~~~~~~~~~~~~~~~~~~~~~~
/opt/cuda/include/CL/cl.h:1980:1: note: declared here
 1980 | clCreateCommandQueue(cl_context                     context,
      | ^~~~~~~~~~~~~~~~~~~~
/home/surgeon/trash/set-up-wshell/openmm/platforms/opencl/src/cl.hpp: In member function ‘cl_int cl::CommandQueue::enqueueTask(const cl::Kernel&, const std::vector<cl::Event>*, cl::Event*) const’:
/home/surgeon/trash/set-up-wshell/openmm/platforms/opencl/src/cl.hpp:5879:28: warning: ‘cl_int clEnqueueTask(cl_command_queue, cl_kernel, cl_uint, _cl_event* const*, _cl_event**)’ is deprecated [-Wdeprecated-declarations]
 5879 |             ::clEnqueueTask(
      |             ~~~~~~~~~~~~~~~^
 5880 |                 object_, kernel(),
      |                 ~~~~~~~~~~~~~~~~~~
 5881 |                 (events != NULL) ? (cl_uint) events->size() : 0,
      |                 ~~~~~~~~~~~~~~~~~~~~~~~~~~~~~~~~~~~~~~~~~~~~~~~~
 5882 |                 (events != NULL && events->size() > 0) ? (cl_event*) &events->front() : NULL,
      |                 ~~~~~~~~~~~~~~~~~~~~~~~~~~~~~~~~~~~~~~~~~~~~~~~~~~~~~~~~~~~~~~~~~~~~~~~~~~~~~
 5883 |                 (event != NULL) ? &tmp : NULL),
      |                 ~~~~~~~~~~~~~~~~~~~~~~~~~~~~~~
/opt/cuda/include/CL/cl.h:1993:1: note: declared here
 1993 | clEnqueueTask(cl_command_queue  command_queue,
      | ^~~~~~~~~~~~~
[ 56%] Building CXX object plugins/amoeba/CMakeFiles/OpenMMAmoeba.dir/serialization/src/AmoebaWcaDispersionForceProxy.cpp.o
[ 56%] Linking CXX executable ../../../TestReferenceCustomIntegrator
[ 58%] Building CXX object plugins/amoeba/CMakeFiles/OpenMMAmoeba.dir/wrappers/AmoebaOpenMMCWrapper.cpp.o
[ 58%] Building CXX object plugins/amoeba/CMakeFiles/OpenMMAmoeba.dir/wrappers/AmoebaOpenMMFortranWrapper.cpp.o
[ 58%] Linking CXX executable ../../../TestReferenceVariableLangevinIntegrator
[ 58%] Linking CXX executable ../../../TestReferenceVerletIntegrator
/home/surgeon/trash/set-up-wshell/openmm/platforms/opencl/src/OpenCLIntegrationUtilities.cpp: At global scope:
/home/surgeon/trash/set-up-wshell/openmm/platforms/opencl/src/OpenCLIntegrationUtilities.cpp:76:63: warning: ‘template<class _Arg1, class _Arg2, class _Result> struct std::binary_function’ is deprecated [-Wdeprecated-declarations]
   76 | struct OpenCLIntegrationUtilities::ConstraintOrderer : public binary_function<int, int, bool> {
      |                                                               ^~~~~~~~~~~~~~~
In file included from /usr/include/c++/13.1.1/bits/refwrap.h:39,
                 from /usr/include/c++/13.1.1/vector:68,
                 from /home/surgeon/trash/set-up-wshell/openmm/openmmapi/include/openmm/System.h:36,
                 from /home/surgeon/trash/set-up-wshell/openmm/platforms/opencl/./include/OpenCLIntegrationUtilities.h:30:
/usr/include/c++/13.1.1/bits/stl_function.h:131:12: note: declared here
  131 |     struct binary_function
      |            ^~~~~~~~~~~~~~~
[ 58%] Linking CXX executable ../../../TestReferenceVariableVerletIntegrator
[ 58%] Built target TestReferenceCustomIntegrator
make[2]: warning: -j24 forced in submake: resetting jobserver mode.
make[2]: warning: -j24 forced in submake: resetting jobserver mode.
[ 58%] Building CXX object serialization/tests/CMakeFiles/TestSerializeCustomCompoundBondForce.dir/TestSerializeCustomCompoundBondForce.cpp.o
[ 58%] Built target TestReferenceVariableLangevinIntegrator
make[2]: warning: -j24 forced in submake: resetting jobserver mode.
[ 58%] Linking CXX executable ../../TestSerializeAndersenThermostat
[ 58%] Built target TestReferenceVerletIntegrator
make[2]: warning: -j24 forced in submake: resetting jobserver mode.
make[2]: warning: -j24 forced in submake: resetting jobserver mode.
[ 58%] Building CXX object serialization/tests/CMakeFiles/TestSerializeCustomExternalForce.dir/TestSerializeCustomExternalForce.cpp.o
make[2]: warning: -j24 forced in submake: resetting jobserver mode.
[ 58%] Building CXX object serialization/tests/CMakeFiles/TestSerializeCustomGBForce.dir/TestSerializeCustomGBForce.cpp.o
[ 58%] Built target TestReferenceVariableVerletIntegrator
make[2]: warning: -j24 forced in submake: resetting jobserver mode.
[ 58%] Linking CXX executable ../../TestSerializeCMMotionRemover
make[2]: warning: -j24 forced in submake: resetting jobserver mode.
[ 58%] Building CXX object serialization/tests/CMakeFiles/TestSerializeCustomHbondForce.dir/TestSerializeCustomHbondForce.cpp.o
[ 58%] Linking CXX shared library ../../libOpenMMDrude.so
[ 58%] Built target TestSerializeAndersenThermostat
make[2]: warning: -j24 forced in submake: resetting jobserver mode.
make[2]: warning: -j24 forced in submake: resetting jobserver mode.
[ 58%] Building CXX object serialization/tests/CMakeFiles/TestSerializeCustomManyParticleForce.dir/TestSerializeCustomManyParticleForce.cpp.o
[ 58%] Built target TestSerializeCMMotionRemover
make[2]: warning: -j24 forced in submake: resetting jobserver mode.
[ 58%] Built target OpenMMDrude
make[2]: warning: -j24 forced in submake: resetting jobserver mode.
make[2]: warning: -j24 forced in submake: resetting jobserver mode.
[ 58%] Building CXX object serialization/tests/CMakeFiles/TestSerializeCustomNonbondedForce.dir/TestSerializeCustomNonbondedForce.cpp.o
[ 60%] Linking CXX executable ../../TestSerializationNode
make[2]: warning: -j24 forced in submake: resetting jobserver mode.
[ 60%] Building CXX object serialization/tests/CMakeFiles/TestSerializeCustomTorsionForce.dir/TestSerializeCustomTorsionForce.cpp.o
[ 60%] Linking CXX shared library ../../libOpenMMRPMD.so
[ 60%] Built target TestSerializationNode
make[2]: warning: -j24 forced in submake: resetting jobserver mode.
[ 60%] Linking CXX executable ../../TestSerializeCustomBondForce
make[2]: warning: -j24 forced in submake: resetting jobserver mode.
[ 60%] Building CXX object serialization/tests/CMakeFiles/TestSerializeGBSAOBCForce.dir/TestSerializeGBSAOBCForce.cpp.o
[ 60%] Built target OpenMMRPMD
make[2]: warning: -j24 forced in submake: resetting jobserver mode.
[ 60%] Linking CXX executable ../../TestSerializeCustomAngleForce
[ 60%] Linking CXX executable ../../../TestReferenceCustomNonbondedForce
make[2]: warning: -j24 forced in submake: resetting jobserver mode.
[ 60%] Building CXX object serialization/tests/CMakeFiles/TestSerializeGayBerneForce.dir/TestSerializeGayBerneForce.cpp.o
[ 60%] Linking CXX executable ../../TestSerializeCMAPTorsion
[ 60%] Linking CXX executable ../../TestSerializeCustomCVForce
[ 60%] Built target TestSerializeCustomBondForce
[ 60%] Built target TestReferenceCustomNonbondedForce
make[2]: warning: -j24 forced in submake: resetting jobserver mode.
make[2]: warning: -j24 forced in submake: resetting jobserver mode.
make[2]: warning: -j24 forced in submake: resetting jobserver mode.
[ 60%] Building CXX object serialization/tests/CMakeFiles/TestSerializeHarmonicBondForce.dir/TestSerializeHarmonicBondForce.cpp.o
make[2]: warning: -j24 forced in submake: resetting jobserver mode.
[ 60%] Built target TestSerializeCustomAngleForce
[ 60%] Built target TestSerializeCMAPTorsion
make[2]: warning: -j24 forced in submake: resetting jobserver mode.
[ 60%] Building CXX object serialization/tests/CMakeFiles/TestSerializeHarmonicAngleForce.dir/TestSerializeHarmonicAngleForce.cpp.o
make[2]: warning: -j24 forced in submake: resetting jobserver mode.
make[2]: warning: -j24 forced in submake: resetting jobserver mode.
[ 60%] Building CXX object serialization/tests/CMakeFiles/TestSerializeIntegrator.dir/TestSerializeIntegrator.cpp.o
make[2]: warning: -j24 forced in submake: resetting jobserver mode.
[ 60%] Building CXX object serialization/tests/CMakeFiles/TestSerializeMonteCarloAnisotropicBarostat.dir/TestSerializeMonteCarloAnisotropicBarostat.cpp.o
[ 60%] Built target TestSerializeCustomCVForce
make[2]: warning: -j24 forced in submake: resetting jobserver mode.
/home/surgeon/trash/set-up-wshell/openmm/platforms/cuda/src/CudaContext.cpp: In constructor ‘OpenMM::CudaContext::CudaContext(const OpenMM::System&, int, bool, const std::string&, const std::string&, const std::string&, const std::string&, OpenMM::CudaPlatform::PlatformData&, OpenMM::CudaContext*)’:
/home/surgeon/trash/set-up-wshell/openmm/platforms/cuda/src/CudaContext.cpp:221:43: warning: ‘CUresult cuDeviceComputeCapability(int*, int*, CUdevice)’ is deprecated [-Wdeprecated-declarations]
  221 |     CHECK_RESULT(cuDeviceComputeCapability(&major, &minor, device));
      |                  ~~~~~~~~~~~~~~~~~~~~~~~~~^~~~~~~~~~~~~~~~~~~~~~~~
/home/surgeon/trash/set-up-wshell/openmm/platforms/cuda/src/CudaContext.cpp:64:9: note: in definition of macro ‘CHECK_RESULT2’
   64 |     if (result != CUDA_SUCCESS) { \
      |         ^~~~~~
/home/surgeon/trash/set-up-wshell/openmm/platforms/cuda/src/CudaContext.cpp:221:5: note: in expansion of macro ‘CHECK_RESULT’
  221 |     CHECK_RESULT(cuDeviceComputeCapability(&major, &minor, device));
      |     ^~~~~~~~~~~~
In file included from /home/surgeon/trash/set-up-wshell/openmm/platforms/cuda/./include/CudaContext.h:40,
                 from /home/surgeon/trash/set-up-wshell/openmm/platforms/cuda/src/CudaContext.cpp:31:
/opt/cuda/include/cuda.h:4910:36: note: declared here
 4910 | __CUDA_DEPRECATED CUresult CUDAAPI cuDeviceComputeCapability(int *major, int *minor, CUdevice dev);
      |                                    ^~~~~~~~~~~~~~~~~~~~~~~~~
/home/surgeon/trash/set-up-wshell/openmm/platforms/cuda/src/CudaContext.cpp:221:43: warning: ‘CUresult cuDeviceComputeCapability(int*, int*, CUdevice)’ is deprecated [-Wdeprecated-declarations]
  221 |     CHECK_RESULT(cuDeviceComputeCapability(&major, &minor, device));
      |                  ~~~~~~~~~~~~~~~~~~~~~~~~~^~~~~~~~~~~~~~~~~~~~~~~~
/home/surgeon/trash/set-up-wshell/openmm/platforms/cuda/src/CudaContext.cpp:66:41: note: in definition of macro ‘CHECK_RESULT2’
   66 |         m<<prefix<<": "<<getErrorString(result)<<" ("<<result<<")"<<" at "<<__FILE__<<":"<<__LINE__; \
      |                                         ^~~~~~
/home/surgeon/trash/set-up-wshell/openmm/platforms/cuda/src/CudaContext.cpp:221:5: note: in expansion of macro ‘CHECK_RESULT’
  221 |     CHECK_RESULT(cuDeviceComputeCapability(&major, &minor, device));
      |     ^~~~~~~~~~~~
/opt/cuda/include/cuda.h:4910:36: note: declared here
 4910 | __CUDA_DEPRECATED CUresult CUDAAPI cuDeviceComputeCapability(int *major, int *minor, CUdevice dev);
      |                                    ^~~~~~~~~~~~~~~~~~~~~~~~~
/home/surgeon/trash/set-up-wshell/openmm/platforms/cuda/src/CudaContext.cpp:221:43: warning: ‘CUresult cuDeviceComputeCapability(int*, int*, CUdevice)’ is deprecated [-Wdeprecated-declarations]
  221 |     CHECK_RESULT(cuDeviceComputeCapability(&major, &minor, device));
      |                  ~~~~~~~~~~~~~~~~~~~~~~~~~^~~~~~~~~~~~~~~~~~~~~~~~
/home/surgeon/trash/set-up-wshell/openmm/platforms/cuda/src/CudaContext.cpp:66:56: note: in definition of macro ‘CHECK_RESULT2’
   66 |         m<<prefix<<": "<<getErrorString(result)<<" ("<<result<<")"<<" at "<<__FILE__<<":"<<__LINE__; \
      |                                                        ^~~~~~
/home/surgeon/trash/set-up-wshell/openmm/platforms/cuda/src/CudaContext.cpp:221:5: note: in expansion of macro ‘CHECK_RESULT’
  221 |     CHECK_RESULT(cuDeviceComputeCapability(&major, &minor, device));
      |     ^~~~~~~~~~~~
/opt/cuda/include/cuda.h:4910:36: note: declared here
 4910 | __CUDA_DEPRECATED CUresult CUDAAPI cuDeviceComputeCapability(int *major, int *minor, CUdevice dev);
      |                                    ^~~~~~~~~~~~~~~~~~~~~~~~~
/home/surgeon/trash/set-up-wshell/openmm/platforms/cuda/src/CudaContext.cpp: In destructor ‘OpenMM::CudaContext::~CudaContext()’:
/home/surgeon/trash/set-up-wshell/openmm/platforms/cuda/src/CudaContext.cpp:67:9: warning: ‘throw’ will always call ‘terminate’ [-Wterminate]
   67 |         throw OpenMMException(m.str());\
      |         ^~~~~~~~~~~~~~~~~~~~~~~~~~~~~~
/home/surgeon/trash/set-up-wshell/openmm/platforms/cuda/src/CudaContext.cpp:62:30: note: in expansion of macro ‘CHECK_RESULT2’
   62 | #define CHECK_RESULT(result) CHECK_RESULT2(result, errorMessage);
      |                              ^~~~~~~~~~~~~
/home/surgeon/trash/set-up-wshell/openmm/platforms/cuda/src/CudaContext.cpp:436:9: note: in expansion of macro ‘CHECK_RESULT’
  436 |         CHECK_RESULT(cuCtxDestroy(context));
      |         ^~~~~~~~~~~~
/home/surgeon/trash/set-up-wshell/openmm/platforms/cuda/src/CudaContext.cpp:67:9: note: in C++11 destructors default to ‘noexcept’
   67 |         throw OpenMMException(m.str());\
      |         ^~~~~~~~~~~~~~~~~~~~~~~~~~~~~~
/home/surgeon/trash/set-up-wshell/openmm/platforms/cuda/src/CudaContext.cpp:62:30: note: in expansion of macro ‘CHECK_RESULT2’
   62 | #define CHECK_RESULT(result) CHECK_RESULT2(result, errorMessage);
      |                              ^~~~~~~~~~~~~
/home/surgeon/trash/set-up-wshell/openmm/platforms/cuda/src/CudaContext.cpp:436:9: note: in expansion of macro ‘CHECK_RESULT’
  436 |         CHECK_RESULT(cuCtxDestroy(context));
      |         ^~~~~~~~~~~~
make[2]: warning: -j24 forced in submake: resetting jobserver mode.
[ 60%] Linking CXX executable ../../../TestReferenceVirtualSites
[ 60%] Building CXX object serialization/tests/CMakeFiles/TestSerializeMonteCarloBarostat.dir/TestSerializeMonteCarloBarostat.cpp.o
[ 60%] Linking CXX shared library ../../libOpenMMPME.so
/home/surgeon/trash/set-up-wshell/openmm/platforms/cuda/src/CudaContext.cpp: In member function ‘std::vector<int> OpenMM::CudaContext::getDevicePrecedence()’:
/home/surgeon/trash/set-up-wshell/openmm/platforms/cuda/src/CudaContext.cpp:1474:47: warning: ‘CUresult cuDeviceComputeCapability(int*, int*, CUdevice)’ is deprecated [-Wdeprecated-declarations]
 1474 |         CHECK_RESULT(cuDeviceComputeCapability(&major, &minor, thisDevice));
      |                      ~~~~~~~~~~~~~~~~~~~~~~~~~^~~~~~~~~~~~~~~~~~~~~~~~~~~~
/home/surgeon/trash/set-up-wshell/openmm/platforms/cuda/src/CudaContext.cpp:64:9: note: in definition of macro ‘CHECK_RESULT2’
   64 |     if (result != CUDA_SUCCESS) { \
      |         ^~~~~~
/home/surgeon/trash/set-up-wshell/openmm/platforms/cuda/src/CudaContext.cpp:1474:9: note: in expansion of macro ‘CHECK_RESULT’
 1474 |         CHECK_RESULT(cuDeviceComputeCapability(&major, &minor, thisDevice));
      |         ^~~~~~~~~~~~
/opt/cuda/include/cuda.h:4910:36: note: declared here
 4910 | __CUDA_DEPRECATED CUresult CUDAAPI cuDeviceComputeCapability(int *major, int *minor, CUdevice dev);
      |                                    ^~~~~~~~~~~~~~~~~~~~~~~~~
/home/surgeon/trash/set-up-wshell/openmm/platforms/cuda/src/CudaContext.cpp:1474:47: warning: ‘CUresult cuDeviceComputeCapability(int*, int*, CUdevice)’ is deprecated [-Wdeprecated-declarations]
 1474 |         CHECK_RESULT(cuDeviceComputeCapability(&major, &minor, thisDevice));
      |                      ~~~~~~~~~~~~~~~~~~~~~~~~~^~~~~~~~~~~~~~~~~~~~~~~~~~~~
/home/surgeon/trash/set-up-wshell/openmm/platforms/cuda/src/CudaContext.cpp:66:41: note: in definition of macro ‘CHECK_RESULT2’
   66 |         m<<prefix<<": "<<getErrorString(result)<<" ("<<result<<")"<<" at "<<__FILE__<<":"<<__LINE__; \
      |                                         ^~~~~~
/home/surgeon/trash/set-up-wshell/openmm/platforms/cuda/src/CudaContext.cpp:1474:9: note: in expansion of macro ‘CHECK_RESULT’
 1474 |         CHECK_RESULT(cuDeviceComputeCapability(&major, &minor, thisDevice));
      |         ^~~~~~~~~~~~
/opt/cuda/include/cuda.h:4910:36: note: declared here
 4910 | __CUDA_DEPRECATED CUresult CUDAAPI cuDeviceComputeCapability(int *major, int *minor, CUdevice dev);
      |                                    ^~~~~~~~~~~~~~~~~~~~~~~~~
/home/surgeon/trash/set-up-wshell/openmm/platforms/cuda/src/CudaContext.cpp:1474:47: warning: ‘CUresult cuDeviceComputeCapability(int*, int*, CUdevice)’ is deprecated [-Wdeprecated-declarations]
 1474 |         CHECK_RESULT(cuDeviceComputeCapability(&major, &minor, thisDevice));
      |                      ~~~~~~~~~~~~~~~~~~~~~~~~~^~~~~~~~~~~~~~~~~~~~~~~~~~~~
/home/surgeon/trash/set-up-wshell/openmm/platforms/cuda/src/CudaContext.cpp:66:56: note: in definition of macro ‘CHECK_RESULT2’
   66 |         m<<prefix<<": "<<getErrorString(result)<<" ("<<result<<")"<<" at "<<__FILE__<<":"<<__LINE__; \
      |                                                        ^~~~~~
/home/surgeon/trash/set-up-wshell/openmm/platforms/cuda/src/CudaContext.cpp:1474:9: note: in expansion of macro ‘CHECK_RESULT’
 1474 |         CHECK_RESULT(cuDeviceComputeCapability(&major, &minor, thisDevice));
      |         ^~~~~~~~~~~~
/opt/cuda/include/cuda.h:4910:36: note: declared here
 4910 | __CUDA_DEPRECATED CUresult CUDAAPI cuDeviceComputeCapability(int *major, int *minor, CUdevice dev);
      |                                    ^~~~~~~~~~~~~~~~~~~~~~~~~
[ 60%] Linking CXX executable ../../../TestReferenceNonbondedForce
[ 62%] Linking CXX executable ../../TestSerializeCustomExternalForce
[ 62%] Linking CXX executable ../../TestSerializeGBSAOBCForce
[ 62%] Built target TestReferenceVirtualSites
[ 62%] Linking CXX shared library ../../libOpenMMAmoeba.so
[ 62%] Linking CXX executable ../../TestSerializeCustomCentroidBondForce
make[2]: warning: -j24 forced in submake: resetting jobserver mode.
make[2]: warning: -j24 forced in submake: resetting jobserver mode.
[ 62%] Building CXX object serialization/tests/CMakeFiles/TestSerializeMonteCarloMembraneBarostat.dir/TestSerializeMonteCarloMembraneBarostat.cpp.o
[ 62%] Built target OpenMMPME
[ 62%] Linking CXX executable ../../TestSerializeCustomCompoundBondForce
make[2]: warning: -j24 forced in submake: resetting jobserver mode.
[ 62%] Built target TestReferenceNonbondedForce
[ 62%] Built target TestSerializeCustomExternalForce
make[2]: warning: -j24 forced in submake: resetting jobserver mode.
[ 62%] Built target TestSerializeGBSAOBCForce
make[2]: warning: -j24 forced in submake: resetting jobserver mode.
[ 62%] Linking CXX executable ../../TestSerializeCustomGBForce
[ 62%] Building CXX object serialization/tests/CMakeFiles/TestSerializeNonbondedForce.dir/TestSerializeNonbondedForce.cpp.o
make[2]: warning: -j24 forced in submake: resetting jobserver mode.
make[2]: warning: -j24 forced in submake: resetting jobserver mode.
make[2]: warning: -j24 forced in submake: resetting jobserver mode.
make[2]: warning: -j24 forced in submake: resetting jobserver mode.
[ 62%] Building CXX object serialization/tests/CMakeFiles/TestSerializePeriodicTorsionForce.dir/TestSerializePeriodicTorsionForce.cpp.o
make[2]: warning: -j24 forced in submake: resetting jobserver mode.
[ 62%] Building CXX object serialization/tests/CMakeFiles/TestSerializeRBTorsionForce.dir/TestSerializeRBTorsionForce.cpp.o
[ 62%] Building CXX object serialization/tests/CMakeFiles/TestSerializeRMSDForce.dir/TestSerializeRMSDForce.cpp.o
[ 62%] Built target TestSerializeCustomCompoundBondForce
[ 62%] Built target TestSerializeCustomCentroidBondForce
[ 62%] Built target OpenMMAmoeba
make[2]: warning: -j24 forced in submake: resetting jobserver mode.
make[2]: warning: -j24 forced in submake: resetting jobserver mode.
make[2]: warning: -j24 forced in submake: resetting jobserver mode.
[ 62%] Built target TestSerializeCustomGBForce
make[2]: warning: -j24 forced in submake: resetting jobserver mode.
make[2]: warning: -j24 forced in submake: resetting jobserver mode.
make[2]: warning: -j24 forced in submake: resetting jobserver mode.
[ 62%] Building CXX object serialization/tests/CMakeFiles/TestSerializeState.dir/TestSerializeState.cpp.o
make[2]: warning: -j24 forced in submake: resetting jobserver mode.
[ 62%] Linking CXX executable ../../TestSerializeCustomTorsionForce
[ 62%] Building CXX object serialization/tests/CMakeFiles/TestSerializeTabulatedFunctions.dir/TestSerializeTabulatedFunctions.cpp.o
[ 62%] Linking CXX executable ../../TestSerializeMonteCarloAnisotropicBarostat
[ 62%] Linking CXX executable ../../TestSerializeMonteCarloBarostat
[ 62%] Building CXX object serialization/tests/CMakeFiles/TestSerializeSystem.dir/TestSerializeSystem.cpp.o
make[2]: warning: -j24 forced in submake: resetting jobserver mode.
[ 62%] Building CXX object tests/CMakeFiles/TestEnforcePeriodicBox.dir/TestEnforcePeriodicBox.cpp.o
[ 62%] Linking CXX executable ../../TestSerializeCustomHbondForce
[ 63%] Linking CXX executable ../../TestSerializeHarmonicBondForce
[ 63%] Linking CXX executable ../../TestSerializeGayBerneForce
[ 63%] Linking CXX executable ../../TestSerializeHarmonicAngleForce
[ 63%] Built target TestSerializeMonteCarloAnisotropicBarostat
make[2]: warning: -j24 forced in submake: resetting jobserver mode.
make[2]: warning: -j24 forced in submake: resetting jobserver mode.
[ 63%] Built target TestSerializeCustomTorsionForce
[ 63%] Building CXX object tests/CMakeFiles/TestFindExclusions.dir/TestFindExclusions.cpp.o
make[2]: warning: -j24 forced in submake: resetting jobserver mode.
[ 63%] Built target TestSerializeHarmonicAngleForce
[ 63%] Built target TestSerializeMonteCarloBarostat
make[2]: warning: -j24 forced in submake: resetting jobserver mode.
make[2]: warning: -j24 forced in submake: resetting jobserver mode.
make[2]: warning: -j24 forced in submake: resetting jobserver mode.
[ 63%] Built target TestSerializeHarmonicBondForce
make[2]: warning: -j24 forced in submake: resetting jobserver mode.
[ 63%] Building CXX object tests/CMakeFiles/TestFindMolecules.dir/TestFindMolecules.cpp.o
[ 63%] Building CXX object tests/CMakeFiles/TestParser.dir/TestParser.cpp.o
[ 63%] Built target TestSerializeCustomHbondForce
make[2]: warning: -j24 forced in submake: resetting jobserver mode.
make[2]: warning: -j24 forced in submake: resetting jobserver mode.
make[2]: warning: -j24 forced in submake: resetting jobserver mode.
[ 63%] Built target TestSerializeGayBerneForce
[ 63%] Linking CXX executable ../../TestSerializeCustomManyParticleForce
[ 63%] Building CXX object tests/CMakeFiles/TestSplineFitter.dir/TestSplineFitter.cpp.o
make[2]: warning: -j24 forced in submake: resetting jobserver mode.
make[2]: warning: -j24 forced in submake: resetting jobserver mode.
[ 63%] Building CXX object tests/CMakeFiles/TestSystem.dir/TestSystem.cpp.o
make[2]: warning: -j24 forced in submake: resetting jobserver mode.
[ 63%] Linking CXX executable ../../TestSerializeMonteCarloMembraneBarostat
[ 63%] Building CXX object tests/CMakeFiles/TestVectorExpression.dir/TestVectorExpression.cpp.o
make[2]: warning: -j24 forced in submake: resetting jobserver mode.
[ 63%] Building CXX object tests/CMakeFiles/TestVectorize.dir/TestVectorize.cpp.o
[ 63%] Linking CXX executable ../../TestSerializeCustomNonbondedForce
[ 63%] Built target TestSerializeCustomManyParticleForce
make[2]: warning: -j24 forced in submake: resetting jobserver mode.
make[2]: warning: -j24 forced in submake: resetting jobserver mode.
[ 63%] Building CXX object tests/CMakeFiles/TestVectorize8.dir/TestVectorize8.cpp.o
[ 63%] Built target TestSerializeMonteCarloMembraneBarostat
make[2]: warning: -j24 forced in submake: resetting jobserver mode.
[ 63%] Linking CXX executable ../../TestSerializeRMSDForce
[ 63%] Linking CXX executable ../TestEnforcePeriodicBox
make[2]: warning: -j24 forced in submake: resetting jobserver mode.
[ 63%] Built target TestSerializeCustomNonbondedForce
make[2]: warning: -j24 forced in submake: resetting jobserver mode.
[ 63%] Building CXX object examples/CMakeFiles/HelloArgon.dir/HelloArgon.cpp.o
make[2]: warning: -j24 forced in submake: resetting jobserver mode.
[ 63%] Building CXX object examples/CMakeFiles/HelloSodiumChloride.dir/HelloSodiumChloride.cpp.o
[ 63%] Linking CXX executable ../../TestSerializePeriodicTorsionForce
[ 63%] Built target TestEnforcePeriodicBox
make[2]: warning: -j24 forced in submake: resetting jobserver mode.
make[2]: warning: -j24 forced in submake: resetting jobserver mode.
[ 63%] Built target TestSerializeRMSDForce
[ 65%] Building CXX object examples/CMakeFiles/HelloEthane.dir/HelloEthane.cpp.o
make[2]: warning: -j24 forced in submake: resetting jobserver mode.
[ 65%] Linking CXX executable ../TestFindMolecules
make[2]: warning: -j24 forced in submake: resetting jobserver mode.
[ 65%] Building CXX object examples/CMakeFiles/HelloWaterBox.dir/HelloWaterBox.cpp.o
[ 65%] Linking CXX executable ../TestVectorExpression
[ 65%] Built target TestSerializePeriodicTorsionForce
make[2]: warning: -j24 forced in submake: resetting jobserver mode.
[ 65%] Linking CXX executable ../../TestSerializeRBTorsionForce
make[2]: warning: -j24 forced in submake: resetting jobserver mode.
[ 65%] Building C object examples/CMakeFiles/HelloArgonInC.dir/HelloArgonInC.c.o
[ 65%] Building CXX object examples/CMakeFiles/HelloArgonInC.dir/Empty.cpp.o
[ 65%] Built target TestFindMolecules
make[2]: warning: -j24 forced in submake: resetting jobserver mode.
[ 65%] Built target TestVectorExpression
make[2]: warning: -j24 forced in submake: resetting jobserver mode.
make[2]: warning: -j24 forced in submake: resetting jobserver mode.
[ 65%] Linking CXX executable ../TestSystem
[ 65%] Linking CXX executable ../HelloArgonInC
make[2]: warning: -j24 forced in submake: resetting jobserver mode.
[ 65%] Building C object examples/CMakeFiles/HelloSodiumChlorideInC.dir/HelloSodiumChlorideInC.c.o
[ 65%] Building CXX object examples/CMakeFiles/HelloSodiumChlorideInC.dir/Empty.cpp.o
[ 65%] Building CXX object plugins/amoeba/platforms/reference/CMakeFiles/OpenMMAmoebaReference.dir/src/AmoebaReferenceKernelFactory.cpp.o
[ 65%] Building CXX object plugins/amoeba/platforms/reference/CMakeFiles/OpenMMAmoebaReference.dir/src/AmoebaReferenceKernels.cpp.o
[ 65%] Linking CXX executable ../TestFindExclusions
[ 65%] Building CXX object plugins/amoeba/platforms/reference/CMakeFiles/OpenMMAmoebaReference.dir/src/SimTKReference/AmoebaReferenceAngleForce.cpp.o
[ 65%] Building CXX object plugins/amoeba/platforms/reference/CMakeFiles/OpenMMAmoebaReference.dir/src/SimTKReference/AmoebaReferenceBondForce.cpp.o
[ 65%] Linking CXX executable ../../TestSerializeSystem
[ 65%] Building CXX object plugins/amoeba/platforms/reference/CMakeFiles/OpenMMAmoebaReference.dir/src/SimTKReference/AmoebaReferenceForce.cpp.o
[ 65%] Building CXX object plugins/amoeba/platforms/reference/CMakeFiles/OpenMMAmoebaReference.dir/src/SimTKReference/AmoebaReferenceGeneralizedKirkwoodForce.cpp.o
[ 65%] Building CXX object plugins/amoeba/platforms/reference/CMakeFiles/OpenMMAmoebaReference.dir/src/SimTKReference/AmoebaReferenceInPlaneAngleForce.cpp.o
[ 65%] Linking CXX executable ../HelloSodiumChloride
[ 65%] Linking CXX executable ../HelloSodiumChlorideInC
[ 65%] Built target TestSerializeRBTorsionForce
[ 65%] Building CXX object plugins/amoeba/platforms/reference/CMakeFiles/OpenMMAmoebaReference.dir/src/SimTKReference/AmoebaReferenceMultipoleForce.cpp.o
make[2]: warning: -j24 forced in submake: resetting jobserver mode.
[ 65%] Building CXX object plugins/amoeba/platforms/reference/CMakeFiles/OpenMMAmoebaReference.dir/src/SimTKReference/AmoebaReferenceOutOfPlaneBendForce.cpp.o
[ 65%] Linking CXX executable ../HelloArgon
[ 65%] Building CXX object plugins/amoeba/platforms/reference/CMakeFiles/OpenMMAmoebaReference.dir/src/SimTKReference/AmoebaReferencePiTorsionForce.cpp.o
[ 67%] Building CXX object plugins/amoeba/platforms/reference/CMakeFiles/OpenMMAmoebaReference.dir/src/SimTKReference/AmoebaReferenceTorsionTorsionForce.cpp.o
make[2]: warning: -j24 forced in submake: resetting jobserver mode.
[ 67%] Building CXX object plugins/amoeba/platforms/reference/CMakeFiles/OpenMMAmoebaReference.dir/src/SimTKReference/AmoebaReferenceStretchBendForce.cpp.o
[ 67%] Building CXX object plugins/amoeba/platforms/reference/CMakeFiles/OpenMMAmoebaReference.dir/src/SimTKReference/AmoebaReferenceVdwForce.cpp.o
[ 67%] Building CXX object plugins/rpmd/platforms/reference/CMakeFiles/OpenMMRPMDReference.dir/src/ReferenceRpmdKernelFactory.cpp.o
[ 67%] Building CXX object plugins/rpmd/platforms/reference/CMakeFiles/OpenMMRPMDReference.dir/src/ReferenceRpmdKernels.cpp.o
[ 67%] Built target HelloArgonInC
make[2]: warning: -j24 forced in submake: resetting jobserver mode.
[ 67%] Building CXX object plugins/amoeba/platforms/reference/CMakeFiles/OpenMMAmoebaReference.dir/src/SimTKReference/AmoebaReferenceWcaDispersionForce.cpp.o
[ 67%] Built target TestSystem
[ 67%] Linking CXX executable ../../TestSerializeNonbondedForce
make[2]: warning: -j24 forced in submake: resetting jobserver mode.
make[2]: warning: -j24 forced in submake: resetting jobserver mode.
[ 67%] Building CXX object plugins/drude/platforms/reference/CMakeFiles/OpenMMDrudeReference.dir/src/ReferenceDrudeKernels.cpp.o
[ 67%] Building CXX object plugins/drude/platforms/reference/CMakeFiles/OpenMMDrudeReference.dir/src/ReferenceDrudeKernelFactory.cpp.o
make[2]: warning: -j24 forced in submake: resetting jobserver mode.
[ 67%] Built target TestFindExclusions
[ 68%] Linking CXX executable ../../TestSerializeState
[ 68%] Building CXX object plugins/cpupme/tests/CMakeFiles/TestCpuPme.dir/TestCpuPme.cpp.o
[ 68%] Built target HelloSodiumChlorideInC
[ 68%] Built target TestSerializeSystem
[ 68%] Built target HelloSodiumChloride
[ 68%] Built target HelloArgon
[ 68%] Linking CXX executable ../HelloEthane
[ 68%] Built target TestSerializeNonbondedForce
[ 68%] Linking CXX executable ../../TestSerializeTabulatedFunctions
[ 68%] Linking CXX executable ../HelloWaterBox
[ 68%] Built target HelloEthane
[ 68%] Built target TestSerializeState
[ 68%] Built target HelloWaterBox
[ 68%] Built target TestSerializeTabulatedFunctions
[ 68%] Linking CXX executable ../../../TestReferenceDispersionPME
[ 68%] Linking CXX executable ../TestSplineFitter
[ 68%] Built target TestReferenceDispersionPME
[ 68%] Linking CXX executable ../../TestSerializeIntegrator
[ 68%] Built target TestSplineFitter
[ 68%] Built target TestSerializeIntegrator
[ 68%] Linking CXX executable ../TestVectorize
[ 68%] Built target TestVectorize
[ 68%] Linking CXX shared library ../../../../libOpenMMDrudeReference.so
[ 68%] Linking CXX shared library ../../../../libOpenMMRPMDReference.so
[ 68%] Built target OpenMMDrudeReference
make[2]: warning: -j24 forced in submake: resetting jobserver mode.
make[2]: warning: -j24 forced in submake: resetting jobserver mode.
make[2]: warning: -j24 forced in submake: resetting jobserver mode.
make[2]: warning: -j24 forced in submake: resetting jobserver mode.
make[2]: warning: -j24 forced in submake: resetting jobserver mode.
make[2]: warning: -j24 forced in submake: resetting jobserver mode.
[ 68%] Building CXX object plugins/drude/platforms/reference/tests/CMakeFiles/TestReferenceDrudeForce.dir/TestReferenceDrudeForce.cpp.o
[ 68%] Building CXX object plugins/drude/platforms/reference/tests/CMakeFiles/TestReferenceDrudeLangevinIntegrator.dir/TestReferenceDrudeLangevinIntegrator.cpp.o
[ 68%] Building CXX object plugins/drude/platforms/reference/tests/CMakeFiles/TestReferenceDrudeSCFIntegrator.dir/TestReferenceDrudeSCFIntegrator.cpp.o
[ 68%] Built target OpenMMRPMDReference
make[2]: warning: -j24 forced in submake: resetting jobserver mode.
make[2]: warning: -j24 forced in submake: resetting jobserver mode.
[ 68%] Building CXX object plugins/rpmd/platforms/reference/tests/CMakeFiles/TestReferenceRpmd.dir/TestReferenceRpmd.cpp.o
[ 68%] Linking CXX executable ../TestParser
[ 68%] Linking CXX executable ../../../TestCpuPme
[ 68%] Built target TestParser
[ 68%] Built target TestCpuPme
[ 68%] Linking CXX executable ../../../../../TestReferenceDrudeSCFIntegrator
[ 68%] Linking CXX executable ../TestVectorize8
[ 68%] Built target TestReferenceDrudeSCFIntegrator
[ 68%] Linking CXX executable ../../../../../TestReferenceDrudeLangevinIntegrator
[ 68%] Built target TestVectorize8
[ 68%] Built target TestReferenceDrudeLangevinIntegrator
[ 70%] Linking CXX executable ../../../../../TestReferenceDrudeForce
[ 70%] Built target TestReferenceDrudeForce
[ 70%] Linking CXX executable ../../../../../TestReferenceRpmd
[ 70%] Built target TestReferenceRpmd
[ 70%] Linking CXX shared library ../../../libOpenMMCPU.so
[ 70%] Built target OpenMMCPU
make[2]: warning: -j24 forced in submake: resetting jobserver mode.
make[2]: warning: -j24 forced in submake: resetting jobserver mode.
make[2]: warning: -j24 forced in submake: resetting jobserver mode.
make[2]: warning: -j24 forced in submake: resetting jobserver mode.
make[2]: warning: -j24 forced in submake: resetting jobserver mode.
make[2]: warning: -j24 forced in submake: resetting jobserver mode.
make[2]: warning: -j24 forced in submake: resetting jobserver mode.
make[2]: warning: -j24 forced in submake: resetting jobserver mode.
make[2]: warning: -j24 forced in submake: resetting jobserver mode.
make[2]: warning: -j24 forced in submake: resetting jobserver mode.
make[2]: warning: -j24 forced in submake: resetting jobserver mode.
make[2]: warning: -j24 forced in submake: resetting jobserver mode.
make[2]: warning: -j24 forced in submake: resetting jobserver mode.
make[2]: warning: -j24 forced in submake: resetting jobserver mode.
make[2]: warning: -j24 forced in submake: resetting jobserver mode.
make[2]: warning: -j24 forced in submake: resetting jobserver mode.
make[2]: warning: -j24 forced in submake: resetting jobserver mode.
make[2]: warning: -j24 forced in submake: resetting jobserver mode.
make[2]: warning: -j24 forced in submake: resetting jobserver mode.
make[2]: warning: -j24 forced in submake: resetting jobserver mode.
make[2]: warning: -j24 forced in submake: resetting jobserver mode.
make[2]: warning: -j24 forced in submake: resetting jobserver mode.
make[2]: warning: -j24 forced in submake: resetting jobserver mode.
make[2]: warning: -j24 forced in submake: resetting jobserver mode.
make[2]: warning: -j24 forced in submake: resetting jobserver mode.
make[2]: warning: -j24 forced in submake: resetting jobserver mode.
make[2]: warning: -j24 forced in submake: resetting jobserver mode.
make[2]: warning: -j24 forced in submake: resetting jobserver mode.
make[2]: warning: -j24 forced in submake: resetting jobserver mode.
make[2]: warning: -j24 forced in submake: resetting jobserver mode.
make[2]: warning: -j24 forced in submake: resetting jobserver mode.
make[2]: warning: -j24 forced in submake: resetting jobserver mode.
[ 70%] Building CXX object platforms/cpu/tests/CMakeFiles/TestCpuCompoundIntegrator.dir/TestCpuCompoundIntegrator.cpp.o
[ 70%] Building CXX object platforms/cpu/tests/CMakeFiles/TestCpuCustomManyParticleForce.dir/TestCpuCustomManyParticleForce.cpp.o
[ 70%] Building CXX object platforms/cpu/tests/CMakeFiles/TestCpuDispersionPME.dir/TestCpuDispersionPME.cpp.o
[ 72%] Building CXX object platforms/cpu/tests/CMakeFiles/TestCpuCustomGBForce.dir/TestCpuCustomGBForce.cpp.o
[ 72%] Building CXX object platforms/cpu/tests/CMakeFiles/TestCpuCustomNonbondedForce.dir/TestCpuCustomNonbondedForce.cpp.o
[ 72%] Building CXX object platforms/cpu/tests/CMakeFiles/TestCpuGBSAOBCForce.dir/TestCpuGBSAOBCForce.cpp.o
[ 72%] Building CXX object platforms/cpu/tests/CMakeFiles/TestCpuCheckpoints.dir/TestCpuCheckpoints.cpp.o
[ 72%] Building CXX object platforms/cpu/tests/CMakeFiles/TestCpuEwald.dir/TestCpuEwald.cpp.o
[ 72%] Building CXX object platforms/cpu/tests/CMakeFiles/TestCpuNonbondedForce.dir/TestCpuNonbondedForce.cpp.o
[ 72%] Building CXX object platforms/cpu/tests/CMakeFiles/TestCpuLangevinIntegrator.dir/TestCpuLangevinIntegrator.cpp.o
[ 72%] Building CXX object platforms/cpu/tests/CMakeFiles/TestCpuHarmonicAngleForce.dir/TestCpuHarmonicAngleForce.cpp.o
[ 72%] Building CXX object platforms/cpu/tests/CMakeFiles/TestCpuGayBerneForce.dir/TestCpuGayBerneForce.cpp.o
[ 72%] Building CXX object platforms/cpu/tests/CMakeFiles/TestCpuPeriodicTorsionForce.dir/TestCpuPeriodicTorsionForce.cpp.o
[ 74%] Building CXX object platforms/cpu/tests/CMakeFiles/TestCpuRBTorsionForce.dir/TestCpuRBTorsionForce.cpp.o
[ 74%] Building CXX object platforms/cpu/tests/CMakeFiles/TestCpuNeighborList.dir/TestCpuNeighborList.cpp.o
[ 74%] Building CXX object platforms/cpu/tests/CMakeFiles/TestCpuSettle.dir/TestCpuSettle.cpp.o
[ 74%] Linking CXX executable ../../../TestCpuSettle
[ 74%] Linking CXX executable ../../../TestCpuHarmonicAngleForce
[ 74%] Linking CXX executable ../../../TestCpuNeighborList
[ 74%] Linking CXX executable ../../../TestCpuPeriodicTorsionForce
[ 74%] Built target TestCpuSettle
[ 74%] Built target TestCpuHarmonicAngleForce
[ 74%] Built target TestCpuNeighborList
[ 74%] Built target TestCpuPeriodicTorsionForce
[ 74%] Linking CXX executable ../../../TestReferenceEwald
[ 74%] Linking CXX executable ../../../TestCpuGBSAOBCForce
[ 74%] Linking CXX executable ../../../TestCpuCheckpoints
[ 74%] Built target TestReferenceEwald
[ 74%] Linking CXX executable ../../../TestCpuRBTorsionForce
[ 74%] Linking CXX executable ../../../TestCpuLangevinIntegrator
[ 74%] Built target TestCpuGBSAOBCForce
[ 74%] Built target TestCpuCheckpoints
[ 74%] Built target TestCpuLangevinIntegrator
[ 74%] Built target TestCpuRBTorsionForce
[ 74%] Linking CXX executable ../../../TestCpuGayBerneForce
[ 74%] Linking CXX executable ../../../TestCpuCompoundIntegrator
[ 74%] Built target TestCpuGayBerneForce
[ 74%] Built target TestCpuCompoundIntegrator
[ 74%] Linking CXX executable ../../../TestCpuCustomManyParticleForce
[ 74%] Linking CXX executable ../../../TestCpuCustomGBForce
[ 74%] Built target TestCpuCustomManyParticleForce
[ 74%] Built target TestCpuCustomGBForce
[ 74%] Linking CXX executable ../../../TestCpuNonbondedForce
[ 74%] Built target TestCpuNonbondedForce
[ 74%] Linking CXX shared library ../../../../libOpenMMAmoebaReference.so
[ 74%] Built target OpenMMAmoebaReference
make[2]: warning: -j24 forced in submake: resetting jobserver mode.
make[2]: warning: -j24 forced in submake: resetting jobserver mode.
make[2]: warning: -j24 forced in submake: resetting jobserver mode.
make[2]: warning: -j24 forced in submake: resetting jobserver mode.
make[2]: warning: -j24 forced in submake: resetting jobserver mode.
make[2]: warning: -j24 forced in submake: resetting jobserver mode.
make[2]: warning: -j24 forced in submake: resetting jobserver mode.
make[2]: warning: -j24 forced in submake: resetting jobserver mode.
make[2]: warning: -j24 forced in submake: resetting jobserver mode.
make[2]: warning: -j24 forced in submake: resetting jobserver mode.
make[2]: warning: -j24 forced in submake: resetting jobserver mode.
make[2]: warning: -j24 forced in submake: resetting jobserver mode.
make[2]: warning: -j24 forced in submake: resetting jobserver mode.
make[2]: warning: -j24 forced in submake: resetting jobserver mode.
make[2]: warning: -j24 forced in submake: resetting jobserver mode.
make[2]: warning: -j24 forced in submake: resetting jobserver mode.
make[2]: warning: -j24 forced in submake: resetting jobserver mode.
make[2]: warning: -j24 forced in submake: resetting jobserver mode.
make[2]: warning: -j24 forced in submake: resetting jobserver mode.
make[2]: warning: -j24 forced in submake: resetting jobserver mode.
make[2]: warning: -j24 forced in submake: resetting jobserver mode.
make[2]: warning: -j24 forced in submake: resetting jobserver mode.
make[2]: warning: -j24 forced in submake: resetting jobserver mode.
make[2]: warning: -j24 forced in submake: resetting jobserver mode.
[ 74%] Building CXX object plugins/amoeba/platforms/reference/tests/CMakeFiles/TestReferenceAmoebaInPlaneAngleForce.dir/TestReferenceAmoebaInPlaneAngleForce.cpp.o
[ 74%] Building CXX object plugins/amoeba/platforms/reference/tests/CMakeFiles/TestReferenceAmoebaGeneralizedKirkwoodForce.dir/TestReferenceAmoebaGeneralizedKirkwoodForce.cpp.o
[ 74%] Building CXX object plugins/amoeba/platforms/reference/tests/CMakeFiles/TestReferenceAmoebaAngleForce.dir/TestReferenceAmoebaAngleForce.cpp.o
[ 74%] Building CXX object plugins/amoeba/platforms/reference/tests/CMakeFiles/TestReferenceAmoebaPiTorsionForce.dir/TestReferenceAmoebaPiTorsionForce.cpp.o
[ 74%] Building CXX object plugins/amoeba/platforms/reference/tests/CMakeFiles/TestReferenceAmoebaStretchBendForce.dir/TestReferenceAmoebaStretchBendForce.cpp.o
[ 74%] Building CXX object plugins/amoeba/platforms/reference/tests/CMakeFiles/TestReferenceAmoebaBondForce.dir/TestReferenceAmoebaBondForce.cpp.o
[ 74%] Building CXX object plugins/amoeba/platforms/reference/tests/CMakeFiles/TestReferenceAmoebaMultipoleForce.dir/TestReferenceAmoebaMultipoleForce.cpp.o
[ 74%] Building CXX object plugins/amoeba/platforms/reference/tests/CMakeFiles/TestReferenceAmoebaExtrapolatedPolarization.dir/TestReferenceAmoebaExtrapolatedPolarization.cpp.o
[ 74%] Building CXX object plugins/amoeba/platforms/reference/tests/CMakeFiles/TestReferenceAmoebaTorsionTorsionForce.dir/TestReferenceAmoebaTorsionTorsionForce.cpp.o
[ 74%] Building CXX object plugins/amoeba/platforms/reference/tests/CMakeFiles/TestReferenceAmoebaOutOfPlaneBendForce.dir/TestReferenceAmoebaOutOfPlaneBendForce.cpp.o
[ 74%] Building CXX object plugins/amoeba/platforms/reference/tests/CMakeFiles/TestReferenceAmoebaVdwForce.dir/TestReferenceAmoebaVdwForce.cpp.o
[ 74%] Building CXX object plugins/amoeba/platforms/reference/tests/CMakeFiles/TestReferenceWcaDispersionForce.dir/TestReferenceWcaDispersionForce.cpp.o
[ 74%] Linking CXX executable ../../../TestCpuCustomNonbondedForce
[ 74%] Built target TestCpuCustomNonbondedForce
[ 74%] Linking CXX executable ../../../../../TestReferenceAmoebaBondForce
[ 74%] Built target TestReferenceAmoebaBondForce
[ 74%] Linking CXX executable ../../../../../TestReferenceAmoebaStretchBendForce
[ 74%] Linking CXX executable ../../../../../TestReferenceWcaDispersionForce
[ 74%] Built target TestReferenceAmoebaStretchBendForce
[ 74%] Linking CXX executable ../../../../../TestReferenceAmoebaTorsionTorsionForce
[ 74%] Built target TestReferenceWcaDispersionForce
[ 74%] Linking CXX executable ../../../../../TestReferenceAmoebaOutOfPlaneBendForce
[ 74%] Built target TestReferenceAmoebaTorsionTorsionForce
[ 74%] Linking CXX executable ../../../../../TestReferenceAmoebaAngleForce
[ 74%] Linking CXX executable ../../../../../TestReferenceAmoebaInPlaneAngleForce
[ 74%] Built target TestReferenceAmoebaOutOfPlaneBendForce
[ 74%] Linking CXX executable ../../../../../TestReferenceAmoebaPiTorsionForce
[ 74%] Built target TestReferenceAmoebaAngleForce
[ 74%] Built target TestReferenceAmoebaInPlaneAngleForce
[ 74%] Built target TestReferenceAmoebaPiTorsionForce
[ 75%] Linking CXX executable ../../../../../TestReferenceAmoebaGeneralizedKirkwoodForce
[ 75%] Built target TestReferenceAmoebaGeneralizedKirkwoodForce
[ 75%] Linking CXX executable ../../../../../TestReferenceAmoebaExtrapolatedPolarization
[ 75%] Built target TestReferenceAmoebaExtrapolatedPolarization
[ 75%] Linking CXX executable ../../../TestCpuDispersionPME
[ 75%] Built target TestCpuDispersionPME
[ 75%] Linking CXX executable ../../../TestCpuEwald
[ 75%] Built target TestCpuEwald
[ 75%] Linking CXX executable ../../../../../TestReferenceAmoebaVdwForce
[ 75%] Linking CXX executable ../../../../../TestReferenceAmoebaMultipoleForce
[ 75%] Built target TestReferenceAmoebaVdwForce
[ 75%] Built target TestReferenceAmoebaMultipoleForce
[ 75%] Linking CXX shared library ../../../libOpenMMCUDA.so
[ 75%] Built target OpenMMCUDA
make[2]: warning: -j24 forced in submake: resetting jobserver mode.
make[2]: warning: -j24 forced in submake: resetting jobserver mode.
make[2]: warning: -j24 forced in submake: resetting jobserver mode.
make[2]: warning: -j24 forced in submake: resetting jobserver mode.
make[2]: warning: -j24 forced in submake: resetting jobserver mode.
make[2]: warning: -j24 forced in submake: resetting jobserver mode.
make[2]: warning: -j24 forced in submake: resetting jobserver mode.
make[2]: warning: -j24 forced in submake: resetting jobserver mode.
make[2]: warning: -j24 forced in submake: resetting jobserver mode.
make[2]: warning: -j24 forced in submake: resetting jobserver mode.
make[2]: warning: -j24 forced in submake: resetting jobserver mode.
make[2]: warning: -j24 forced in submake: resetting jobserver mode.
make[2]: warning: -j24 forced in submake: resetting jobserver mode.
make[2]: warning: -j24 forced in submake: resetting jobserver mode.
make[2]: warning: -j24 forced in submake: resetting jobserver mode.
make[2]: warning: -j24 forced in submake: resetting jobserver mode.
make[2]: warning: -j24 forced in submake: resetting jobserver mode.
make[2]: warning: -j24 forced in submake: resetting jobserver mode.
make[2]: warning: -j24 forced in submake: resetting jobserver mode.
make[2]: warning: -j24 forced in submake: resetting jobserver mode.
make[2]: warning: -j24 forced in submake: resetting jobserver mode.
make[2]: warning: -j24 forced in submake: resetting jobserver mode.
make[2]: warning: -j24 forced in submake: resetting jobserver mode.
make[2]: warning: -j24 forced in submake: resetting jobserver mode.
make[2]: warning: -j24 forced in submake: resetting jobserver mode.
make[2]: warning: -j24 forced in submake: resetting jobserver mode.
make[2]: warning: -j24 forced in submake: resetting jobserver mode.
make[2]: warning: -j24 forced in submake: resetting jobserver mode.
make[2]: warning: -j24 forced in submake: resetting jobserver mode.
make[2]: warning: -j24 forced in submake: resetting jobserver mode.
make[2]: warning: -j24 forced in submake: resetting jobserver mode.
make[2]: warning: -j24 forced in submake: resetting jobserver mode.
make[2]: warning: -j24 forced in submake: resetting jobserver mode.
make[2]: warning: -j24 forced in submake: resetting jobserver mode.
make[2]: warning: -j24 forced in submake: resetting jobserver mode.
make[2]: warning: -j24 forced in submake: resetting jobserver mode.
make[2]: warning: -j24 forced in submake: resetting jobserver mode.
make[2]: warning: -j24 forced in submake: resetting jobserver mode.
make[2]: warning: -j24 forced in submake: resetting jobserver mode.
make[2]: warning: -j24 forced in submake: resetting jobserver mode.
make[2]: warning: -j24 forced in submake: resetting jobserver mode.
make[2]: warning: -j24 forced in submake: resetting jobserver mode.
make[2]: warning: -j24 forced in submake: resetting jobserver mode.
make[2]: warning: -j24 forced in submake: resetting jobserver mode.
make[2]: warning: -j24 forced in submake: resetting jobserver mode.
make[2]: warning: -j24 forced in submake: resetting jobserver mode.
[ 75%] Building CXX object platforms/cuda/tests/CMakeFiles/TestCudaCompoundIntegrator.dir/TestCudaCompoundIntegrator.cpp.o
[ 75%] Building CXX object platforms/cuda/tests/CMakeFiles/TestCudaAndersenThermostat.dir/TestCudaAndersenThermostat.cpp.o
[ 75%] Building CXX object platforms/cuda/tests/CMakeFiles/TestCudaCMMotionRemover.dir/TestCudaCMMotionRemover.cpp.o
[ 79%] Building CXX object platforms/cuda/tests/CMakeFiles/TestCudaBrownianIntegrator.dir/TestCudaBrownianIntegrator.cpp.o
[ 79%] Building CXX object platforms/cuda/tests/CMakeFiles/TestCudaCheckpoints.dir/TestCudaCheckpoints.cpp.o
[ 79%] Building CXX object platforms/cuda/tests/CMakeFiles/TestCudaCustomExternalForce.dir/TestCudaCustomExternalForce.cpp.o
[ 79%] Building CXX object platforms/cuda/tests/CMakeFiles/TestCudaCMAPTorsionForce.dir/TestCudaCMAPTorsionForce.cpp.o
[ 79%] Building CXX object platforms/cuda/tests/CMakeFiles/TestCudaCustomHbondForce.dir/TestCudaCustomHbondForce.cpp.o
[ 79%] Building CXX object platforms/cuda/tests/CMakeFiles/TestCudaCustomCentroidBondForce.dir/TestCudaCustomCentroidBondForce.cpp.o
[ 79%] Building CXX object platforms/cuda/tests/CMakeFiles/TestCudaCustomIntegrator.dir/TestCudaCustomIntegrator.cpp.o
[ 79%] Building CXX object platforms/cuda/tests/CMakeFiles/TestCudaCustomBondForce.dir/TestCudaCustomBondForce.cpp.o
[ 79%] Building CXX object platforms/cuda/tests/CMakeFiles/TestCudaCustomAngleForce.dir/TestCudaCustomAngleForce.cpp.o
[ 79%] Building CXX object platforms/cuda/tests/CMakeFiles/TestCudaCustomCompoundBondForce.dir/TestCudaCustomCompoundBondForce.cpp.o
[ 79%] Building CXX object platforms/cuda/tests/CMakeFiles/TestCudaCustomCVForce.dir/TestCudaCustomCVForce.cpp.o
[ 79%] Building CXX object platforms/cuda/tests/CMakeFiles/TestCudaCustomNonbondedForce.dir/TestCudaCustomNonbondedForce.cpp.o
[ 79%] Building CXX object platforms/cuda/tests/CMakeFiles/TestCudaCustomGBForce.dir/TestCudaCustomGBForce.cpp.o
[ 79%] Building CXX object platforms/cuda/tests/CMakeFiles/TestCudaCustomManyParticleForce.dir/TestCudaCustomManyParticleForce.cpp.o
[ 81%] Building CXX object platforms/cuda/tests/CMakeFiles/TestCudaDispersionPME.dir/TestCudaDispersionPME.cpp.o
[ 81%] Building CXX object platforms/cuda/tests/CMakeFiles/TestCudaCustomTorsionForce.dir/TestCudaCustomTorsionForce.cpp.o
[ 81%] Building CXX object platforms/cuda/tests/CMakeFiles/TestCudaEwald.dir/TestCudaEwald.cpp.o
[ 81%] Building CXX object platforms/cuda/tests/CMakeFiles/TestCudaFFT3D.dir/TestCudaFFT3D.cpp.o
[ 81%] Building CXX object platforms/cuda/tests/CMakeFiles/TestCudaGayBerneForce.dir/TestCudaGayBerneForce.cpp.o
[ 81%] Building CXX object platforms/cuda/tests/CMakeFiles/TestCudaGBSAOBCForce.dir/TestCudaGBSAOBCForce.cpp.o
[ 81%] Linking CXX executable ../../../TestCudaCMMotionRemover
[ 81%] Linking CXX executable ../../../TestCudaAndersenThermostat
[ 81%] Built target TestCudaCMMotionRemover
make[2]: warning: -j24 forced in submake: resetting jobserver mode.
make[2]: warning: -j24 forced in submake: resetting jobserver mode.
[ 81%] Building CXX object platforms/cuda/tests/CMakeFiles/TestCudaHarmonicAngleForce.dir/TestCudaHarmonicAngleForce.cpp.o
[ 81%] Built target TestCudaAndersenThermostat
make[2]: warning: -j24 forced in submake: resetting jobserver mode.
make[2]: warning: -j24 forced in submake: resetting jobserver mode.
[ 82%] Building CXX object platforms/cuda/tests/CMakeFiles/TestCudaHarmonicBondForce.dir/TestCudaHarmonicBondForce.cpp.o
[ 82%] Linking CXX executable ../../../TestCudaCMAPTorsionForce
[ 82%] Linking CXX executable ../../../TestCudaBrownianIntegrator
[ 82%] Built target TestCudaCMAPTorsionForce
make[2]: warning: -j24 forced in submake: resetting jobserver mode.
[ 82%] Built target TestCudaBrownianIntegrator
make[2]: warning: -j24 forced in submake: resetting jobserver mode.
make[2]: warning: -j24 forced in submake: resetting jobserver mode.
[ 82%] Building CXX object platforms/cuda/tests/CMakeFiles/TestCudaLangevinIntegrator.dir/TestCudaLangevinIntegrator.cpp.o
make[2]: warning: -j24 forced in submake: resetting jobserver mode.
[ 82%] Building CXX object platforms/cuda/tests/CMakeFiles/TestCudaLocalEnergyMinimizer.dir/TestCudaLocalEnergyMinimizer.cpp.o
[ 82%] Linking CXX executable ../../../TestCudaFFT3D
[ 82%] Linking CXX executable ../../../TestCudaGayBerneForce
[ 82%] Linking CXX executable ../../../TestCudaCheckpoints
[ 82%] Built target TestCudaFFT3D
make[2]: warning: -j24 forced in submake: resetting jobserver mode.
make[2]: warning: -j24 forced in submake: resetting jobserver mode.
[ 82%] Linking CXX executable ../../../TestCudaCustomExternalForce
[ 82%] Building CXX object platforms/cuda/tests/CMakeFiles/TestCudaMonteCarloAnisotropicBarostat.dir/TestCudaMonteCarloAnisotropicBarostat.cpp.o
[ 82%] Built target TestCudaGayBerneForce
make[2]: warning: -j24 forced in submake: resetting jobserver mode.
make[2]: warning: -j24 forced in submake: resetting jobserver mode.
[ 82%] Building CXX object platforms/cuda/tests/CMakeFiles/TestCudaMonteCarloBarostat.dir/TestCudaMonteCarloBarostat.cpp.o
[ 82%] Built target TestCudaCheckpoints
[ 82%] Linking CXX executable ../../../TestCudaCustomCVForce
make[2]: warning: -j24 forced in submake: resetting jobserver mode.
make[2]: warning: -j24 forced in submake: resetting jobserver mode.
[ 82%] Building CXX object platforms/cuda/tests/CMakeFiles/TestCudaMultipleForces.dir/TestCudaMultipleForces.cpp.o
[ 82%] Linking CXX executable ../../../TestCudaCustomHbondForce
[ 82%] Linking CXX executable ../../../TestCudaCustomAngleForce
[ 82%] Linking CXX executable ../../../TestCudaGBSAOBCForce
[ 82%] Linking CXX executable ../../../TestCudaCompoundIntegrator
[ 82%] Built target TestCudaCustomExternalForce
make[2]: warning: -j24 forced in submake: resetting jobserver mode.
make[2]: warning: -j24 forced in submake: resetting jobserver mode.
[ 82%] Building CXX object platforms/cuda/tests/CMakeFiles/TestCudaNonbondedForce.dir/TestCudaNonbondedForce.cpp.o
[ 82%] Built target TestCudaCustomCVForce
make[2]: warning: -j24 forced in submake: resetting jobserver mode.
make[2]: warning: -j24 forced in submake: resetting jobserver mode.
[ 82%] Building CXX object platforms/cuda/tests/CMakeFiles/TestCudaPeriodicTorsionForce.dir/TestCudaPeriodicTorsionForce.cpp.o
[ 82%] Built target TestCudaCustomHbondForce
make[2]: warning: -j24 forced in submake: resetting jobserver mode.
[ 82%] Linking CXX executable ../../../TestCudaCustomTorsionForce
make[2]: warning: -j24 forced in submake: resetting jobserver mode.
[ 82%] Built target TestCudaCustomAngleForce
[ 82%] Building CXX object platforms/cuda/tests/CMakeFiles/TestCudaRBTorsionForce.dir/TestCudaRBTorsionForce.cpp.o
make[2]: warning: -j24 forced in submake: resetting jobserver mode.
[ 82%] Built target TestCudaGBSAOBCForce
make[2]: warning: -j24 forced in submake: resetting jobserver mode.
make[2]: warning: -j24 forced in submake: resetting jobserver mode.
[ 82%] Built target TestCudaCompoundIntegrator
make[2]: warning: -j24 forced in submake: resetting jobserver mode.
make[2]: warning: -j24 forced in submake: resetting jobserver mode.
[ 84%] Building CXX object platforms/cuda/tests/CMakeFiles/TestCudaRMSDForce.dir/TestCudaRMSDForce.cpp.o
[ 84%] Building CXX object platforms/cuda/tests/CMakeFiles/TestCudaRandom.dir/TestCudaRandom.cpp.o
make[2]: warning: -j24 forced in submake: resetting jobserver mode.
[ 84%] Building CXX object platforms/cuda/tests/CMakeFiles/TestCudaSettle.dir/TestCudaSettle.cpp.o
[ 84%] Linking CXX executable ../../../TestCudaCustomBondForce
[ 84%] Built target TestCudaCustomTorsionForce
make[2]: warning: -j24 forced in submake: resetting jobserver mode.
make[2]: warning: -j24 forced in submake: resetting jobserver mode.
[ 84%] Building CXX object platforms/cuda/tests/CMakeFiles/TestCudaSort.dir/TestCudaSort.cpp.o
[ 84%] Built target TestCudaCustomBondForce
make[2]: warning: -j24 forced in submake: resetting jobserver mode.
make[2]: warning: -j24 forced in submake: resetting jobserver mode.
[ 84%] Building CXX object platforms/cuda/tests/CMakeFiles/TestCudaVariableLangevinIntegrator.dir/TestCudaVariableLangevinIntegrator.cpp.o
[ 84%] Linking CXX executable ../../../TestCudaLocalEnergyMinimizer
[ 84%] Linking CXX executable ../../../TestCudaCustomCentroidBondForce
[ 84%] Linking CXX executable ../../../TestCudaHarmonicAngleForce
[ 84%] Built target TestCudaLocalEnergyMinimizer
[ 84%] Linking CXX executable ../../../TestCudaHarmonicBondForce
make[2]: warning: -j24 forced in submake: resetting jobserver mode.
[ 84%] Linking CXX executable ../../../TestCudaCustomManyParticleForce
make[2]: warning: -j24 forced in submake: resetting jobserver mode.
[ 84%] Linking CXX executable ../../../TestCudaMultipleForces
[ 84%] Building CXX object platforms/cuda/tests/CMakeFiles/TestCudaVariableVerletIntegrator.dir/TestCudaVariableVerletIntegrator.cpp.o
[ 84%] Built target TestCudaCustomCentroidBondForce
make[2]: warning: -j24 forced in submake: resetting jobserver mode.
make[2]: warning: -j24 forced in submake: resetting jobserver mode.
[ 84%] Building CXX object platforms/cuda/tests/CMakeFiles/TestCudaVerletIntegrator.dir/TestCudaVerletIntegrator.cpp.o
[ 84%] Built target TestCudaHarmonicAngleForce
[ 84%] Linking CXX executable ../../../TestCudaCustomGBForce
[ 84%] Linking CXX executable ../../../TestCudaLangevinIntegrator
make[2]: warning: -j24 forced in submake: resetting jobserver mode.
make[2]: warning: -j24 forced in submake: resetting jobserver mode.
[ 84%] Building CXX object platforms/cuda/tests/CMakeFiles/TestCudaVirtualSites.dir/TestCudaVirtualSites.cpp.o
[ 84%] Built target TestCudaHarmonicBondForce
make[2]: warning: -j24 forced in submake: resetting jobserver mode.
[ 84%] Linking CXX executable ../../../TestCudaCustomCompoundBondForce
[ 84%] Built target TestCudaCustomManyParticleForce
[ 84%] Generating src/CudaAmoebaKernelSources.cpp, src/CudaAmoebaKernelSources.h
make[2]: warning: -j24 forced in submake: resetting jobserver mode.
[ 84%] Generating src/CudaRpmdKernelSources.cpp, src/CudaRpmdKernelSources.h
[ 84%] Built target TestCudaMultipleForces
make[2]: warning: -j24 forced in submake: resetting jobserver mode.
[ 84%] Generating src/CudaDrudeKernelSources.cpp, src/CudaDrudeKernelSources.h
make[2]: warning: -j24 forced in submake: resetting jobserver mode.
make[2]: warning: -j24 forced in submake: resetting jobserver mode.
[ 84%] Building CXX object plugins/rpmd/platforms/cuda/CMakeFiles/OpenMMRPMDCUDA.dir/src/CudaRpmdKernelFactory.cpp.o
[ 84%] Building CXX object plugins/rpmd/platforms/cuda/CMakeFiles/OpenMMRPMDCUDA.dir/src/CudaRpmdKernels.cpp.o
[ 84%] Building CXX object plugins/amoeba/platforms/cuda/CMakeFiles/OpenMMAmoebaCUDA.dir/src/AmoebaCudaKernelFactory.cpp.o
[ 84%] Building CXX object plugins/amoeba/platforms/cuda/CMakeFiles/OpenMMAmoebaCUDA.dir/src/AmoebaCudaKernels.cpp.o
[ 86%] Building CXX object plugins/rpmd/platforms/cuda/CMakeFiles/OpenMMRPMDCUDA.dir/src/CudaRpmdKernelSources.cpp.o
[ 86%] Building CXX object plugins/amoeba/platforms/cuda/CMakeFiles/OpenMMAmoebaCUDA.dir/src/CudaAmoebaKernelSources.cpp.o
make[2]: warning: -j24 forced in submake: resetting jobserver mode.
[ 86%] Building CXX object plugins/drude/platforms/cuda/CMakeFiles/OpenMMDrudeCUDA.dir/src/CudaDrudeKernelFactory.cpp.o
[ 86%] Built target TestCudaLangevinIntegrator
[ 86%] Building CXX object plugins/drude/platforms/cuda/CMakeFiles/OpenMMDrudeCUDA.dir/src/CudaDrudeKernels.cpp.o
[ 86%] Building CXX object plugins/drude/platforms/cuda/CMakeFiles/OpenMMDrudeCUDA.dir/src/CudaDrudeKernelSources.cpp.o
[ 86%] Linking CXX executable ../../../TestCudaSettle
[ 86%] Built target TestCudaCustomGBForce
make[2]: warning: -j24 forced in submake: resetting jobserver mode.
[ 86%] Built target TestCudaCustomCompoundBondForce
make[2]: warning: -j24 forced in submake: resetting jobserver mode.
[ 86%] Building CXX object plugins/cudacompiler/CMakeFiles/OpenMMCudaCompiler.dir/src/CudaCompilerKernelFactory.cpp.o
[ 86%] Building CXX object plugins/cudacompiler/CMakeFiles/OpenMMCudaCompiler.dir/src/CudaCompilerKernels.cpp.o
[ 86%] Linking CXX executable ../../../TestCudaMonteCarloBarostat
[ 86%] Built target TestCudaSettle
[ 86%] Linking CXX executable ../../../TestCudaSort
[ 86%] Linking CXX executable ../../../TestCudaRandom
[ 86%] Linking CXX executable ../../../TestCudaMonteCarloAnisotropicBarostat
[ 86%] Built target TestCudaMonteCarloBarostat
[ 86%] Linking CXX executable ../../../TestCudaRMSDForce
[ 86%] Built target TestCudaSort
[ 86%] Built target TestCudaRandom
[ 86%] Built target TestCudaMonteCarloAnisotropicBarostat
[ 86%] Linking CXX executable ../../../TestCudaCustomIntegrator
[ 86%] Built target TestCudaRMSDForce
[ 86%] Built target TestCudaCustomIntegrator
[ 86%] Linking CXX executable ../../../TestCudaPeriodicTorsionForce
[ 86%] Linking CXX executable ../../../TestCudaRBTorsionForce
[ 86%] Built target TestCudaPeriodicTorsionForce
[ 86%] Built target TestCudaRBTorsionForce
[ 86%] Linking CXX executable ../../../TestCudaVariableLangevinIntegrator
[ 86%] Built target TestCudaVariableLangevinIntegrator
[ 86%] Linking CXX executable ../../../TestCudaVerletIntegrator
[ 86%] Linking CXX executable ../../../TestCudaVariableVerletIntegrator
[ 86%] Built target TestCudaVerletIntegrator
[ 86%] Built target TestCudaVariableVerletIntegrator
[ 86%] Linking CXX executable ../../../TestCudaCustomNonbondedForce
[ 86%] Built target TestCudaCustomNonbondedForce
[ 86%] Linking CXX executable ../../../TestCudaNonbondedForce
[ 86%] Linking CXX shared library ../../../../libOpenMMDrudeCUDA.so
[ 86%] Built target TestCudaNonbondedForce
[ 86%] Built target OpenMMDrudeCUDA
make[2]: warning: -j24 forced in submake: resetting jobserver mode.
make[2]: warning: -j24 forced in submake: resetting jobserver mode.
make[2]: warning: -j24 forced in submake: resetting jobserver mode.
make[2]: warning: -j24 forced in submake: resetting jobserver mode.
make[2]: warning: -j24 forced in submake: resetting jobserver mode.
make[2]: warning: -j24 forced in submake: resetting jobserver mode.
[ 86%] Building CXX object plugins/drude/platforms/cuda/tests/CMakeFiles/TestCudaDrudeSCFIntegrator.dir/TestCudaDrudeSCFIntegrator.cpp.o
[ 86%] Building CXX object plugins/drude/platforms/cuda/tests/CMakeFiles/TestCudaDrudeLangevinIntegrator.dir/TestCudaDrudeLangevinIntegrator.cpp.o
[ 86%] Building CXX object plugins/drude/platforms/cuda/tests/CMakeFiles/TestCudaDrudeForce.dir/TestCudaDrudeForce.cpp.o
[ 86%] Linking CXX executable ../../../TestCudaVirtualSites
[ 86%] Linking CXX shared library ../../../../libOpenMMRPMDCUDA.so
[ 86%] Linking CXX shared library ../../../libOpenMMOpenCL.so
[ 86%] Built target TestCudaVirtualSites
[ 86%] Built target OpenMMRPMDCUDA
make[2]: warning: -j24 forced in submake: resetting jobserver mode.
make[2]: warning: -j24 forced in submake: resetting jobserver mode.
[ 86%] Building CXX object plugins/rpmd/platforms/cuda/tests/CMakeFiles/TestCudaRpmd.dir/TestCudaRpmd.cpp.o
[ 86%] Built target OpenMMOpenCL
make[2]: warning: -j24 forced in submake: resetting jobserver mode.
make[2]: warning: -j24 forced in submake: resetting jobserver mode.
make[2]: warning: -j24 forced in submake: resetting jobserver mode.
make[2]: warning: -j24 forced in submake: resetting jobserver mode.
make[2]: warning: -j24 forced in submake: resetting jobserver mode.
make[2]: warning: -j24 forced in submake: resetting jobserver mode.
make[2]: warning: -j24 forced in submake: resetting jobserver mode.
make[2]: warning: -j24 forced in submake: resetting jobserver mode.
make[2]: warning: -j24 forced in submake: resetting jobserver mode.
make[2]: warning: -j24 forced in submake: resetting jobserver mode.
make[2]: warning: -j24 forced in submake: resetting jobserver mode.
make[2]: warning: -j24 forced in submake: resetting jobserver mode.
make[2]: warning: -j24 forced in submake: resetting jobserver mode.
make[2]: warning: -j24 forced in submake: resetting jobserver mode.
make[2]: warning: -j24 forced in submake: resetting jobserver mode.
make[2]: warning: -j24 forced in submake: resetting jobserver mode.
make[2]: warning: -j24 forced in submake: resetting jobserver mode.
make[2]: warning: -j24 forced in submake: resetting jobserver mode.
make[2]: warning: -j24 forced in submake: resetting jobserver mode.
make[2]: warning: -j24 forced in submake: resetting jobserver mode.
make[2]: warning: -j24 forced in submake: resetting jobserver mode.
make[2]: warning: -j24 forced in submake: resetting jobserver mode.
make[2]: warning: -j24 forced in submake: resetting jobserver mode.
make[2]: warning: -j24 forced in submake: resetting jobserver mode.
make[2]: warning: -j24 forced in submake: resetting jobserver mode.
make[2]: warning: -j24 forced in submake: resetting jobserver mode.
make[2]: warning: -j24 forced in submake: resetting jobserver mode.
make[2]: warning: -j24 forced in submake: resetting jobserver mode.
make[2]: warning: -j24 forced in submake: resetting jobserver mode.
make[2]: warning: -j24 forced in submake: resetting jobserver mode.
make[2]: warning: -j24 forced in submake: resetting jobserver mode.
[ 86%] Building CXX object platforms/opencl/tests/CMakeFiles/TestOpenCLCustomBondForce.dir/TestOpenCLCustomBondForce.cpp.o
[ 86%] Building CXX object platforms/opencl/tests/CMakeFiles/TestOpenCLAndersenThermostat.dir/TestOpenCLAndersenThermostat.cpp.o
[ 86%] Building CXX object platforms/opencl/tests/CMakeFiles/TestOpenCLCustomCompoundBondForce.dir/TestOpenCLCustomCompoundBondForce.cpp.o
[ 86%] Building CXX object platforms/opencl/tests/CMakeFiles/TestOpenCLCheckpoints.dir/TestOpenCLCheckpoints.cpp.o
make[2]: warning: -j24 forced in submake: resetting jobserver mode.
[ 86%] Building CXX object platforms/opencl/tests/CMakeFiles/TestOpenCLCustomCVForce.dir/TestOpenCLCustomCVForce.cpp.o
[ 86%] Building CXX object platforms/opencl/tests/CMakeFiles/TestOpenCLCustomCentroidBondForce.dir/TestOpenCLCustomCentroidBondForce.cpp.o
[ 86%] Building CXX object platforms/opencl/tests/CMakeFiles/TestOpenCLCMMotionRemover.dir/TestOpenCLCMMotionRemover.cpp.o
[ 86%] Building CXX object platforms/opencl/tests/CMakeFiles/TestOpenCLCustomGBForce.dir/TestOpenCLCustomGBForce.cpp.o
[ 86%] Building CXX object platforms/opencl/tests/CMakeFiles/TestOpenCLCustomAngleForce.dir/TestOpenCLCustomAngleForce.cpp.o
[ 86%] Building CXX object platforms/opencl/tests/CMakeFiles/TestOpenCLCustomExternalForce.dir/TestOpenCLCustomExternalForce.cpp.o
[ 86%] Building CXX object platforms/opencl/tests/CMakeFiles/TestOpenCLBrownianIntegrator.dir/TestOpenCLBrownianIntegrator.cpp.o
[ 87%] Building CXX object platforms/opencl/tests/CMakeFiles/TestOpenCLCompoundIntegrator.dir/TestOpenCLCompoundIntegrator.cpp.o
[ 87%] Building CXX object platforms/opencl/tests/CMakeFiles/TestOpenCLCustomIntegrator.dir/TestOpenCLCustomIntegrator.cpp.o
[ 87%] Building CXX object platforms/opencl/tests/CMakeFiles/TestOpenCLCustomHbondForce.dir/TestOpenCLCustomHbondForce.cpp.o
[ 87%] Building CXX object platforms/opencl/tests/CMakeFiles/TestOpenCLCMAPTorsionForce.dir/TestOpenCLCMAPTorsionForce.cpp.o
[ 87%] Building CXX object platforms/opencl/tests/CMakeFiles/TestOpenCLCustomManyParticleForce.dir/TestOpenCLCustomManyParticleForce.cpp.o
[ 87%] Linking CXX shared library ../../libOpenMMCudaCompiler.so
[ 87%] Built target OpenMMCudaCompiler
make[2]: warning: -j24 forced in submake: resetting jobserver mode.
make[2]: warning: -j24 forced in submake: resetting jobserver mode.
[ 87%] Building CXX object platforms/opencl/tests/CMakeFiles/TestOpenCLCustomNonbondedForce.dir/TestOpenCLCustomNonbondedForce.cpp.o
[ 87%] Linking CXX executable ../../../../../TestCudaDrudeSCFIntegrator
[ 87%] Linking CXX executable ../../../../../TestCudaDrudeForce
[ 87%] Built target TestCudaDrudeSCFIntegrator
make[2]: warning: -j24 forced in submake: resetting jobserver mode.
make[2]: warning: -j24 forced in submake: resetting jobserver mode.
[ 87%] Building CXX object platforms/opencl/tests/CMakeFiles/TestOpenCLCustomTorsionForce.dir/TestOpenCLCustomTorsionForce.cpp.o
[ 87%] Built target TestCudaDrudeForce
make[2]: warning: -j24 forced in submake: resetting jobserver mode.
make[2]: warning: -j24 forced in submake: resetting jobserver mode.
[ 87%] Building CXX object platforms/opencl/tests/CMakeFiles/TestOpenCLDeviceQuery.dir/TestOpenCLDeviceQuery.cpp.o
[ 87%] Linking CXX executable ../../../../../TestCudaDrudeLangevinIntegrator
[ 87%] Linking CXX executable ../../../TestOpenCLCMMotionRemover
[ 87%] Linking CXX executable ../../../TestOpenCLAndersenThermostat
[ 87%] Built target TestOpenCLCMMotionRemover
[ 87%] Built target TestCudaDrudeLangevinIntegrator
make[2]: warning: -j24 forced in submake: resetting jobserver mode.
make[2]: warning: -j24 forced in submake: resetting jobserver mode.
make[2]: warning: -j24 forced in submake: resetting jobserver mode.
make[2]: warning: -j24 forced in submake: resetting jobserver mode.
[ 87%] Building CXX object platforms/opencl/tests/CMakeFiles/TestOpenCLDispersionPME.dir/TestOpenCLDispersionPME.cpp.o
[ 87%] Building CXX object platforms/opencl/tests/CMakeFiles/TestOpenCLEwald.dir/TestOpenCLEwald.cpp.o
[ 87%] Built target TestOpenCLAndersenThermostat
make[2]: warning: -j24 forced in submake: resetting jobserver mode.
make[2]: warning: -j24 forced in submake: resetting jobserver mode.
[ 87%] Building CXX object platforms/opencl/tests/CMakeFiles/TestOpenCLFFT.dir/TestOpenCLFFT.cpp.o
[ 87%] Linking CXX executable ../../../TestOpenCLCMAPTorsionForce
[ 87%] Linking CXX executable ../../../TestOpenCLBrownianIntegrator
In file included from /opt/cuda/include/CL/opencl.h:24,
                 from /home/surgeon/trash/set-up-wshell/openmm/platforms/opencl/src/cl.hpp:178,
                 from /home/surgeon/trash/set-up-wshell/openmm/platforms/opencl/./include/OpenCLContext.h:40,
                 from /home/surgeon/trash/set-up-wshell/openmm/platforms/opencl/tests/TestOpenCLDeviceQuery.cpp:34:
/opt/cuda/include/CL/cl.h:26:104: note: ‘#pragma message: cl_version.h: CL_TARGET_OPENCL_VERSION is not defined. Defaulting to 300 (OpenCL 3.0)’
   26 | #pragma message("cl_version.h: CL_TARGET_OPENCL_VERSION is not defined. Defaulting to 300 (OpenCL 3.0)")
      |                                                                                                        ^
[ 87%] Linking CXX executable ../../../TestCudaDispersionPME
/home/surgeon/trash/set-up-wshell/openmm/platforms/opencl/src/cl.hpp: In constructor ‘cl::Sampler::Sampler(const cl::Context&, cl_bool, cl_addressing_mode, cl_filter_mode, cl_int*)’:
/home/surgeon/trash/set-up-wshell/openmm/platforms/opencl/src/cl.hpp:4241:36: warning: ‘_cl_sampler* clCreateSampler(cl_context, cl_bool, cl_addressing_mode, cl_filter_mode, cl_int*)’ is deprecated [-Wdeprecated-declarations]
 4241 |         object_ = ::clCreateSampler(
      |                   ~~~~~~~~~~~~~~~~~^
 4242 |             context(),
      |             ~~~~~~~~~~              
 4243 |             normalized_coords,
      |             ~~~~~~~~~~~~~~~~~~      
 4244 |             addressing_mode,
      |             ~~~~~~~~~~~~~~~~        
 4245 |             filter_mode,
      |             ~~~~~~~~~~~~            
 4246 |             &error);
      |             ~~~~~~~                 
/opt/cuda/include/CL/cl.h:1986:1: note: declared here
 1986 | clCreateSampler(cl_context          context,
      | ^~~~~~~~~~~~~~~
[ 87%] Built target TestOpenCLCMAPTorsionForce
make[2]: warning: -j24 forced in submake: resetting jobserver mode.
/home/surgeon/trash/set-up-wshell/openmm/platforms/opencl/src/cl.hpp: In constructor ‘cl::CommandQueue::CommandQueue(cl_command_queue_properties, cl_int*)’:
/home/surgeon/trash/set-up-wshell/openmm/platforms/opencl/src/cl.hpp:5085:45: warning: ‘_cl_command_queue* clCreateCommandQueue(cl_context, cl_device_id, cl_command_queue_properties, cl_int*)’ is deprecated [-Wdeprecated-declarations]
 5085 |             object_ = ::clCreateCommandQueue(
      |                       ~~~~~~~~~~~~~~~~~~~~~~^
 5086 |                 context(), device(), properties, &error);
      |                 ~~~~~~~~~~~~~~~~~~~~~~~~~~~~~~~~~~~~~~~~
/opt/cuda/include/CL/cl.h:1980:1: note: declared here
 1980 | clCreateCommandQueue(cl_context                     context,
      | ^~~~~~~~~~~~~~~~~~~~
/home/surgeon/trash/set-up-wshell/openmm/platforms/opencl/src/cl.hpp: In constructor ‘cl::CommandQueue::CommandQueue(const cl::Context&, const cl::Device&, cl_command_queue_properties, cl_int*)’:
/home/surgeon/trash/set-up-wshell/openmm/platforms/opencl/src/cl.hpp:5102:41: warning: ‘_cl_command_queue* clCreateCommandQueue(cl_context, cl_device_id, cl_command_queue_properties, cl_int*)’ is deprecated [-Wdeprecated-declarations]
 5102 |         object_ = ::clCreateCommandQueue(
      |                   ~~~~~~~~~~~~~~~~~~~~~~^
 5103 |             context(), device(), properties, &error);
      |             ~~~~~~~~~~~~~~~~~~~~~~~~~~~~~~~~~~~~~~~~
/opt/cuda/include/CL/cl.h:1980:1: note: declared here
 1980 | clCreateCommandQueue(cl_context                     context,
      | ^~~~~~~~~~~~~~~~~~~~
make[2]: warning: -j24 forced in submake: resetting jobserver mode.
/home/surgeon/trash/set-up-wshell/openmm/platforms/opencl/src/cl.hpp: In member function ‘cl_int cl::CommandQueue::enqueueTask(const cl::Kernel&, const std::vector<cl::Event>*, cl::Event*) const’:
/home/surgeon/trash/set-up-wshell/openmm/platforms/opencl/src/cl.hpp:5879:28: warning: ‘cl_int clEnqueueTask(cl_command_queue, cl_kernel, cl_uint, _cl_event* const*, _cl_event**)’ is deprecated [-Wdeprecated-declarations]
 5879 |             ::clEnqueueTask(
      |             ~~~~~~~~~~~~~~~^
 5880 |                 object_, kernel(),
      |                 ~~~~~~~~~~~~~~~~~~
 5881 |                 (events != NULL) ? (cl_uint) events->size() : 0,
      |                 ~~~~~~~~~~~~~~~~~~~~~~~~~~~~~~~~~~~~~~~~~~~~~~~~
 5882 |                 (events != NULL && events->size() > 0) ? (cl_event*) &events->front() : NULL,
      |                 ~~~~~~~~~~~~~~~~~~~~~~~~~~~~~~~~~~~~~~~~~~~~~~~~~~~~~~~~~~~~~~~~~~~~~~~~~~~~~
 5883 |                 (event != NULL) ? &tmp : NULL),
      |                 ~~~~~~~~~~~~~~~~~~~~~~~~~~~~~~
/opt/cuda/include/CL/cl.h:1993:1: note: declared here
 1993 | clEnqueueTask(cl_command_queue  command_queue,
      | ^~~~~~~~~~~~~
[ 87%] Building CXX object platforms/opencl/tests/CMakeFiles/TestOpenCLGBSAOBCForce.dir/TestOpenCLGBSAOBCForce.cpp.o
[ 87%] Built target TestOpenCLBrownianIntegrator
make[2]: warning: -j24 forced in submake: resetting jobserver mode.
make[2]: warning: -j24 forced in submake: resetting jobserver mode.
[ 87%] Building CXX object platforms/opencl/tests/CMakeFiles/TestOpenCLGayBerneForce.dir/TestOpenCLGayBerneForce.cpp.o
[ 87%] Built target TestCudaDispersionPME
make[2]: warning: -j24 forced in submake: resetting jobserver mode.
make[2]: warning: -j24 forced in submake: resetting jobserver mode.
[ 87%] Building CXX object platforms/opencl/tests/CMakeFiles/TestOpenCLHarmonicAngleForce.dir/TestOpenCLHarmonicAngleForce.cpp.o
In file included from /opt/cuda/include/CL/opencl.h:24,
                 from /home/surgeon/trash/set-up-wshell/openmm/platforms/opencl/src/cl.hpp:178,
                 from /home/surgeon/trash/set-up-wshell/openmm/platforms/opencl/./include/OpenCLArray.h:34,
                 from /home/surgeon/trash/set-up-wshell/openmm/platforms/opencl/tests/TestOpenCLFFT.cpp:37:
/opt/cuda/include/CL/cl.h:26:104: note: ‘#pragma message: cl_version.h: CL_TARGET_OPENCL_VERSION is not defined. Defaulting to 300 (OpenCL 3.0)’
   26 | #pragma message("cl_version.h: CL_TARGET_OPENCL_VERSION is not defined. Defaulting to 300 (OpenCL 3.0)")
      |                                                                                                        ^
/home/surgeon/trash/set-up-wshell/openmm/platforms/opencl/src/cl.hpp: In constructor ‘cl::Sampler::Sampler(const cl::Context&, cl_bool, cl_addressing_mode, cl_filter_mode, cl_int*)’:
/home/surgeon/trash/set-up-wshell/openmm/platforms/opencl/src/cl.hpp:4241:36: warning: ‘_cl_sampler* clCreateSampler(cl_context, cl_bool, cl_addressing_mode, cl_filter_mode, cl_int*)’ is deprecated [-Wdeprecated-declarations]
 4241 |         object_ = ::clCreateSampler(
      |                   ~~~~~~~~~~~~~~~~~^
 4242 |             context(),
      |             ~~~~~~~~~~              
 4243 |             normalized_coords,
      |             ~~~~~~~~~~~~~~~~~~      
 4244 |             addressing_mode,
      |             ~~~~~~~~~~~~~~~~        
 4245 |             filter_mode,
      |             ~~~~~~~~~~~~            
 4246 |             &error);
      |             ~~~~~~~                 
/opt/cuda/include/CL/cl.h:1986:1: note: declared here
 1986 | clCreateSampler(cl_context          context,
      | ^~~~~~~~~~~~~~~
/home/surgeon/trash/set-up-wshell/openmm/platforms/opencl/src/cl.hpp: In constructor ‘cl::CommandQueue::CommandQueue(cl_command_queue_properties, cl_int*)’:
/home/surgeon/trash/set-up-wshell/openmm/platforms/opencl/src/cl.hpp:5085:45: warning: ‘_cl_command_queue* clCreateCommandQueue(cl_context, cl_device_id, cl_command_queue_properties, cl_int*)’ is deprecated [-Wdeprecated-declarations]
 5085 |             object_ = ::clCreateCommandQueue(
      |                       ~~~~~~~~~~~~~~~~~~~~~~^
 5086 |                 context(), device(), properties, &error);
      |                 ~~~~~~~~~~~~~~~~~~~~~~~~~~~~~~~~~~~~~~~~
/opt/cuda/include/CL/cl.h:1980:1: note: declared here
 1980 | clCreateCommandQueue(cl_context                     context,
      | ^~~~~~~~~~~~~~~~~~~~
/home/surgeon/trash/set-up-wshell/openmm/platforms/opencl/src/cl.hpp: In constructor ‘cl::CommandQueue::CommandQueue(const cl::Context&, const cl::Device&, cl_command_queue_properties, cl_int*)’:
/home/surgeon/trash/set-up-wshell/openmm/platforms/opencl/src/cl.hpp:5102:41: warning: ‘_cl_command_queue* clCreateCommandQueue(cl_context, cl_device_id, cl_command_queue_properties, cl_int*)’ is deprecated [-Wdeprecated-declarations]
 5102 |         object_ = ::clCreateCommandQueue(
      |                   ~~~~~~~~~~~~~~~~~~~~~~^
 5103 |             context(), device(), properties, &error);
      |             ~~~~~~~~~~~~~~~~~~~~~~~~~~~~~~~~~~~~~~~~
/opt/cuda/include/CL/cl.h:1980:1: note: declared here
 1980 | clCreateCommandQueue(cl_context                     context,
      | ^~~~~~~~~~~~~~~~~~~~
/home/surgeon/trash/set-up-wshell/openmm/platforms/opencl/src/cl.hpp: In member function ‘cl_int cl::CommandQueue::enqueueTask(const cl::Kernel&, const std::vector<cl::Event>*, cl::Event*) const’:
/home/surgeon/trash/set-up-wshell/openmm/platforms/opencl/src/cl.hpp:5879:28: warning: ‘cl_int clEnqueueTask(cl_command_queue, cl_kernel, cl_uint, _cl_event* const*, _cl_event**)’ is deprecated [-Wdeprecated-declarations]
 5879 |             ::clEnqueueTask(
      |             ~~~~~~~~~~~~~~~^
 5880 |                 object_, kernel(),
      |                 ~~~~~~~~~~~~~~~~~~
 5881 |                 (events != NULL) ? (cl_uint) events->size() : 0,
      |                 ~~~~~~~~~~~~~~~~~~~~~~~~~~~~~~~~~~~~~~~~~~~~~~~~
 5882 |                 (events != NULL && events->size() > 0) ? (cl_event*) &events->front() : NULL,
      |                 ~~~~~~~~~~~~~~~~~~~~~~~~~~~~~~~~~~~~~~~~~~~~~~~~~~~~~~~~~~~~~~~~~~~~~~~~~~~~~
 5883 |                 (event != NULL) ? &tmp : NULL),
      |                 ~~~~~~~~~~~~~~~~~~~~~~~~~~~~~~
/opt/cuda/include/CL/cl.h:1993:1: note: declared here
 1993 | clEnqueueTask(cl_command_queue  command_queue,
      | ^~~~~~~~~~~~~
[ 87%] Linking CXX executable ../../../TestOpenCLCheckpoints
[ 87%] Linking CXX executable ../../../TestOpenCLCustomExternalForce
[ 87%] Linking CXX executable ../../../TestOpenCLCustomHbondForce
[ 87%] Built target TestOpenCLCheckpoints
make[2]: warning: -j24 forced in submake: resetting jobserver mode.
[ 87%] Linking CXX executable ../../../TestOpenCLCustomAngleForce
make[2]: warning: -j24 forced in submake: resetting jobserver mode.
[ 87%] Building CXX object platforms/opencl/tests/CMakeFiles/TestOpenCLHarmonicBondForce.dir/TestOpenCLHarmonicBondForce.cpp.o
[ 87%] Linking CXX executable ../../../TestOpenCLCustomCVForce
[ 87%] Linking CXX executable ../../../TestOpenCLCompoundIntegrator
[ 87%] Built target TestOpenCLCustomExternalForce
make[2]: warning: -j24 forced in submake: resetting jobserver mode.
make[2]: warning: -j24 forced in submake: resetting jobserver mode.
[ 87%] Building CXX object platforms/opencl/tests/CMakeFiles/TestOpenCLLangevinIntegrator.dir/TestOpenCLLangevinIntegrator.cpp.o
[ 87%] Built target TestOpenCLCustomHbondForce
make[2]: warning: -j24 forced in submake: resetting jobserver mode.
make[2]: warning: -j24 forced in submake: resetting jobserver mode.
[ 87%] Building CXX object platforms/opencl/tests/CMakeFiles/TestOpenCLLocalEnergyMinimizer.dir/TestOpenCLLocalEnergyMinimizer.cpp.o
[ 87%] Built target TestOpenCLCustomAngleForce
make[2]: warning: -j24 forced in submake: resetting jobserver mode.
make[2]: warning: -j24 forced in submake: resetting jobserver mode.
[ 87%] Building CXX object platforms/opencl/tests/CMakeFiles/TestOpenCLMonteCarloAnisotropicBarostat.dir/TestOpenCLMonteCarloAnisotropicBarostat.cpp.o
[ 87%] Built target TestOpenCLCustomCVForce
make[2]: warning: -j24 forced in submake: resetting jobserver mode.
[ 87%] Built target TestOpenCLCompoundIntegrator
make[2]: warning: -j24 forced in submake: resetting jobserver mode.
make[2]: warning: -j24 forced in submake: resetting jobserver mode.
make[2]: warning: -j24 forced in submake: resetting jobserver mode.
[ 87%] Linking CXX executable ../../../TestOpenCLCustomBondForce
[ 87%] Building CXX object platforms/opencl/tests/CMakeFiles/TestOpenCLMonteCarloBarostat.dir/TestOpenCLMonteCarloBarostat.cpp.o
[ 87%] Building CXX object platforms/opencl/tests/CMakeFiles/TestOpenCLMultipleForces.dir/TestOpenCLMultipleForces.cpp.o
[ 87%] Linking CXX executable ../../../../../TestCudaRpmd
[ 87%] Built target TestOpenCLCustomBondForce
make[2]: warning: -j24 forced in submake: resetting jobserver mode.
make[2]: warning: -j24 forced in submake: resetting jobserver mode.
[ 87%] Built target TestCudaRpmd
[ 87%] Building CXX object platforms/opencl/tests/CMakeFiles/TestOpenCLNonbondedForce.dir/TestOpenCLNonbondedForce.cpp.o
make[2]: warning: -j24 forced in submake: resetting jobserver mode.
make[2]: warning: -j24 forced in submake: resetting jobserver mode.
[ 87%] Building CXX object platforms/opencl/tests/CMakeFiles/TestOpenCLPeriodicTorsionForce.dir/TestOpenCLPeriodicTorsionForce.cpp.o
[ 87%] Linking CXX executable ../../../TestOpenCLCustomCentroidBondForce
[ 87%] Linking CXX executable ../../../TestOpenCLDeviceQuery
[ 87%] Linking CXX executable ../../../TestOpenCLCustomManyParticleForce
[ 87%] Built target TestOpenCLCustomCentroidBondForce
make[2]: warning: -j24 forced in submake: resetting jobserver mode.
make[2]: warning: -j24 forced in submake: resetting jobserver mode.
[ 87%] Built target TestOpenCLDeviceQuery
make[2]: warning: -j24 forced in submake: resetting jobserver mode.
[ 87%] Building CXX object platforms/opencl/tests/CMakeFiles/TestOpenCLRBTorsionForce.dir/TestOpenCLRBTorsionForce.cpp.o
make[2]: warning: -j24 forced in submake: resetting jobserver mode.
[ 87%] Building CXX object platforms/opencl/tests/CMakeFiles/TestOpenCLRMSDForce.dir/TestOpenCLRMSDForce.cpp.o
[ 87%] Linking CXX executable ../../../TestOpenCLCustomTorsionForce
[ 87%] Linking CXX executable ../../../TestOpenCLCustomCompoundBondForce
[ 87%] Linking CXX executable ../../../TestOpenCLCustomGBForce
[ 87%] Linking CXX executable ../../../TestOpenCLFFT
[ 87%] Built target TestOpenCLCustomManyParticleForce
make[2]: warning: -j24 forced in submake: resetting jobserver mode.
make[2]: warning: -j24 forced in submake: resetting jobserver mode.
[ 87%] Building CXX object platforms/opencl/tests/CMakeFiles/TestOpenCLRandom.dir/TestOpenCLRandom.cpp.o
[ 87%] Linking CXX executable ../../../TestOpenCLMultipleForces
[ 87%] Built target TestOpenCLCustomTorsionForce
make[2]: warning: -j24 forced in submake: resetting jobserver mode.
make[2]: warning: -j24 forced in submake: resetting jobserver mode.
[ 87%] Building CXX object platforms/opencl/tests/CMakeFiles/TestOpenCLSettle.dir/TestOpenCLSettle.cpp.o
[ 87%] Built target TestOpenCLCustomCompoundBondForce
[ 87%] Built target TestOpenCLCustomGBForce
make[2]: warning: -j24 forced in submake: resetting jobserver mode.
make[2]: warning: -j24 forced in submake: resetting jobserver mode.
make[2]: warning: -j24 forced in submake: resetting jobserver mode.
make[2]: warning: -j24 forced in submake: resetting jobserver mode.
[ 87%] Linking CXX executable ../../../TestOpenCLGayBerneForce
[ 87%] Building CXX object platforms/opencl/tests/CMakeFiles/TestOpenCLVariableLangevinIntegrator.dir/TestOpenCLVariableLangevinIntegrator.cpp.o
[ 87%] Building CXX object platforms/opencl/tests/CMakeFiles/TestOpenCLSort.dir/TestOpenCLSort.cpp.o
[ 87%] Built target TestOpenCLFFT
make[2]: warning: -j24 forced in submake: resetting jobserver mode.
make[2]: warning: -j24 forced in submake: resetting jobserver mode.
[ 87%] Building CXX object platforms/opencl/tests/CMakeFiles/TestOpenCLVariableVerletIntegrator.dir/TestOpenCLVariableVerletIntegrator.cpp.o
[ 87%] Built target TestOpenCLMultipleForces
make[2]: warning: -j24 forced in submake: resetting jobserver mode.
[ 87%] Linking CXX executable ../../../TestOpenCLHarmonicAngleForce
make[2]: warning: -j24 forced in submake: resetting jobserver mode.
[ 87%] Building CXX object platforms/opencl/tests/CMakeFiles/TestOpenCLVerletIntegrator.dir/TestOpenCLVerletIntegrator.cpp.o
[ 87%] Linking CXX executable ../../../TestOpenCLLocalEnergyMinimizer
[ 87%] Built target TestOpenCLGayBerneForce
make[2]: warning: -j24 forced in submake: resetting jobserver mode.
make[2]: warning: -j24 forced in submake: resetting jobserver mode.
[ 87%] Building CXX object platforms/opencl/tests/CMakeFiles/TestOpenCLVirtualSites.dir/TestOpenCLVirtualSites.cpp.o
[ 87%] Built target TestOpenCLHarmonicAngleForce
make[2]: warning: -j24 forced in submake: resetting jobserver mode.
[ 87%] Generating src/OpenCLRpmdKernelSources.cpp, src/OpenCLRpmdKernelSources.h
In file included from /opt/cuda/include/CL/opencl.h:24,
                 from /home/surgeon/trash/set-up-wshell/openmm/platforms/opencl/src/cl.hpp:178,
                 from /home/surgeon/trash/set-up-wshell/openmm/platforms/opencl/./include/OpenCLArray.h:34,
                 from /home/surgeon/trash/set-up-wshell/openmm/platforms/opencl/tests/TestOpenCLRandom.cpp:37:
/opt/cuda/include/CL/cl.h:26:104: note: ‘#pragma message: cl_version.h: CL_TARGET_OPENCL_VERSION is not defined. Defaulting to 300 (OpenCL 3.0)’
   26 | #pragma message("cl_version.h: CL_TARGET_OPENCL_VERSION is not defined. Defaulting to 300 (OpenCL 3.0)")
      |                                                                                                        ^
make[2]: warning: -j24 forced in submake: resetting jobserver mode.
[ 87%] Built target TestOpenCLLocalEnergyMinimizer
[ 87%] Building CXX object plugins/rpmd/platforms/opencl/CMakeFiles/OpenMMRPMDOpenCL.dir/src/OpenCLRpmdKernelFactory.cpp.o
[ 87%] Building CXX object plugins/rpmd/platforms/opencl/CMakeFiles/OpenMMRPMDOpenCL.dir/src/OpenCLRpmdKernels.cpp.o
make[2]: warning: -j24 forced in submake: resetting jobserver mode.
[ 87%] Building CXX object plugins/rpmd/platforms/opencl/CMakeFiles/OpenMMRPMDOpenCL.dir/src/OpenCLRpmdKernelSources.cpp.o
[ 89%] Generating src/OpenCLDrudeKernelSources.cpp, src/OpenCLDrudeKernelSources.h
[ 89%] Linking CXX executable ../../../TestOpenCLGBSAOBCForce
/home/surgeon/trash/set-up-wshell/openmm/platforms/opencl/src/cl.hpp: In constructor ‘cl::Sampler::Sampler(const cl::Context&, cl_bool, cl_addressing_mode, cl_filter_mode, cl_int*)’:
/home/surgeon/trash/set-up-wshell/openmm/platforms/opencl/src/cl.hpp:4241:36: warning: ‘_cl_sampler* clCreateSampler(cl_context, cl_bool, cl_addressing_mode, cl_filter_mode, cl_int*)’ is deprecated [-Wdeprecated-declarations]
 4241 |         object_ = ::clCreateSampler(
      |                   ~~~~~~~~~~~~~~~~~^
 4242 |             context(),
      |             ~~~~~~~~~~              
 4243 |             normalized_coords,
      |             ~~~~~~~~~~~~~~~~~~      
 4244 |             addressing_mode,
      |             ~~~~~~~~~~~~~~~~        
 4245 |             filter_mode,
      |             ~~~~~~~~~~~~            
 4246 |             &error);
      |             ~~~~~~~                 
/opt/cuda/include/CL/cl.h:1986:1: note: declared here
 1986 | clCreateSampler(cl_context          context,
      | ^~~~~~~~~~~~~~~
make[2]: warning: -j24 forced in submake: resetting jobserver mode.
[ 89%] Linking CXX executable ../../../TestOpenCLLangevinIntegrator
In file included from /opt/cuda/include/CL/opencl.h:24,
                 from /home/surgeon/trash/set-up-wshell/openmm/platforms/opencl/src/cl.hpp:178,
                 from /home/surgeon/trash/set-up-wshell/openmm/platforms/opencl/./include/OpenCLArray.h:34,
                 from /home/surgeon/trash/set-up-wshell/openmm/platforms/opencl/tests/TestOpenCLSort.cpp:37:
/opt/cuda/include/CL/cl.h:26:104: note: ‘#pragma message: cl_version.h: CL_TARGET_OPENCL_VERSION is not defined. Defaulting to 300 (OpenCL 3.0)’
   26 | #pragma message("cl_version.h: CL_TARGET_OPENCL_VERSION is not defined. Defaulting to 300 (OpenCL 3.0)")
      |                                                                                                        ^
/home/surgeon/trash/set-up-wshell/openmm/platforms/opencl/src/cl.hpp: In constructor ‘cl::CommandQueue::CommandQueue(cl_command_queue_properties, cl_int*)’:
/home/surgeon/trash/set-up-wshell/openmm/platforms/opencl/src/cl.hpp:5085:45: warning: ‘_cl_command_queue* clCreateCommandQueue(cl_context, cl_device_id, cl_command_queue_properties, cl_int*)’ is deprecated [-Wdeprecated-declarations]
 5085 |             object_ = ::clCreateCommandQueue(
      |                       ~~~~~~~~~~~~~~~~~~~~~~^
 5086 |                 context(), device(), properties, &error);
      |                 ~~~~~~~~~~~~~~~~~~~~~~~~~~~~~~~~~~~~~~~~
/opt/cuda/include/CL/cl.h:1980:1: note: declared here
 1980 | clCreateCommandQueue(cl_context                     context,
      | ^~~~~~~~~~~~~~~~~~~~
/home/surgeon/trash/set-up-wshell/openmm/platforms/opencl/src/cl.hpp: In constructor ‘cl::CommandQueue::CommandQueue(const cl::Context&, const cl::Device&, cl_command_queue_properties, cl_int*)’:
/home/surgeon/trash/set-up-wshell/openmm/platforms/opencl/src/cl.hpp:5102:41: warning: ‘_cl_command_queue* clCreateCommandQueue(cl_context, cl_device_id, cl_command_queue_properties, cl_int*)’ is deprecated [-Wdeprecated-declarations]
 5102 |         object_ = ::clCreateCommandQueue(
      |                   ~~~~~~~~~~~~~~~~~~~~~~^
 5103 |             context(), device(), properties, &error);
      |             ~~~~~~~~~~~~~~~~~~~~~~~~~~~~~~~~~~~~~~~~
/opt/cuda/include/CL/cl.h:1980:1: note: declared here
 1980 | clCreateCommandQueue(cl_context                     context,
      | ^~~~~~~~~~~~~~~~~~~~
/home/surgeon/trash/set-up-wshell/openmm/platforms/opencl/src/cl.hpp: In member function ‘cl_int cl::CommandQueue::enqueueTask(const cl::Kernel&, const std::vector<cl::Event>*, cl::Event*) const’:
/home/surgeon/trash/set-up-wshell/openmm/platforms/opencl/src/cl.hpp:5879:28: warning: ‘cl_int clEnqueueTask(cl_command_queue, cl_kernel, cl_uint, _cl_event* const*, _cl_event**)’ is deprecated [-Wdeprecated-declarations]
 5879 |             ::clEnqueueTask(
      |             ~~~~~~~~~~~~~~~^
 5880 |                 object_, kernel(),
      |                 ~~~~~~~~~~~~~~~~~~
 5881 |                 (events != NULL) ? (cl_uint) events->size() : 0,
      |                 ~~~~~~~~~~~~~~~~~~~~~~~~~~~~~~~~~~~~~~~~~~~~~~~~
 5882 |                 (events != NULL && events->size() > 0) ? (cl_event*) &events->front() : NULL,
      |                 ~~~~~~~~~~~~~~~~~~~~~~~~~~~~~~~~~~~~~~~~~~~~~~~~~~~~~~~~~~~~~~~~~~~~~~~~~~~~~
 5883 |                 (event != NULL) ? &tmp : NULL),
      |                 ~~~~~~~~~~~~~~~~~~~~~~~~~~~~~~
/opt/cuda/include/CL/cl.h:1993:1: note: declared here
 1993 | clEnqueueTask(cl_command_queue  command_queue,
      | ^~~~~~~~~~~~~
[ 89%] Building CXX object plugins/drude/platforms/opencl/CMakeFiles/OpenMMDrudeOpenCL.dir/src/OpenCLDrudeKernelFactory.cpp.o
[ 89%] Building CXX object plugins/drude/platforms/opencl/CMakeFiles/OpenMMDrudeOpenCL.dir/src/OpenCLDrudeKernels.cpp.o
[ 89%] Linking CXX executable ../../../TestOpenCLHarmonicBondForce
[ 89%] Building CXX object plugins/drude/platforms/opencl/CMakeFiles/OpenMMDrudeOpenCL.dir/src/OpenCLDrudeKernelSources.cpp.o
[ 89%] Built target TestOpenCLGBSAOBCForce
/home/surgeon/trash/set-up-wshell/openmm/platforms/opencl/src/cl.hpp: In constructor ‘cl::Sampler::Sampler(const cl::Context&, cl_bool, cl_addressing_mode, cl_filter_mode, cl_int*)’:
/home/surgeon/trash/set-up-wshell/openmm/platforms/opencl/src/cl.hpp:4241:36: warning: ‘_cl_sampler* clCreateSampler(cl_context, cl_bool, cl_addressing_mode, cl_filter_mode, cl_int*)’ is deprecated [-Wdeprecated-declarations]
 4241 |         object_ = ::clCreateSampler(
      |                   ~~~~~~~~~~~~~~~~~^
 4242 |             context(),
      |             ~~~~~~~~~~              
 4243 |             normalized_coords,
      |             ~~~~~~~~~~~~~~~~~~      
 4244 |             addressing_mode,
      |             ~~~~~~~~~~~~~~~~        
 4245 |             filter_mode,
      |             ~~~~~~~~~~~~            
 4246 |             &error);
      |             ~~~~~~~                 
/opt/cuda/include/CL/cl.h:1986:1: note: declared here
 1986 | clCreateSampler(cl_context          context,
      | ^~~~~~~~~~~~~~~
make[2]: warning: -j24 forced in submake: resetting jobserver mode.
[ 91%] Linking CXX executable ../../../TestOpenCLMonteCarloBarostat
/home/surgeon/trash/set-up-wshell/openmm/platforms/opencl/src/cl.hpp: In constructor ‘cl::CommandQueue::CommandQueue(cl_command_queue_properties, cl_int*)’:
/home/surgeon/trash/set-up-wshell/openmm/platforms/opencl/src/cl.hpp:5085:45: warning: ‘_cl_command_queue* clCreateCommandQueue(cl_context, cl_device_id, cl_command_queue_properties, cl_int*)’ is deprecated [-Wdeprecated-declarations]
 5085 |             object_ = ::clCreateCommandQueue(
      |                       ~~~~~~~~~~~~~~~~~~~~~~^
 5086 |                 context(), device(), properties, &error);
      |                 ~~~~~~~~~~~~~~~~~~~~~~~~~~~~~~~~~~~~~~~~
/opt/cuda/include/CL/cl.h:1980:1: note: declared here
 1980 | clCreateCommandQueue(cl_context                     context,
      | ^~~~~~~~~~~~~~~~~~~~
/home/surgeon/trash/set-up-wshell/openmm/platforms/opencl/src/cl.hpp: In constructor ‘cl::CommandQueue::CommandQueue(const cl::Context&, const cl::Device&, cl_command_queue_properties, cl_int*)’:
/home/surgeon/trash/set-up-wshell/openmm/platforms/opencl/src/cl.hpp:5102:41: warning: ‘_cl_command_queue* clCreateCommandQueue(cl_context, cl_device_id, cl_command_queue_properties, cl_int*)’ is deprecated [-Wdeprecated-declarations]
 5102 |         object_ = ::clCreateCommandQueue(
      |                   ~~~~~~~~~~~~~~~~~~~~~~^
 5103 |             context(), device(), properties, &error);
      |             ~~~~~~~~~~~~~~~~~~~~~~~~~~~~~~~~~~~~~~~~
/opt/cuda/include/CL/cl.h:1980:1: note: declared here
 1980 | clCreateCommandQueue(cl_context                     context,
      | ^~~~~~~~~~~~~~~~~~~~
/home/surgeon/trash/set-up-wshell/openmm/platforms/opencl/src/cl.hpp: In member function ‘cl_int cl::CommandQueue::enqueueTask(const cl::Kernel&, const std::vector<cl::Event>*, cl::Event*) const’:
/home/surgeon/trash/set-up-wshell/openmm/platforms/opencl/src/cl.hpp:5879:28: warning: ‘cl_int clEnqueueTask(cl_command_queue, cl_kernel, cl_uint, _cl_event* const*, _cl_event**)’ is deprecated [-Wdeprecated-declarations]
 5879 |             ::clEnqueueTask(
      |             ~~~~~~~~~~~~~~~^
 5880 |                 object_, kernel(),
      |                 ~~~~~~~~~~~~~~~~~~
 5881 |                 (events != NULL) ? (cl_uint) events->size() : 0,
      |                 ~~~~~~~~~~~~~~~~~~~~~~~~~~~~~~~~~~~~~~~~~~~~~~~~
 5882 |                 (events != NULL && events->size() > 0) ? (cl_event*) &events->front() : NULL,
      |                 ~~~~~~~~~~~~~~~~~~~~~~~~~~~~~~~~~~~~~~~~~~~~~~~~~~~~~~~~~~~~~~~~~~~~~~~~~~~~~
 5883 |                 (event != NULL) ? &tmp : NULL),
      |                 ~~~~~~~~~~~~~~~~~~~~~~~~~~~~~~
/opt/cuda/include/CL/cl.h:1993:1: note: declared here
 1993 | clEnqueueTask(cl_command_queue  command_queue,
      | ^~~~~~~~~~~~~
[ 93%] Linking CXX executable ../../../TestOpenCLCustomIntegrator
make[2]: warning: -j24 forced in submake: resetting jobserver mode.
[ 93%] Built target TestOpenCLLangevinIntegrator
[ 93%] Building CXX object plugins/cudacompiler/tests/CMakeFiles/TestCudaCompiler.dir/TestCudaCompiler.cpp.o
[ 93%] Built target TestOpenCLHarmonicBondForce
In file included from /opt/cuda/include/CL/opencl.h:24,
                 from /home/surgeon/trash/set-up-wshell/openmm/platforms/opencl/src/cl.hpp:178,
                 from /home/surgeon/trash/set-up-wshell/openmm/platforms/opencl/include/OpenCLContext.h:40,
                 from /home/surgeon/trash/set-up-wshell/openmm/plugins/rpmd/platforms/opencl/src/OpenCLRpmdKernels.h:36,
                 from /home/surgeon/trash/set-up-wshell/openmm/plugins/rpmd/platforms/opencl/src/OpenCLRpmdKernelFactory.cpp:30:
/opt/cuda/include/CL/cl.h:26:104: note: ‘#pragma message: cl_version.h: CL_TARGET_OPENCL_VERSION is not defined. Defaulting to 300 (OpenCL 3.0)’
   26 | #pragma message("cl_version.h: CL_TARGET_OPENCL_VERSION is not defined. Defaulting to 300 (OpenCL 3.0)")
      |                                                                                                        ^
[ 93%] Linking CXX executable ../../../TestOpenCLMonteCarloAnisotropicBarostat
/home/surgeon/trash/set-up-wshell/openmm/platforms/opencl/src/cl.hpp: In constructor ‘cl::Sampler::Sampler(const cl::Context&, cl_bool, cl_addressing_mode, cl_filter_mode, cl_int*)’:
/home/surgeon/trash/set-up-wshell/openmm/platforms/opencl/src/cl.hpp:4241:36: warning: ‘_cl_sampler* clCreateSampler(cl_context, cl_bool, cl_addressing_mode, cl_filter_mode, cl_int*)’ is deprecated [-Wdeprecated-declarations]
 4241 |         object_ = ::clCreateSampler(
      |                   ~~~~~~~~~~~~~~~~~^
 4242 |             context(),
      |             ~~~~~~~~~~              
 4243 |             normalized_coords,
      |             ~~~~~~~~~~~~~~~~~~      
 4244 |             addressing_mode,
      |             ~~~~~~~~~~~~~~~~        
 4245 |             filter_mode,
      |             ~~~~~~~~~~~~            
 4246 |             &error);
      |             ~~~~~~~                 
/opt/cuda/include/CL/cl.h:1986:1: note: declared here
 1986 | clCreateSampler(cl_context          context,
      | ^~~~~~~~~~~~~~~
[ 93%] Built target TestOpenCLMonteCarloBarostat
In file included from /opt/cuda/include/CL/opencl.h:24,
                 from /home/surgeon/trash/set-up-wshell/openmm/platforms/opencl/src/cl.hpp:178,
                 from /home/surgeon/trash/set-up-wshell/openmm/platforms/opencl/include/OpenCLContext.h:40,
                 from /home/surgeon/trash/set-up-wshell/openmm/plugins/rpmd/platforms/opencl/src/OpenCLRpmdKernels.h:36,
                 from /home/surgeon/trash/set-up-wshell/openmm/plugins/rpmd/platforms/opencl/src/OpenCLRpmdKernels.cpp:32:
/opt/cuda/include/CL/cl.h:26:104: note: ‘#pragma message: cl_version.h: CL_TARGET_OPENCL_VERSION is not defined. Defaulting to 300 (OpenCL 3.0)’
   26 | #pragma message("cl_version.h: CL_TARGET_OPENCL_VERSION is not defined. Defaulting to 300 (OpenCL 3.0)")
      |                                                                                                        ^
/home/surgeon/trash/set-up-wshell/openmm/platforms/opencl/src/cl.hpp: In constructor ‘cl::CommandQueue::CommandQueue(cl_command_queue_properties, cl_int*)’:
/home/surgeon/trash/set-up-wshell/openmm/platforms/opencl/src/cl.hpp:5085:45: warning: ‘_cl_command_queue* clCreateCommandQueue(cl_context, cl_device_id, cl_command_queue_properties, cl_int*)’ is deprecated [-Wdeprecated-declarations]
 5085 |             object_ = ::clCreateCommandQueue(
      |                       ~~~~~~~~~~~~~~~~~~~~~~^
 5086 |                 context(), device(), properties, &error);
      |                 ~~~~~~~~~~~~~~~~~~~~~~~~~~~~~~~~~~~~~~~~
/opt/cuda/include/CL/cl.h:1980:1: note: declared here
 1980 | clCreateCommandQueue(cl_context                     context,
      | ^~~~~~~~~~~~~~~~~~~~
/home/surgeon/trash/set-up-wshell/openmm/platforms/opencl/src/cl.hpp: In constructor ‘cl::CommandQueue::CommandQueue(const cl::Context&, const cl::Device&, cl_command_queue_properties, cl_int*)’:
/home/surgeon/trash/set-up-wshell/openmm/platforms/opencl/src/cl.hpp:5102:41: warning: ‘_cl_command_queue* clCreateCommandQueue(cl_context, cl_device_id, cl_command_queue_properties, cl_int*)’ is deprecated [-Wdeprecated-declarations]
 5102 |         object_ = ::clCreateCommandQueue(
      |                   ~~~~~~~~~~~~~~~~~~~~~~^
 5103 |             context(), device(), properties, &error);
      |             ~~~~~~~~~~~~~~~~~~~~~~~~~~~~~~~~~~~~~~~~
/opt/cuda/include/CL/cl.h:1980:1: note: declared here
 1980 | clCreateCommandQueue(cl_context                     context,
      | ^~~~~~~~~~~~~~~~~~~~
[ 93%] Linking CXX executable ../../../TestOpenCLSettle
/home/surgeon/trash/set-up-wshell/openmm/platforms/opencl/src/cl.hpp: In member function ‘cl_int cl::CommandQueue::enqueueTask(const cl::Kernel&, const std::vector<cl::Event>*, cl::Event*) const’:
/home/surgeon/trash/set-up-wshell/openmm/platforms/opencl/src/cl.hpp:5879:28: warning: ‘cl_int clEnqueueTask(cl_command_queue, cl_kernel, cl_uint, _cl_event* const*, _cl_event**)’ is deprecated [-Wdeprecated-declarations]
 5879 |             ::clEnqueueTask(
      |             ~~~~~~~~~~~~~~~^
 5880 |                 object_, kernel(),
      |                 ~~~~~~~~~~~~~~~~~~
 5881 |                 (events != NULL) ? (cl_uint) events->size() : 0,
      |                 ~~~~~~~~~~~~~~~~~~~~~~~~~~~~~~~~~~~~~~~~~~~~~~~~
 5882 |                 (events != NULL && events->size() > 0) ? (cl_event*) &events->front() : NULL,
      |                 ~~~~~~~~~~~~~~~~~~~~~~~~~~~~~~~~~~~~~~~~~~~~~~~~~~~~~~~~~~~~~~~~~~~~~~~~~~~~~
 5883 |                 (event != NULL) ? &tmp : NULL),
      |                 ~~~~~~~~~~~~~~~~~~~~~~~~~~~~~~
/opt/cuda/include/CL/cl.h:1993:1: note: declared here
 1993 | clEnqueueTask(cl_command_queue  command_queue,
      | ^~~~~~~~~~~~~
[ 93%] Built target TestOpenCLCustomIntegrator
/home/surgeon/trash/set-up-wshell/openmm/platforms/opencl/src/cl.hpp: In constructor ‘cl::Sampler::Sampler(const cl::Context&, cl_bool, cl_addressing_mode, cl_filter_mode, cl_int*)’:
/home/surgeon/trash/set-up-wshell/openmm/platforms/opencl/src/cl.hpp:4241:36: warning: ‘_cl_sampler* clCreateSampler(cl_context, cl_bool, cl_addressing_mode, cl_filter_mode, cl_int*)’ is deprecated [-Wdeprecated-declarations]
 4241 |         object_ = ::clCreateSampler(
      |                   ~~~~~~~~~~~~~~~~~^
 4242 |             context(),
      |             ~~~~~~~~~~              
 4243 |             normalized_coords,
      |             ~~~~~~~~~~~~~~~~~~      
 4244 |             addressing_mode,
      |             ~~~~~~~~~~~~~~~~        
 4245 |             filter_mode,
      |             ~~~~~~~~~~~~            
 4246 |             &error);
      |             ~~~~~~~                 
/opt/cuda/include/CL/cl.h:1986:1: note: declared here
 1986 | clCreateSampler(cl_context          context,
      | ^~~~~~~~~~~~~~~
In file included from /opt/cuda/include/CL/opencl.h:24,
                 from /home/surgeon/trash/set-up-wshell/openmm/platforms/opencl/src/cl.hpp:178,
                 from /home/surgeon/trash/set-up-wshell/openmm/platforms/opencl/include/OpenCLContext.h:40,
                 from /home/surgeon/trash/set-up-wshell/openmm/plugins/drude/platforms/opencl/src/OpenCLDrudeKernels.h:36,
                 from /home/surgeon/trash/set-up-wshell/openmm/plugins/drude/platforms/opencl/src/OpenCLDrudeKernelFactory.cpp:30:
/opt/cuda/include/CL/cl.h:26:104: note: ‘#pragma message: cl_version.h: CL_TARGET_OPENCL_VERSION is not defined. Defaulting to 300 (OpenCL 3.0)’
   26 | #pragma message("cl_version.h: CL_TARGET_OPENCL_VERSION is not defined. Defaulting to 300 (OpenCL 3.0)")
      |                                                                                                        ^
/home/surgeon/trash/set-up-wshell/openmm/platforms/opencl/src/cl.hpp: In constructor ‘cl::CommandQueue::CommandQueue(cl_command_queue_properties, cl_int*)’:
/home/surgeon/trash/set-up-wshell/openmm/platforms/opencl/src/cl.hpp:5085:45: warning: ‘_cl_command_queue* clCreateCommandQueue(cl_context, cl_device_id, cl_command_queue_properties, cl_int*)’ is deprecated [-Wdeprecated-declarations]
 5085 |             object_ = ::clCreateCommandQueue(
      |                       ~~~~~~~~~~~~~~~~~~~~~~^
 5086 |                 context(), device(), properties, &error);
      |                 ~~~~~~~~~~~~~~~~~~~~~~~~~~~~~~~~~~~~~~~~
/opt/cuda/include/CL/cl.h:1980:1: note: declared here
 1980 | clCreateCommandQueue(cl_context                     context,
      | ^~~~~~~~~~~~~~~~~~~~
/home/surgeon/trash/set-up-wshell/openmm/platforms/opencl/src/cl.hpp: In constructor ‘cl::CommandQueue::CommandQueue(const cl::Context&, const cl::Device&, cl_command_queue_properties, cl_int*)’:
/home/surgeon/trash/set-up-wshell/openmm/platforms/opencl/src/cl.hpp:5102:41: warning: ‘_cl_command_queue* clCreateCommandQueue(cl_context, cl_device_id, cl_command_queue_properties, cl_int*)’ is deprecated [-Wdeprecated-declarations]
 5102 |         object_ = ::clCreateCommandQueue(
      |                   ~~~~~~~~~~~~~~~~~~~~~~^
 5103 |             context(), device(), properties, &error);
      |             ~~~~~~~~~~~~~~~~~~~~~~~~~~~~~~~~~~~~~~~~
/opt/cuda/include/CL/cl.h:1980:1: note: declared here
 1980 | clCreateCommandQueue(cl_context                     context,
      | ^~~~~~~~~~~~~~~~~~~~
In file included from /opt/cuda/include/CL/opencl.h:24,
                 from /home/surgeon/trash/set-up-wshell/openmm/platforms/opencl/src/cl.hpp:178,
                 from /home/surgeon/trash/set-up-wshell/openmm/platforms/opencl/include/OpenCLContext.h:40,
                 from /home/surgeon/trash/set-up-wshell/openmm/plugins/drude/platforms/opencl/src/OpenCLDrudeKernels.h:36,
                 from /home/surgeon/trash/set-up-wshell/openmm/plugins/drude/platforms/opencl/src/OpenCLDrudeKernels.cpp:32:
/opt/cuda/include/CL/cl.h:26:104: note: ‘#pragma message: cl_version.h: CL_TARGET_OPENCL_VERSION is not defined. Defaulting to 300 (OpenCL 3.0)’
   26 | #pragma message("cl_version.h: CL_TARGET_OPENCL_VERSION is not defined. Defaulting to 300 (OpenCL 3.0)")
      |                                                                                                        ^
/home/surgeon/trash/set-up-wshell/openmm/platforms/opencl/src/cl.hpp: In member function ‘cl_int cl::CommandQueue::enqueueTask(const cl::Kernel&, const std::vector<cl::Event>*, cl::Event*) const’:
/home/surgeon/trash/set-up-wshell/openmm/platforms/opencl/src/cl.hpp:5879:28: warning: ‘cl_int clEnqueueTask(cl_command_queue, cl_kernel, cl_uint, _cl_event* const*, _cl_event**)’ is deprecated [-Wdeprecated-declarations]
 5879 |             ::clEnqueueTask(
      |             ~~~~~~~~~~~~~~~^
 5880 |                 object_, kernel(),
      |                 ~~~~~~~~~~~~~~~~~~
 5881 |                 (events != NULL) ? (cl_uint) events->size() : 0,
      |                 ~~~~~~~~~~~~~~~~~~~~~~~~~~~~~~~~~~~~~~~~~~~~~~~~
 5882 |                 (events != NULL && events->size() > 0) ? (cl_event*) &events->front() : NULL,
      |                 ~~~~~~~~~~~~~~~~~~~~~~~~~~~~~~~~~~~~~~~~~~~~~~~~~~~~~~~~~~~~~~~~~~~~~~~~~~~~~
 5883 |                 (event != NULL) ? &tmp : NULL),
      |                 ~~~~~~~~~~~~~~~~~~~~~~~~~~~~~~
/opt/cuda/include/CL/cl.h:1993:1: note: declared here
 1993 | clEnqueueTask(cl_command_queue  command_queue,
      | ^~~~~~~~~~~~~
[ 93%] Built target TestOpenCLMonteCarloAnisotropicBarostat
/home/surgeon/trash/set-up-wshell/openmm/platforms/opencl/src/cl.hpp: In constructor ‘cl::Sampler::Sampler(const cl::Context&, cl_bool, cl_addressing_mode, cl_filter_mode, cl_int*)’:
/home/surgeon/trash/set-up-wshell/openmm/platforms/opencl/src/cl.hpp:4241:36: warning: ‘_cl_sampler* clCreateSampler(cl_context, cl_bool, cl_addressing_mode, cl_filter_mode, cl_int*)’ is deprecated [-Wdeprecated-declarations]
 4241 |         object_ = ::clCreateSampler(
      |                   ~~~~~~~~~~~~~~~~~^
 4242 |             context(),
      |             ~~~~~~~~~~              
 4243 |             normalized_coords,
      |             ~~~~~~~~~~~~~~~~~~      
 4244 |             addressing_mode,
      |             ~~~~~~~~~~~~~~~~        
 4245 |             filter_mode,
      |             ~~~~~~~~~~~~            
 4246 |             &error);
      |             ~~~~~~~                 
/opt/cuda/include/CL/cl.h:1986:1: note: declared here
 1986 | clCreateSampler(cl_context          context,
      | ^~~~~~~~~~~~~~~
/home/surgeon/trash/set-up-wshell/openmm/platforms/opencl/src/cl.hpp: In constructor ‘cl::Sampler::Sampler(const cl::Context&, cl_bool, cl_addressing_mode, cl_filter_mode, cl_int*)’:
/home/surgeon/trash/set-up-wshell/openmm/platforms/opencl/src/cl.hpp:4241:36: warning: ‘_cl_sampler* clCreateSampler(cl_context, cl_bool, cl_addressing_mode, cl_filter_mode, cl_int*)’ is deprecated [-Wdeprecated-declarations]
 4241 |         object_ = ::clCreateSampler(
      |                   ~~~~~~~~~~~~~~~~~^
 4242 |             context(),
      |             ~~~~~~~~~~              
 4243 |             normalized_coords,
      |             ~~~~~~~~~~~~~~~~~~      
 4244 |             addressing_mode,
      |             ~~~~~~~~~~~~~~~~        
 4245 |             filter_mode,
      |             ~~~~~~~~~~~~            
 4246 |             &error);
      |             ~~~~~~~                 
/opt/cuda/include/CL/cl.h:1986:1: note: declared here
 1986 | clCreateSampler(cl_context          context,
      | ^~~~~~~~~~~~~~~
[ 93%] Built target TestOpenCLSettle
/home/surgeon/trash/set-up-wshell/openmm/platforms/opencl/src/cl.hpp: In constructor ‘cl::CommandQueue::CommandQueue(cl_command_queue_properties, cl_int*)’:
/home/surgeon/trash/set-up-wshell/openmm/platforms/opencl/src/cl.hpp:5085:45: warning: ‘_cl_command_queue* clCreateCommandQueue(cl_context, cl_device_id, cl_command_queue_properties, cl_int*)’ is deprecated [-Wdeprecated-declarations]
 5085 |             object_ = ::clCreateCommandQueue(
      |                       ~~~~~~~~~~~~~~~~~~~~~~^
 5086 |                 context(), device(), properties, &error);
      |                 ~~~~~~~~~~~~~~~~~~~~~~~~~~~~~~~~~~~~~~~~
/opt/cuda/include/CL/cl.h:1980:1: note: declared here
 1980 | clCreateCommandQueue(cl_context                     context,
      | ^~~~~~~~~~~~~~~~~~~~
/home/surgeon/trash/set-up-wshell/openmm/platforms/opencl/src/cl.hpp: In constructor ‘cl::CommandQueue::CommandQueue(const cl::Context&, const cl::Device&, cl_command_queue_properties, cl_int*)’:
/home/surgeon/trash/set-up-wshell/openmm/platforms/opencl/src/cl.hpp:5102:41: warning: ‘_cl_command_queue* clCreateCommandQueue(cl_context, cl_device_id, cl_command_queue_properties, cl_int*)’ is deprecated [-Wdeprecated-declarations]
 5102 |         object_ = ::clCreateCommandQueue(
      |                   ~~~~~~~~~~~~~~~~~~~~~~^
 5103 |             context(), device(), properties, &error);
      |             ~~~~~~~~~~~~~~~~~~~~~~~~~~~~~~~~~~~~~~~~
/opt/cuda/include/CL/cl.h:1980:1: note: declared here
 1980 | clCreateCommandQueue(cl_context                     context,
      | ^~~~~~~~~~~~~~~~~~~~
/home/surgeon/trash/set-up-wshell/openmm/platforms/opencl/src/cl.hpp: In constructor ‘cl::CommandQueue::CommandQueue(cl_command_queue_properties, cl_int*)’:
/home/surgeon/trash/set-up-wshell/openmm/platforms/opencl/src/cl.hpp:5085:45: warning: ‘_cl_command_queue* clCreateCommandQueue(cl_context, cl_device_id, cl_command_queue_properties, cl_int*)’ is deprecated [-Wdeprecated-declarations]
 5085 |             object_ = ::clCreateCommandQueue(
      |                       ~~~~~~~~~~~~~~~~~~~~~~^
 5086 |                 context(), device(), properties, &error);
      |                 ~~~~~~~~~~~~~~~~~~~~~~~~~~~~~~~~~~~~~~~~
/opt/cuda/include/CL/cl.h:1980:1: note: declared here
 1980 | clCreateCommandQueue(cl_context                     context,
      | ^~~~~~~~~~~~~~~~~~~~
/home/surgeon/trash/set-up-wshell/openmm/platforms/opencl/src/cl.hpp: In constructor ‘cl::CommandQueue::CommandQueue(const cl::Context&, const cl::Device&, cl_command_queue_properties, cl_int*)’:
/home/surgeon/trash/set-up-wshell/openmm/platforms/opencl/src/cl.hpp:5102:41: warning: ‘_cl_command_queue* clCreateCommandQueue(cl_context, cl_device_id, cl_command_queue_properties, cl_int*)’ is deprecated [-Wdeprecated-declarations]
 5102 |         object_ = ::clCreateCommandQueue(
      |                   ~~~~~~~~~~~~~~~~~~~~~~^
 5103 |             context(), device(), properties, &error);
      |             ~~~~~~~~~~~~~~~~~~~~~~~~~~~~~~~~~~~~~~~~
/opt/cuda/include/CL/cl.h:1980:1: note: declared here
 1980 | clCreateCommandQueue(cl_context                     context,
      | ^~~~~~~~~~~~~~~~~~~~
/home/surgeon/trash/set-up-wshell/openmm/platforms/opencl/src/cl.hpp: In member function ‘cl_int cl::CommandQueue::enqueueTask(const cl::Kernel&, const std::vector<cl::Event>*, cl::Event*) const’:
/home/surgeon/trash/set-up-wshell/openmm/platforms/opencl/src/cl.hpp:5879:28: warning: ‘cl_int clEnqueueTask(cl_command_queue, cl_kernel, cl_uint, _cl_event* const*, _cl_event**)’ is deprecated [-Wdeprecated-declarations]
 5879 |             ::clEnqueueTask(
      |             ~~~~~~~~~~~~~~~^
 5880 |                 object_, kernel(),
      |                 ~~~~~~~~~~~~~~~~~~
 5881 |                 (events != NULL) ? (cl_uint) events->size() : 0,
      |                 ~~~~~~~~~~~~~~~~~~~~~~~~~~~~~~~~~~~~~~~~~~~~~~~~
 5882 |                 (events != NULL && events->size() > 0) ? (cl_event*) &events->front() : NULL,
      |                 ~~~~~~~~~~~~~~~~~~~~~~~~~~~~~~~~~~~~~~~~~~~~~~~~~~~~~~~~~~~~~~~~~~~~~~~~~~~~~
 5883 |                 (event != NULL) ? &tmp : NULL),
      |                 ~~~~~~~~~~~~~~~~~~~~~~~~~~~~~~
/opt/cuda/include/CL/cl.h:1993:1: note: declared here
 1993 | clEnqueueTask(cl_command_queue  command_queue,
      | ^~~~~~~~~~~~~
/home/surgeon/trash/set-up-wshell/openmm/platforms/opencl/src/cl.hpp: In member function ‘cl_int cl::CommandQueue::enqueueTask(const cl::Kernel&, const std::vector<cl::Event>*, cl::Event*) const’:
/home/surgeon/trash/set-up-wshell/openmm/platforms/opencl/src/cl.hpp:5879:28: warning: ‘cl_int clEnqueueTask(cl_command_queue, cl_kernel, cl_uint, _cl_event* const*, _cl_event**)’ is deprecated [-Wdeprecated-declarations]
 5879 |             ::clEnqueueTask(
      |             ~~~~~~~~~~~~~~~^
 5880 |                 object_, kernel(),
      |                 ~~~~~~~~~~~~~~~~~~
 5881 |                 (events != NULL) ? (cl_uint) events->size() : 0,
      |                 ~~~~~~~~~~~~~~~~~~~~~~~~~~~~~~~~~~~~~~~~~~~~~~~~
 5882 |                 (events != NULL && events->size() > 0) ? (cl_event*) &events->front() : NULL,
      |                 ~~~~~~~~~~~~~~~~~~~~~~~~~~~~~~~~~~~~~~~~~~~~~~~~~~~~~~~~~~~~~~~~~~~~~~~~~~~~~
 5883 |                 (event != NULL) ? &tmp : NULL),
      |                 ~~~~~~~~~~~~~~~~~~~~~~~~~~~~~~
/opt/cuda/include/CL/cl.h:1993:1: note: declared here
 1993 | clEnqueueTask(cl_command_queue  command_queue,
      | ^~~~~~~~~~~~~
[ 93%] Linking CXX executable ../../../TestOpenCLRMSDForce
[ 93%] Linking CXX executable ../../../TestOpenCLPeriodicTorsionForce
[ 93%] Built target TestOpenCLRMSDForce
[ 93%] Built target TestOpenCLPeriodicTorsionForce
[ 93%] Linking CXX executable ../../../TestOpenCLRandom
[ 94%] Linking CXX executable ../../../TestOpenCLSort
[ 94%] Built target TestOpenCLRandom
[ 94%] Linking CXX executable ../../../TestOpenCLVariableLangevinIntegrator
[ 94%] Built target TestOpenCLVariableLangevinIntegrator
[ 94%] Built target TestOpenCLSort
[ 94%] Linking CXX executable ../../../TestOpenCLRBTorsionForce
[ 94%] Linking CXX executable ../../../TestOpenCLVerletIntegrator
[ 94%] Linking CXX executable ../../../TestOpenCLCustomNonbondedForce
[ 94%] Built target TestOpenCLRBTorsionForce
[ 94%] Linking CXX executable ../../../TestOpenCLVariableVerletIntegrator
[ 94%] Linking CXX executable ../../../TestCudaCompiler
[ 94%] Built target TestOpenCLVerletIntegrator
[ 94%] Linking CXX shared library ../../../../libOpenMMAmoebaCUDA.so
[ 94%] Built target TestOpenCLCustomNonbondedForce
[ 94%] Built target TestOpenCLVariableVerletIntegrator
[ 94%] Built target TestCudaCompiler
[ 94%] Built target OpenMMAmoebaCUDA
make[2]: warning: -j24 forced in submake: resetting jobserver mode.
make[2]: warning: -j24 forced in submake: resetting jobserver mode.
make[2]: warning: -j24 forced in submake: resetting jobserver mode.
make[2]: warning: -j24 forced in submake: resetting jobserver mode.
make[2]: warning: -j24 forced in submake: resetting jobserver mode.
make[2]: warning: -j24 forced in submake: resetting jobserver mode.
make[2]: warning: -j24 forced in submake: resetting jobserver mode.
make[2]: warning: -j24 forced in submake: resetting jobserver mode.
make[2]: warning: -j24 forced in submake: resetting jobserver mode.
make[2]: warning: -j24 forced in submake: resetting jobserver mode.
make[2]: warning: -j24 forced in submake: resetting jobserver mode.
make[2]: warning: -j24 forced in submake: resetting jobserver mode.
make[2]: warning: -j24 forced in submake: resetting jobserver mode.
make[2]: warning: -j24 forced in submake: resetting jobserver mode.
make[2]: warning: -j24 forced in submake: resetting jobserver mode.
make[2]: warning: -j24 forced in submake: resetting jobserver mode.
make[2]: warning: -j24 forced in submake: resetting jobserver mode.
make[2]: warning: -j24 forced in submake: resetting jobserver mode.
make[2]: warning: -j24 forced in submake: resetting jobserver mode.
make[2]: warning: -j24 forced in submake: resetting jobserver mode.
make[2]: warning: -j24 forced in submake: resetting jobserver mode.
make[2]: warning: -j24 forced in submake: resetting jobserver mode.
make[2]: warning: -j24 forced in submake: resetting jobserver mode.
make[2]: warning: -j24 forced in submake: resetting jobserver mode.
[ 94%] Building CXX object plugins/amoeba/platforms/cuda/tests/CMakeFiles/TestCudaAmoebaPiTorsionForce.dir/TestCudaAmoebaPiTorsionForce.cpp.o
[ 94%] Building CXX object plugins/amoeba/platforms/cuda/tests/CMakeFiles/TestCudaAmoebaInPlaneAngleForce.dir/TestCudaAmoebaInPlaneAngleForce.cpp.o
[ 94%] Building CXX object plugins/amoeba/platforms/cuda/tests/CMakeFiles/TestCudaAmoebaExtrapolatedPolarization.dir/TestCudaAmoebaExtrapolatedPolarization.cpp.o
[ 94%] Building CXX object plugins/amoeba/platforms/cuda/tests/CMakeFiles/TestCudaAmoebaAngleForce.dir/TestCudaAmoebaAngleForce.cpp.o
[ 94%] Building CXX object plugins/amoeba/platforms/cuda/tests/CMakeFiles/TestCudaAmoebaOutOfPlaneBendForce.dir/TestCudaAmoebaOutOfPlaneBendForce.cpp.o
[ 96%] Building CXX object plugins/amoeba/platforms/cuda/tests/CMakeFiles/TestCudaAmoebaGeneralizedKirkwoodForce.dir/TestCudaAmoebaGeneralizedKirkwoodForce.cpp.o
[ 96%] Building CXX object plugins/amoeba/platforms/cuda/tests/CMakeFiles/TestCudaAmoebaMultipoleForce.dir/TestCudaAmoebaMultipoleForce.cpp.o
[ 96%] Building CXX object plugins/amoeba/platforms/cuda/tests/CMakeFiles/TestCudaAmoebaBondForce.dir/TestCudaAmoebaBondForce.cpp.o
[ 96%] Building CXX object plugins/amoeba/platforms/cuda/tests/CMakeFiles/TestCudaAmoebaVdwForce.dir/TestCudaAmoebaVdwForce.cpp.o
[ 96%] Building CXX object plugins/amoeba/platforms/cuda/tests/CMakeFiles/TestCudaAmoebaTorsionTorsionForce.dir/TestCudaAmoebaTorsionTorsionForce.cpp.o
[ 96%] Building CXX object plugins/amoeba/platforms/cuda/tests/CMakeFiles/TestCudaAmoebaStretchBendForce.dir/TestCudaAmoebaStretchBendForce.cpp.o
[ 98%] Building CXX object plugins/amoeba/platforms/cuda/tests/CMakeFiles/TestCudaWcaDispersionForce.dir/TestCudaWcaDispersionForce.cpp.o
[ 98%] Linking CXX executable ../../../../../TestCudaWcaDispersionForce
[ 98%] Linking CXX executable ../../../../../TestCudaAmoebaAngleForce
[ 98%] Linking CXX executable ../../../TestOpenCLNonbondedForce
[ 98%] Built target TestCudaWcaDispersionForce
[ 98%] Built target TestOpenCLNonbondedForce
[ 98%] Built target TestCudaAmoebaAngleForce
[ 98%] Linking CXX executable ../../../TestOpenCLVirtualSites
[ 98%] Linking CXX shared library ../../../../libOpenMMDrudeOpenCL.so
[ 98%] Linking CXX executable ../../../../../TestCudaAmoebaInPlaneAngleForce
[ 98%] Built target TestOpenCLVirtualSites
[ 98%] Linking CXX executable ../../../TestCudaEwald
[ 98%] Built target TestCudaAmoebaInPlaneAngleForce
[ 98%] Built target OpenMMDrudeOpenCL
make[2]: warning: -j24 forced in submake: resetting jobserver mode.
make[2]: warning: -j24 forced in submake: resetting jobserver mode.
make[2]: warning: -j24 forced in submake: resetting jobserver mode.
[ 98%] Linking CXX executable ../../../../../TestCudaAmoebaStretchBendForce
make[2]: warning: -j24 forced in submake: resetting jobserver mode.
make[2]: warning: -j24 forced in submake: resetting jobserver mode.
make[2]: warning: -j24 forced in submake: resetting jobserver mode.
[ 98%] Building CXX object plugins/drude/platforms/opencl/tests/CMakeFiles/TestOpenCLDrudeForce.dir/TestOpenCLDrudeForce.cpp.o
[ 98%] Building CXX object plugins/drude/platforms/opencl/tests/CMakeFiles/TestOpenCLDrudeSCFIntegrator.dir/TestOpenCLDrudeSCFIntegrator.cpp.o
[ 98%] Building CXX object plugins/drude/platforms/opencl/tests/CMakeFiles/TestOpenCLDrudeLangevinIntegrator.dir/TestOpenCLDrudeLangevinIntegrator.cpp.o
[ 98%] Linking CXX executable ../../../../../TestCudaAmoebaBondForce
[ 98%] Built target TestCudaEwald
[ 98%] Linking CXX executable ../../../../../TestCudaAmoebaPiTorsionForce
[ 98%] Built target TestCudaAmoebaStretchBendForce
[ 98%] Linking CXX shared library ../../../../libOpenMMRPMDOpenCL.so
[ 98%] Linking CXX executable ../../../../../TestCudaAmoebaTorsionTorsionForce
[ 98%] Built target TestCudaAmoebaBondForce
[ 98%] Built target OpenMMRPMDOpenCL
make[2]: warning: -j24 forced in submake: resetting jobserver mode.
make[2]: warning: -j24 forced in submake: resetting jobserver mode.
[ 98%] Built target TestCudaAmoebaTorsionTorsionForce
[ 98%] Built target TestCudaAmoebaPiTorsionForce
[ 98%] Building CXX object plugins/rpmd/platforms/opencl/tests/CMakeFiles/TestOpenCLRpmd.dir/TestOpenCLRpmd.cpp.o
[ 98%] Linking CXX executable ../../../../../TestCudaAmoebaGeneralizedKirkwoodForce
[ 98%] Linking CXX executable ../../../../../TestCudaAmoebaOutOfPlaneBendForce
[ 98%] Built target TestCudaAmoebaGeneralizedKirkwoodForce
[ 98%] Built target TestCudaAmoebaOutOfPlaneBendForce
[ 98%] Linking CXX executable ../../../../../TestOpenCLDrudeSCFIntegrator
[ 98%] Built target TestOpenCLDrudeSCFIntegrator
[ 98%] Linking CXX executable ../../../../../TestOpenCLDrudeForce
[ 98%] Built target TestOpenCLDrudeForce
[ 98%] Linking CXX executable ../../../../../TestCudaAmoebaExtrapolatedPolarization
[ 98%] Linking CXX executable ../../../../../TestOpenCLDrudeLangevinIntegrator
[ 98%] Built target TestCudaAmoebaExtrapolatedPolarization
[ 98%] Built target TestOpenCLDrudeLangevinIntegrator
[ 98%] Linking CXX executable ../../../../../TestOpenCLRpmd
[ 98%] Built target TestOpenCLRpmd
[ 98%] Linking CXX executable ../../../TestOpenCLDispersionPME
[ 98%] Built target TestOpenCLDispersionPME
[100%] Linking CXX executable ../../../TestOpenCLEwald
[100%] Built target TestOpenCLEwald
[100%] Linking CXX executable ../../../../../TestCudaAmoebaVdwForce
[100%] Linking CXX executable ../../../../../TestCudaAmoebaMultipoleForce
[100%] Built target TestCudaAmoebaVdwForce
[100%] Built target TestCudaAmoebaMultipoleForce
make[2]: warning: -j24 forced in submake: resetting jobserver mode.
make[2]: warning: -j24 forced in submake: resetting jobserver mode.
make[2]: warning: -j24 forced in submake: resetting jobserver mode.
make[2]: warning: -j24 forced in submake: resetting jobserver mode.
make[2]: warning: -j24 forced in submake: resetting jobserver mode.
make[2]: warning: -j24 forced in submake: resetting jobserver mode.
[  0%] Built target ApiWrappers
[  0%] Built target AmoebaApiWrappers
make[2]: warning: -j24 forced in submake: resetting jobserver mode.
[ 22%] Built target BuildModule
make[2]: warning: -j24 forced in submake: resetting jobserver mode.
[ 43%] Built target OpenMM
make[2]: warning: -j24 forced in submake: resetting jobserver mode.
make[2]: warning: -j24 forced in submake: resetting jobserver mode.
make[2]: warning: -j24 forced in submake: resetting jobserver mode.
make[2]: warning: -j24 forced in submake: resetting jobserver mode.
make[2]: warning: -j24 forced in submake: resetting jobserver mode.
make[2]: warning: -j24 forced in submake: resetting jobserver mode.
make[2]: warning: -j24 forced in submake: resetting jobserver mode.
make[2]: warning: -j24 forced in submake: resetting jobserver mode.
make[2]: warning: -j24 forced in submake: resetting jobserver mode.
make[2]: warning: -j24 forced in submake: resetting jobserver mode.
make[2]: warning: -j24 forced in submake: resetting jobserver mode.
make[2]: warning: -j24 forced in submake: resetting jobserver mode.
make[2]: warning: -j24 forced in submake: resetting jobserver mode.
make[2]: warning: -j24 forced in submake: resetting jobserver mode.
make[2]: warning: -j24 forced in submake: resetting jobserver mode.
make[2]: warning: -j24 forced in submake: resetting jobserver mode.
make[2]: warning: -j24 forced in submake: resetting jobserver mode.
make[2]: warning: -j24 forced in submake: resetting jobserver mode.
make[2]: warning: -j24 forced in submake: resetting jobserver mode.
make[2]: warning: -j24 forced in submake: resetting jobserver mode.
make[2]: warning: -j24 forced in submake: resetting jobserver mode.
make[2]: warning: -j24 forced in submake: resetting jobserver mode.
make[2]: warning: -j24 forced in submake: resetting jobserver mode.
make[2]: warning: -j24 forced in submake: resetting jobserver mode.
make[2]: warning: -j24 forced in submake: resetting jobserver mode.
make[2]: warning: -j24 forced in submake: resetting jobserver mode.
make[2]: warning: -j24 forced in submake: resetting jobserver mode.
make[2]: warning: -j24 forced in submake: resetting jobserver mode.
make[2]: warning: -j24 forced in submake: resetting jobserver mode.
make[2]: warning: -j24 forced in submake: resetting jobserver mode.
make[2]: warning: -j24 forced in submake: resetting jobserver mode.
make[2]: warning: -j24 forced in submake: resetting jobserver mode.
make[2]: warning: -j24 forced in submake: resetting jobserver mode.
make[2]: warning: -j24 forced in submake: resetting jobserver mode.
make[2]: warning: -j24 forced in submake: resetting jobserver mode.
make[2]: warning: -j24 forced in submake: resetting jobserver mode.
make[2]: warning: -j24 forced in submake: resetting jobserver mode.
make[2]: warning: -j24 forced in submake: resetting jobserver mode.
make[2]: warning: -j24 forced in submake: resetting jobserver mode.
make[2]: warning: -j24 forced in submake: resetting jobserver mode.
make[2]: warning: -j24 forced in submake: resetting jobserver mode.
make[2]: warning: -j24 forced in submake: resetting jobserver mode.
make[2]: warning: -j24 forced in submake: resetting jobserver mode.
make[2]: warning: -j24 forced in submake: resetting jobserver mode.
make[2]: warning: -j24 forced in submake: resetting jobserver mode.
make[2]: warning: -j24 forced in submake: resetting jobserver mode.
make[2]: warning: -j24 forced in submake: resetting jobserver mode.
make[2]: warning: -j24 forced in submake: resetting jobserver mode.
[ 43%] Built target TestReferenceAndersenThermostat
[ 43%] Built target TestReferenceCustomAngleForce
[ 44%] Built target TestReferenceCompoundIntegrator
[ 44%] Built target TestReferenceCustomCompoundBondForce
[ 44%] Built target TestReferenceCustomGBForce
[ 44%] Built target TestReferenceCustomCVForce
[ 44%] Built target TestReferenceCheckpoints
[ 44%] Built target TestReferenceCMAPTorsionForce
[ 46%] Built target TestReferenceCMMotionRemover
[ 46%] Built target TestReferenceCustomBondForce
[ 46%] Built target TestReferenceBrownianIntegrator
[ 46%] Built target TestReferenceCustomExternalForce
[ 46%] Built target TestReferenceCustomHbondForce
[ 46%] Built target TestReferenceCustomIntegrator
[ 46%] Built target TestReferenceCustomManyParticleForce
[ 46%] Built target TestReferenceCustomCentroidBondForce
[ 46%] Built target TestReferenceCustomTorsionForce
[ 46%] Built target TestReferenceCustomNonbondedForce
[ 46%] Built target TestReferenceEwald
[ 46%] Built target TestReferenceGayBerneForce
[ 46%] Built target TestReferenceHarmonicAngleForce
make[2]: warning: -j24 forced in submake: resetting jobserver mode.
make[2]: warning: -j24 forced in submake: resetting jobserver mode.
[ 46%] Built target TestReferenceGBSAOBCForce
[ 46%] Built target TestReferenceHarmonicBondForce
[ 46%] Built target TestReferenceDispersionPME
make[2]: warning: -j24 forced in submake: resetting jobserver mode.
make[2]: warning: -j24 forced in submake: resetting jobserver mode.
make[2]: warning: -j24 forced in submake: resetting jobserver mode.
make[2]: warning: -j24 forced in submake: resetting jobserver mode.
make[2]: warning: -j24 forced in submake: resetting jobserver mode.
make[2]: warning: -j24 forced in submake: resetting jobserver mode.
make[2]: warning: -j24 forced in submake: resetting jobserver mode.
make[2]: warning: -j24 forced in submake: resetting jobserver mode.
make[2]: warning: -j24 forced in submake: resetting jobserver mode.
make[2]: warning: -j24 forced in submake: resetting jobserver mode.
make[2]: warning: -j24 forced in submake: resetting jobserver mode.
make[2]: warning: -j24 forced in submake: resetting jobserver mode.
make[2]: warning: -j24 forced in submake: resetting jobserver mode.
make[2]: warning: -j24 forced in submake: resetting jobserver mode.
make[2]: warning: -j24 forced in submake: resetting jobserver mode.
make[2]: warning: -j24 forced in submake: resetting jobserver mode.
make[2]: warning: -j24 forced in submake: resetting jobserver mode.
make[2]: warning: -j24 forced in submake: resetting jobserver mode.
make[2]: warning: -j24 forced in submake: resetting jobserver mode.
make[2]: warning: -j24 forced in submake: resetting jobserver mode.
make[2]: warning: -j24 forced in submake: resetting jobserver mode.
make[2]: warning: -j24 forced in submake: resetting jobserver mode.
make[2]: warning: -j24 forced in submake: resetting jobserver mode.
make[2]: warning: -j24 forced in submake: resetting jobserver mode.
make[2]: warning: -j24 forced in submake: resetting jobserver mode.
make[2]: warning: -j24 forced in submake: resetting jobserver mode.
make[2]: warning: -j24 forced in submake: resetting jobserver mode.
make[2]: warning: -j24 forced in submake: resetting jobserver mode.
make[2]: warning: -j24 forced in submake: resetting jobserver mode.
make[2]: warning: -j24 forced in submake: resetting jobserver mode.
make[2]: warning: -j24 forced in submake: resetting jobserver mode.
make[2]: warning: -j24 forced in submake: resetting jobserver mode.
make[2]: warning: -j24 forced in submake: resetting jobserver mode.
make[2]: warning: -j24 forced in submake: resetting jobserver mode.
make[2]: warning: -j24 forced in submake: resetting jobserver mode.
make[2]: warning: -j24 forced in submake: resetting jobserver mode.
make[2]: warning: -j24 forced in submake: resetting jobserver mode.
make[2]: warning: -j24 forced in submake: resetting jobserver mode.
make[2]: warning: -j24 forced in submake: resetting jobserver mode.
make[2]: warning: -j24 forced in submake: resetting jobserver mode.
make[2]: warning: -j24 forced in submake: resetting jobserver mode.
make[2]: warning: -j24 forced in submake: resetting jobserver mode.
[ 46%] Built target TestReferenceKineticEnergy
[ 48%] Built target TestReferenceLangevinIntegrator
[ 48%] Built target TestReferencePeriodicTorsionForce
[ 48%] Built target TestReferenceNeighborList
[ 48%] Built target TestReferenceMonteCarloAnisotropicBarostat
[ 48%] Built target TestReferenceNonbondedForce
[ 48%] Built target TestReferenceMonteCarloMembraneBarostat
[ 48%] Built target TestReferenceRBTorsionForce
[ 50%] Built target TestReferenceLocalEnergyMinimizer
[ 50%] Built target TestReferenceMonteCarloBarostat
[ 50%] Built target TestReferenceRandom
[ 50%] Built target TestReferenceRMSDForce
[ 50%] Built target TestReferenceSettle
[ 50%] Built target TestReferenceVariableVerletIntegrator
[ 50%] Built target TestReferenceVariableLangevinIntegrator
make[2]: warning: -j24 forced in submake: resetting jobserver mode.
[ 50%] Built target TestReferenceVirtualSites
[ 50%] Built target TestReferenceVerletIntegrator
make[2]: warning: -j24 forced in submake: resetting jobserver mode.
make[2]: warning: -j24 forced in submake: resetting jobserver mode.
make[2]: warning: -j24 forced in submake: resetting jobserver mode.
make[2]: warning: -j24 forced in submake: resetting jobserver mode.
make[2]: warning: -j24 forced in submake: resetting jobserver mode.
make[2]: warning: -j24 forced in submake: resetting jobserver mode.
make[2]: warning: -j24 forced in submake: resetting jobserver mode.
make[2]: warning: -j24 forced in submake: resetting jobserver mode.
make[2]: warning: -j24 forced in submake: resetting jobserver mode.
make[2]: warning: -j24 forced in submake: resetting jobserver mode.
make[2]: warning: -j24 forced in submake: resetting jobserver mode.
[ 50%] Built target OpenMMRPMD
make[2]: warning: -j24 forced in submake: resetting jobserver mode.
make[2]: warning: -j24 forced in submake: resetting jobserver mode.
[ 50%] Built target OpenMMPME
make[2]: warning: -j24 forced in submake: resetting jobserver mode.
make[2]: warning: -j24 forced in submake: resetting jobserver mode.
make[2]: warning: -j24 forced in submake: resetting jobserver mode.
make[2]: warning: -j24 forced in submake: resetting jobserver mode.
make[2]: warning: -j24 forced in submake: resetting jobserver mode.
[ 50%] Built target OpenMMDrude
make[2]: warning: -j24 forced in submake: resetting jobserver mode.
make[2]: warning: -j24 forced in submake: resetting jobserver mode.
make[2]: warning: -j24 forced in submake: resetting jobserver mode.
make[2]: warning: -j24 forced in submake: resetting jobserver mode.
make[2]: warning: -j24 forced in submake: resetting jobserver mode.
make[2]: warning: -j24 forced in submake: resetting jobserver mode.
make[2]: warning: -j24 forced in submake: resetting jobserver mode.
make[2]: warning: -j24 forced in submake: resetting jobserver mode.
make[2]: warning: -j24 forced in submake: resetting jobserver mode.
make[2]: warning: -j24 forced in submake: resetting jobserver mode.
make[2]: warning: -j24 forced in submake: resetting jobserver mode.
make[2]: warning: -j24 forced in submake: resetting jobserver mode.
make[2]: warning: -j24 forced in submake: resetting jobserver mode.
make[2]: warning: -j24 forced in submake: resetting jobserver mode.
make[2]: warning: -j24 forced in submake: resetting jobserver mode.
make[2]: warning: -j24 forced in submake: resetting jobserver mode.
make[2]: warning: -j24 forced in submake: resetting jobserver mode.
make[2]: warning: -j24 forced in submake: resetting jobserver mode.
make[2]: warning: -j24 forced in submake: resetting jobserver mode.
make[2]: warning: -j24 forced in submake: resetting jobserver mode.
make[2]: warning: -j24 forced in submake: resetting jobserver mode.
make[2]: warning: -j24 forced in submake: resetting jobserver mode.
make[2]: warning: -j24 forced in submake: resetting jobserver mode.
make[2]: warning: -j24 forced in submake: resetting jobserver mode.
make[2]: warning: -j24 forced in submake: resetting jobserver mode.
[ 50%] Built target TestSerializeCMAPTorsion
[ 51%] Built target OpenMMCUDA
[ 55%] Built target OpenMMOpenCL
[ 55%] Built target TestSerializeCMMotionRemover
[ 55%] Built target TestSerializationNode
[ 55%] Built target TestSerializeCustomGBForce
[ 55%] Built target TestSerializeCustomBondForce
[ 55%] Built target TestSerializeCustomCentroidBondForce
make[2]: warning: -j24 forced in submake: resetting jobserver mode.
[ 56%] Built target TestSerializeCustomExternalForce
[ 56%] Built target TestSerializeCustomTorsionForce
[ 56%] Built target TestSerializeCustomManyParticleForce
[ 56%] Built target TestSerializeCustomCompoundBondForce
[ 56%] Built target TestSerializeCustomCVForce
[ 56%] Built target TestSerializeCustomHbondForce
make[2]: warning: -j24 forced in submake: resetting jobserver mode.
[ 58%] Built target TestSerializeGBSAOBCForce
[ 58%] Built target OpenMMCPU
[ 58%] Built target TestSerializeAndersenThermostat
[ 58%] Built target TestSerializeGayBerneForce
[ 58%] Built target TestSerializeCustomAngleForce
[ 58%] Built target TestSerializeCustomNonbondedForce
make[2]: warning: -j24 forced in submake: resetting jobserver mode.
[ 58%] Built target TestSerializeHarmonicAngleForce
make[2]: warning: -j24 forced in submake: resetting jobserver mode.
[ 60%] Built target TestSerializeHarmonicBondForce
make[2]: warning: -j24 forced in submake: resetting jobserver mode.
make[2]: warning: -j24 forced in submake: resetting jobserver mode.
make[2]: warning: -j24 forced in submake: resetting jobserver mode.
make[2]: warning: -j24 forced in submake: resetting jobserver mode.
make[2]: warning: -j24 forced in submake: resetting jobserver mode.
make[2]: warning: -j24 forced in submake: resetting jobserver mode.
make[2]: warning: -j24 forced in submake: resetting jobserver mode.
make[2]: warning: -j24 forced in submake: resetting jobserver mode.
make[2]: warning: -j24 forced in submake: resetting jobserver mode.
make[2]: warning: -j24 forced in submake: resetting jobserver mode.
make[2]: warning: -j24 forced in submake: resetting jobserver mode.
make[2]: warning: -j24 forced in submake: resetting jobserver mode.
make[2]: warning: -j24 forced in submake: resetting jobserver mode.
make[2]: warning: -j24 forced in submake: resetting jobserver mode.
make[2]: warning: -j24 forced in submake: resetting jobserver mode.
make[2]: warning: -j24 forced in submake: resetting jobserver mode.
make[2]: warning: -j24 forced in submake: resetting jobserver mode.
make[2]: warning: -j24 forced in submake: resetting jobserver mode.
[ 60%] Built target TestSerializeIntegrator
make[2]: warning: -j24 forced in submake: resetting jobserver mode.
[ 63%] Built target OpenMMAmoeba
make[2]: warning: -j24 forced in submake: resetting jobserver mode.
make[2]: warning: -j24 forced in submake: resetting jobserver mode.
make[2]: warning: -j24 forced in submake: resetting jobserver mode.
make[2]: warning: -j24 forced in submake: resetting jobserver mode.
make[2]: warning: -j24 forced in submake: resetting jobserver mode.
make[2]: warning: -j24 forced in submake: resetting jobserver mode.
make[2]: warning: -j24 forced in submake: resetting jobserver mode.
make[2]: warning: -j24 forced in submake: resetting jobserver mode.
make[2]: warning: -j24 forced in submake: resetting jobserver mode.
make[2]: warning: -j24 forced in submake: resetting jobserver mode.
make[2]: warning: -j24 forced in submake: resetting jobserver mode.
make[2]: warning: -j24 forced in submake: resetting jobserver mode.
make[2]: warning: -j24 forced in submake: resetting jobserver mode.
make[2]: warning: -j24 forced in submake: resetting jobserver mode.
make[2]: warning: -j24 forced in submake: resetting jobserver mode.
make[2]: warning: -j24 forced in submake: resetting jobserver mode.
make[2]: warning: -j24 forced in submake: resetting jobserver mode.
make[2]: warning: -j24 forced in submake: resetting jobserver mode.
make[2]: warning: -j24 forced in submake: resetting jobserver mode.
make[2]: warning: -j24 forced in submake: resetting jobserver mode.
make[2]: warning: -j24 forced in submake: resetting jobserver mode.
make[2]: warning: -j24 forced in submake: resetting jobserver mode.
make[2]: warning: -j24 forced in submake: resetting jobserver mode.
make[2]: warning: -j24 forced in submake: resetting jobserver mode.
[ 63%] Built target TestSerializeMonteCarloBarostat
[ 63%] Built target TestSerializeMonteCarloAnisotropicBarostat
make[2]: warning: -j24 forced in submake: resetting jobserver mode.
make[2]: warning: -j24 forced in submake: resetting jobserver mode.
[ 63%] Built target TestSerializeNonbondedForce
[ 63%] Built target TestSerializeRMSDForce
[ 63%] Built target TestSerializePeriodicTorsionForce
make[2]: warning: -j24 forced in submake: resetting jobserver mode.
[ 65%] Built target TestSerializeState
[ 65%] Built target TestSerializeMonteCarloMembraneBarostat
[ 65%] Built target TestSerializeTabulatedFunctions
[ 65%] Built target TestSerializeSystem
[ 65%] Built target TestSerializeRBTorsionForce
[ 65%] Built target TestParser
make[2]: warning: -j24 forced in submake: resetting jobserver mode.
[ 65%] Built target TestFindExclusions
[ 65%] Built target TestFindMolecules
[ 65%] Built target TestSystem
make[2]: warning: -j24 forced in submake: resetting jobserver mode.
[ 65%] Built target TestVectorExpression
[ 65%] Built target TestSplineFitter
[ 65%] Built target TestVectorize
[ 65%] Built target TestEnforcePeriodicBox
[ 65%] Built target HelloArgon
make[2]: warning: -j24 forced in submake: resetting jobserver mode.
[ 65%] Built target HelloSodiumChloride
[ 65%] Built target TestVectorize8
make[2]: warning: -j24 forced in submake: resetting jobserver mode.
[ 67%] Built target HelloEthane
[ 67%] Built target HelloWaterBox
make[2]: warning: -j24 forced in submake: resetting jobserver mode.
make[2]: warning: -j24 forced in submake: resetting jobserver mode.
make[2]: warning: -j24 forced in submake: resetting jobserver mode.
make[2]: warning: -j24 forced in submake: resetting jobserver mode.
make[2]: warning: -j24 forced in submake: resetting jobserver mode.
make[2]: warning: -j24 forced in submake: resetting jobserver mode.
make[2]: warning: -j24 forced in submake: resetting jobserver mode.
make[2]: warning: -j24 forced in submake: resetting jobserver mode.
make[2]: warning: -j24 forced in submake: resetting jobserver mode.
make[2]: warning: -j24 forced in submake: resetting jobserver mode.
[ 67%] Built target HelloArgonInC
make[2]: warning: -j24 forced in submake: resetting jobserver mode.
make[2]: warning: -j24 forced in submake: resetting jobserver mode.
make[2]: warning: -j24 forced in submake: resetting jobserver mode.
make[2]: warning: -j24 forced in submake: resetting jobserver mode.
make[2]: warning: -j24 forced in submake: resetting jobserver mode.
make[2]: warning: -j24 forced in submake: resetting jobserver mode.
make[2]: warning: -j24 forced in submake: resetting jobserver mode.
make[2]: warning: -j24 forced in submake: resetting jobserver mode.
make[2]: warning: -j24 forced in submake: resetting jobserver mode.
make[2]: warning: -j24 forced in submake: resetting jobserver mode.
make[2]: warning: -j24 forced in submake: resetting jobserver mode.
make[2]: warning: -j24 forced in submake: resetting jobserver mode.
make[2]: warning: -j24 forced in submake: resetting jobserver mode.
make[2]: warning: -j24 forced in submake: resetting jobserver mode.
make[2]: warning: -j24 forced in submake: resetting jobserver mode.
make[2]: warning: -j24 forced in submake: resetting jobserver mode.
make[2]: warning: -j24 forced in submake: resetting jobserver mode.
make[2]: warning: -j24 forced in submake: resetting jobserver mode.
make[2]: warning: -j24 forced in submake: resetting jobserver mode.
make[2]: warning: -j24 forced in submake: resetting jobserver mode.
make[2]: warning: -j24 forced in submake: resetting jobserver mode.
make[2]: warning: -j24 forced in submake: resetting jobserver mode.
[ 67%] Built target HelloSodiumChlorideInC
make[2]: warning: -j24 forced in submake: resetting jobserver mode.
make[2]: warning: -j24 forced in submake: resetting jobserver mode.
make[2]: warning: -j24 forced in submake: resetting jobserver mode.
make[2]: warning: -j24 forced in submake: resetting jobserver mode.
make[2]: warning: -j24 forced in submake: resetting jobserver mode.
make[2]: warning: -j24 forced in submake: resetting jobserver mode.
make[2]: warning: -j24 forced in submake: resetting jobserver mode.
make[2]: warning: -j24 forced in submake: resetting jobserver mode.
make[2]: warning: -j24 forced in submake: resetting jobserver mode.
make[2]: warning: -j24 forced in submake: resetting jobserver mode.
make[2]: warning: -j24 forced in submake: resetting jobserver mode.
[ 67%] Built target TestCudaAndersenThermostat
make[2]: warning: -j24 forced in submake: resetting jobserver mode.
[ 68%] Built target TestCudaBrownianIntegrator
[ 68%] Built target TestCudaCMMotionRemover
[ 68%] Built target TestCudaCMAPTorsionForce
[ 68%] Built target TestCudaCustomCompoundBondForce
[ 68%] Built target TestCudaCheckpoints
[ 68%] Built target TestCudaCustomBondForce
make[2]: warning: -j24 forced in submake: resetting jobserver mode.
[ 68%] Built target TestCudaCompoundIntegrator
[ 70%] Built target TestCudaCustomCentroidBondForce
[ 70%] Built target TestCudaCustomCVForce
make[2]: warning: -j24 forced in submake: resetting jobserver mode.
make[2]: warning: -j24 forced in submake: resetting jobserver mode.
[ 70%] Built target TestCudaCustomExternalForce
[ 70%] Built target TestCudaCustomHbondForce
[ 70%] Built target TestCudaCustomGBForce
[ 70%] Built target TestCudaCustomNonbondedForce
make[2]: warning: -j24 forced in submake: resetting jobserver mode.
make[2]: warning: -j24 forced in submake: resetting jobserver mode.
[ 70%] Built target TestCudaCustomIntegrator
[ 70%] Built target TestCudaCustomAngleForce
[ 70%] Built target TestCudaCustomManyParticleForce
make[2]: warning: -j24 forced in submake: resetting jobserver mode.
make[2]: warning: -j24 forced in submake: resetting jobserver mode.
[ 72%] Built target TestCudaDispersionPME
make[2]: warning: -j24 forced in submake: resetting jobserver mode.
[ 72%] Built target TestCudaFFT3D
[ 72%] Built target TestCudaCustomTorsionForce
make[2]: warning: -j24 forced in submake: resetting jobserver mode.
make[2]: warning: -j24 forced in submake: resetting jobserver mode.
make[2]: warning: -j24 forced in submake: resetting jobserver mode.
[ 72%] Built target TestCudaEwald
[ 72%] Built target TestCudaGBSAOBCForce
make[2]: warning: -j24 forced in submake: resetting jobserver mode.
make[2]: warning: -j24 forced in submake: resetting jobserver mode.
[ 72%] Built target TestCudaGayBerneForce
make[2]: warning: -j24 forced in submake: resetting jobserver mode.
make[2]: warning: -j24 forced in submake: resetting jobserver mode.
make[2]: warning: -j24 forced in submake: resetting jobserver mode.
make[2]: warning: -j24 forced in submake: resetting jobserver mode.
make[2]: warning: -j24 forced in submake: resetting jobserver mode.
make[2]: warning: -j24 forced in submake: resetting jobserver mode.
make[2]: warning: -j24 forced in submake: resetting jobserver mode.
make[2]: warning: -j24 forced in submake: resetting jobserver mode.
make[2]: warning: -j24 forced in submake: resetting jobserver mode.
make[2]: warning: -j24 forced in submake: resetting jobserver mode.
make[2]: warning: -j24 forced in submake: resetting jobserver mode.
make[2]: warning: -j24 forced in submake: resetting jobserver mode.
make[2]: warning: -j24 forced in submake: resetting jobserver mode.
make[2]: warning: -j24 forced in submake: resetting jobserver mode.
make[2]: warning: -j24 forced in submake: resetting jobserver mode.
make[2]: warning: -j24 forced in submake: resetting jobserver mode.
make[2]: warning: -j24 forced in submake: resetting jobserver mode.
[ 72%] Built target TestCudaHarmonicAngleForce
make[2]: warning: -j24 forced in submake: resetting jobserver mode.
make[2]: warning: -j24 forced in submake: resetting jobserver mode.
make[2]: warning: -j24 forced in submake: resetting jobserver mode.
make[2]: warning: -j24 forced in submake: resetting jobserver mode.
make[2]: warning: -j24 forced in submake: resetting jobserver mode.
make[2]: warning: -j24 forced in submake: resetting jobserver mode.
make[2]: warning: -j24 forced in submake: resetting jobserver mode.
make[2]: warning: -j24 forced in submake: resetting jobserver mode.
make[2]: warning: -j24 forced in submake: resetting jobserver mode.
make[2]: warning: -j24 forced in submake: resetting jobserver mode.
make[2]: warning: -j24 forced in submake: resetting jobserver mode.
make[2]: warning: -j24 forced in submake: resetting jobserver mode.
make[2]: warning: -j24 forced in submake: resetting jobserver mode.
make[2]: warning: -j24 forced in submake: resetting jobserver mode.
make[2]: warning: -j24 forced in submake: resetting jobserver mode.
make[2]: warning: -j24 forced in submake: resetting jobserver mode.
[ 74%] Built target TestCudaHarmonicBondForce
make[2]: warning: -j24 forced in submake: resetting jobserver mode.
make[2]: warning: -j24 forced in submake: resetting jobserver mode.
[ 74%] Built target TestCudaMonteCarloAnisotropicBarostat
[ 74%] Built target TestCudaLangevinIntegrator
[ 74%] Built target TestCudaLocalEnergyMinimizer
[ 74%] Built target TestCudaMonteCarloBarostat
[ 74%] Built target TestCudaPeriodicTorsionForce
[ 74%] Built target TestCudaMultipleForces
make[2]: warning: -j24 forced in submake: resetting jobserver mode.
[ 75%] Built target TestCudaRandom
[ 75%] Built target TestCudaNonbondedForce
[ 75%] Built target TestCudaRMSDForce
[ 75%] Built target TestCudaRBTorsionForce
[ 75%] Built target TestCudaSort
make[2]: warning: -j24 forced in submake: resetting jobserver mode.
[ 75%] Built target TestCudaVirtualSites
make[2]: warning: -j24 forced in submake: resetting jobserver mode.
make[2]: warning: -j24 forced in submake: resetting jobserver mode.
make[2]: warning: -j24 forced in submake: resetting jobserver mode.
make[2]: warning: -j24 forced in submake: resetting jobserver mode.
[ 75%] Built target TestCudaVariableLangevinIntegrator
[ 75%] Built target TestOpenCLBrownianIntegrator
[ 75%] Built target TestCudaSettle
[ 77%] Built target TestOpenCLCompoundIntegrator
[ 77%] Built target TestCudaVerletIntegrator
[ 77%] Built target TestOpenCLAndersenThermostat
[ 77%] Built target TestOpenCLCMMotionRemover
[ 77%] Built target TestOpenCLCMAPTorsionForce
[ 77%] Built target TestCudaVariableVerletIntegrator
[ 77%] Built target TestOpenCLCheckpoints
make[2]: warning: -j24 forced in submake: resetting jobserver mode.
make[2]: warning: -j24 forced in submake: resetting jobserver mode.
make[2]: warning: -j24 forced in submake: resetting jobserver mode.
make[2]: warning: -j24 forced in submake: resetting jobserver mode.
make[2]: warning: -j24 forced in submake: resetting jobserver mode.
make[2]: warning: -j24 forced in submake: resetting jobserver mode.
make[2]: warning: -j24 forced in submake: resetting jobserver mode.
make[2]: warning: -j24 forced in submake: resetting jobserver mode.
make[2]: warning: -j24 forced in submake: resetting jobserver mode.
make[2]: warning: -j24 forced in submake: resetting jobserver mode.
make[2]: warning: -j24 forced in submake: resetting jobserver mode.
make[2]: warning: -j24 forced in submake: resetting jobserver mode.
make[2]: warning: -j24 forced in submake: resetting jobserver mode.
make[2]: warning: -j24 forced in submake: resetting jobserver mode.
make[2]: warning: -j24 forced in submake: resetting jobserver mode.
make[2]: warning: -j24 forced in submake: resetting jobserver mode.
make[2]: warning: -j24 forced in submake: resetting jobserver mode.
make[2]: warning: -j24 forced in submake: resetting jobserver mode.
make[2]: warning: -j24 forced in submake: resetting jobserver mode.
make[2]: warning: -j24 forced in submake: resetting jobserver mode.
make[2]: warning: -j24 forced in submake: resetting jobserver mode.
make[2]: warning: -j24 forced in submake: resetting jobserver mode.
make[2]: warning: -j24 forced in submake: resetting jobserver mode.
make[2]: warning: -j24 forced in submake: resetting jobserver mode.
make[2]: warning: -j24 forced in submake: resetting jobserver mode.
make[2]: warning: -j24 forced in submake: resetting jobserver mode.
make[2]: warning: -j24 forced in submake: resetting jobserver mode.
[ 77%] Built target TestOpenCLCustomAngleForce
make[2]: warning: -j24 forced in submake: resetting jobserver mode.
make[2]: warning: -j24 forced in submake: resetting jobserver mode.
make[2]: warning: -j24 forced in submake: resetting jobserver mode.
make[2]: warning: -j24 forced in submake: resetting jobserver mode.
make[2]: warning: -j24 forced in submake: resetting jobserver mode.
make[2]: warning: -j24 forced in submake: resetting jobserver mode.
make[2]: warning: -j24 forced in submake: resetting jobserver mode.
make[2]: warning: -j24 forced in submake: resetting jobserver mode.
make[2]: warning: -j24 forced in submake: resetting jobserver mode.
[ 77%] Built target TestOpenCLCustomBondForce
make[2]: warning: -j24 forced in submake: resetting jobserver mode.
make[2]: warning: -j24 forced in submake: resetting jobserver mode.
make[2]: warning: -j24 forced in submake: resetting jobserver mode.
make[2]: warning: -j24 forced in submake: resetting jobserver mode.
make[2]: warning: -j24 forced in submake: resetting jobserver mode.
make[2]: warning: -j24 forced in submake: resetting jobserver mode.
[ 77%] Built target TestOpenCLCustomCVForce
[ 77%] Built target TestOpenCLCustomExternalForce
[ 77%] Built target TestOpenCLCustomCentroidBondForce
make[2]: warning: -j24 forced in submake: resetting jobserver mode.
[ 77%] Built target TestOpenCLCustomGBForce
[ 77%] Built target TestOpenCLCustomHbondForce
make[2]: warning: -j24 forced in submake: resetting jobserver mode.
make[2]: warning: -j24 forced in submake: resetting jobserver mode.
[ 79%] Built target TestOpenCLCustomIntegrator
[ 79%] Built target TestOpenCLCustomNonbondedForce
[ 79%] Built target TestOpenCLCustomManyParticleForce
[ 79%] Built target TestOpenCLCustomTorsionForce
[ 79%] Built target TestOpenCLCustomCompoundBondForce
[ 79%] Built target TestOpenCLGayBerneForce
[ 79%] Built target TestOpenCLGBSAOBCForce
make[2]: warning: -j24 forced in submake: resetting jobserver mode.
[ 79%] Built target TestOpenCLDeviceQuery
make[2]: warning: -j24 forced in submake: resetting jobserver mode.
[ 81%] Built target TestOpenCLEwald
[ 81%] Built target TestOpenCLFFT
[ 81%] Built target TestOpenCLHarmonicAngleForce
[ 81%] Built target TestOpenCLHarmonicBondForce
[ 81%] Built target TestOpenCLDispersionPME
make[2]: warning: -j24 forced in submake: resetting jobserver mode.
make[2]: warning: -j24 forced in submake: resetting jobserver mode.
[ 81%] Built target TestOpenCLLangevinIntegrator
[ 82%] Built target TestOpenCLLocalEnergyMinimizer
[ 82%] Built target TestOpenCLMonteCarloAnisotropicBarostat
[ 82%] Built target TestOpenCLMonteCarloBarostat
make[2]: warning: -j24 forced in submake: resetting jobserver mode.
make[2]: warning: -j24 forced in submake: resetting jobserver mode.
make[2]: warning: -j24 forced in submake: resetting jobserver mode.
make[2]: warning: -j24 forced in submake: resetting jobserver mode.
make[2]: warning: -j24 forced in submake: resetting jobserver mode.
make[2]: warning: -j24 forced in submake: resetting jobserver mode.
make[2]: warning: -j24 forced in submake: resetting jobserver mode.
make[2]: warning: -j24 forced in submake: resetting jobserver mode.
make[2]: warning: -j24 forced in submake: resetting jobserver mode.
make[2]: warning: -j24 forced in submake: resetting jobserver mode.
make[2]: warning: -j24 forced in submake: resetting jobserver mode.
make[2]: warning: -j24 forced in submake: resetting jobserver mode.
make[2]: warning: -j24 forced in submake: resetting jobserver mode.
make[2]: warning: -j24 forced in submake: resetting jobserver mode.
make[2]: warning: -j24 forced in submake: resetting jobserver mode.
make[2]: warning: -j24 forced in submake: resetting jobserver mode.
make[2]: warning: -j24 forced in submake: resetting jobserver mode.
make[2]: warning: -j24 forced in submake: resetting jobserver mode.
make[2]: warning: -j24 forced in submake: resetting jobserver mode.
make[2]: warning: -j24 forced in submake: resetting jobserver mode.
make[2]: warning: -j24 forced in submake: resetting jobserver mode.
make[2]: warning: -j24 forced in submake: resetting jobserver mode.
make[2]: warning: -j24 forced in submake: resetting jobserver mode.
make[2]: warning: -j24 forced in submake: resetting jobserver mode.
make[2]: warning: -j24 forced in submake: resetting jobserver mode.
make[2]: warning: -j24 forced in submake: resetting jobserver mode.
make[2]: warning: -j24 forced in submake: resetting jobserver mode.
make[2]: warning: -j24 forced in submake: resetting jobserver mode.
make[2]: warning: -j24 forced in submake: resetting jobserver mode.
make[2]: warning: -j24 forced in submake: resetting jobserver mode.
[ 82%] Built target TestOpenCLNonbondedForce
[ 82%] Built target TestOpenCLMultipleForces
make[2]: warning: -j24 forced in submake: resetting jobserver mode.
make[2]: warning: -j24 forced in submake: resetting jobserver mode.
make[2]: warning: -j24 forced in submake: resetting jobserver mode.
make[2]: warning: -j24 forced in submake: resetting jobserver mode.
make[2]: warning: -j24 forced in submake: resetting jobserver mode.
make[2]: warning: -j24 forced in submake: resetting jobserver mode.
make[2]: warning: -j24 forced in submake: resetting jobserver mode.
make[2]: warning: -j24 forced in submake: resetting jobserver mode.
make[2]: warning: -j24 forced in submake: resetting jobserver mode.
make[2]: warning: -j24 forced in submake: resetting jobserver mode.
make[2]: warning: -j24 forced in submake: resetting jobserver mode.
[ 82%] Built target TestOpenCLRMSDForce
[ 82%] Built target TestOpenCLPeriodicTorsionForce
[ 82%] Built target TestOpenCLRandom
[ 82%] Built target TestOpenCLRBTorsionForce
make[2]: warning: -j24 forced in submake: resetting jobserver mode.
make[2]: warning: -j24 forced in submake: resetting jobserver mode.
make[2]: warning: -j24 forced in submake: resetting jobserver mode.
[ 82%] Built target TestOpenCLVariableLangevinIntegrator
[ 82%] Built target TestOpenCLVirtualSites
make[2]: warning: -j24 forced in submake: resetting jobserver mode.
[ 84%] Built target TestOpenCLVerletIntegrator
[ 84%] Built target TestOpenCLVariableVerletIntegrator
[ 84%] Built target TestCpuCompoundIntegrator
[ 84%] Built target TestOpenCLSettle
[ 84%] Built target TestOpenCLSort
[ 84%] Built target TestCpuCheckpoints
[ 84%] Built target TestCpuCustomManyParticleForce
[ 86%] Built target TestCpuCustomGBForce
[ 86%] Built target TestCpuCustomNonbondedForce
[ 86%] Built target TestCpuEwald
[ 86%] Built target TestCpuGayBerneForce
make[2]: warning: -j24 forced in submake: resetting jobserver mode.
[ 86%] Built target TestCpuHarmonicAngleForce
[ 86%] Built target TestCpuDispersionPME
[ 87%] Built target TestCpuNeighborList
[ 87%] Built target TestCpuLangevinIntegrator
make[2]: warning: -j24 forced in submake: resetting jobserver mode.
[ 87%] Built target TestCpuGBSAOBCForce
make[2]: warning: -j24 forced in submake: resetting jobserver mode.
make[2]: warning: -j24 forced in submake: resetting jobserver mode.
make[2]: warning: -j24 forced in submake: resetting jobserver mode.
make[2]: warning: -j24 forced in submake: resetting jobserver mode.
make[2]: warning: -j24 forced in submake: resetting jobserver mode.
make[2]: warning: -j24 forced in submake: resetting jobserver mode.
make[2]: warning: -j24 forced in submake: resetting jobserver mode.
make[2]: warning: -j24 forced in submake: resetting jobserver mode.
make[2]: warning: -j24 forced in submake: resetting jobserver mode.
make[2]: warning: -j24 forced in submake: resetting jobserver mode.
make[2]: warning: -j24 forced in submake: resetting jobserver mode.
make[2]: warning: -j24 forced in submake: resetting jobserver mode.
[ 87%] Built target TestCpuPeriodicTorsionForce
make[2]: warning: -j24 forced in submake: resetting jobserver mode.
make[2]: warning: -j24 forced in submake: resetting jobserver mode.
make[2]: warning: -j24 forced in submake: resetting jobserver mode.
make[2]: warning: -j24 forced in submake: resetting jobserver mode.
make[2]: warning: -j24 forced in submake: resetting jobserver mode.
make[2]: warning: -j24 forced in submake: resetting jobserver mode.
[ 87%] Built target TestCpuRBTorsionForce
[ 87%] Built target TestCpuNonbondedForce
[ 87%] Built target TestCpuSettle
make[2]: warning: -j24 forced in submake: resetting jobserver mode.
[ 87%] Built target OpenMMRPMDReference
make[2]: warning: -j24 forced in submake: resetting jobserver mode.
make[2]: warning: -j24 forced in submake: resetting jobserver mode.
[ 87%] Built target OpenMMAmoebaCUDA
[ 89%] Built target OpenMMRPMDCUDA
[ 89%] Built target OpenMMDrudeReference
[ 89%] Built target OpenMMRPMDOpenCL
[ 89%] Built target TestCpuPme
[ 89%] Built target OpenMMDrudeCUDA
[ 91%] Built target OpenMMDrudeOpenCL
make[2]: warning: -j24 forced in submake: resetting jobserver mode.
make[2]: warning: -j24 forced in submake: resetting jobserver mode.
make[2]: warning: -j24 forced in submake: resetting jobserver mode.
make[2]: warning: -j24 forced in submake: resetting jobserver mode.
make[2]: warning: -j24 forced in submake: resetting jobserver mode.
make[2]: warning: -j24 forced in submake: resetting jobserver mode.
make[2]: warning: -j24 forced in submake: resetting jobserver mode.
make[2]: warning: -j24 forced in submake: resetting jobserver mode.
make[2]: warning: -j24 forced in submake: resetting jobserver mode.
make[2]: warning: -j24 forced in submake: resetting jobserver mode.
make[2]: warning: -j24 forced in submake: resetting jobserver mode.
make[2]: warning: -j24 forced in submake: resetting jobserver mode.
make[2]: warning: -j24 forced in submake: resetting jobserver mode.
make[2]: warning: -j24 forced in submake: resetting jobserver mode.
make[2]: warning: -j24 forced in submake: resetting jobserver mode.
make[2]: warning: -j24 forced in submake: resetting jobserver mode.
[ 91%] Built target OpenMMCudaCompiler
make[2]: warning: -j24 forced in submake: resetting jobserver mode.
make[2]: warning: -j24 forced in submake: resetting jobserver mode.
make[2]: warning: -j24 forced in submake: resetting jobserver mode.
make[2]: warning: -j24 forced in submake: resetting jobserver mode.
make[2]: warning: -j24 forced in submake: resetting jobserver mode.
make[2]: warning: -j24 forced in submake: resetting jobserver mode.
[ 93%] Built target OpenMMAmoebaReference
make[2]: warning: -j24 forced in submake: resetting jobserver mode.
make[2]: warning: -j24 forced in submake: resetting jobserver mode.
make[2]: warning: -j24 forced in submake: resetting jobserver mode.
make[2]: warning: -j24 forced in submake: resetting jobserver mode.
make[2]: warning: -j24 forced in submake: resetting jobserver mode.
make[2]: warning: -j24 forced in submake: resetting jobserver mode.
make[2]: warning: -j24 forced in submake: resetting jobserver mode.
make[2]: warning: -j24 forced in submake: resetting jobserver mode.
make[2]: warning: -j24 forced in submake: resetting jobserver mode.
make[2]: warning: -j24 forced in submake: resetting jobserver mode.
make[2]: warning: -j24 forced in submake: resetting jobserver mode.
make[2]: warning: -j24 forced in submake: resetting jobserver mode.
make[2]: warning: -j24 forced in submake: resetting jobserver mode.
make[2]: warning: -j24 forced in submake: resetting jobserver mode.
make[2]: warning: -j24 forced in submake: resetting jobserver mode.
make[2]: warning: -j24 forced in submake: resetting jobserver mode.
make[2]: warning: -j24 forced in submake: resetting jobserver mode.
make[2]: warning: -j24 forced in submake: resetting jobserver mode.
make[2]: warning: -j24 forced in submake: resetting jobserver mode.
make[2]: warning: -j24 forced in submake: resetting jobserver mode.
make[2]: warning: -j24 forced in submake: resetting jobserver mode.
make[2]: warning: -j24 forced in submake: resetting jobserver mode.
make[2]: warning: -j24 forced in submake: resetting jobserver mode.
make[2]: warning: -j24 forced in submake: resetting jobserver mode.
[ 93%] Built target TestReferenceRpmd
make[2]: warning: -j24 forced in submake: resetting jobserver mode.
make[2]: warning: -j24 forced in submake: resetting jobserver mode.
[ 93%] Built target TestCudaAmoebaInPlaneAngleForce
[ 94%] Built target TestCudaAmoebaBondForce
[ 94%] Built target TestCudaAmoebaGeneralizedKirkwoodForce
[ 94%] Built target TestCudaAmoebaAngleForce
[ 94%] Built target TestCudaAmoebaPiTorsionForce
[ 94%] Built target TestCudaAmoebaOutOfPlaneBendForce
[ 94%] Built target TestCudaAmoebaVdwForce
[ 94%] Built target TestCudaAmoebaMultipoleForce
[ 94%] Built target TestCudaAmoebaStretchBendForce
[ 94%] Built target TestReferenceDrudeLangevinIntegrator
[ 94%] Built target TestCudaAmoebaTorsionTorsionForce
[ 94%] Built target TestOpenCLRpmd
[ 94%] Built target TestCudaRpmd
[ 94%] Built target TestCudaAmoebaExtrapolatedPolarization
[ 96%] Built target TestCudaWcaDispersionForce
[ 98%] Built target TestReferenceDrudeForce
[ 98%] Built target TestOpenCLDrudeForce
[ 98%] Built target TestOpenCLDrudeLangevinIntegrator
[ 98%] Built target TestReferenceDrudeSCFIntegrator
[ 98%] Built target TestCudaDrudeForce
make[2]: warning: -j24 forced in submake: resetting jobserver mode.
make[2]: warning: -j24 forced in submake: resetting jobserver mode.
[ 98%] Built target TestOpenCLDrudeSCFIntegrator
make[2]: warning: -j24 forced in submake: resetting jobserver mode.
make[2]: warning: -j24 forced in submake: resetting jobserver mode.
make[2]: warning: -j24 forced in submake: resetting jobserver mode.
make[2]: warning: -j24 forced in submake: resetting jobserver mode.
make[2]: warning: -j24 forced in submake: resetting jobserver mode.
make[2]: warning: -j24 forced in submake: resetting jobserver mode.
make[2]: warning: -j24 forced in submake: resetting jobserver mode.
make[2]: warning: -j24 forced in submake: resetting jobserver mode.
[ 98%] Built target TestCudaDrudeLangevinIntegrator
make[2]: warning: -j24 forced in submake: resetting jobserver mode.
make[2]: warning: -j24 forced in submake: resetting jobserver mode.
[ 98%] Built target TestCudaDrudeSCFIntegrator
make[2]: warning: -j24 forced in submake: resetting jobserver mode.
make[2]: warning: -j24 forced in submake: resetting jobserver mode.
make[2]: warning: -j24 forced in submake: resetting jobserver mode.
make[2]: warning: -j24 forced in submake: resetting jobserver mode.
make[2]: warning: -j24 forced in submake: resetting jobserver mode.
make[2]: warning: -j24 forced in submake: resetting jobserver mode.
make[2]: warning: -j24 forced in submake: resetting jobserver mode.
make[2]: warning: -j24 forced in submake: resetting jobserver mode.
make[2]: warning: -j24 forced in submake: resetting jobserver mode.
make[2]: warning: -j24 forced in submake: resetting jobserver mode.
make[2]: warning: -j24 forced in submake: resetting jobserver mode.
make[2]: warning: -j24 forced in submake: resetting jobserver mode.
make[2]: warning: -j24 forced in submake: resetting jobserver mode.
[ 98%] Built target TestCudaCompiler
[ 98%] Built target TestReferenceAmoebaBondForce
[ 98%] Built target TestReferenceAmoebaAngleForce
[ 98%] Built target TestReferenceAmoebaInPlaneAngleForce
[100%] Built target TestReferenceAmoebaExtrapolatedPolarization
[100%] Built target TestReferenceAmoebaGeneralizedKirkwoodForce
[100%] Built target TestReferenceAmoebaStretchBendForce
[100%] Built target TestReferenceAmoebaPiTorsionForce
[100%] Built target TestReferenceAmoebaTorsionTorsionForce
[100%] Built target TestReferenceAmoebaOutOfPlaneBendForce
[100%] Built target TestReferenceAmoebaMultipoleForce
[100%] Built target TestReferenceWcaDispersionForce
[100%] Built target TestReferenceAmoebaVdwForce
Install the project...
-- Install configuration: "Release"
-- Installing: /home/surgeon/trash/set-up-wshell/omm-7.3.0/include/OpenMM.h
-- Installing: /home/surgeon/trash/set-up-wshell/omm-7.3.0/include/openmm/Kernel.h
-- Installing: /home/surgeon/trash/set-up-wshell/omm-7.3.0/include/openmm/KernelFactory.h
-- Installing: /home/surgeon/trash/set-up-wshell/omm-7.3.0/include/openmm/KernelImpl.h
-- Installing: /home/surgeon/trash/set-up-wshell/omm-7.3.0/include/openmm/Platform.h
-- Installing: /home/surgeon/trash/set-up-wshell/omm-7.3.0/include/openmm/PluginInitializer.h
-- Installing: /home/surgeon/trash/set-up-wshell/omm-7.3.0/include/openmm/kernels.h
-- Installing: /home/surgeon/trash/set-up-wshell/omm-7.3.0/include/openmm/AndersenThermostat.h
-- Installing: /home/surgeon/trash/set-up-wshell/omm-7.3.0/include/openmm/BrownianIntegrator.h
-- Installing: /home/surgeon/trash/set-up-wshell/omm-7.3.0/include/openmm/CMAPTorsionForce.h
-- Installing: /home/surgeon/trash/set-up-wshell/omm-7.3.0/include/openmm/CMMotionRemover.h
-- Installing: /home/surgeon/trash/set-up-wshell/omm-7.3.0/include/openmm/CompoundIntegrator.h
-- Installing: /home/surgeon/trash/set-up-wshell/omm-7.3.0/include/openmm/Context.h
-- Installing: /home/surgeon/trash/set-up-wshell/omm-7.3.0/include/openmm/CustomAngleForce.h
-- Installing: /home/surgeon/trash/set-up-wshell/omm-7.3.0/include/openmm/CustomBondForce.h
-- Installing: /home/surgeon/trash/set-up-wshell/omm-7.3.0/include/openmm/CustomCVForce.h
-- Installing: /home/surgeon/trash/set-up-wshell/omm-7.3.0/include/openmm/CustomCentroidBondForce.h
-- Installing: /home/surgeon/trash/set-up-wshell/omm-7.3.0/include/openmm/CustomCompoundBondForce.h
-- Installing: /home/surgeon/trash/set-up-wshell/omm-7.3.0/include/openmm/CustomExternalForce.h
-- Installing: /home/surgeon/trash/set-up-wshell/omm-7.3.0/include/openmm/CustomGBForce.h
-- Installing: /home/surgeon/trash/set-up-wshell/omm-7.3.0/include/openmm/CustomHbondForce.h
-- Installing: /home/surgeon/trash/set-up-wshell/omm-7.3.0/include/openmm/CustomIntegrator.h
-- Installing: /home/surgeon/trash/set-up-wshell/omm-7.3.0/include/openmm/CustomManyParticleForce.h
-- Installing: /home/surgeon/trash/set-up-wshell/omm-7.3.0/include/openmm/CustomNonbondedForce.h
-- Installing: /home/surgeon/trash/set-up-wshell/omm-7.3.0/include/openmm/CustomTorsionForce.h
-- Installing: /home/surgeon/trash/set-up-wshell/omm-7.3.0/include/openmm/Force.h
-- Installing: /home/surgeon/trash/set-up-wshell/omm-7.3.0/include/openmm/GBSAOBCForce.h
-- Installing: /home/surgeon/trash/set-up-wshell/omm-7.3.0/include/openmm/GayBerneForce.h
-- Installing: /home/surgeon/trash/set-up-wshell/omm-7.3.0/include/openmm/HarmonicAngleForce.h
-- Installing: /home/surgeon/trash/set-up-wshell/omm-7.3.0/include/openmm/HarmonicBondForce.h
-- Installing: /home/surgeon/trash/set-up-wshell/omm-7.3.0/include/openmm/Integrator.h
-- Installing: /home/surgeon/trash/set-up-wshell/omm-7.3.0/include/openmm/LangevinIntegrator.h
-- Installing: /home/surgeon/trash/set-up-wshell/omm-7.3.0/include/openmm/LocalEnergyMinimizer.h
-- Installing: /home/surgeon/trash/set-up-wshell/omm-7.3.0/include/openmm/MonteCarloAnisotropicBarostat.h
-- Installing: /home/surgeon/trash/set-up-wshell/omm-7.3.0/include/openmm/MonteCarloBarostat.h
-- Installing: /home/surgeon/trash/set-up-wshell/omm-7.3.0/include/openmm/MonteCarloMembraneBarostat.h
-- Installing: /home/surgeon/trash/set-up-wshell/omm-7.3.0/include/openmm/NonbondedForce.h
-- Installing: /home/surgeon/trash/set-up-wshell/omm-7.3.0/include/openmm/OpenMMException.h
-- Installing: /home/surgeon/trash/set-up-wshell/omm-7.3.0/include/openmm/PeriodicTorsionForce.h
-- Installing: /home/surgeon/trash/set-up-wshell/omm-7.3.0/include/openmm/RBTorsionForce.h
-- Installing: /home/surgeon/trash/set-up-wshell/omm-7.3.0/include/openmm/RMSDForce.h
-- Installing: /home/surgeon/trash/set-up-wshell/omm-7.3.0/include/openmm/State.h
-- Installing: /home/surgeon/trash/set-up-wshell/omm-7.3.0/include/openmm/System.h
-- Installing: /home/surgeon/trash/set-up-wshell/omm-7.3.0/include/openmm/TabulatedFunction.h
-- Installing: /home/surgeon/trash/set-up-wshell/omm-7.3.0/include/openmm/Units.h
-- Installing: /home/surgeon/trash/set-up-wshell/omm-7.3.0/include/openmm/VariableLangevinIntegrator.h
-- Installing: /home/surgeon/trash/set-up-wshell/omm-7.3.0/include/openmm/VariableVerletIntegrator.h
-- Installing: /home/surgeon/trash/set-up-wshell/omm-7.3.0/include/openmm/Vec3.h
-- Installing: /home/surgeon/trash/set-up-wshell/omm-7.3.0/include/openmm/VerletIntegrator.h
-- Installing: /home/surgeon/trash/set-up-wshell/omm-7.3.0/include/openmm/VirtualSite.h
-- Installing: /home/surgeon/trash/set-up-wshell/omm-7.3.0/include/openmm/internal/AndersenThermostatImpl.h
-- Installing: /home/surgeon/trash/set-up-wshell/omm-7.3.0/include/openmm/internal/AssertionUtilities.h
-- Installing: /home/surgeon/trash/set-up-wshell/omm-7.3.0/include/openmm/internal/CMAPTorsionForceImpl.h
-- Installing: /home/surgeon/trash/set-up-wshell/omm-7.3.0/include/openmm/internal/CMMotionRemoverImpl.h
-- Installing: /home/surgeon/trash/set-up-wshell/omm-7.3.0/include/openmm/internal/CompiledExpressionSet.h
-- Installing: /home/surgeon/trash/set-up-wshell/omm-7.3.0/include/openmm/internal/ContextImpl.h
-- Installing: /home/surgeon/trash/set-up-wshell/omm-7.3.0/include/openmm/internal/CustomAngleForceImpl.h
-- Installing: /home/surgeon/trash/set-up-wshell/omm-7.3.0/include/openmm/internal/CustomBondForceImpl.h
-- Installing: /home/surgeon/trash/set-up-wshell/omm-7.3.0/include/openmm/internal/CustomCVForceImpl.h
-- Installing: /home/surgeon/trash/set-up-wshell/omm-7.3.0/include/openmm/internal/CustomCentroidBondForceImpl.h
-- Installing: /home/surgeon/trash/set-up-wshell/omm-7.3.0/include/openmm/internal/CustomCompoundBondForceImpl.h
-- Installing: /home/surgeon/trash/set-up-wshell/omm-7.3.0/include/openmm/internal/CustomExternalForceImpl.h
-- Installing: /home/surgeon/trash/set-up-wshell/omm-7.3.0/include/openmm/internal/CustomGBForceImpl.h
-- Installing: /home/surgeon/trash/set-up-wshell/omm-7.3.0/include/openmm/internal/CustomHbondForceImpl.h
-- Installing: /home/surgeon/trash/set-up-wshell/omm-7.3.0/include/openmm/internal/CustomIntegratorUtilities.h
-- Installing: /home/surgeon/trash/set-up-wshell/omm-7.3.0/include/openmm/internal/CustomManyParticleForceImpl.h
-- Installing: /home/surgeon/trash/set-up-wshell/omm-7.3.0/include/openmm/internal/CustomNonbondedForceImpl.h
-- Installing: /home/surgeon/trash/set-up-wshell/omm-7.3.0/include/openmm/internal/CustomTorsionForceImpl.h
-- Installing: /home/surgeon/trash/set-up-wshell/omm-7.3.0/include/openmm/internal/ForceImpl.h
-- Installing: /home/surgeon/trash/set-up-wshell/omm-7.3.0/include/openmm/internal/GBSAOBCForceImpl.h
-- Installing: /home/surgeon/trash/set-up-wshell/omm-7.3.0/include/openmm/internal/GayBerneForceImpl.h
-- Installing: /home/surgeon/trash/set-up-wshell/omm-7.3.0/include/openmm/internal/HarmonicAngleForceImpl.h
-- Installing: /home/surgeon/trash/set-up-wshell/omm-7.3.0/include/openmm/internal/HarmonicBondForceImpl.h
-- Installing: /home/surgeon/trash/set-up-wshell/omm-7.3.0/include/openmm/internal/MSVC_erfc.h
-- Installing: /home/surgeon/trash/set-up-wshell/omm-7.3.0/include/openmm/internal/MonteCarloAnisotropicBarostatImpl.h
-- Installing: /home/surgeon/trash/set-up-wshell/omm-7.3.0/include/openmm/internal/MonteCarloBarostatImpl.h
-- Installing: /home/surgeon/trash/set-up-wshell/omm-7.3.0/include/openmm/internal/MonteCarloMembraneBarostatImpl.h
-- Installing: /home/surgeon/trash/set-up-wshell/omm-7.3.0/include/openmm/internal/NonbondedForceImpl.h
-- Installing: /home/surgeon/trash/set-up-wshell/omm-7.3.0/include/openmm/internal/OSRngSeed.h
-- Installing: /home/surgeon/trash/set-up-wshell/omm-7.3.0/include/openmm/internal/PeriodicTorsionForceImpl.h
-- Installing: /home/surgeon/trash/set-up-wshell/omm-7.3.0/include/openmm/internal/RBTorsionForceImpl.h
-- Installing: /home/surgeon/trash/set-up-wshell/omm-7.3.0/include/openmm/internal/RMSDForceImpl.h
-- Installing: /home/surgeon/trash/set-up-wshell/omm-7.3.0/include/openmm/internal/SplineFitter.h
-- Installing: /home/surgeon/trash/set-up-wshell/omm-7.3.0/include/openmm/internal/ThreadPool.h
-- Installing: /home/surgeon/trash/set-up-wshell/omm-7.3.0/include/openmm/internal/VectorExpression.h
-- Installing: /home/surgeon/trash/set-up-wshell/omm-7.3.0/include/openmm/internal/hardware.h
-- Installing: /home/surgeon/trash/set-up-wshell/omm-7.3.0/include/openmm/internal/timer.h
-- Installing: /home/surgeon/trash/set-up-wshell/omm-7.3.0/include/openmm/internal/vectorize.h
-- Installing: /home/surgeon/trash/set-up-wshell/omm-7.3.0/include/openmm/internal/vectorize8.h
-- Installing: /home/surgeon/trash/set-up-wshell/omm-7.3.0/include/openmm/internal/vectorize_neon.h
-- Installing: /home/surgeon/trash/set-up-wshell/omm-7.3.0/include/openmm/internal/vectorize_pnacl.h
-- Installing: /home/surgeon/trash/set-up-wshell/omm-7.3.0/include/openmm/internal/vectorize_sse.h
-- Installing: /home/surgeon/trash/set-up-wshell/omm-7.3.0/include/openmm/internal/windowsExport.h
-- Installing: /home/surgeon/trash/set-up-wshell/omm-7.3.0/include/openmm/reference/ObcParameters.h
-- Installing: /home/surgeon/trash/set-up-wshell/omm-7.3.0/include/openmm/reference/RealVec.h
-- Installing: /home/surgeon/trash/set-up-wshell/omm-7.3.0/include/openmm/reference/ReferenceAndersenThermostat.h
-- Installing: /home/surgeon/trash/set-up-wshell/omm-7.3.0/include/openmm/reference/ReferenceAngleBondIxn.h
-- Installing: /home/surgeon/trash/set-up-wshell/omm-7.3.0/include/openmm/reference/ReferenceBondForce.h
-- Installing: /home/surgeon/trash/set-up-wshell/omm-7.3.0/include/openmm/reference/ReferenceBondIxn.h
-- Installing: /home/surgeon/trash/set-up-wshell/omm-7.3.0/include/openmm/reference/ReferenceBrownianDynamics.h
-- Installing: /home/surgeon/trash/set-up-wshell/omm-7.3.0/include/openmm/reference/ReferenceCCMAAlgorithm.h
-- Installing: /home/surgeon/trash/set-up-wshell/omm-7.3.0/include/openmm/reference/ReferenceCMAPTorsionIxn.h
-- Installing: /home/surgeon/trash/set-up-wshell/omm-7.3.0/include/openmm/reference/ReferenceConstraintAlgorithm.h
-- Installing: /home/surgeon/trash/set-up-wshell/omm-7.3.0/include/openmm/reference/ReferenceConstraints.h
-- Installing: /home/surgeon/trash/set-up-wshell/omm-7.3.0/include/openmm/reference/ReferenceCustomAngleIxn.h
-- Installing: /home/surgeon/trash/set-up-wshell/omm-7.3.0/include/openmm/reference/ReferenceCustomBondIxn.h
-- Installing: /home/surgeon/trash/set-up-wshell/omm-7.3.0/include/openmm/reference/ReferenceCustomCVForce.h
-- Installing: /home/surgeon/trash/set-up-wshell/omm-7.3.0/include/openmm/reference/ReferenceCustomCentroidBondIxn.h
-- Installing: /home/surgeon/trash/set-up-wshell/omm-7.3.0/include/openmm/reference/ReferenceCustomCompoundBondIxn.h
-- Installing: /home/surgeon/trash/set-up-wshell/omm-7.3.0/include/openmm/reference/ReferenceCustomDynamics.h
-- Installing: /home/surgeon/trash/set-up-wshell/omm-7.3.0/include/openmm/reference/ReferenceCustomExternalIxn.h
-- Installing: /home/surgeon/trash/set-up-wshell/omm-7.3.0/include/openmm/reference/ReferenceCustomGBIxn.h
-- Installing: /home/surgeon/trash/set-up-wshell/omm-7.3.0/include/openmm/reference/ReferenceCustomHbondIxn.h
-- Installing: /home/surgeon/trash/set-up-wshell/omm-7.3.0/include/openmm/reference/ReferenceCustomManyParticleIxn.h
-- Installing: /home/surgeon/trash/set-up-wshell/omm-7.3.0/include/openmm/reference/ReferenceCustomNonbondedIxn.h
-- Installing: /home/surgeon/trash/set-up-wshell/omm-7.3.0/include/openmm/reference/ReferenceCustomTorsionIxn.h
-- Installing: /home/surgeon/trash/set-up-wshell/omm-7.3.0/include/openmm/reference/ReferenceDynamics.h
-- Installing: /home/surgeon/trash/set-up-wshell/omm-7.3.0/include/openmm/reference/ReferenceForce.h
-- Installing: /home/surgeon/trash/set-up-wshell/omm-7.3.0/include/openmm/reference/ReferenceGayBerneForce.h
-- Installing: /home/surgeon/trash/set-up-wshell/omm-7.3.0/include/openmm/reference/ReferenceHarmonicBondIxn.h
-- Installing: /home/surgeon/trash/set-up-wshell/omm-7.3.0/include/openmm/reference/ReferenceKernelFactory.h
-- Installing: /home/surgeon/trash/set-up-wshell/omm-7.3.0/include/openmm/reference/ReferenceKernels.h
-- Installing: /home/surgeon/trash/set-up-wshell/omm-7.3.0/include/openmm/reference/ReferenceLJCoulomb14.h
-- Installing: /home/surgeon/trash/set-up-wshell/omm-7.3.0/include/openmm/reference/ReferenceLJCoulombIxn.h
-- Installing: /home/surgeon/trash/set-up-wshell/omm-7.3.0/include/openmm/reference/ReferenceLincsAlgorithm.h
-- Installing: /home/surgeon/trash/set-up-wshell/omm-7.3.0/include/openmm/reference/ReferenceMonteCarloBarostat.h
-- Installing: /home/surgeon/trash/set-up-wshell/omm-7.3.0/include/openmm/reference/ReferenceNeighborList.h
-- Installing: /home/surgeon/trash/set-up-wshell/omm-7.3.0/include/openmm/reference/ReferenceObc.h
-- Installing: /home/surgeon/trash/set-up-wshell/omm-7.3.0/include/openmm/reference/ReferencePME.h
-- Installing: /home/surgeon/trash/set-up-wshell/omm-7.3.0/include/openmm/reference/ReferencePairIxn.h
-- Installing: /home/surgeon/trash/set-up-wshell/omm-7.3.0/include/openmm/reference/ReferencePlatform.h
-- Installing: /home/surgeon/trash/set-up-wshell/omm-7.3.0/include/openmm/reference/ReferenceProperDihedralBond.h
-- Installing: /home/surgeon/trash/set-up-wshell/omm-7.3.0/include/openmm/reference/ReferenceRMSDForce.h
-- Installing: /home/surgeon/trash/set-up-wshell/omm-7.3.0/include/openmm/reference/ReferenceRbDihedralBond.h
-- Installing: /home/surgeon/trash/set-up-wshell/omm-7.3.0/include/openmm/reference/ReferenceSETTLEAlgorithm.h
-- Installing: /home/surgeon/trash/set-up-wshell/omm-7.3.0/include/openmm/reference/ReferenceStochasticDynamics.h
-- Installing: /home/surgeon/trash/set-up-wshell/omm-7.3.0/include/openmm/reference/ReferenceTabulatedFunction.h
-- Installing: /home/surgeon/trash/set-up-wshell/omm-7.3.0/include/openmm/reference/ReferenceVariableStochasticDynamics.h
-- Installing: /home/surgeon/trash/set-up-wshell/omm-7.3.0/include/openmm/reference/ReferenceVariableVerletDynamics.h
-- Installing: /home/surgeon/trash/set-up-wshell/omm-7.3.0/include/openmm/reference/ReferenceVerletDynamics.h
-- Installing: /home/surgeon/trash/set-up-wshell/omm-7.3.0/include/openmm/reference/ReferenceVirtualSites.h
-- Installing: /home/surgeon/trash/set-up-wshell/omm-7.3.0/include/openmm/reference/SimTKOpenMMRealType.h
-- Installing: /home/surgeon/trash/set-up-wshell/omm-7.3.0/include/openmm/reference/SimTKOpenMMUtilities.h
-- Installing: /home/surgeon/trash/set-up-wshell/omm-7.3.0/include/openmm/reference/fftpack.h
-- Installing: /home/surgeon/trash/set-up-wshell/omm-7.3.0/include/lepton/CompiledExpression.h
-- Installing: /home/surgeon/trash/set-up-wshell/omm-7.3.0/include/lepton/CustomFunction.h
-- Installing: /home/surgeon/trash/set-up-wshell/omm-7.3.0/include/lepton/Exception.h
-- Installing: /home/surgeon/trash/set-up-wshell/omm-7.3.0/include/lepton/ExpressionProgram.h
-- Installing: /home/surgeon/trash/set-up-wshell/omm-7.3.0/include/lepton/ExpressionTreeNode.h
-- Installing: /home/surgeon/trash/set-up-wshell/omm-7.3.0/include/lepton/Operation.h
-- Installing: /home/surgeon/trash/set-up-wshell/omm-7.3.0/include/lepton/ParsedExpression.h
-- Installing: /home/surgeon/trash/set-up-wshell/omm-7.3.0/include/lepton/Parser.h
-- Installing: /home/surgeon/trash/set-up-wshell/omm-7.3.0/include/lepton/windowsIncludes.h
-- Installing: /home/surgeon/trash/set-up-wshell/omm-7.3.0/include/sfmt/SFMT.h
-- Installing: /home/surgeon/trash/set-up-wshell/omm-7.3.0/lib/libOpenMM.so
-- Installing: /home/surgeon/trash/set-up-wshell/omm-7.3.0/include/OpenMMCWrapper.h
-- Installing: /home/surgeon/trash/set-up-wshell/omm-7.3.0/include/OpenMMFortranModule.f90
-- Installing: /home/surgeon/trash/set-up-wshell/omm-7.3.0/bin/TestReferenceHarmonicBondForce
-- Set runtime path of "/home/surgeon/trash/set-up-wshell/omm-7.3.0/bin/TestReferenceHarmonicBondForce" to ""
-- Installing: /home/surgeon/trash/set-up-wshell/omm-7.3.0/include/openmm/cuda/CudaArray.h
-- Installing: /home/surgeon/trash/set-up-wshell/omm-7.3.0/include/openmm/cuda/CudaBondedUtilities.h
-- Installing: /home/surgeon/trash/set-up-wshell/omm-7.3.0/include/openmm/cuda/CudaContext.h
-- Installing: /home/surgeon/trash/set-up-wshell/omm-7.3.0/include/openmm/cuda/CudaExpressionUtilities.h
-- Installing: /home/surgeon/trash/set-up-wshell/omm-7.3.0/include/openmm/cuda/CudaFFT3D.h
-- Installing: /home/surgeon/trash/set-up-wshell/omm-7.3.0/include/openmm/cuda/CudaForceInfo.h
-- Installing: /home/surgeon/trash/set-up-wshell/omm-7.3.0/include/openmm/cuda/CudaIntegrationUtilities.h
-- Installing: /home/surgeon/trash/set-up-wshell/omm-7.3.0/include/openmm/cuda/CudaKernelFactory.h
-- Installing: /home/surgeon/trash/set-up-wshell/omm-7.3.0/include/openmm/cuda/CudaKernels.h
-- Installing: /home/surgeon/trash/set-up-wshell/omm-7.3.0/include/openmm/cuda/CudaNonbondedUtilities.h
-- Installing: /home/surgeon/trash/set-up-wshell/omm-7.3.0/include/openmm/cuda/CudaParallelKernels.h
-- Installing: /home/surgeon/trash/set-up-wshell/omm-7.3.0/include/openmm/cuda/CudaParameterSet.h
-- Installing: /home/surgeon/trash/set-up-wshell/omm-7.3.0/include/openmm/cuda/CudaPlatform.h
-- Installing: /home/surgeon/trash/set-up-wshell/omm-7.3.0/include/openmm/cuda/CudaSort.h
-- Installing: /home/surgeon/trash/set-up-wshell/omm-7.3.0/include/openmm/cuda/windowsExportCuda.h
-- Installing: /home/surgeon/trash/set-up-wshell/omm-7.3.0/lib/plugins/libOpenMMCUDA.so
-- Set runtime path of "/home/surgeon/trash/set-up-wshell/omm-7.3.0/lib/plugins/libOpenMMCUDA.so" to ""
-- Installing: /home/surgeon/trash/set-up-wshell/omm-7.3.0/include/openmm/opencl/OpenCLArray.h
-- Installing: /home/surgeon/trash/set-up-wshell/omm-7.3.0/include/openmm/opencl/OpenCLBondedUtilities.h
-- Installing: /home/surgeon/trash/set-up-wshell/omm-7.3.0/include/openmm/opencl/OpenCLCompact.h
-- Installing: /home/surgeon/trash/set-up-wshell/omm-7.3.0/include/openmm/opencl/OpenCLContext.h
-- Installing: /home/surgeon/trash/set-up-wshell/omm-7.3.0/include/openmm/opencl/OpenCLExpressionUtilities.h
-- Installing: /home/surgeon/trash/set-up-wshell/omm-7.3.0/include/openmm/opencl/OpenCLFFT3D.h
-- Installing: /home/surgeon/trash/set-up-wshell/omm-7.3.0/include/openmm/opencl/OpenCLForceInfo.h
-- Installing: /home/surgeon/trash/set-up-wshell/omm-7.3.0/include/openmm/opencl/OpenCLIntegrationUtilities.h
-- Installing: /home/surgeon/trash/set-up-wshell/omm-7.3.0/include/openmm/opencl/OpenCLKernelFactory.h
-- Installing: /home/surgeon/trash/set-up-wshell/omm-7.3.0/include/openmm/opencl/OpenCLKernels.h
-- Installing: /home/surgeon/trash/set-up-wshell/omm-7.3.0/include/openmm/opencl/OpenCLNonbondedUtilities.h
-- Installing: /home/surgeon/trash/set-up-wshell/omm-7.3.0/include/openmm/opencl/OpenCLParallelKernels.h
-- Installing: /home/surgeon/trash/set-up-wshell/omm-7.3.0/include/openmm/opencl/OpenCLParameterSet.h
-- Installing: /home/surgeon/trash/set-up-wshell/omm-7.3.0/include/openmm/opencl/OpenCLPlatform.h
-- Installing: /home/surgeon/trash/set-up-wshell/omm-7.3.0/include/openmm/opencl/OpenCLSort.h
-- Installing: /home/surgeon/trash/set-up-wshell/omm-7.3.0/include/openmm/opencl/windowsExportOpenCL.h
-- Installing: /home/surgeon/trash/set-up-wshell/omm-7.3.0/lib/plugins/libOpenMMOpenCL.so
-- Set runtime path of "/home/surgeon/trash/set-up-wshell/omm-7.3.0/lib/plugins/libOpenMMOpenCL.so" to ""
-- Installing: /home/surgeon/trash/set-up-wshell/omm-7.3.0/include/openmm/cpu/AlignedArray.h
-- Installing: /home/surgeon/trash/set-up-wshell/omm-7.3.0/include/openmm/cpu/CpuBondForce.h
-- Installing: /home/surgeon/trash/set-up-wshell/omm-7.3.0/include/openmm/cpu/CpuCustomGBForce.h
-- Installing: /home/surgeon/trash/set-up-wshell/omm-7.3.0/include/openmm/cpu/CpuCustomManyParticleForce.h
-- Installing: /home/surgeon/trash/set-up-wshell/omm-7.3.0/include/openmm/cpu/CpuCustomNonbondedForce.h
-- Installing: /home/surgeon/trash/set-up-wshell/omm-7.3.0/include/openmm/cpu/CpuGBSAOBCForce.h
-- Installing: /home/surgeon/trash/set-up-wshell/omm-7.3.0/include/openmm/cpu/CpuGayBerneForce.h
-- Installing: /home/surgeon/trash/set-up-wshell/omm-7.3.0/include/openmm/cpu/CpuKernelFactory.h
-- Installing: /home/surgeon/trash/set-up-wshell/omm-7.3.0/include/openmm/cpu/CpuKernels.h
-- Installing: /home/surgeon/trash/set-up-wshell/omm-7.3.0/include/openmm/cpu/CpuLangevinDynamics.h
-- Installing: /home/surgeon/trash/set-up-wshell/omm-7.3.0/include/openmm/cpu/CpuNeighborList.h
-- Installing: /home/surgeon/trash/set-up-wshell/omm-7.3.0/include/openmm/cpu/CpuNonbondedForce.h
-- Installing: /home/surgeon/trash/set-up-wshell/omm-7.3.0/include/openmm/cpu/CpuNonbondedForceVec4.h
-- Installing: /home/surgeon/trash/set-up-wshell/omm-7.3.0/include/openmm/cpu/CpuNonbondedForceVec8.h
-- Installing: /home/surgeon/trash/set-up-wshell/omm-7.3.0/include/openmm/cpu/CpuPlatform.h
-- Installing: /home/surgeon/trash/set-up-wshell/omm-7.3.0/include/openmm/cpu/CpuRandom.h
-- Installing: /home/surgeon/trash/set-up-wshell/omm-7.3.0/include/openmm/cpu/CpuSETTLE.h
-- Installing: /home/surgeon/trash/set-up-wshell/omm-7.3.0/include/openmm/cpu/windowsExportCpu.h
-- Installing: /home/surgeon/trash/set-up-wshell/omm-7.3.0/lib/plugins/libOpenMMCPU.so
-- Set runtime path of "/home/surgeon/trash/set-up-wshell/omm-7.3.0/lib/plugins/libOpenMMCPU.so" to ""
-- Installing: /home/surgeon/trash/set-up-wshell/omm-7.3.0/include/OpenMMAmoeba.h
-- Installing: /home/surgeon/trash/set-up-wshell/omm-7.3.0/include/openmm/AmoebaAngleForce.h
-- Installing: /home/surgeon/trash/set-up-wshell/omm-7.3.0/include/openmm/AmoebaBondForce.h
-- Installing: /home/surgeon/trash/set-up-wshell/omm-7.3.0/include/openmm/AmoebaGeneralizedKirkwoodForce.h
-- Installing: /home/surgeon/trash/set-up-wshell/omm-7.3.0/include/openmm/AmoebaInPlaneAngleForce.h
-- Installing: /home/surgeon/trash/set-up-wshell/omm-7.3.0/include/openmm/AmoebaMultipoleForce.h
-- Installing: /home/surgeon/trash/set-up-wshell/omm-7.3.0/include/openmm/AmoebaOutOfPlaneBendForce.h
-- Installing: /home/surgeon/trash/set-up-wshell/omm-7.3.0/include/openmm/AmoebaPiTorsionForce.h
-- Installing: /home/surgeon/trash/set-up-wshell/omm-7.3.0/include/openmm/AmoebaStretchBendForce.h
-- Installing: /home/surgeon/trash/set-up-wshell/omm-7.3.0/include/openmm/AmoebaTorsionTorsionForce.h
-- Installing: /home/surgeon/trash/set-up-wshell/omm-7.3.0/include/openmm/AmoebaVdwForce.h
-- Installing: /home/surgeon/trash/set-up-wshell/omm-7.3.0/include/openmm/AmoebaWcaDispersionForce.h
-- Installing: /home/surgeon/trash/set-up-wshell/omm-7.3.0/include/openmm/amoebaKernels.h
-- Installing: /home/surgeon/trash/set-up-wshell/omm-7.3.0/include/openmm/internal/AmoebaAngleForceImpl.h
-- Installing: /home/surgeon/trash/set-up-wshell/omm-7.3.0/include/openmm/internal/AmoebaBondForceImpl.h
-- Installing: /home/surgeon/trash/set-up-wshell/omm-7.3.0/include/openmm/internal/AmoebaGeneralizedKirkwoodForceImpl.h
-- Installing: /home/surgeon/trash/set-up-wshell/omm-7.3.0/include/openmm/internal/AmoebaInPlaneAngleForceImpl.h
-- Installing: /home/surgeon/trash/set-up-wshell/omm-7.3.0/include/openmm/internal/AmoebaMultipoleForceImpl.h
-- Installing: /home/surgeon/trash/set-up-wshell/omm-7.3.0/include/openmm/internal/AmoebaOutOfPlaneBendForceImpl.h
-- Installing: /home/surgeon/trash/set-up-wshell/omm-7.3.0/include/openmm/internal/AmoebaPiTorsionForceImpl.h
-- Installing: /home/surgeon/trash/set-up-wshell/omm-7.3.0/include/openmm/internal/AmoebaStretchBendForceImpl.h
-- Installing: /home/surgeon/trash/set-up-wshell/omm-7.3.0/include/openmm/internal/AmoebaTorsionTorsionForceImpl.h
-- Installing: /home/surgeon/trash/set-up-wshell/omm-7.3.0/include/openmm/internal/AmoebaVdwForceImpl.h
-- Installing: /home/surgeon/trash/set-up-wshell/omm-7.3.0/include/openmm/internal/AmoebaWcaDispersionForceImpl.h
-- Installing: /home/surgeon/trash/set-up-wshell/omm-7.3.0/include/openmm/internal/windowsExportAmoeba.h
-- Installing: /home/surgeon/trash/set-up-wshell/omm-7.3.0/lib/libOpenMMAmoeba.so
-- Set runtime path of "/home/surgeon/trash/set-up-wshell/omm-7.3.0/lib/libOpenMMAmoeba.so" to ""
-- Installing: /home/surgeon/trash/set-up-wshell/omm-7.3.0/include/AmoebaOpenMMCWrapper.h
-- Installing: /home/surgeon/trash/set-up-wshell/omm-7.3.0/include/AmoebaOpenMMFortranModule.f90
-- Installing: /home/surgeon/trash/set-up-wshell/omm-7.3.0/lib/plugins/libOpenMMAmoebaReference.so
-- Set runtime path of "/home/surgeon/trash/set-up-wshell/omm-7.3.0/lib/plugins/libOpenMMAmoebaReference.so" to ""
-- Installing: /home/surgeon/trash/set-up-wshell/omm-7.3.0/lib/plugins/libOpenMMAmoebaCUDA.so
-- Set runtime path of "/home/surgeon/trash/set-up-wshell/omm-7.3.0/lib/plugins/libOpenMMAmoebaCUDA.so" to ""
-- Up-to-date: /home/surgeon/trash/set-up-wshell/omm-7.3.0/lib/plugins/libOpenMMAmoebaCUDA.so
-- Installing: /home/surgeon/trash/set-up-wshell/omm-7.3.0/include/openmm/RPMDIntegrator.h
-- Installing: /home/surgeon/trash/set-up-wshell/omm-7.3.0/include/openmm/RPMDMonteCarloBarostat.h
-- Installing: /home/surgeon/trash/set-up-wshell/omm-7.3.0/include/openmm/RPMDUpdater.h
-- Installing: /home/surgeon/trash/set-up-wshell/omm-7.3.0/include/openmm/RpmdKernels.h
-- Installing: /home/surgeon/trash/set-up-wshell/omm-7.3.0/include/openmm/internal/RPMDMonteCarloBarostatImpl.h
-- Installing: /home/surgeon/trash/set-up-wshell/omm-7.3.0/include/openmm/internal/windowsExportRpmd.h
-- Installing: /home/surgeon/trash/set-up-wshell/omm-7.3.0/lib/libOpenMMRPMD.so
-- Set runtime path of "/home/surgeon/trash/set-up-wshell/omm-7.3.0/lib/libOpenMMRPMD.so" to ""
-- Installing: /home/surgeon/trash/set-up-wshell/omm-7.3.0/lib/plugins/libOpenMMRPMDReference.so
-- Set runtime path of "/home/surgeon/trash/set-up-wshell/omm-7.3.0/lib/plugins/libOpenMMRPMDReference.so" to ""
-- Installing: /home/surgeon/trash/set-up-wshell/omm-7.3.0/lib/plugins/libOpenMMRPMDOpenCL.so
-- Set runtime path of "/home/surgeon/trash/set-up-wshell/omm-7.3.0/lib/plugins/libOpenMMRPMDOpenCL.so" to ""
-- Installing: /home/surgeon/trash/set-up-wshell/omm-7.3.0/lib/plugins/libOpenMMRPMDCUDA.so
-- Set runtime path of "/home/surgeon/trash/set-up-wshell/omm-7.3.0/lib/plugins/libOpenMMRPMDCUDA.so" to ""
-- Installing: /home/surgeon/trash/set-up-wshell/omm-7.3.0/include/OpenMMDrude.h
-- Installing: /home/surgeon/trash/set-up-wshell/omm-7.3.0/include/openmm/DrudeForce.h
-- Installing: /home/surgeon/trash/set-up-wshell/omm-7.3.0/include/openmm/DrudeKernels.h
-- Installing: /home/surgeon/trash/set-up-wshell/omm-7.3.0/include/openmm/DrudeLangevinIntegrator.h
-- Installing: /home/surgeon/trash/set-up-wshell/omm-7.3.0/include/openmm/DrudeSCFIntegrator.h
-- Installing: /home/surgeon/trash/set-up-wshell/omm-7.3.0/include/openmm/internal/DrudeForceImpl.h
-- Installing: /home/surgeon/trash/set-up-wshell/omm-7.3.0/include/openmm/internal/windowsExportDrude.h
-- Installing: /home/surgeon/trash/set-up-wshell/omm-7.3.0/lib/libOpenMMDrude.so
-- Set runtime path of "/home/surgeon/trash/set-up-wshell/omm-7.3.0/lib/libOpenMMDrude.so" to ""
-- Installing: /home/surgeon/trash/set-up-wshell/omm-7.3.0/lib/plugins/libOpenMMDrudeReference.so
-- Set runtime path of "/home/surgeon/trash/set-up-wshell/omm-7.3.0/lib/plugins/libOpenMMDrudeReference.so" to ""
-- Installing: /home/surgeon/trash/set-up-wshell/omm-7.3.0/lib/plugins/libOpenMMDrudeOpenCL.so
-- Set runtime path of "/home/surgeon/trash/set-up-wshell/omm-7.3.0/lib/plugins/libOpenMMDrudeOpenCL.so" to ""
-- Installing: /home/surgeon/trash/set-up-wshell/omm-7.3.0/lib/plugins/libOpenMMDrudeCUDA.so
-- Set runtime path of "/home/surgeon/trash/set-up-wshell/omm-7.3.0/lib/plugins/libOpenMMDrudeCUDA.so" to ""
-- Installing: /home/surgeon/trash/set-up-wshell/omm-7.3.0/lib/plugins/libOpenMMPME.so
-- Set runtime path of "/home/surgeon/trash/set-up-wshell/omm-7.3.0/lib/plugins/libOpenMMPME.so" to ""
-- Installing: /home/surgeon/trash/set-up-wshell/omm-7.3.0/lib/plugins/libOpenMMCudaCompiler.so
-- Set runtime path of "/home/surgeon/trash/set-up-wshell/omm-7.3.0/lib/plugins/libOpenMMCudaCompiler.so" to ""
-- Up-to-date: /home/surgeon/trash/set-up-wshell/omm-7.3.0/lib/plugins/libOpenMMCudaCompiler.so
-- Installing: /home/surgeon/trash/set-up-wshell/omm-7.3.0/include/openmm/serialization/SerializationNode.h
-- Installing: /home/surgeon/trash/set-up-wshell/omm-7.3.0/include/openmm/serialization/SerializationProxy.h
-- Installing: /home/surgeon/trash/set-up-wshell/omm-7.3.0/include/openmm/serialization/XmlSerializer.h
-- Installing: /home/surgeon/trash/set-up-wshell/omm-7.3.0/include/swig/OpenMMSwigHeaders.i
-- Installing: /home/surgeon/trash/set-up-wshell/omm-7.3.0/include/swig/typemaps.i
-- Installing: /home/surgeon/trash/set-up-wshell/omm-7.3.0/licenses/GPL.txt
-- Installing: /home/surgeon/trash/set-up-wshell/omm-7.3.0/licenses/LGPL.txt
-- Installing: /home/surgeon/trash/set-up-wshell/omm-7.3.0/licenses/Licenses.txt
-- Installing: /home/surgeon/trash/set-up-wshell/omm-7.3.0/examples/HelloArgon.cpp
-- Installing: /home/surgeon/trash/set-up-wshell/omm-7.3.0/examples/HelloSodiumChloride.cpp
-- Installing: /home/surgeon/trash/set-up-wshell/omm-7.3.0/examples/HelloEthane.cpp
-- Installing: /home/surgeon/trash/set-up-wshell/omm-7.3.0/examples/HelloWaterBox.cpp
-- Installing: /home/surgeon/trash/set-up-wshell/omm-7.3.0/examples/HelloArgonInC.c
-- Installing: /home/surgeon/trash/set-up-wshell/omm-7.3.0/examples/HelloSodiumChlorideInC.c
-- Installing: /home/surgeon/trash/set-up-wshell/omm-7.3.0/examples/HelloArgonInFortran.f90
-- Installing: /home/surgeon/trash/set-up-wshell/omm-7.3.0/examples/HelloSodiumChlorideInFortran.f90
-- Installing: /home/surgeon/trash/set-up-wshell/omm-7.3.0/examples/simulateAmber.py
-- Installing: /home/surgeon/trash/set-up-wshell/omm-7.3.0/examples/simulatePdb.py
-- Installing: /home/surgeon/trash/set-up-wshell/omm-7.3.0/examples/simulateGromacs.py
-- Installing: /home/surgeon/trash/set-up-wshell/omm-7.3.0/examples/benchmark.py
-- Installing: /home/surgeon/trash/set-up-wshell/omm-7.3.0/examples/argon-chemical-potential.py
-- Installing: /home/surgeon/trash/set-up-wshell/omm-7.3.0/examples/input.inpcrd
-- Installing: /home/surgeon/trash/set-up-wshell/omm-7.3.0/examples/input.prmtop
-- Installing: /home/surgeon/trash/set-up-wshell/omm-7.3.0/examples/input.pdb
-- Installing: /home/surgeon/trash/set-up-wshell/omm-7.3.0/examples/input.gro
-- Installing: /home/surgeon/trash/set-up-wshell/omm-7.3.0/examples/input.top
-- Installing: /home/surgeon/trash/set-up-wshell/omm-7.3.0/examples/5dfr_minimized.pdb
-- Installing: /home/surgeon/trash/set-up-wshell/omm-7.3.0/examples/5dfr_solv-cube_equil.pdb
-- Installing: /home/surgeon/trash/set-up-wshell/omm-7.3.0/examples/VisualStudio/HelloArgon.vcproj
-- Installing: /home/surgeon/trash/set-up-wshell/omm-7.3.0/examples/VisualStudio/HelloArgon.sln
-- Installing: /home/surgeon/trash/set-up-wshell/omm-7.3.0/examples/VisualStudio/HelloArgonInC.sln
-- Installing: /home/surgeon/trash/set-up-wshell/omm-7.3.0/examples/VisualStudio/HelloArgonInC.vcproj
-- Installing: /home/surgeon/trash/set-up-wshell/omm-7.3.0/examples/VisualStudio/HelloArgonInFortran.sln
-- Installing: /home/surgeon/trash/set-up-wshell/omm-7.3.0/examples/VisualStudio/HelloArgonInFortran.vfproj
-- Installing: /home/surgeon/trash/set-up-wshell/omm-7.3.0/examples/README.txt
-- Installing: /home/surgeon/trash/set-up-wshell/omm-7.3.0/examples/Makefile
-- Installing: /home/surgeon/trash/set-up-wshell/omm-7.3.0/examples/NMakefile
-- Installing: /home/surgeon/trash/set-up-wshell/omm-7.3.0/examples/MakefileNotes.txt
-- Installing: /home/surgeon/trash/set-up-wshell/omm-7.3.0/examples/Empty.cpp
make[2]: warning: -j24 forced in submake: resetting jobserver mode.
make[3]: warning: -j24 forced in submake: resetting jobserver mode.
make[3]: warning: -j24 forced in submake: resetting jobserver mode.
[  0%] Built target ApiWrappers
make[3]: warning: -j24 forced in submake: resetting jobserver mode.
make[3]: warning: -j24 forced in submake: resetting jobserver mode.
[ 48%] Built target OpenMM
make[3]: warning: -j24 forced in submake: resetting jobserver mode.
make[3]: warning: -j24 forced in submake: resetting jobserver mode.
[ 48%] Building OpenMM Python binary module...
OPENMM_LIB_PATH = /home/surgeon/trash/set-up-wshell/omm-7.3.0/lib
OPENMM_INCLUDE_PATH = /home/surgeon/trash/set-up-wshell/openmm/./include/home/surgeon/trash/set-up-wshell/openmm/./include/openmm/home/surgeon/trash/set-up-wshell/openmm/./include/openmm/internal/home/surgeon/trash/set-up-wshell/openmm/openmmapi/include/home/surgeon/trash/set-up-wshell/openmm/openmmapi/include/openmm/home/surgeon/trash/set-up-wshell/openmm/openmmapi/include/openmm/internal/home/surgeon/trash/set-up-wshell/openmm/olla/include/home/surgeon/trash/set-up-wshell/openmm/olla/include/openmm/home/surgeon/trash/set-up-wshell/openmm/olla/include/openmm/internal/home/surgeon/trash/set-up-wshell/openmm/serialization/include/home/surgeon/trash/set-up-wshell/openmm/serialization/include/openmm/home/surgeon/trash/set-up-wshell/openmm/serialization/include/openmm/internal/home/surgeon/trash/set-up-wshell/openmm/plugins/amoeba/openmmapi/include/home/surgeon/trash/set-up-wshell/openmm/plugins/amoeba/openmmapi/include/openmm/home/surgeon/trash/set-up-wshell/openmm/plugins/amoeba/openmmapi/include/openmm/internal/home/surgeon/trash/set-up-wshell/openmm/plugins/rpmd/openmmapi/include/home/surgeon/trash/set-up-wshell/openmm/plugins/rpmd/openmmapi/include/openmm/home/surgeon/trash/set-up-wshell/openmm/plugins/rpmd/openmmapi/include/openmm/internal/home/surgeon/trash/set-up-wshell/openmm/plugins/drude/openmmapi/include/home/surgeon/trash/set-up-wshell/openmm/plugins/drude/openmmapi/include/openmm/home/surgeon/trash/set-up-wshell/openmm/plugins/drude/openmmapi/include/openmm/internal
In file included from /usr/lib/python3.11/site-packages/numpy/core/include/numpy/ndarraytypes.h:1940,
                 from /usr/lib/python3.11/site-packages/numpy/core/include/numpy/ndarrayobject.h:12,
                 from /usr/lib/python3.11/site-packages/numpy/core/include/numpy/arrayobject.h:5,
                 from src/swig_doxygen/OpenMMSwig.cxx:6918:
/usr/lib/python3.11/site-packages/numpy/core/include/numpy/npy_1_7_deprecated_api.h:17:2: warning: #warning "Using deprecated NumPy API, disable it with " "#define NPY_NO_DEPRECATED_API NPY_1_7_API_VERSION" [-Wcpp]
   17 | #warning "Using deprecated NumPy API, disable it with " \
      |  ^~~~~~~
In file included from /home/surgeon/trash/set-up-wshell/openmm/openmmapi/include/OpenMM.h:53,
                 from src/swig_doxygen/OpenMMSwig.cxx:6904:
/home/surgeon/trash/set-up-wshell/openmm/openmmapi/include/openmm/GayBerneForce.h: In constructor ‘OpenMM::GayBerneForce::ParticleInfo::ParticleInfo(double, double, int, int, double, double, double, double, double, double)’:
/home/surgeon/trash/set-up-wshell/openmm/openmmapi/include/openmm/GayBerneForce.h:286:19: warning: ‘OpenMM::GayBerneForce::ParticleInfo::epsilon’ will be initialized after [-Wreorder]
  286 |     double sigma, epsilon, sx, sy, sz, ex, ey, ez;
      |                   ^~~~~~~
/home/surgeon/trash/set-up-wshell/openmm/openmmapi/include/openmm/GayBerneForce.h:285:9: warning:   ‘int OpenMM::GayBerneForce::ParticleInfo::xparticle’ [-Wreorder]
  285 |     int xparticle, yparticle;
      |         ^~~~~~~~~
/home/surgeon/trash/set-up-wshell/openmm/openmmapi/include/openmm/GayBerneForce.h:291:5: warning:   when initialized here [-Wreorder]
  291 |     ParticleInfo(double sigma, double epsilon, int xparticle, int yparticle, double sx, double sy, double sz, double ex, double ey, double ez) :
      |     ^~~~~~~~~~~~
In file included from /home/surgeon/trash/set-up-wshell/openmm/openmmapi/include/OpenMM.h:63:
/home/surgeon/trash/set-up-wshell/openmm/openmmapi/include/openmm/NonbondedForce.h: In constructor ‘OpenMM::NonbondedForce::ParticleOffsetInfo::ParticleOffsetInfo(int, int, double, double, double)’:
/home/surgeon/trash/set-up-wshell/openmm/openmmapi/include/openmm/NonbondedForce.h:645:19: warning: ‘OpenMM::NonbondedForce::ParticleOffsetInfo::parameter’ will be initialized after [-Wreorder]
  645 |     int particle, parameter;
      |                   ^~~~~~~~~
/home/surgeon/trash/set-up-wshell/openmm/openmmapi/include/openmm/NonbondedForce.h:645:9: warning:   ‘int OpenMM::NonbondedForce::ParticleOffsetInfo::particle’ [-Wreorder]
  645 |     int particle, parameter;
      |         ^~~~~~~~
/home/surgeon/trash/set-up-wshell/openmm/openmmapi/include/openmm/NonbondedForce.h:651:5: warning:   when initialized here [-Wreorder]
  651 |     ParticleOffsetInfo(int parameter, int particle, double chargeScale, double sigmaScale, double epsilonScale) :
      |     ^~~~~~~~~~~~~~~~~~
/home/surgeon/trash/set-up-wshell/openmm/openmmapi/include/openmm/NonbondedForce.h: In constructor ‘OpenMM::NonbondedForce::ExceptionOffsetInfo::ExceptionOffsetInfo(int, int, double, double, double)’:
/home/surgeon/trash/set-up-wshell/openmm/openmmapi/include/openmm/NonbondedForce.h:662:20: warning: ‘OpenMM::NonbondedForce::ExceptionOffsetInfo::parameter’ will be initialized after [-Wreorder]
  662 |     int exception, parameter;
      |                    ^~~~~~~~~
/home/surgeon/trash/set-up-wshell/openmm/openmmapi/include/openmm/NonbondedForce.h:662:9: warning:   ‘int OpenMM::NonbondedForce::ExceptionOffsetInfo::exception’ [-Wreorder]
  662 |     int exception, parameter;
      |         ^~~~~~~~~
/home/surgeon/trash/set-up-wshell/openmm/openmmapi/include/openmm/NonbondedForce.h:668:5: warning:   when initialized here [-Wreorder]
  668 |     ExceptionOffsetInfo(int parameter, int exception, double chargeProdScale, double sigmaScale, double epsilonScale) :
      |     ^~~~~~~~~~~~~~~~~~~
In file included from /usr/lib/python3.11/site-packages/numpy/core/include/numpy/ndarrayobject.h:21:
/usr/lib/python3.11/site-packages/numpy/core/include/numpy/__multiarray_api.h: At global scope:
/usr/lib/python3.11/site-packages/numpy/core/include/numpy/__multiarray_api.h:1477:1: warning: ‘int _import_array()’ defined but not used [-Wunused-function]
 1477 | _import_array(void)
      | ^~~~~~~~~~~~~
src/swig_doxygen/OpenMMSwig.cxx: In function ‘_wrap_Continuous1DFunction_setFunctionParameters’:
src/swig_doxygen/OpenMMSwig.cxx:89065:35: warning: ‘operator delete(void*, unsigned long)’ called on unallocated object ‘v2’ [-Wfree-nonheap-object]
89065 |   if (SWIG_IsNewObj(res2)) delete arg2;
      |                                   ^~~~
src/swig_doxygen/OpenMMSwig.cxx:89010:25: note: declared here
89010 |   std::vector< double > v2 ;
      |                         ^~
src/swig_doxygen/OpenMMSwig.cxx:89068:35: warning: ‘operator delete(void*, unsigned long)’ called on unallocated object ‘v2’ [-Wfree-nonheap-object]
89068 |   if (SWIG_IsNewObj(res2)) delete arg2;
      |                                   ^~~~
src/swig_doxygen/OpenMMSwig.cxx:89010:25: note: declared here
89010 |   std::vector< double > v2 ;
      |                         ^~
src/swig_doxygen/OpenMMSwig.cxx: In function ‘_wrap_new_Continuous1DFunction’:
src/swig_doxygen/OpenMMSwig.cxx:88935:35: warning: ‘operator delete(void*, unsigned long)’ called on unallocated object ‘v1’ [-Wfree-nonheap-object]
88935 |   if (SWIG_IsNewObj(res1)) delete arg1;
      |                                   ^~~~
src/swig_doxygen/OpenMMSwig.cxx:88884:25: note: declared here
88884 |   std::vector< double > v1 ;
      |                         ^~
src/swig_doxygen/OpenMMSwig.cxx:88938:35: warning: ‘operator delete(void*, unsigned long)’ called on unallocated object ‘v1’ [-Wfree-nonheap-object]
88938 |   if (SWIG_IsNewObj(res1)) delete arg1;
      |                                   ^~~~
src/swig_doxygen/OpenMMSwig.cxx:88884:25: note: declared here
88884 |   std::vector< double > v1 ;
      |                         ^~
src/swig_doxygen/OpenMMSwig.cxx: In function ‘_wrap_Discrete2DFunction_setFunctionParameters’:
src/swig_doxygen/OpenMMSwig.cxx:83112:35: warning: ‘operator delete(void*, unsigned long)’ called on unallocated object ‘v4’ [-Wfree-nonheap-object]
83112 |   if (SWIG_IsNewObj(res4)) delete arg4;
      |                                   ^~~~
src/swig_doxygen/OpenMMSwig.cxx:83075:25: note: declared here
83075 |   std::vector< double > v4 ;
      |                         ^~
src/swig_doxygen/OpenMMSwig.cxx: In function ‘_wrap_new_Discrete2DFunction’:
src/swig_doxygen/OpenMMSwig.cxx:82996:35: warning: ‘operator delete(void*, unsigned long)’ called on unallocated object ‘v3’ [-Wfree-nonheap-object]
82996 |   if (SWIG_IsNewObj(res3)) delete arg3;
      |                                   ^~~~
src/swig_doxygen/OpenMMSwig.cxx:82963:25: note: declared here
82963 |   std::vector< double > v3 ;
      |                         ^~
src/swig_doxygen/OpenMMSwig.cxx: In function ‘_wrap_AmoebaMultipoleForce_setExtrapolationCoefficients’:
src/swig_doxygen/OpenMMSwig.cxx:80453:35: warning: ‘operator delete(void*, unsigned long)’ called on unallocated object ‘v2’ [-Wfree-nonheap-object]
80453 |   if (SWIG_IsNewObj(res2)) delete arg2;
      |                                   ^~~~
src/swig_doxygen/OpenMMSwig.cxx:80426:25: note: declared here
80426 |   std::vector< double > v2 ;
      |                         ^~
src/swig_doxygen/OpenMMSwig.cxx: In function ‘_wrap_AmoebaMultipoleForce_setMultipoleParameters’:
src/swig_doxygen/OpenMMSwig.cxx:80112:35: warning: ‘operator delete(void*, unsigned long)’ called on unallocated object ‘v4’ [-Wfree-nonheap-object]
80112 |   if (SWIG_IsNewObj(res4)) delete arg4;
      |                                   ^~~~
src/swig_doxygen/OpenMMSwig.cxx:79989:25: note: declared here
79989 |   std::vector< double > v4 ;
      |                         ^~
src/swig_doxygen/OpenMMSwig.cxx:80113:35: warning: ‘operator delete(void*, unsigned long)’ called on unallocated object ‘v5’ [-Wfree-nonheap-object]
80113 |   if (SWIG_IsNewObj(res5)) delete arg5;
      |                                   ^~~~
src/swig_doxygen/OpenMMSwig.cxx:79991:25: note: declared here
79991 |   std::vector< double > v5 ;
      |                         ^~
src/swig_doxygen/OpenMMSwig.cxx:80116:35: warning: ‘operator delete(void*, unsigned long)’ called on unallocated object ‘v4’ [-Wfree-nonheap-object]
80116 |   if (SWIG_IsNewObj(res4)) delete arg4;
      |                                   ^~~~
src/swig_doxygen/OpenMMSwig.cxx:79989:25: note: declared here
79989 |   std::vector< double > v4 ;
      |                         ^~
src/swig_doxygen/OpenMMSwig.cxx: In function ‘_wrap_AmoebaMultipoleForce_addMultipole’:
src/swig_doxygen/OpenMMSwig.cxx:79822:35: warning: ‘operator delete(void*, unsigned long)’ called on unallocated object ‘v3’ [-Wfree-nonheap-object]
79822 |   if (SWIG_IsNewObj(res3)) delete arg3;
      |                                   ^~~~
src/swig_doxygen/OpenMMSwig.cxx:79703:25: note: declared here
79703 |   std::vector< double > v3 ;
      |                         ^~
src/swig_doxygen/OpenMMSwig.cxx:79823:35: warning: ‘operator delete(void*, unsigned long)’ called on unallocated object ‘v4’ [-Wfree-nonheap-object]
79823 |   if (SWIG_IsNewObj(res4)) delete arg4;
      |                                   ^~~~
src/swig_doxygen/OpenMMSwig.cxx:79705:25: note: declared here
79705 |   std::vector< double > v4 ;
      |                         ^~
src/swig_doxygen/OpenMMSwig.cxx:79826:35: warning: ‘operator delete(void*, unsigned long)’ called on unallocated object ‘v3’ [-Wfree-nonheap-object]
79826 |   if (SWIG_IsNewObj(res3)) delete arg3;
      |                                   ^~~~
src/swig_doxygen/OpenMMSwig.cxx:79703:25: note: declared here
79703 |   std::vector< double > v3 ;
      |                         ^~
src/swig_doxygen/OpenMMSwig.cxx: In function ‘_wrap_Discrete1DFunction_setFunctionParameters’:
src/swig_doxygen/OpenMMSwig.cxx:70089:35: warning: ‘operator delete(void*, unsigned long)’ called on unallocated object ‘v2’ [-Wfree-nonheap-object]
70089 |   if (SWIG_IsNewObj(res2)) delete arg2;
      |                                   ^~~~
src/swig_doxygen/OpenMMSwig.cxx:70062:25: note: declared here
70062 |   std::vector< double > v2 ;
      |                         ^~
src/swig_doxygen/OpenMMSwig.cxx: In function ‘_wrap_new_Discrete1DFunction’:
src/swig_doxygen/OpenMMSwig.cxx:70009:35: warning: ‘operator delete(void*, unsigned long)’ called on unallocated object ‘v1’ [-Wfree-nonheap-object]
70009 |   if (SWIG_IsNewObj(res1)) delete arg1;
      |                                   ^~~~
src/swig_doxygen/OpenMMSwig.cxx:69985:25: note: declared here
69985 |   std::vector< double > v1 ;
      |                         ^~
src/swig_doxygen/OpenMMSwig.cxx: In function ‘_wrap_CustomCompoundBondForce_setFunctionParameters’:
src/swig_doxygen/OpenMMSwig.cxx:69786:35: warning: ‘operator delete(void*, unsigned long)’ called on unallocated object ‘v4’ [-Wfree-nonheap-object]
69786 |   if (SWIG_IsNewObj(res4)) delete arg4;
      |                                   ^~~~
src/swig_doxygen/OpenMMSwig.cxx:69714:25: note: declared here
69714 |   std::vector< double > v4 ;
      |                         ^~
src/swig_doxygen/OpenMMSwig.cxx: In function ‘_wrap_CustomCompoundBondForce_addFunction’:
src/swig_doxygen/OpenMMSwig.cxx:69616:35: warning: ‘operator delete(void*, unsigned long)’ called on unallocated object ‘v3’ [-Wfree-nonheap-object]
69616 |   if (SWIG_IsNewObj(res3)) delete arg3;
      |                                   ^~~~
src/swig_doxygen/OpenMMSwig.cxx:69548:25: note: declared here
69548 |   std::vector< double > v3 ;
      |                         ^~
src/swig_doxygen/OpenMMSwig.cxx: In function ‘_wrap_CMAPTorsionForce_setMapParameters’:
src/swig_doxygen/OpenMMSwig.cxx:67595:35: warning: ‘operator delete(void*, unsigned long)’ called on unallocated object ‘v4’ [-Wfree-nonheap-object]
67595 |   if (SWIG_IsNewObj(res4)) delete arg4;
      |                                   ^~~~
src/swig_doxygen/OpenMMSwig.cxx:67558:25: note: declared here
67558 |   std::vector< double > v4 ;
      |                         ^~
src/swig_doxygen/OpenMMSwig.cxx: In function ‘_wrap_CMAPTorsionForce_addMap’:
src/swig_doxygen/OpenMMSwig.cxx:67482:35: warning: ‘operator delete(void*, unsigned long)’ called on unallocated object ‘v3’ [-Wfree-nonheap-object]
67482 |   if (SWIG_IsNewObj(res3)) delete arg3;
      |                                   ^~~~
src/swig_doxygen/OpenMMSwig.cxx:67449:25: note: declared here
67449 |   std::vector< double > v3 ;
      |                         ^~
src/swig_doxygen/OpenMMSwig.cxx: In function ‘_wrap_Discrete3DFunction_setFunctionParameters’:
src/swig_doxygen/OpenMMSwig.cxx:67282:35: warning: ‘operator delete(void*, unsigned long)’ called on unallocated object ‘v5’ [-Wfree-nonheap-object]
67282 |   if (SWIG_IsNewObj(res5)) delete arg5;
      |                                   ^~~~
src/swig_doxygen/OpenMMSwig.cxx:67240:25: note: declared here
67240 |   std::vector< double > v5 ;
      |                         ^~
src/swig_doxygen/OpenMMSwig.cxx: In function ‘_wrap_new_Discrete3DFunction’:
src/swig_doxygen/OpenMMSwig.cxx:67148:35: warning: ‘operator delete(void*, unsigned long)’ called on unallocated object ‘v4’ [-Wfree-nonheap-object]
67148 |   if (SWIG_IsNewObj(res4)) delete arg4;
      |                                   ^~~~
src/swig_doxygen/OpenMMSwig.cxx:67110:25: note: declared here
67110 |   std::vector< double > v4 ;
      |                         ^~
src/swig_doxygen/OpenMMSwig.cxx: In function ‘_wrap_CustomManyParticleForce_setParticleParameters’:
src/swig_doxygen/OpenMMSwig.cxx:62786:35: warning: ‘operator delete(void*, unsigned long)’ called on unallocated object ‘v3’ [-Wfree-nonheap-object]
62786 |   if (SWIG_IsNewObj(res3)) delete arg3;
      |                                   ^~~~
src/swig_doxygen/OpenMMSwig.cxx:62747:25: note: declared here
62747 |   std::vector< double > v3 ;
      |                         ^~
src/swig_doxygen/OpenMMSwig.cxx:62789:35: warning: ‘operator delete(void*, unsigned long)’ called on unallocated object ‘v3’ [-Wfree-nonheap-object]
62789 |   if (SWIG_IsNewObj(res3)) delete arg3;
      |                                   ^~~~
src/swig_doxygen/OpenMMSwig.cxx:62747:25: note: declared here
62747 |   std::vector< double > v3 ;
      |                         ^~
src/swig_doxygen/OpenMMSwig.cxx: In function ‘_wrap_CustomNonbondedForce_setFunctionParameters’:
src/swig_doxygen/OpenMMSwig.cxx:55555:35: warning: ‘operator delete(void*, unsigned long)’ called on unallocated object ‘v4’ [-Wfree-nonheap-object]
55555 |   if (SWIG_IsNewObj(res4)) delete arg4;
      |                                   ^~~~
src/swig_doxygen/OpenMMSwig.cxx:55483:25: note: declared here
55483 |   std::vector< double > v4 ;
      |                         ^~
src/swig_doxygen/OpenMMSwig.cxx: In function ‘_wrap_CustomNonbondedForce_addFunction’:
src/swig_doxygen/OpenMMSwig.cxx:55385:35: warning: ‘operator delete(void*, unsigned long)’ called on unallocated object ‘v3’ [-Wfree-nonheap-object]
55385 |   if (SWIG_IsNewObj(res3)) delete arg3;
      |                                   ^~~~
src/swig_doxygen/OpenMMSwig.cxx:55317:25: note: declared here
55317 |   std::vector< double > v3 ;
      |                         ^~
src/swig_doxygen/OpenMMSwig.cxx: In function ‘_wrap_CustomNonbondedForce_setParticleParameters’:
src/swig_doxygen/OpenMMSwig.cxx:54886:35: warning: ‘operator delete(void*, unsigned long)’ called on unallocated object ‘v3’ [-Wfree-nonheap-object]
54886 |   if (SWIG_IsNewObj(res3)) delete arg3;
      |                                   ^~~~
src/swig_doxygen/OpenMMSwig.cxx:54854:25: note: declared here
54854 |   std::vector< double > v3 ;
      |                         ^~
src/swig_doxygen/OpenMMSwig.cxx: In function ‘_wrap_Continuous3DFunction_setFunctionParameters’:
src/swig_doxygen/OpenMMSwig.cxx:50980:35: warning: ‘operator delete(void*, unsigned long)’ called on unallocated object ‘v5’ [-Wfree-nonheap-object]
50980 |   if (SWIG_IsNewObj(res5)) delete arg5;
      |                                   ^~~~
src/swig_doxygen/OpenMMSwig.cxx:50854:25: note: declared here
50854 |   std::vector< double > v5 ;
      |                         ^~
src/swig_doxygen/OpenMMSwig.cxx:50983:35: warning: ‘operator delete(void*, unsigned long)’ called on unallocated object ‘v5’ [-Wfree-nonheap-object]
50983 |   if (SWIG_IsNewObj(res5)) delete arg5;
      |                                   ^~~~
src/swig_doxygen/OpenMMSwig.cxx:50854:25: note: declared here
50854 |   std::vector< double > v5 ;
      |                         ^~
src/swig_doxygen/OpenMMSwig.cxx: In function ‘_wrap_new_Continuous3DFunction’:
src/swig_doxygen/OpenMMSwig.cxx:50696:35: warning: ‘operator delete(void*, unsigned long)’ called on unallocated object ‘v4’ [-Wfree-nonheap-object]
50696 |   if (SWIG_IsNewObj(res4)) delete arg4;
      |                                   ^~~~
src/swig_doxygen/OpenMMSwig.cxx:50574:25: note: declared here
50574 |   std::vector< double > v4 ;
      |                         ^~
src/swig_doxygen/OpenMMSwig.cxx:50699:35: warning: ‘operator delete(void*, unsigned long)’ called on unallocated object ‘v4’ [-Wfree-nonheap-object]
50699 |   if (SWIG_IsNewObj(res4)) delete arg4;
      |                                   ^~~~
src/swig_doxygen/OpenMMSwig.cxx:50574:25: note: declared here
50574 |   std::vector< double > v4 ;
      |                         ^~
src/swig_doxygen/OpenMMSwig.cxx: In function ‘_wrap_Continuous2DFunction_setFunctionParameters’:
src/swig_doxygen/OpenMMSwig.cxx:49778:35: warning: ‘operator delete(void*, unsigned long)’ called on unallocated object ‘v4’ [-Wfree-nonheap-object]
49778 |   if (SWIG_IsNewObj(res4)) delete arg4;
      |                                   ^~~~
src/swig_doxygen/OpenMMSwig.cxx:49685:25: note: declared here
49685 |   std::vector< double > v4 ;
      |                         ^~
src/swig_doxygen/OpenMMSwig.cxx:49781:35: warning: ‘operator delete(void*, unsigned long)’ called on unallocated object ‘v4’ [-Wfree-nonheap-object]
49781 |   if (SWIG_IsNewObj(res4)) delete arg4;
      |                                   ^~~~
src/swig_doxygen/OpenMMSwig.cxx:49685:25: note: declared here
49685 |   std::vector< double > v4 ;
      |                         ^~
src/swig_doxygen/OpenMMSwig.cxx: In function ‘_wrap_new_Continuous2DFunction’:
src/swig_doxygen/OpenMMSwig.cxx:49562:35: warning: ‘operator delete(void*, unsigned long)’ called on unallocated object ‘v3’ [-Wfree-nonheap-object]
49562 |   if (SWIG_IsNewObj(res3)) delete arg3;
      |                                   ^~~~
src/swig_doxygen/OpenMMSwig.cxx:49473:25: note: declared here
49473 |   std::vector< double > v3 ;
      |                         ^~
src/swig_doxygen/OpenMMSwig.cxx:49565:35: warning: ‘operator delete(void*, unsigned long)’ called on unallocated object ‘v3’ [-Wfree-nonheap-object]
49565 |   if (SWIG_IsNewObj(res3)) delete arg3;
      |                                   ^~~~
src/swig_doxygen/OpenMMSwig.cxx:49473:25: note: declared here
49473 |   std::vector< double > v3 ;
      |                         ^~
src/swig_doxygen/OpenMMSwig.cxx: In function ‘_wrap_CustomGBForce_setFunctionParameters’:
src/swig_doxygen/OpenMMSwig.cxx:47278:35: warning: ‘operator delete(void*, unsigned long)’ called on unallocated object ‘v4’ [-Wfree-nonheap-object]
47278 |   if (SWIG_IsNewObj(res4)) delete arg4;
      |                                   ^~~~
src/swig_doxygen/OpenMMSwig.cxx:47206:25: note: declared here
47206 |   std::vector< double > v4 ;
      |                         ^~
src/swig_doxygen/OpenMMSwig.cxx: In function ‘_wrap_CustomGBForce_addFunction’:
src/swig_doxygen/OpenMMSwig.cxx:47108:35: warning: ‘operator delete(void*, unsigned long)’ called on unallocated object ‘v3’ [-Wfree-nonheap-object]
47108 |   if (SWIG_IsNewObj(res3)) delete arg3;
      |                                   ^~~~
src/swig_doxygen/OpenMMSwig.cxx:47040:25: note: declared here
47040 |   std::vector< double > v3 ;
      |                         ^~
src/swig_doxygen/OpenMMSwig.cxx: In function ‘_wrap_CustomGBForce_setParticleParameters’:
src/swig_doxygen/OpenMMSwig.cxx:46286:35: warning: ‘operator delete(void*, unsigned long)’ called on unallocated object ‘v3’ [-Wfree-nonheap-object]
46286 |   if (SWIG_IsNewObj(res3)) delete arg3;
      |                                   ^~~~
src/swig_doxygen/OpenMMSwig.cxx:46254:25: note: declared here
46254 |   std::vector< double > v3 ;
      |                         ^~
src/swig_doxygen/OpenMMSwig.cxx: In function ‘_wrap_CustomHbondForce_setFunctionParameters’:
src/swig_doxygen/OpenMMSwig.cxx:38987:35: warning: ‘operator delete(void*, unsigned long)’ called on unallocated object ‘v4’ [-Wfree-nonheap-object]
38987 |   if (SWIG_IsNewObj(res4)) delete arg4;
      |                                   ^~~~
src/swig_doxygen/OpenMMSwig.cxx:38915:25: note: declared here
38915 |   std::vector< double > v4 ;
      |                         ^~
src/swig_doxygen/OpenMMSwig.cxx: In function ‘_wrap_CustomHbondForce_addFunction’:
src/swig_doxygen/OpenMMSwig.cxx:38817:35: warning: ‘operator delete(void*, unsigned long)’ called on unallocated object ‘v3’ [-Wfree-nonheap-object]
38817 |   if (SWIG_IsNewObj(res3)) delete arg3;
      |                                   ^~~~
src/swig_doxygen/OpenMMSwig.cxx:38749:25: note: declared here
38749 |   std::vector< double > v3 ;
      |                         ^~
In function ‘_wrap_CustomTorsionForce_setTorsionParameters__SWIG_0’,
    inlined from ‘_wrap_CustomTorsionForce_setTorsionParameters’ at src/swig_doxygen/OpenMMSwig.cxx:84408:79:
src/swig_doxygen/OpenMMSwig.cxx:84248:35: warning: ‘operator delete(void*, unsigned long)’ called on unallocated object ‘v7’ [-Wfree-nonheap-object]
84248 |   if (SWIG_IsNewObj(res7)) delete arg7;
      |                                   ^~~~
src/swig_doxygen/OpenMMSwig.cxx: In function ‘_wrap_CustomTorsionForce_setTorsionParameters’:
src/swig_doxygen/OpenMMSwig.cxx:84197:25: note: declared here
84197 |   std::vector< double > v7 ;
      |                         ^~
In function ‘_wrap_CustomTorsionForce_addTorsion__SWIG_0’,
    inlined from ‘_wrap_CustomTorsionForce_addTorsion’ at src/swig_doxygen/OpenMMSwig.cxx:84072:67:
src/swig_doxygen/OpenMMSwig.cxx:83930:35: warning: ‘operator delete(void*, unsigned long)’ called on unallocated object ‘v6’ [-Wfree-nonheap-object]
83930 |   if (SWIG_IsNewObj(res6)) delete arg6;
      |                                   ^~~~
src/swig_doxygen/OpenMMSwig.cxx: In function ‘_wrap_CustomTorsionForce_addTorsion’:
src/swig_doxygen/OpenMMSwig.cxx:83883:25: note: declared here
83883 |   std::vector< double > v6 ;
      |                         ^~
In function ‘_wrap_CustomBondForce_setBondParameters__SWIG_0’,
    inlined from ‘_wrap_CustomBondForce_setBondParameters’ at src/swig_doxygen/OpenMMSwig.cxx:71255:69:
src/swig_doxygen/OpenMMSwig.cxx:71133:35: warning: ‘operator delete(void*, unsigned long)’ called on unallocated object ‘v5’ [-Wfree-nonheap-object]
71133 |   if (SWIG_IsNewObj(res5)) delete arg5;
      |                                   ^~~~
src/swig_doxygen/OpenMMSwig.cxx: In function ‘_wrap_CustomBondForce_setBondParameters’:
src/swig_doxygen/OpenMMSwig.cxx:71092:25: note: declared here
71092 |   std::vector< double > v5 ;
      |                         ^~
In function ‘_wrap_CustomBondForce_addBond__SWIG_0’,
    inlined from ‘_wrap_CustomBondForce_addBond’ at src/swig_doxygen/OpenMMSwig.cxx:70995:57:
src/swig_doxygen/OpenMMSwig.cxx:70891:35: warning: ‘operator delete(void*, unsigned long)’ called on unallocated object ‘v4’ [-Wfree-nonheap-object]
70891 |   if (SWIG_IsNewObj(res4)) delete arg4;
      |                                   ^~~~
src/swig_doxygen/OpenMMSwig.cxx: In function ‘_wrap_CustomBondForce_addBond’:
src/swig_doxygen/OpenMMSwig.cxx:70854:25: note: declared here
70854 |   std::vector< double > v4 ;
      |                         ^~
In function ‘_wrap_CustomManyParticleForce_addParticle__SWIG_1’,
    inlined from ‘_wrap_CustomManyParticleForce_addParticle’ at src/swig_doxygen/OpenMMSwig.cxx:62643:65:
src/swig_doxygen/OpenMMSwig.cxx:62577:35: warning: ‘operator delete(void*, unsigned long)’ called on unallocated object ‘v2’ [-Wfree-nonheap-object]
62577 |   if (SWIG_IsNewObj(res2)) delete arg2;
      |                                   ^~~~
src/swig_doxygen/OpenMMSwig.cxx: In function ‘_wrap_CustomManyParticleForce_addParticle’:
src/swig_doxygen/OpenMMSwig.cxx:62550:25: note: declared here
62550 |   std::vector< double > v2 ;
      |                         ^~
In function ‘_wrap_CustomManyParticleForce_addParticle__SWIG_0’,
    inlined from ‘_wrap_CustomManyParticleForce_addParticle’ at src/swig_doxygen/OpenMMSwig.cxx:62665:67:
src/swig_doxygen/OpenMMSwig.cxx:62536:35: warning: ‘operator delete(void*, unsigned long)’ called on unallocated object ‘v2’ [-Wfree-nonheap-object]
62536 |   if (SWIG_IsNewObj(res2)) delete arg2;
      |                                   ^~~~
src/swig_doxygen/OpenMMSwig.cxx: In function ‘_wrap_CustomManyParticleForce_addParticle’:
src/swig_doxygen/OpenMMSwig.cxx:62502:25: note: declared here
62502 |   std::vector< double > v2 ;
      |                         ^~
In function ‘_wrap_CustomManyParticleForce_addParticle__SWIG_0’,
    inlined from ‘_wrap_CustomManyParticleForce_addParticle’ at src/swig_doxygen/OpenMMSwig.cxx:62665:67:
src/swig_doxygen/OpenMMSwig.cxx:62539:35: warning: ‘operator delete(void*, unsigned long)’ called on unallocated object ‘v2’ [-Wfree-nonheap-object]
62539 |   if (SWIG_IsNewObj(res2)) delete arg2;
      |                                   ^~~~
src/swig_doxygen/OpenMMSwig.cxx: In function ‘_wrap_CustomManyParticleForce_addParticle’:
src/swig_doxygen/OpenMMSwig.cxx:62502:25: note: declared here
62502 |   std::vector< double > v2 ;
      |                         ^~
In function ‘_wrap_CustomAngleForce_setAngleParameters__SWIG_0’,
    inlined from ‘_wrap_CustomAngleForce_setAngleParameters’ at src/swig_doxygen/OpenMMSwig.cxx:57679:73:
src/swig_doxygen/OpenMMSwig.cxx:57538:35: warning: ‘operator delete(void*, unsigned long)’ called on unallocated object ‘v6’ [-Wfree-nonheap-object]
57538 |   if (SWIG_IsNewObj(res6)) delete arg6;
      |                                   ^~~~
src/swig_doxygen/OpenMMSwig.cxx: In function ‘_wrap_CustomAngleForce_setAngleParameters’:
src/swig_doxygen/OpenMMSwig.cxx:57492:25: note: declared here
57492 |   std::vector< double > v6 ;
      |                         ^~
In function ‘_wrap_CustomAngleForce_addAngle__SWIG_0’,
    inlined from ‘_wrap_CustomAngleForce_addAngle’ at src/swig_doxygen/OpenMMSwig.cxx:57381:61:
src/swig_doxygen/OpenMMSwig.cxx:57258:35: warning: ‘operator delete(void*, unsigned long)’ called on unallocated object ‘v5’ [-Wfree-nonheap-object]
57258 |   if (SWIG_IsNewObj(res5)) delete arg5;
      |                                   ^~~~
src/swig_doxygen/OpenMMSwig.cxx: In function ‘_wrap_CustomAngleForce_addAngle’:
src/swig_doxygen/OpenMMSwig.cxx:57216:25: note: declared here
57216 |   std::vector< double > v5 ;
      |                         ^~
In function ‘_wrap_CustomNonbondedForce_addParticle__SWIG_0’,
    inlined from ‘_wrap_CustomNonbondedForce_addParticle’ at src/swig_doxygen/OpenMMSwig.cxx:54785:62:
src/swig_doxygen/OpenMMSwig.cxx:54719:35: warning: ‘operator delete(void*, unsigned long)’ called on unallocated object ‘v2’ [-Wfree-nonheap-object]
54719 |   if (SWIG_IsNewObj(res2)) delete arg2;
      |                                   ^~~~
src/swig_doxygen/OpenMMSwig.cxx: In function ‘_wrap_CustomNonbondedForce_addParticle’:
src/swig_doxygen/OpenMMSwig.cxx:54692:25: note: declared here
54692 |   std::vector< double > v2 ;
      |                         ^~
In function ‘_wrap_CustomGBForce_addParticle__SWIG_0’,
    inlined from ‘_wrap_CustomGBForce_addParticle’ at src/swig_doxygen/OpenMMSwig.cxx:46185:55:
src/swig_doxygen/OpenMMSwig.cxx:46119:35: warning: ‘operator delete(void*, unsigned long)’ called on unallocated object ‘v2’ [-Wfree-nonheap-object]
46119 |   if (SWIG_IsNewObj(res2)) delete arg2;
      |                                   ^~~~
src/swig_doxygen/OpenMMSwig.cxx: In function ‘_wrap_CustomGBForce_addParticle’:
src/swig_doxygen/OpenMMSwig.cxx:46092:25: note: declared here
46092 |   std::vector< double > v2 ;
      |                         ^~
In function ‘_wrap_CustomExternalForce_setParticleParameters__SWIG_0’,
    inlined from ‘_wrap_CustomExternalForce_setParticleParameters’ at src/swig_doxygen/OpenMMSwig.cxx:42850:75:
src/swig_doxygen/OpenMMSwig.cxx:42747:35: warning: ‘operator delete(void*, unsigned long)’ called on unallocated object ‘v4’ [-Wfree-nonheap-object]
42747 |   if (SWIG_IsNewObj(res4)) delete arg4;
      |                                   ^~~~
src/swig_doxygen/OpenMMSwig.cxx: In function ‘_wrap_CustomExternalForce_setParticleParameters’:
src/swig_doxygen/OpenMMSwig.cxx:42711:25: note: declared here
42711 |   std::vector< double > v4 ;
      |                         ^~
In function ‘_wrap_CustomExternalForce_addParticle__SWIG_0’,
    inlined from ‘_wrap_CustomExternalForce_addParticle’ at src/swig_doxygen/OpenMMSwig.cxx:42628:63:
src/swig_doxygen/OpenMMSwig.cxx:42543:35: warning: ‘operator delete(void*, unsigned long)’ called on unallocated object ‘v3’ [-Wfree-nonheap-object]
42543 |   if (SWIG_IsNewObj(res3)) delete arg3;
      |                                   ^~~~
src/swig_doxygen/OpenMMSwig.cxx: In function ‘_wrap_CustomExternalForce_addParticle’:
src/swig_doxygen/OpenMMSwig.cxx:42511:25: note: declared here
42511 |   std::vector< double > v3 ;
      |                         ^~
In function ‘_wrap_CustomHbondForce_setAcceptorParameters__SWIG_0’,
    inlined from ‘_wrap_CustomHbondForce_setAcceptorParameters’ at src/swig_doxygen/OpenMMSwig.cxx:38359:76:
src/swig_doxygen/OpenMMSwig.cxx:38218:35: warning: ‘operator delete(void*, unsigned long)’ called on unallocated object ‘v6’ [-Wfree-nonheap-object]
38218 |   if (SWIG_IsNewObj(res6)) delete arg6;
      |                                   ^~~~
src/swig_doxygen/OpenMMSwig.cxx: In function ‘_wrap_CustomHbondForce_setAcceptorParameters’:
src/swig_doxygen/OpenMMSwig.cxx:38172:25: note: declared here
38172 |   std::vector< double > v6 ;
      |                         ^~
In function ‘_wrap_CustomHbondForce_addAcceptor__SWIG_0’,
    inlined from ‘_wrap_CustomHbondForce_addAcceptor’ at src/swig_doxygen/OpenMMSwig.cxx:38061:64:
src/swig_doxygen/OpenMMSwig.cxx:37938:35: warning: ‘operator delete(void*, unsigned long)’ called on unallocated object ‘v5’ [-Wfree-nonheap-object]
37938 |   if (SWIG_IsNewObj(res5)) delete arg5;
      |                                   ^~~~
src/swig_doxygen/OpenMMSwig.cxx: In function ‘_wrap_CustomHbondForce_addAcceptor’:
src/swig_doxygen/OpenMMSwig.cxx:37896:25: note: declared here
37896 |   std::vector< double > v5 ;
      |                         ^~
In function ‘_wrap_CustomHbondForce_setDonorParameters__SWIG_0’,
    inlined from ‘_wrap_CustomHbondForce_setDonorParameters’ at src/swig_doxygen/OpenMMSwig.cxx:37863:73:
src/swig_doxygen/OpenMMSwig.cxx:37722:35: warning: ‘operator delete(void*, unsigned long)’ called on unallocated object ‘v6’ [-Wfree-nonheap-object]
37722 |   if (SWIG_IsNewObj(res6)) delete arg6;
      |                                   ^~~~
src/swig_doxygen/OpenMMSwig.cxx: In function ‘_wrap_CustomHbondForce_setDonorParameters’:
src/swig_doxygen/OpenMMSwig.cxx:37676:25: note: declared here
37676 |   std::vector< double > v6 ;
      |                         ^~
In function ‘_wrap_CustomHbondForce_addDonor__SWIG_0’,
    inlined from ‘_wrap_CustomHbondForce_addDonor’ at src/swig_doxygen/OpenMMSwig.cxx:37565:61:
src/swig_doxygen/OpenMMSwig.cxx:37442:35: warning: ‘operator delete(void*, unsigned long)’ called on unallocated object ‘v5’ [-Wfree-nonheap-object]
37442 |   if (SWIG_IsNewObj(res5)) delete arg5;
      |                                   ^~~~
src/swig_doxygen/OpenMMSwig.cxx: In function ‘_wrap_CustomHbondForce_addDonor’:
src/swig_doxygen/OpenMMSwig.cxx:37400:25: note: declared here
37400 |   std::vector< double > v5 ;
      |                         ^~
In function ‘_wrap_CustomCentroidBondForce_setBondParameters__SWIG_0’,
    inlined from ‘_wrap_CustomCentroidBondForce_setBondParameters’ at src/swig_doxygen/OpenMMSwig.cxx:90727:75:
src/swig_doxygen/OpenMMSwig.cxx:90620:35: warning: ‘operator delete(void*, unsigned long)’ called on unallocated object ‘v4’ [-Wfree-nonheap-object]
90620 |   if (SWIG_IsNewObj(res4)) delete arg4;
      |                                   ^~~~
src/swig_doxygen/OpenMMSwig.cxx: In function ‘_wrap_CustomCentroidBondForce_setBondParameters’:
src/swig_doxygen/OpenMMSwig.cxx:90577:25: note: declared here
90577 |   std::vector< double > v4 ;
      |                         ^~
In function ‘_wrap_CustomCentroidBondForce_addBond__SWIG_0’,
    inlined from ‘_wrap_CustomCentroidBondForce_addBond’ at src/swig_doxygen/OpenMMSwig.cxx:90495:63:
src/swig_doxygen/OpenMMSwig.cxx:90406:35: warning: ‘operator delete(void*, unsigned long)’ called on unallocated object ‘v3’ [-Wfree-nonheap-object]
90406 |   if (SWIG_IsNewObj(res3)) delete arg3;
      |                                   ^~~~
src/swig_doxygen/OpenMMSwig.cxx: In function ‘_wrap_CustomCentroidBondForce_addBond’:
src/swig_doxygen/OpenMMSwig.cxx:90367:25: note: declared here
90367 |   std::vector< double > v3 ;
      |                         ^~
In function ‘_wrap_CustomCentroidBondForce_setGroupParameters__SWIG_0’,
    inlined from ‘_wrap_CustomCentroidBondForce_setGroupParameters’ at src/swig_doxygen/OpenMMSwig.cxx:90343:76:
src/swig_doxygen/OpenMMSwig.cxx:90236:35: warning: ‘operator delete(void*, unsigned long)’ called on unallocated object ‘v4’ [-Wfree-nonheap-object]
90236 |   if (SWIG_IsNewObj(res4)) delete arg4;
      |                                   ^~~~
src/swig_doxygen/OpenMMSwig.cxx: In function ‘_wrap_CustomCentroidBondForce_setGroupParameters’:
src/swig_doxygen/OpenMMSwig.cxx:90193:25: note: declared here
90193 |   std::vector< double > v4 ;
      |                         ^~
In function ‘_wrap_CustomCentroidBondForce_addGroup__SWIG_0’,
    inlined from ‘_wrap_CustomCentroidBondForce_addGroup’ at src/swig_doxygen/OpenMMSwig.cxx:90111:64:
src/swig_doxygen/OpenMMSwig.cxx:90022:35: warning: ‘operator delete(void*, unsigned long)’ called on unallocated object ‘v3’ [-Wfree-nonheap-object]
90022 |   if (SWIG_IsNewObj(res3)) delete arg3;
      |                                   ^~~~
src/swig_doxygen/OpenMMSwig.cxx: In function ‘_wrap_CustomCentroidBondForce_addGroup’:
src/swig_doxygen/OpenMMSwig.cxx:89983:25: note: declared here
89983 |   std::vector< double > v3 ;
      |                         ^~
In function ‘_wrap_CustomCompoundBondForce_setBondParameters__SWIG_0’,
    inlined from ‘_wrap_CustomCompoundBondForce_setBondParameters’ at src/swig_doxygen/OpenMMSwig.cxx:69313:75:
src/swig_doxygen/OpenMMSwig.cxx:69206:35: warning: ‘operator delete(void*, unsigned long)’ called on unallocated object ‘v4’ [-Wfree-nonheap-object]
69206 |   if (SWIG_IsNewObj(res4)) delete arg4;
      |                                   ^~~~
src/swig_doxygen/OpenMMSwig.cxx: In function ‘_wrap_CustomCompoundBondForce_setBondParameters’:
src/swig_doxygen/OpenMMSwig.cxx:69163:25: note: declared here
69163 |   std::vector< double > v4 ;
      |                         ^~
In function ‘_wrap_CustomCompoundBondForce_addBond__SWIG_0’,
    inlined from ‘_wrap_CustomCompoundBondForce_addBond’ at src/swig_doxygen/OpenMMSwig.cxx:69081:63:
src/swig_doxygen/OpenMMSwig.cxx:68992:35: warning: ‘operator delete(void*, unsigned long)’ called on unallocated object ‘v3’ [-Wfree-nonheap-object]
68992 |   if (SWIG_IsNewObj(res3)) delete arg3;
      |                                   ^~~~
src/swig_doxygen/OpenMMSwig.cxx: In function ‘_wrap_CustomCompoundBondForce_addBond’:
src/swig_doxygen/OpenMMSwig.cxx:68953:25: note: declared here
68953 |   std::vector< double > v3 ;
      |                         ^~
In function ‘_wrap_new_LocalCoordinatesSite__SWIG_0’,
    inlined from ‘_wrap_new_LocalCoordinatesSite’ at src/swig_doxygen/OpenMMSwig.cxx:53345:60:
src/swig_doxygen/OpenMMSwig.cxx:53012:35: warning: ‘operator delete(void*, unsigned long)’ called on unallocated object ‘v2’ [-Wfree-nonheap-object]
53012 |   if (SWIG_IsNewObj(res2)) delete arg2;
      |                                   ^~~~
src/swig_doxygen/OpenMMSwig.cxx: In function ‘_wrap_new_LocalCoordinatesSite’:
src/swig_doxygen/OpenMMSwig.cxx:52947:25: note: declared here
52947 |   std::vector< double > v2 ;
      |                         ^~
In function ‘_wrap_new_LocalCoordinatesSite__SWIG_0’,
    inlined from ‘_wrap_new_LocalCoordinatesSite’ at src/swig_doxygen/OpenMMSwig.cxx:53345:60:
src/swig_doxygen/OpenMMSwig.cxx:53013:35: warning: ‘operator delete(void*, unsigned long)’ called on unallocated object ‘v3’ [-Wfree-nonheap-object]
53013 |   if (SWIG_IsNewObj(res3)) delete arg3;
      |                                   ^~~~
src/swig_doxygen/OpenMMSwig.cxx: In function ‘_wrap_new_LocalCoordinatesSite’:
src/swig_doxygen/OpenMMSwig.cxx:52949:25: note: declared here
52949 |   std::vector< double > v3 ;
      |                         ^~
In function ‘_wrap_new_LocalCoordinatesSite__SWIG_0’,
    inlined from ‘_wrap_new_LocalCoordinatesSite’ at src/swig_doxygen/OpenMMSwig.cxx:53345:60:
src/swig_doxygen/OpenMMSwig.cxx:53014:35: warning: ‘operator delete(void*, unsigned long)’ called on unallocated object ‘v4’ [-Wfree-nonheap-object]
53014 |   if (SWIG_IsNewObj(res4)) delete arg4;
      |                                   ^~~~
src/swig_doxygen/OpenMMSwig.cxx: In function ‘_wrap_new_LocalCoordinatesSite’:
src/swig_doxygen/OpenMMSwig.cxx:52951:25: note: declared here
52951 |   std::vector< double > v4 ;
      |                         ^~
In function ‘_wrap_CustomHbondForce_setDonorParameters__SWIG_0’,
    inlined from ‘_wrap_CustomHbondForce_setDonorParameters’ at src/swig_doxygen/OpenMMSwig.cxx:37863:0:
src/swig_doxygen/OpenMMSwig.cxx:37722: warning: ‘operator delete’ called on unallocated object ‘v6’ [-Wfree-nonheap-object]
37722 |   if (SWIG_IsNewObj(res6)) delete arg6;
      | 
src/swig_doxygen/OpenMMSwig.cxx: In function ‘_wrap_CustomHbondForce_setDonorParameters’:
src/swig_doxygen/OpenMMSwig.cxx:37676: note: declared here
37676 |   std::vector< double > v6 ;
      | 
In function ‘_wrap_CustomHbondForce_addAcceptor__SWIG_0’,
    inlined from ‘_wrap_CustomHbondForce_addAcceptor’ at src/swig_doxygen/OpenMMSwig.cxx:38061:0:
src/swig_doxygen/OpenMMSwig.cxx:37938: warning: ‘operator delete’ called on unallocated object ‘v5’ [-Wfree-nonheap-object]
37938 |   if (SWIG_IsNewObj(res5)) delete arg5;
      | 
src/swig_doxygen/OpenMMSwig.cxx: In function ‘_wrap_CustomHbondForce_addAcceptor’:
src/swig_doxygen/OpenMMSwig.cxx:37896: note: declared here
37896 |   std::vector< double > v5 ;
      | 
In function ‘_wrap_CustomHbondForce_setAcceptorParameters__SWIG_0’,
    inlined from ‘_wrap_CustomHbondForce_setAcceptorParameters’ at src/swig_doxygen/OpenMMSwig.cxx:38359:0:
src/swig_doxygen/OpenMMSwig.cxx:38218: warning: ‘operator delete’ called on unallocated object ‘v6’ [-Wfree-nonheap-object]
38218 |   if (SWIG_IsNewObj(res6)) delete arg6;
      | 
src/swig_doxygen/OpenMMSwig.cxx: In function ‘_wrap_CustomHbondForce_setAcceptorParameters’:
src/swig_doxygen/OpenMMSwig.cxx:38172: note: declared here
38172 |   std::vector< double > v6 ;
      | 
src/swig_doxygen/OpenMMSwig.cxx: In function ‘_wrap_new_Continuous2DFunction’:
src/swig_doxygen/OpenMMSwig.cxx:49562: warning: ‘operator delete’ called on unallocated object ‘v3’ [-Wfree-nonheap-object]
49562 |   if (SWIG_IsNewObj(res3)) delete arg3;
      | 
src/swig_doxygen/OpenMMSwig.cxx:49473: note: declared here
49473 |   std::vector< double > v3 ;
      | 
src/swig_doxygen/OpenMMSwig.cxx:49565: warning: ‘operator delete’ called on unallocated object ‘v3’ [-Wfree-nonheap-object]
49565 |   if (SWIG_IsNewObj(res3)) delete arg3;
      | 
src/swig_doxygen/OpenMMSwig.cxx:49473: note: declared here
49473 |   std::vector< double > v3 ;
      | 
src/swig_doxygen/OpenMMSwig.cxx: In function ‘_wrap_new_Discrete2DFunction’:
src/swig_doxygen/OpenMMSwig.cxx: In function ‘_wrap_CustomHbondForce_addFunction’:
src/swig_doxygen/OpenMMSwig.cxx:82996: warning: ‘operator delete’ called on unallocated object ‘v3’ [-Wfree-nonheap-object]
82996 |   if (SWIG_IsNewObj(res3)) delete arg3;
      | 
src/swig_doxygen/OpenMMSwig.cxx:82963: note: declared here
82963 |   std::vector< double > v3 ;
      | 
src/swig_doxygen/OpenMMSwig.cxx:38817: warning: ‘operator delete’ called on unallocated object ‘v3’ [-Wfree-nonheap-object]
38817 |   if (SWIG_IsNewObj(res3)) delete arg3;
      | 
src/swig_doxygen/OpenMMSwig.cxx:38749: note: declared here
38749 |   std::vector< double > v3 ;
      | 
In function ‘_wrap_CustomNonbondedForce_addParticle__SWIG_0’,
    inlined from ‘_wrap_CustomNonbondedForce_addParticle’ at src/swig_doxygen/OpenMMSwig.cxx:54785:0:
src/swig_doxygen/OpenMMSwig.cxx: In function ‘_wrap_Continuous2DFunction_setFunctionParameters’:
src/swig_doxygen/OpenMMSwig.cxx:49778: warning: ‘operator delete’ called on unallocated object ‘v4’ [-Wfree-nonheap-object]
49778 |   if (SWIG_IsNewObj(res4)) delete arg4;
      | 
src/swig_doxygen/OpenMMSwig.cxx:49685: note: declared here
49685 |   std::vector< double > v4 ;
      | 
src/swig_doxygen/OpenMMSwig.cxx:49781: warning: ‘operator delete’ called on unallocated object ‘v4’ [-Wfree-nonheap-object]
49781 |   if (SWIG_IsNewObj(res4)) delete arg4;
      | 
src/swig_doxygen/OpenMMSwig.cxx:49685: note: declared here
49685 |   std::vector< double > v4 ;
      | 
src/swig_doxygen/OpenMMSwig.cxx: In function ‘_wrap_new_Continuous1DFunction’:
src/swig_doxygen/OpenMMSwig.cxx:54719: warning: ‘operator delete’ called on unallocated object ‘v2’ [-Wfree-nonheap-object]
54719 |   if (SWIG_IsNewObj(res2)) delete arg2;
      | 
src/swig_doxygen/OpenMMSwig.cxx: In function ‘_wrap_CustomNonbondedForce_addParticle’:
src/swig_doxygen/OpenMMSwig.cxx:54692: note: declared here
54692 |   std::vector< double > v2 ;
      | 
src/swig_doxygen/OpenMMSwig.cxx: In function ‘_wrap_Discrete2DFunction_setFunctionParameters’:
src/swig_doxygen/OpenMMSwig.cxx:83112: warning: ‘operator delete’ called on unallocated object ‘v4’ [-Wfree-nonheap-object]
83112 |   if (SWIG_IsNewObj(res4)) delete arg4;
      | 
src/swig_doxygen/OpenMMSwig.cxx:83075: note: declared here
83075 |   std::vector< double > v4 ;
      | 
src/swig_doxygen/OpenMMSwig.cxx:88935: warning: ‘operator delete’ called on unallocated object ‘v1’ [-Wfree-nonheap-object]
88935 |   if (SWIG_IsNewObj(res1)) delete arg1;
      | 
src/swig_doxygen/OpenMMSwig.cxx:88884: note: declared here
88884 |   std::vector< double > v1 ;
      | 
src/swig_doxygen/OpenMMSwig.cxx:88938: warning: ‘operator delete’ called on unallocated object ‘v1’ [-Wfree-nonheap-object]
88938 |   if (SWIG_IsNewObj(res1)) delete arg1;
      | 
src/swig_doxygen/OpenMMSwig.cxx:88884: note: declared here
88884 |   std::vector< double > v1 ;
      | 
src/swig_doxygen/OpenMMSwig.cxx: In function ‘_wrap_CustomHbondForce_setFunctionParameters’:
src/swig_doxygen/OpenMMSwig.cxx:38987: warning: ‘operator delete’ called on unallocated object ‘v4’ [-Wfree-nonheap-object]
38987 |   if (SWIG_IsNewObj(res4)) delete arg4;
      | 
src/swig_doxygen/OpenMMSwig.cxx:38915: note: declared here
38915 |   std::vector< double > v4 ;
      | 
In function ‘_wrap_CustomGBForce_addParticle__SWIG_0’,
    inlined from ‘_wrap_CustomGBForce_addParticle’ at src/swig_doxygen/OpenMMSwig.cxx:46185:0:
src/swig_doxygen/OpenMMSwig.cxx:46119: warning: ‘operator delete’ called on unallocated object ‘v2’ [-Wfree-nonheap-object]
46119 |   if (SWIG_IsNewObj(res2)) delete arg2;
      | 
src/swig_doxygen/OpenMMSwig.cxx: In function ‘_wrap_CustomGBForce_addParticle’:
src/swig_doxygen/OpenMMSwig.cxx:46092: note: declared here
46092 |   std::vector< double > v2 ;
      | 
src/swig_doxygen/OpenMMSwig.cxx: In function ‘_wrap_CustomNonbondedForce_setParticleParameters’:
src/swig_doxygen/OpenMMSwig.cxx:54886: warning: ‘operator delete’ called on unallocated object ‘v3’ [-Wfree-nonheap-object]
54886 |   if (SWIG_IsNewObj(res3)) delete arg3;
      | 
src/swig_doxygen/OpenMMSwig.cxx:54854: note: declared here
54854 |   std::vector< double > v3 ;
      | 
src/swig_doxygen/OpenMMSwig.cxx: In function ‘_wrap_Continuous1DFunction_setFunctionParameters’:
src/swig_doxygen/OpenMMSwig.cxx:89065: warning: ‘operator delete’ called on unallocated object ‘v2’ [-Wfree-nonheap-object]
89065 |   if (SWIG_IsNewObj(res2)) delete arg2;
      | 
src/swig_doxygen/OpenMMSwig.cxx:89010: note: declared here
89010 |   std::vector< double > v2 ;
      | 
src/swig_doxygen/OpenMMSwig.cxx:89068: warning: ‘operator delete’ called on unallocated object ‘v2’ [-Wfree-nonheap-object]
89068 |   if (SWIG_IsNewObj(res2)) delete arg2;
      | 
src/swig_doxygen/OpenMMSwig.cxx: In function ‘_wrap_new_Discrete3DFunction’:
src/swig_doxygen/OpenMMSwig.cxx:89010: note: declared here
89010 |   std::vector< double > v2 ;
      | 
src/swig_doxygen/OpenMMSwig.cxx: In function ‘_wrap_new_Continuous3DFunction’:
src/swig_doxygen/OpenMMSwig.cxx:50696: warning: ‘operator delete’ called on unallocated object ‘v4’ [-Wfree-nonheap-object]
50696 |   if (SWIG_IsNewObj(res4)) delete arg4;
      | 
src/swig_doxygen/OpenMMSwig.cxx:50574: note: declared here
50574 |   std::vector< double > v4 ;
      | 
src/swig_doxygen/OpenMMSwig.cxx:50699: warning: ‘operator delete’ called on unallocated object ‘v4’ [-Wfree-nonheap-object]
50699 |   if (SWIG_IsNewObj(res4)) delete arg4;
      | 
src/swig_doxygen/OpenMMSwig.cxx:50574: note: declared here
50574 |   std::vector< double > v4 ;
      | 
In function ‘_wrap_CustomTorsionForce_addTorsion__SWIG_0’,
    inlined from ‘_wrap_CustomTorsionForce_addTorsion’ at src/swig_doxygen/OpenMMSwig.cxx:84072:0:
src/swig_doxygen/OpenMMSwig.cxx:83930: warning: ‘operator delete’ called on unallocated object ‘v6’ [-Wfree-nonheap-object]
83930 |   if (SWIG_IsNewObj(res6)) delete arg6;
      | 
src/swig_doxygen/OpenMMSwig.cxx: In function ‘_wrap_CustomTorsionForce_addTorsion’:
src/swig_doxygen/OpenMMSwig.cxx:83883: note: declared here
83883 |   std::vector< double > v6 ;
      | 
src/swig_doxygen/OpenMMSwig.cxx:67148: warning: ‘operator delete’ called on unallocated object ‘v4’ [-Wfree-nonheap-object]
67148 |   if (SWIG_IsNewObj(res4)) delete arg4;
      | 
src/swig_doxygen/OpenMMSwig.cxx:67110: note: declared here
67110 |   std::vector< double > v4 ;
      | 
In function ‘_wrap_CustomExternalForce_addParticle__SWIG_0’,
    inlined from ‘_wrap_CustomExternalForce_addParticle’ at src/swig_doxygen/OpenMMSwig.cxx:42628:0:
src/swig_doxygen/OpenMMSwig.cxx: In function ‘_wrap_CustomGBForce_setParticleParameters’:
src/swig_doxygen/OpenMMSwig.cxx:46286: warning: ‘operator delete’ called on unallocated object ‘v3’ [-Wfree-nonheap-object]
46286 |   if (SWIG_IsNewObj(res3)) delete arg3;
      | 
src/swig_doxygen/OpenMMSwig.cxx:46254: note: declared here
46254 |   std::vector< double > v3 ;
      | 
src/swig_doxygen/OpenMMSwig.cxx:42543: warning: ‘operator delete’ called on unallocated object ‘v3’ [-Wfree-nonheap-object]
42543 |   if (SWIG_IsNewObj(res3)) delete arg3;
      | 
src/swig_doxygen/OpenMMSwig.cxx: In function ‘_wrap_CustomExternalForce_addParticle’:
src/swig_doxygen/OpenMMSwig.cxx:42511: note: declared here
42511 |   std::vector< double > v3 ;
      | 
In function ‘_wrap_CustomCentroidBondForce_addGroup__SWIG_0’,
    inlined from ‘_wrap_CustomCentroidBondForce_addGroup’ at src/swig_doxygen/OpenMMSwig.cxx:90111:0:
src/swig_doxygen/OpenMMSwig.cxx:90022: warning: ‘operator delete’ called on unallocated object ‘v3’ [-Wfree-nonheap-object]
90022 |   if (SWIG_IsNewObj(res3)) delete arg3;
      | 
src/swig_doxygen/OpenMMSwig.cxx: In function ‘_wrap_CustomCentroidBondForce_addGroup’:
src/swig_doxygen/OpenMMSwig.cxx:89983: note: declared here
89983 |   std::vector< double > v3 ;
      | 
src/swig_doxygen/OpenMMSwig.cxx: In function ‘_wrap_Discrete3DFunction_setFunctionParameters’:
src/swig_doxygen/OpenMMSwig.cxx:67282: warning: ‘operator delete’ called on unallocated object ‘v5’ [-Wfree-nonheap-object]
67282 |   if (SWIG_IsNewObj(res5)) delete arg5;
      | 
src/swig_doxygen/OpenMMSwig.cxx:67240: note: declared here
67240 |   std::vector< double > v5 ;
      | 
In function ‘_wrap_new_LocalCoordinatesSite__SWIG_0’,
    inlined from ‘_wrap_new_LocalCoordinatesSite’ at src/swig_doxygen/OpenMMSwig.cxx:53345:0:
src/swig_doxygen/OpenMMSwig.cxx:53012: warning: ‘operator delete’ called on unallocated object ‘v2’ [-Wfree-nonheap-object]
53012 |   if (SWIG_IsNewObj(res2)) delete arg2;
      | 
src/swig_doxygen/OpenMMSwig.cxx: In function ‘_wrap_new_LocalCoordinatesSite’:
src/swig_doxygen/OpenMMSwig.cxx:52947: note: declared here
52947 |   std::vector< double > v2 ;
      | 
In function ‘_wrap_new_LocalCoordinatesSite__SWIG_0’,
    inlined from ‘_wrap_new_LocalCoordinatesSite’ at src/swig_doxygen/OpenMMSwig.cxx:53345:0:
src/swig_doxygen/OpenMMSwig.cxx:53013: warning: ‘operator delete’ called on unallocated object ‘v3’ [-Wfree-nonheap-object]
53013 |   if (SWIG_IsNewObj(res3)) delete arg3;
      | 
src/swig_doxygen/OpenMMSwig.cxx: In function ‘_wrap_new_LocalCoordinatesSite’:
src/swig_doxygen/OpenMMSwig.cxx:52949: note: declared here
52949 |   std::vector< double > v3 ;
      | 
In function ‘_wrap_new_LocalCoordinatesSite__SWIG_0’,
    inlined from ‘_wrap_new_LocalCoordinatesSite’ at src/swig_doxygen/OpenMMSwig.cxx:53345:0:
src/swig_doxygen/OpenMMSwig.cxx:53014: warning: ‘operator delete’ called on unallocated object ‘v4’ [-Wfree-nonheap-object]
53014 |   if (SWIG_IsNewObj(res4)) delete arg4;
      | 
src/swig_doxygen/OpenMMSwig.cxx: In function ‘_wrap_new_LocalCoordinatesSite’:
src/swig_doxygen/OpenMMSwig.cxx:52951: note: declared here
52951 |   std::vector< double > v4 ;
      | 
src/swig_doxygen/OpenMMSwig.cxx: In function ‘_wrap_Continuous3DFunction_setFunctionParameters’:
src/swig_doxygen/OpenMMSwig.cxx:50980: warning: ‘operator delete’ called on unallocated object ‘v5’ [-Wfree-nonheap-object]
50980 |   if (SWIG_IsNewObj(res5)) delete arg5;
      | 
src/swig_doxygen/OpenMMSwig.cxx:50854: note: declared here
50854 |   std::vector< double > v5 ;
      | 
src/swig_doxygen/OpenMMSwig.cxx:50983: warning: ‘operator delete’ called on unallocated object ‘v5’ [-Wfree-nonheap-object]
50983 |   if (SWIG_IsNewObj(res5)) delete arg5;
      | 
src/swig_doxygen/OpenMMSwig.cxx:50854: note: declared here
50854 |   std::vector< double > v5 ;
      | 
In function ‘_wrap_CustomExternalForce_setParticleParameters__SWIG_0’,
    inlined from ‘_wrap_CustomExternalForce_setParticleParameters’ at src/swig_doxygen/OpenMMSwig.cxx:42850:0:
src/swig_doxygen/OpenMMSwig.cxx:42747: warning: ‘operator delete’ called on unallocated object ‘v4’ [-Wfree-nonheap-object]
42747 |   if (SWIG_IsNewObj(res4)) delete arg4;
      | 
src/swig_doxygen/OpenMMSwig.cxx: In function ‘_wrap_CustomExternalForce_setParticleParameters’:
src/swig_doxygen/OpenMMSwig.cxx:42711: note: declared here
42711 |   std::vector< double > v4 ;
      | 
In function ‘_wrap_CustomTorsionForce_setTorsionParameters__SWIG_0’,
    inlined from ‘_wrap_CustomTorsionForce_setTorsionParameters’ at src/swig_doxygen/OpenMMSwig.cxx:84408:0:
src/swig_doxygen/OpenMMSwig.cxx:84248: warning: ‘operator delete’ called on unallocated object ‘v7’ [-Wfree-nonheap-object]
84248 |   if (SWIG_IsNewObj(res7)) delete arg7;
      | 
src/swig_doxygen/OpenMMSwig.cxx: In function ‘_wrap_CustomTorsionForce_setTorsionParameters’:
src/swig_doxygen/OpenMMSwig.cxx:84197: note: declared here
84197 |   std::vector< double > v7 ;
      | 
src/swig_doxygen/OpenMMSwig.cxx: In function ‘_wrap_CMAPTorsionForce_addMap’:
src/swig_doxygen/OpenMMSwig.cxx:67482: warning: ‘operator delete’ called on unallocated object ‘v3’ [-Wfree-nonheap-object]
67482 |   if (SWIG_IsNewObj(res3)) delete arg3;
      | 
src/swig_doxygen/OpenMMSwig.cxx:67449: note: declared here
67449 |   std::vector< double > v3 ;
      | 
In function ‘_wrap_CustomCentroidBondForce_setGroupParameters__SWIG_0’,
    inlined from ‘_wrap_CustomCentroidBondForce_setGroupParameters’ at src/swig_doxygen/OpenMMSwig.cxx:90343:0:
src/swig_doxygen/OpenMMSwig.cxx:90236: warning: ‘operator delete’ called on unallocated object ‘v4’ [-Wfree-nonheap-object]
90236 |   if (SWIG_IsNewObj(res4)) delete arg4;
      | 
src/swig_doxygen/OpenMMSwig.cxx: In function ‘_wrap_CustomCentroidBondForce_setGroupParameters’:
src/swig_doxygen/OpenMMSwig.cxx:90193: note: declared here
90193 |   std::vector< double > v4 ;
      | 
src/swig_doxygen/OpenMMSwig.cxx: In function ‘_wrap_CMAPTorsionForce_setMapParameters’:
src/swig_doxygen/OpenMMSwig.cxx:67595: warning: ‘operator delete’ called on unallocated object ‘v4’ [-Wfree-nonheap-object]
67595 |   if (SWIG_IsNewObj(res4)) delete arg4;
      | 
src/swig_doxygen/OpenMMSwig.cxx:67558: note: declared here
67558 |   std::vector< double > v4 ;
      | 
In function ‘_wrap_CustomHbondForce_addDonor__SWIG_0’,
    inlined from ‘_wrap_CustomHbondForce_addDonor’ at src/swig_doxygen/OpenMMSwig.cxx:37565:0:
In function ‘_wrap_CustomCentroidBondForce_addBond__SWIG_0’,
    inlined from ‘_wrap_CustomCentroidBondForce_addBond’ at src/swig_doxygen/OpenMMSwig.cxx:90495:0:
src/swig_doxygen/OpenMMSwig.cxx:90406: warning: ‘operator delete’ called on unallocated object ‘v3’ [-Wfree-nonheap-object]
90406 |   if (SWIG_IsNewObj(res3)) delete arg3;
      | 
src/swig_doxygen/OpenMMSwig.cxx: In function ‘_wrap_CustomCentroidBondForce_addBond’:
src/swig_doxygen/OpenMMSwig.cxx:90367: note: declared here
90367 |   std::vector< double > v3 ;
      | 
src/swig_doxygen/OpenMMSwig.cxx:37442: warning: ‘operator delete’ called on unallocated object ‘v5’ [-Wfree-nonheap-object]
37442 |   if (SWIG_IsNewObj(res5)) delete arg5;
      | 
src/swig_doxygen/OpenMMSwig.cxx: In function ‘_wrap_CustomHbondForce_addDonor’:
src/swig_doxygen/OpenMMSwig.cxx:37400: note: declared here
37400 |   std::vector< double > v5 ;
      | 
src/swig_doxygen/OpenMMSwig.cxx: In function ‘_wrap_AmoebaMultipoleForce_addMultipole’:
src/swig_doxygen/OpenMMSwig.cxx:79822: warning: ‘operator delete’ called on unallocated object ‘v3’ [-Wfree-nonheap-object]
79822 |   if (SWIG_IsNewObj(res3)) delete arg3;
      | 
src/swig_doxygen/OpenMMSwig.cxx:79703: note: declared here
79703 |   std::vector< double > v3 ;
      | 
src/swig_doxygen/OpenMMSwig.cxx:79823: warning: ‘operator delete’ called on unallocated object ‘v4’ [-Wfree-nonheap-object]
79823 |   if (SWIG_IsNewObj(res4)) delete arg4;
      | 
src/swig_doxygen/OpenMMSwig.cxx:79705: note: declared here
79705 |   std::vector< double > v4 ;
      | 
src/swig_doxygen/OpenMMSwig.cxx:79826: warning: ‘operator delete’ called on unallocated object ‘v3’ [-Wfree-nonheap-object]
79826 |   if (SWIG_IsNewObj(res3)) delete arg3;
      | 
src/swig_doxygen/OpenMMSwig.cxx:79703: note: declared here
79703 |   std::vector< double > v3 ;
      | 
In function ‘_wrap_CustomCentroidBondForce_setBondParameters__SWIG_0’,
    inlined from ‘_wrap_CustomCentroidBondForce_setBondParameters’ at src/swig_doxygen/OpenMMSwig.cxx:90727:0:
src/swig_doxygen/OpenMMSwig.cxx:90620: warning: ‘operator delete’ called on unallocated object ‘v4’ [-Wfree-nonheap-object]
90620 |   if (SWIG_IsNewObj(res4)) delete arg4;
      | 
src/swig_doxygen/OpenMMSwig.cxx: In function ‘_wrap_CustomCentroidBondForce_setBondParameters’:
src/swig_doxygen/OpenMMSwig.cxx:90577: note: declared here
90577 |   std::vector< double > v4 ;
      | 
In function ‘_wrap_CustomCompoundBondForce_addBond__SWIG_0’,
    inlined from ‘_wrap_CustomCompoundBondForce_addBond’ at src/swig_doxygen/OpenMMSwig.cxx:69081:0:
src/swig_doxygen/OpenMMSwig.cxx:68992: warning: ‘operator delete’ called on unallocated object ‘v3’ [-Wfree-nonheap-object]
68992 |   if (SWIG_IsNewObj(res3)) delete arg3;
      | 
src/swig_doxygen/OpenMMSwig.cxx: In function ‘_wrap_CustomCompoundBondForce_addBond’:
src/swig_doxygen/OpenMMSwig.cxx:68953: note: declared here
68953 |   std::vector< double > v3 ;
      | 
src/swig_doxygen/OpenMMSwig.cxx: In function ‘_wrap_CustomNonbondedForce_addFunction’:
src/swig_doxygen/OpenMMSwig.cxx:55385: warning: ‘operator delete’ called on unallocated object ‘v3’ [-Wfree-nonheap-object]
55385 |   if (SWIG_IsNewObj(res3)) delete arg3;
      | 
src/swig_doxygen/OpenMMSwig.cxx:55317: note: declared here
55317 |   std::vector< double > v3 ;
      | 
In function ‘_wrap_CustomCompoundBondForce_setBondParameters__SWIG_0’,
    inlined from ‘_wrap_CustomCompoundBondForce_setBondParameters’ at src/swig_doxygen/OpenMMSwig.cxx:69313:0:
src/swig_doxygen/OpenMMSwig.cxx:69206: warning: ‘operator delete’ called on unallocated object ‘v4’ [-Wfree-nonheap-object]
69206 |   if (SWIG_IsNewObj(res4)) delete arg4;
      | 
src/swig_doxygen/OpenMMSwig.cxx: In function ‘_wrap_CustomCompoundBondForce_setBondParameters’:
src/swig_doxygen/OpenMMSwig.cxx:69163: note: declared here
69163 |   std::vector< double > v4 ;
      | 
src/swig_doxygen/OpenMMSwig.cxx: In function ‘_wrap_CustomNonbondedForce_setFunctionParameters’:
src/swig_doxygen/OpenMMSwig.cxx:55555: warning: ‘operator delete’ called on unallocated object ‘v4’ [-Wfree-nonheap-object]
55555 |   if (SWIG_IsNewObj(res4)) delete arg4;
      | 
src/swig_doxygen/OpenMMSwig.cxx:55483: note: declared here
55483 |   std::vector< double > v4 ;
      | 
src/swig_doxygen/OpenMMSwig.cxx: In function ‘_wrap_CustomCompoundBondForce_addFunction’:
src/swig_doxygen/OpenMMSwig.cxx:69616: warning: ‘operator delete’ called on unallocated object ‘v3’ [-Wfree-nonheap-object]
69616 |   if (SWIG_IsNewObj(res3)) delete arg3;
      | 
src/swig_doxygen/OpenMMSwig.cxx:69548: note: declared here
69548 |   std::vector< double > v3 ;
      | 
In function ‘_wrap_CustomManyParticleForce_addParticle__SWIG_1’,
    inlined from ‘_wrap_CustomManyParticleForce_addParticle’ at src/swig_doxygen/OpenMMSwig.cxx:62643:0:
In function ‘_wrap_CustomAngleForce_addAngle__SWIG_0’,
    inlined from ‘_wrap_CustomAngleForce_addAngle’ at src/swig_doxygen/OpenMMSwig.cxx:57381:0:
src/swig_doxygen/OpenMMSwig.cxx:57258: warning: ‘operator delete’ called on unallocated object ‘v5’ [-Wfree-nonheap-object]
57258 |   if (SWIG_IsNewObj(res5)) delete arg5;
      | 
src/swig_doxygen/OpenMMSwig.cxx: In function ‘_wrap_CustomAngleForce_addAngle’:
src/swig_doxygen/OpenMMSwig.cxx:57216: note: declared here
57216 |   std::vector< double > v5 ;
      | 
src/swig_doxygen/OpenMMSwig.cxx:62577: warning: ‘operator delete’ called on unallocated object ‘v2’ [-Wfree-nonheap-object]
62577 |   if (SWIG_IsNewObj(res2)) delete arg2;
      | 
src/swig_doxygen/OpenMMSwig.cxx: In function ‘_wrap_CustomManyParticleForce_addParticle’:
src/swig_doxygen/OpenMMSwig.cxx:62550: note: declared here
62550 |   std::vector< double > v2 ;
      | 
In function ‘_wrap_CustomManyParticleForce_addParticle__SWIG_0’,
    inlined from ‘_wrap_CustomManyParticleForce_addParticle’ at src/swig_doxygen/OpenMMSwig.cxx:62665:0:
src/swig_doxygen/OpenMMSwig.cxx:62536: warning: ‘operator delete’ called on unallocated object ‘v2’ [-Wfree-nonheap-object]
62536 |   if (SWIG_IsNewObj(res2)) delete arg2;
      | 
src/swig_doxygen/OpenMMSwig.cxx: In function ‘_wrap_CustomManyParticleForce_addParticle’:
src/swig_doxygen/OpenMMSwig.cxx:62502: note: declared here
62502 |   std::vector< double > v2 ;
      | 
In function ‘_wrap_CustomManyParticleForce_addParticle__SWIG_0’,
    inlined from ‘_wrap_CustomManyParticleForce_addParticle’ at src/swig_doxygen/OpenMMSwig.cxx:62665:0:
src/swig_doxygen/OpenMMSwig.cxx:62539: warning: ‘operator delete’ called on unallocated object ‘v2’ [-Wfree-nonheap-object]
62539 |   if (SWIG_IsNewObj(res2)) delete arg2;
      | 
src/swig_doxygen/OpenMMSwig.cxx: In function ‘_wrap_CustomManyParticleForce_addParticle’:
src/swig_doxygen/OpenMMSwig.cxx:62502: note: declared here
62502 |   std::vector< double > v2 ;
      | 
src/swig_doxygen/OpenMMSwig.cxx: In function ‘_wrap_CustomCompoundBondForce_setFunctionParameters’:
src/swig_doxygen/OpenMMSwig.cxx:69786: warning: ‘operator delete’ called on unallocated object ‘v4’ [-Wfree-nonheap-object]
69786 |   if (SWIG_IsNewObj(res4)) delete arg4;
      | 
src/swig_doxygen/OpenMMSwig.cxx:69714: note: declared here
69714 |   std::vector< double > v4 ;
      | 
src/swig_doxygen/OpenMMSwig.cxx: In function ‘_wrap_CustomManyParticleForce_setParticleParameters’:
src/swig_doxygen/OpenMMSwig.cxx:62786: warning: ‘operator delete’ called on unallocated object ‘v3’ [-Wfree-nonheap-object]
62786 |   if (SWIG_IsNewObj(res3)) delete arg3;
      | 
src/swig_doxygen/OpenMMSwig.cxx:62747: note: declared here
62747 |   std::vector< double > v3 ;
      | 
src/swig_doxygen/OpenMMSwig.cxx:62789: warning: ‘operator delete’ called on unallocated object ‘v3’ [-Wfree-nonheap-object]
62789 |   if (SWIG_IsNewObj(res3)) delete arg3;
      | 
src/swig_doxygen/OpenMMSwig.cxx:62747: note: declared here
62747 |   std::vector< double > v3 ;
      | 
src/swig_doxygen/OpenMMSwig.cxx: In function ‘_wrap_new_Discrete1DFunction’:
src/swig_doxygen/OpenMMSwig.cxx:70009: warning: ‘operator delete’ called on unallocated object ‘v1’ [-Wfree-nonheap-object]
70009 |   if (SWIG_IsNewObj(res1)) delete arg1;
      | 
src/swig_doxygen/OpenMMSwig.cxx:69985: note: declared here
69985 |   std::vector< double > v1 ;
      | 
In function ‘_wrap_CustomAngleForce_setAngleParameters__SWIG_0’,
    inlined from ‘_wrap_CustomAngleForce_setAngleParameters’ at src/swig_doxygen/OpenMMSwig.cxx:57679:0:
src/swig_doxygen/OpenMMSwig.cxx:57538: warning: ‘operator delete’ called on unallocated object ‘v6’ [-Wfree-nonheap-object]
57538 |   if (SWIG_IsNewObj(res6)) delete arg6;
      | 
src/swig_doxygen/OpenMMSwig.cxx: In function ‘_wrap_CustomAngleForce_setAngleParameters’:
src/swig_doxygen/OpenMMSwig.cxx:57492: note: declared here
57492 |   std::vector< double > v6 ;
      | 
src/swig_doxygen/OpenMMSwig.cxx: In function ‘_wrap_Discrete1DFunction_setFunctionParameters’:
src/swig_doxygen/OpenMMSwig.cxx:70089: warning: ‘operator delete’ called on unallocated object ‘v2’ [-Wfree-nonheap-object]
70089 |   if (SWIG_IsNewObj(res2)) delete arg2;
      | 
src/swig_doxygen/OpenMMSwig.cxx:70062: note: declared here
70062 |   std::vector< double > v2 ;
      | 
src/swig_doxygen/OpenMMSwig.cxx: In function ‘_wrap_AmoebaMultipoleForce_setMultipoleParameters’:
src/swig_doxygen/OpenMMSwig.cxx:80112: warning: ‘operator delete’ called on unallocated object ‘v4’ [-Wfree-nonheap-object]
80112 |   if (SWIG_IsNewObj(res4)) delete arg4;
      | 
src/swig_doxygen/OpenMMSwig.cxx:79989: note: declared here
79989 |   std::vector< double > v4 ;
      | 
src/swig_doxygen/OpenMMSwig.cxx:80113: warning: ‘operator delete’ called on unallocated object ‘v5’ [-Wfree-nonheap-object]
80113 |   if (SWIG_IsNewObj(res5)) delete arg5;
      | 
src/swig_doxygen/OpenMMSwig.cxx:79991: note: declared here
79991 |   std::vector< double > v5 ;
      | 
src/swig_doxygen/OpenMMSwig.cxx:80116: warning: ‘operator delete’ called on unallocated object ‘v4’ [-Wfree-nonheap-object]
80116 |   if (SWIG_IsNewObj(res4)) delete arg4;
      | 
src/swig_doxygen/OpenMMSwig.cxx:79989: note: declared here
79989 |   std::vector< double > v4 ;
      | 
In function ‘_wrap_CustomBondForce_addBond__SWIG_0’,
    inlined from ‘_wrap_CustomBondForce_addBond’ at src/swig_doxygen/OpenMMSwig.cxx:70995:0:
src/swig_doxygen/OpenMMSwig.cxx:70891: warning: ‘operator delete’ called on unallocated object ‘v4’ [-Wfree-nonheap-object]
70891 |   if (SWIG_IsNewObj(res4)) delete arg4;
      | 
src/swig_doxygen/OpenMMSwig.cxx: In function ‘_wrap_CustomBondForce_addBond’:
src/swig_doxygen/OpenMMSwig.cxx:70854: note: declared here
70854 |   std::vector< double > v4 ;
      | 
src/swig_doxygen/OpenMMSwig.cxx: In function ‘_wrap_CustomGBForce_addFunction’:
src/swig_doxygen/OpenMMSwig.cxx:47108: warning: ‘operator delete’ called on unallocated object ‘v3’ [-Wfree-nonheap-object]
47108 |   if (SWIG_IsNewObj(res3)) delete arg3;
      | 
src/swig_doxygen/OpenMMSwig.cxx:47040: note: declared here
47040 |   std::vector< double > v3 ;
      | 
src/swig_doxygen/OpenMMSwig.cxx: In function ‘_wrap_AmoebaMultipoleForce_setExtrapolationCoefficients’:
src/swig_doxygen/OpenMMSwig.cxx:80453: warning: ‘operator delete’ called on unallocated object ‘v2’ [-Wfree-nonheap-object]
80453 |   if (SWIG_IsNewObj(res2)) delete arg2;
      | 
src/swig_doxygen/OpenMMSwig.cxx:80426: note: declared here
80426 |   std::vector< double > v2 ;
      | 
In function ‘_wrap_CustomBondForce_setBondParameters__SWIG_0’,
    inlined from ‘_wrap_CustomBondForce_setBondParameters’ at src/swig_doxygen/OpenMMSwig.cxx:71255:0:
src/swig_doxygen/OpenMMSwig.cxx:71133: warning: ‘operator delete’ called on unallocated object ‘v5’ [-Wfree-nonheap-object]
71133 |   if (SWIG_IsNewObj(res5)) delete arg5;
      | 
src/swig_doxygen/OpenMMSwig.cxx: In function ‘_wrap_CustomBondForce_setBondParameters’:
src/swig_doxygen/OpenMMSwig.cxx:71092: note: declared here
71092 |   std::vector< double > v5 ;
      | 
src/swig_doxygen/OpenMMSwig.cxx: In function ‘_wrap_CustomGBForce_setFunctionParameters’:
src/swig_doxygen/OpenMMSwig.cxx:47278: warning: ‘operator delete’ called on unallocated object ‘v4’ [-Wfree-nonheap-object]
47278 |   if (SWIG_IsNewObj(res4)) delete arg4;
      | 
src/swig_doxygen/OpenMMSwig.cxx:47206: note: declared here
47206 |   std::vector< double > v4 ;
      | 
REMOVING "/usr/lib/python3.11/site-packages/simtk/openmm"
                                  author                                           Randall J. Radmer
                            author_email                                         radmer@stanford.edu
                              data_files                                                          []
                             description                Python wrapper for OpenMM (a C++ MD package)
                            download_url                               https://simtk.org/home/openmm
                             ext_modules[<setuptools.extension.Extension('simtk.openmm._openmm') at 0x7ff1b3ca67d0>]
                                 license               Python Software Foundation License (BSD-like)
                        long_descriptionOpenMM is a toolkit for molecular simulation. It can be used either as a
    stand-alone application for running simulations, or as a library you call
    from your own code. It provides a combination of extreme flexibility
    (through custom forces and integrators), openness, and high performance
    (especially on recent GPUs) that make it truly unique among simulation codes.
    
                                    name                                                      OpenMM
                            package_data{'simtk': [], 'simtk.unit': [], 'simtk.openmm': [], 'simtk.openmm.app': ['data/*.xml', 'data/*.pdb', 'data/amber14/*.xml', 'data/charmm36/*.xml'], 'simtk.openmm.app.internal': []}
                                packages['simtk', 'simtk.unit', 'simtk.openmm', 'simtk.openmm.app', 'simtk.openmm.app.internal', 'simtk.openmm.app.internal.charmm', 'simtk.openmm.app.internal.pdbx', 'simtk.openmm.app.internal.pdbx.reader', 'simtk.openmm.app.internal.pdbx.writer']
                               platforms                            ['Linux', 'Mac OS X', 'Windows']
                                     url                               https://simtk.org/home/openmm
                                 version                                                       7.3.0
[ 48%] Installing OpenMM Python binary module...
OPENMM_LIB_PATH = /home/surgeon/trash/set-up-wshell/omm-7.3.0/lib
OPENMM_INCLUDE_PATH = /home/surgeon/trash/set-up-wshell/openmm/./include/home/surgeon/trash/set-up-wshell/openmm/./include/openmm/home/surgeon/trash/set-up-wshell/openmm/./include/openmm/internal/home/surgeon/trash/set-up-wshell/openmm/openmmapi/include/home/surgeon/trash/set-up-wshell/openmm/openmmapi/include/openmm/home/surgeon/trash/set-up-wshell/openmm/openmmapi/include/openmm/internal/home/surgeon/trash/set-up-wshell/openmm/olla/include/home/surgeon/trash/set-up-wshell/openmm/olla/include/openmm/home/surgeon/trash/set-up-wshell/openmm/olla/include/openmm/internal/home/surgeon/trash/set-up-wshell/openmm/serialization/include/home/surgeon/trash/set-up-wshell/openmm/serialization/include/openmm/home/surgeon/trash/set-up-wshell/openmm/serialization/include/openmm/internal/home/surgeon/trash/set-up-wshell/openmm/plugins/amoeba/openmmapi/include/home/surgeon/trash/set-up-wshell/openmm/plugins/amoeba/openmmapi/include/openmm/home/surgeon/trash/set-up-wshell/openmm/plugins/amoeba/openmmapi/include/openmm/internal/home/surgeon/trash/set-up-wshell/openmm/plugins/rpmd/openmmapi/include/home/surgeon/trash/set-up-wshell/openmm/plugins/rpmd/openmmapi/include/openmm/home/surgeon/trash/set-up-wshell/openmm/plugins/rpmd/openmmapi/include/openmm/internal/home/surgeon/trash/set-up-wshell/openmm/plugins/drude/openmmapi/include/home/surgeon/trash/set-up-wshell/openmm/plugins/drude/openmmapi/include/openmm/home/surgeon/trash/set-up-wshell/openmm/plugins/drude/openmmapi/include/openmm/internal
/usr/lib/python3.11/site-packages/setuptools/_distutils/cmd.py:66: SetuptoolsDeprecationWarning: setup.py install is deprecated.
!!

        ********************************************************************************
        Please avoid running ``setup.py`` directly.
        Instead, use pypa/build, pypa/installer, pypa/build or
        other standards-based tools.

        See https://blog.ganssle.io/articles/2021/10/setup-py-deprecated.html for details.
        ********************************************************************************

!!
  self.initialize_options()
REMOVING "/usr/lib/python3.11/site-packages/simtk/openmm"
                                  author                                           Randall J. Radmer
                            author_email                                         radmer@stanford.edu
                              data_files                                                          []
                             description                Python wrapper for OpenMM (a C++ MD package)
                            download_url                               https://simtk.org/home/openmm
                             ext_modules[<setuptools.extension.Extension('simtk.openmm._openmm') at 0x7fa7dbbaa790>]
                                 license               Python Software Foundation License (BSD-like)
                        long_descriptionOpenMM is a toolkit for molecular simulation. It can be used either as a
    stand-alone application for running simulations, or as a library you call
    from your own code. It provides a combination of extreme flexibility
    (through custom forces and integrators), openness, and high performance
    (especially on recent GPUs) that make it truly unique among simulation codes.
    
                                    name                                                      OpenMM
                            package_data{'simtk': [], 'simtk.unit': [], 'simtk.openmm': [], 'simtk.openmm.app': ['data/*.xml', 'data/*.pdb', 'data/amber14/*.xml', 'data/charmm36/*.xml'], 'simtk.openmm.app.internal': []}
                                packages['simtk', 'simtk.unit', 'simtk.openmm', 'simtk.openmm.app', 'simtk.openmm.app.internal', 'simtk.openmm.app.internal.charmm', 'simtk.openmm.app.internal.pdbx', 'simtk.openmm.app.internal.pdbx.reader', 'simtk.openmm.app.internal.pdbx.writer']
                               platforms                            ['Linux', 'Mac OS X', 'Windows']
                                     url                               https://simtk.org/home/openmm
                                 vererror: could not delete '/usr/lib/python3.11/site-packages/simtk/unit/unit_math.py': Permission denied
sion                                                       7.3.0
[100%] Built target PythonInstall
~/trash/set-up-wshell/openmm ~/trash/set-up-wshell
~/trash/set-up-wshell
~/trash/set-up-wshell/omm-7.3.0/include/swig ~/trash/set-up-wshell
patching file OpenMMSwigHeaders.i
Hunk #1 succeeded at 2 with fuzz 1.
~/trash/set-up-wshell
Cloning into '/home/surgeon/trash/set-up-wshell/vo-projects'...
~/trash/set-up-wshell/vo-projects ~/trash/set-up-wshell
Already on 'master'
Your branch is up to date with 'origin/master'.
../watershell
cc1: warning: command-line option ‘-fprotect-parens’ is valid for Fortran but not for C
 watershell.ftn ==> watershell.F90 ...
cc1: warning: command-line option ‘-fprotect-parens’ is valid for Fortran but not for C
<stdin>:1212:8: warning: extra tokens at end of #endif directive [-Wendif-labels]
<stdin>:2249:8: warning: extra tokens at end of #endif directive [-Wendif-labels]
<stdin>:2252:8: warning: extra tokens at end of #endif directive [-Wendif-labels]
<stdin>:2770:8: warning: extra tokens at end of #endif directive [-Wendif-labels]
<stdin>:3026:8: warning: extra tokens at end of #endif directive [-Wendif-labels]
<stdin>:3027:8: warning: extra tokens at end of #endif directive [-Wendif-labels]
<stdin>:3040:8: warning: extra tokens at end of #endif directive [-Wendif-labels]
<stdin>:3093:8: warning: extra tokens at end of #endif directive [-Wendif-labels]
../files
 files.ftn ==> files.F90 ...
../parser
 cmd.ftn ==> cmd.F90 ...
../output
 output.ftn ==> output.F90 ...
../mpi_stub
 mpi_compat_stub.ftn ==> mpi_compat_stub.F90 ...
 mpi_compat_stub.F90 ==> mpi_compat_stub.o ...
f951: Warning: Flag ‘-fmax-stack-var-size=65536’ overwrites ‘-frecursive’ implied by ‘-fopenmp’
 output.F90 ==> output.o ...
f951: Warning: Flag ‘-fmax-stack-var-size=65536’ overwrites ‘-frecursive’ implied by ‘-fopenmp’
 cmd.F90 ==> cmd.o ...
f951: Warning: Flag ‘-fmax-stack-var-size=65536’ overwrites ‘-frecursive’ implied by ‘-fopenmp’
 prm.ftn ==> prm.F90 ...
 prm.F90 ==> prm.o ...
f951: Warning: Flag ‘-fmax-stack-var-size=65536’ overwrites ‘-frecursive’ implied by ‘-fopenmp’
 parser.ftn ==> parser.F90 ...
 parser.F90 ==> parser.o ...
f951: Warning: Flag ‘-fmax-stack-var-size=65536’ overwrites ‘-frecursive’ implied by ‘-fopenmp’
../vectors
vector_template.ftn:1: warning: "__CONCAT" redefined
    1 | #define __CONCAT(__A,__B) __CONCAT1(__A,__B)
      | 
In file included from <command-line>:
./../source.defs:231: note: this is the location of the previous definition
  231 | #define __CONCAT(__A,__B) __CONCAT2(__A,__B)
      | 
 isort.F90 ==> isort.o ...
f951: Warning: Flag ‘-fmax-stack-var-size=65536’ overwrites ‘-frecursive’ implied by ‘-fopenmp’
 ivector.F90 ==> ivector.o ...
f951: Warning: Flag ‘-fmax-stack-var-size=65536’ overwrites ‘-frecursive’ implied by ‘-fopenmp’
vector_template.ftn:1: warning: "__CONCAT" redefined
    1 | #define __CONCAT(__A,__B) __CONCAT1(__A,__B)
      | 
In file included from <command-line>:
./../source.defs:231: note: this is the location of the previous definition
  231 | #define __CONCAT(__A,__B) __CONCAT2(__A,__B)
      | 
 rsort.F90 ==> rsort.o ...
f951: Warning: Flag ‘-fmax-stack-var-size=65536’ overwrites ‘-frecursive’ implied by ‘-fopenmp’
 rvector.F90 ==> rvector.o ...
f951: Warning: Flag ‘-fmax-stack-var-size=65536’ overwrites ‘-frecursive’ implied by ‘-fopenmp’
vector_template.ftn:1: warning: "__CONCAT" redefined
    1 | #define __CONCAT(__A,__B) __CONCAT1(__A,__B)
      | 
In file included from <command-line>:
./../source.defs:231: note: this is the location of the previous definition
  231 | #define __CONCAT(__A,__B) __CONCAT2(__A,__B)
      | 
 i8sort.F90 ==> i8sort.o ...
f951: Warning: Flag ‘-fmax-stack-var-size=65536’ overwrites ‘-frecursive’ implied by ‘-fopenmp’
 i8vector.F90 ==> i8vector.o ...
f951: Warning: Flag ‘-fmax-stack-var-size=65536’ overwrites ‘-frecursive’ implied by ‘-fopenmp’
 ivector_list.F90 ==> ivector_list.o ...
f951: Warning: Flag ‘-fmax-stack-var-size=65536’ overwrites ‘-frecursive’ implied by ‘-fopenmp’
 rvector_list.F90 ==> rvector_list.o ...
f951: Warning: Flag ‘-fmax-stack-var-size=65536’ overwrites ‘-frecursive’ implied by ‘-fopenmp’
 isort_ind.F90 ==> isort_ind.o ...
f951: Warning: Flag ‘-fmax-stack-var-size=65536’ overwrites ‘-frecursive’ implied by ‘-fopenmp’
 isort_indshort.F90 ==> isort_indshort.o ...
f951: Warning: Flag ‘-fmax-stack-var-size=65536’ overwrites ‘-frecursive’ implied by ‘-fopenmp’
 rsort_ind.F90 ==> rsort_ind.o ...
f951: Warning: Flag ‘-fmax-stack-var-size=65536’ overwrites ‘-frecursive’ implied by ‘-fopenmp’
 rsort_indshort.F90 ==> rsort_indshort.o ...
f951: Warning: Flag ‘-fmax-stack-var-size=65536’ overwrites ‘-frecursive’ implied by ‘-fopenmp’
 files.F90 ==> files.o ...
f951: Warning: Flag ‘-fmax-stack-var-size=65536’ overwrites ‘-frecursive’ implied by ‘-fopenmp’
../dynamol
 stats.ftn ==> stats.F90 ...
../bestfit
 bestfit.ftn ==> bestfit.F90 ...
../constants
 constants.ftn ==> constants.F90 ...
cc1: warning: command-line option ‘-fprotect-parens’ is valid for Fortran but not for C
 constants.F90 ==> constants.o ...
f951: Warning: Flag ‘-fmax-stack-var-size=65536’ overwrites ‘-frecursive’ implied by ‘-fopenmp’
../multicom
 multicom.ftn ==> multicom.F90 ...
../parselist
 parselist.ftn ==> parselist.F90 ...
 parselist.F90 ==> parselist.o ...
f951: Warning: Flag ‘-fmax-stack-var-size=65536’ overwrites ‘-frecursive’ implied by ‘-fopenmp’
 multicom_aux.ftn ==> multicom_aux.F90 ...
 multicom_aux.F90 ==> multicom_aux.o ...
f951: Warning: Flag ‘-fmax-stack-var-size=65536’ overwrites ‘-frecursive’ implied by ‘-fopenmp’
 multicom.F90 ==> multicom.o ...
f951: Warning: Flag ‘-fmax-stack-var-size=65536’ overwrites ‘-frecursive’ implied by ‘-fopenmp’
 ifstack.ftn ==> ifstack.F90 ...
 ifstack.F90 ==> ifstack.o ...
f951: Warning: Flag ‘-fmax-stack-var-size=65536’ overwrites ‘-frecursive’ implied by ‘-fopenmp’
 bestfit.F90 ==> bestfit.o ...
f951: Warning: Flag ‘-fmax-stack-var-size=65536’ overwrites ‘-frecursive’ implied by ‘-fopenmp’
../random
 rng.ftn ==> rng.F90 ...
 clcg.F ==> clcg.o ...
f951: Warning: Flag ‘-fmax-stack-var-size=65536’ overwrites ‘-frecursive’ implied by ‘-fopenmp’
 rng.F90 ==> rng.o ...
f951: Warning: Flag ‘-fmax-stack-var-size=65536’ overwrites ‘-frecursive’ implied by ‘-fopenmp’
../state
 fieldbcdef.ftn ==> fieldbcdef.F90 ...
../continua/io
 plot3dio.ftn ==> plot3dio.F90 ...
 plot3dio.F90 ==> plot3dio.o ...
f951: Warning: Flag ‘-fmax-stack-var-size=65536’ overwrites ‘-frecursive’ implied by ‘-fopenmp’
 util.ftn ==> util.F90 ...
 util.F90 ==> util.o ...
f951: Warning: Flag ‘-fmax-stack-var-size=65536’ overwrites ‘-frecursive’ implied by ‘-fopenmp’
 formats.ftn ==> formats.F90 ...
 formats.F90 ==> formats.o ...
f951: Warning: Flag ‘-fmax-stack-var-size=65536’ overwrites ‘-frecursive’ implied by ‘-fopenmp’
 chestio.ftn ==> chestio.F90 ...
 chestio.F90 ==> chestio.o ...
f951: Warning: Flag ‘-fmax-stack-var-size=65536’ overwrites ‘-frecursive’ implied by ‘-fopenmp’
 fieldio.ftn ==> fieldio.F90 ...
 opendxio.ftn ==> opendxio.F90 ...
 opendxio.F90 ==> opendxio.o ...
f951: Warning: Flag ‘-fmax-stack-var-size=65536’ overwrites ‘-frecursive’ implied by ‘-fopenmp’
 fieldio.F90 ==> fieldio.o ...
f951: Warning: Flag ‘-fmax-stack-var-size=65536’ overwrites ‘-frecursive’ implied by ‘-fopenmp’
 fieldbcdef.F90 ==> fieldbcdef.o ...
f951: Warning: Flag ‘-fmax-stack-var-size=65536’ overwrites ‘-frecursive’ implied by ‘-fopenmp’
 datatypes.ftn ==> datatypes.F90 ...
 datatypes.F90 ==> datatypes.o ...
f951: Warning: Flag ‘-fmax-stack-var-size=65536’ overwrites ‘-frecursive’ implied by ‘-fopenmp’
 state.ftn ==> state.F90 ...
 state.F90 ==> state.o ...
f951: Warning: Flag ‘-fmax-stack-var-size=65536’ overwrites ‘-frecursive’ implied by ‘-fopenmp’
../dynamol/param
 ch_param.ftn ==> ch_param.F90 ...
 atompar.ftn ==> atompar.F90 ...
 atompar.F90 ==> atompar.o ...
f951: Warning: Flag ‘-fmax-stack-var-size=65536’ overwrites ‘-frecursive’ implied by ‘-fopenmp’
 bondpar.ftn ==> bondpar.F90 ...
 bondpar.F90 ==> bondpar.o ...
f951: Warning: Flag ‘-fmax-stack-var-size=65536’ overwrites ‘-frecursive’ implied by ‘-fopenmp’
 anglpar.ftn ==> anglpar.F90 ...
 anglpar.F90 ==> anglpar.o ...
f951: Warning: Flag ‘-fmax-stack-var-size=65536’ overwrites ‘-frecursive’ implied by ‘-fopenmp’
 dihepar.ftn ==> dihepar.F90 ...
 dihepar.F90 ==> dihepar.o ...
f951: Warning: Flag ‘-fmax-stack-var-size=65536’ overwrites ‘-frecursive’ implied by ‘-fopenmp’
 cmappar.ftn ==> cmappar.F90 ...
 cmappar.F90 ==> cmappar.o ...
f951: Warning: Flag ‘-fmax-stack-var-size=65536’ overwrites ‘-frecursive’ implied by ‘-fopenmp’
 ch_param.F90 ==> ch_param.o ...
f951: Warning: Flag ‘-fmax-stack-var-size=65536’ overwrites ‘-frecursive’ implied by ‘-fopenmp’
../dynamol/struc
 psf.ftn ==> psf.F90 ...
 tlist.ftn ==> tlist.F90 ...
 tlist.F90 ==> tlist.o ...
f951: Warning: Flag ‘-fmax-stack-var-size=65536’ overwrites ‘-frecursive’ implied by ‘-fopenmp’
 psfatom.ftn ==> psfatom.F90 ...
 psfatom.F90 ==> psfatom.o ...
f951: Warning: Flag ‘-fmax-stack-var-size=65536’ overwrites ‘-frecursive’ implied by ‘-fopenmp’
 psf.F90 ==> psf.o ...
f951: Warning: Flag ‘-fmax-stack-var-size=65536’ overwrites ‘-frecursive’ implied by ‘-fopenmp’
../dynamol/coor
 mol_formats.ftn ==> mol_formats.F90 ...
In file included from <command-line>:
./../../source.defs:212: warning: "__DEP_MPI" redefined
  212 | #define __DEP_MPI         use mpi
      | 
In file included from <command-line>:
./../../source.defs:337: note: this is the location of the previous definition
  337 | #define __DEP_MPI use mpi_compat_stub
      | 
./../../source.defs:314: warning: "__DBGOUT" redefined
  314 | #define __DBGOUT(__FMT,...) write(666,__FMT) __VA_ARGS__
      | 
In file included from <command-line>:
./../source.defs:13: note: this is the location of the previous definition
   13 | #define __DBGOUT(...) __MESG(whoami, 'DEBUG:', __VA_ARGS__)
      | 
 mol_formats.F90 ==> mol_formats.o ...
f951: Warning: Flag ‘-fmax-stack-var-size=65536’ overwrites ‘-frecursive’ implied by ‘-fopenmp’
 charmmio.ftn ==> charmmio.F90 ...
In file included from <command-line>:
./../../source.defs:212: warning: "__DEP_MPI" redefined
  212 | #define __DEP_MPI         use mpi
      | 
In file included from <command-line>:
./../../source.defs:337: note: this is the location of the previous definition
  337 | #define __DEP_MPI use mpi_compat_stub
      | 
./../../source.defs:314: warning: "__DBGOUT" redefined
  314 | #define __DBGOUT(__FMT,...) write(666,__FMT) __VA_ARGS__
      | 
In file included from <command-line>:
./../source.defs:13: note: this is the location of the previous definition
   13 | #define __DBGOUT(...) __MESG(whoami, 'DEBUG:', __VA_ARGS__)
      | 
 charmmio.F90 ==> charmmio.o ...
f951: Warning: Flag ‘-fmax-stack-var-size=65536’ overwrites ‘-frecursive’ implied by ‘-fopenmp’
 freeio.ftn ==> freeio.F90 ...
In file included from <command-line>:
./../../source.defs:212: warning: "__DEP_MPI" redefined
  212 | #define __DEP_MPI         use mpi
      | 
In file included from <command-line>:
./../../source.defs:337: note: this is the location of the previous definition
  337 | #define __DEP_MPI use mpi_compat_stub
      | 
./../../source.defs:314: warning: "__DBGOUT" redefined
  314 | #define __DBGOUT(__FMT,...) write(666,__FMT) __VA_ARGS__
      | 
In file included from <command-line>:
./../source.defs:13: note: this is the location of the previous definition
   13 | #define __DBGOUT(...) __MESG(whoami, 'DEBUG:', __VA_ARGS__)
      | 
 freeio.F90 ==> freeio.o ...
f951: Warning: Flag ‘-fmax-stack-var-size=65536’ overwrites ‘-frecursive’ implied by ‘-fopenmp’
 pdbio.ftn ==> pdbio.F90 ...
In file included from <command-line>:
./../../source.defs:212: warning: "__DEP_MPI" redefined
  212 | #define __DEP_MPI         use mpi
      | 
In file included from <command-line>:
./../../source.defs:337: note: this is the location of the previous definition
  337 | #define __DEP_MPI use mpi_compat_stub
      | 
./../../source.defs:314: warning: "__DBGOUT" redefined
  314 | #define __DBGOUT(__FMT,...) write(666,__FMT) __VA_ARGS__
      | 
In file included from <command-line>:
./../source.defs:13: note: this is the location of the previous definition
   13 | #define __DBGOUT(...) __MESG(whoami, 'DEBUG:', __VA_ARGS__)
      | 
 pdbio.F90 ==> pdbio.o ...
f951: Warning: Flag ‘-fmax-stack-var-size=65536’ overwrites ‘-frecursive’ implied by ‘-fopenmp’
 corio.ftn ==> corio.F90 ...
In file included from <command-line>:
./../../source.defs:212: warning: "__DEP_MPI" redefined
  212 | #define __DEP_MPI         use mpi
      | 
In file included from <command-line>:
./../../source.defs:337: note: this is the location of the previous definition
  337 | #define __DEP_MPI use mpi_compat_stub
      | 
./../../source.defs:314: warning: "__DBGOUT" redefined
  314 | #define __DBGOUT(__FMT,...) write(666,__FMT) __VA_ARGS__
      | 
In file included from <command-line>:
./../source.defs:13: note: this is the location of the previous definition
   13 | #define __DBGOUT(...) __MESG(whoami, 'DEBUG:', __VA_ARGS__)
      | 
 corio.F90 ==> corio.o ...
f951: Warning: Flag ‘-fmax-stack-var-size=65536’ overwrites ‘-frecursive’ implied by ‘-fopenmp’
../dynamol/compute
 angles.ftn ==> angles.F90 ...
 angles.F90 ==> angles.o ...
f951: Warning: Flag ‘-fmax-stack-var-size=65536’ overwrites ‘-frecursive’ implied by ‘-fopenmp’
 bonds.ftn ==> bonds.F90 ...
 bonds.F90 ==> bonds.o ...
f951: Warning: Flag ‘-fmax-stack-var-size=65536’ overwrites ‘-frecursive’ implied by ‘-fopenmp’
 dihedrals.ftn ==> dihedrals.F90 ...
 dihedrals.F90 ==> dihedrals.o ...
f951: Warning: Flag ‘-fmax-stack-var-size=65536’ overwrites ‘-frecursive’ implied by ‘-fopenmp’
 stats.F90 ==> stats.o ...
f951: Warning: Flag ‘-fmax-stack-var-size=65536’ overwrites ‘-frecursive’ implied by ‘-fopenmp’
 sysinfo.ftn ==> sysinfo.F90 ...
 system.ftn ==> system.F90 ...
In file included from <command-line>:
<stdin>:16:133: error: pasting ":" and "m" does not give a valid preprocessing token
./../source.defs:237:28: note: in definition of macro ‘__CONCAT1’
  237 | #define __CONCAT1(__A,__B) __A##__B
      |                            ^~~
./../source.defs:231:27: note: in expansion of macro ‘__CONCAT2’
  231 | #define __CONCAT(__A,__B) __CONCAT2(__A,__B)
      |                           ^~~~~~~~~
<stdin>:16:102: note: in expansion of macro ‘__CONCAT’
<stdin>:401:110: note: in expansion of macro ‘__FPTR1’
<stdin>:16:133: error: pasting ":" and "q" does not give a valid preprocessing token
./../source.defs:237:28: note: in definition of macro ‘__CONCAT1’
  237 | #define __CONCAT1(__A,__B) __A##__B
      |                            ^~~
./../source.defs:231:27: note: in expansion of macro ‘__CONCAT2’
  231 | #define __CONCAT(__A,__B) __CONCAT2(__A,__B)
      |                           ^~~~~~~~~
<stdin>:16:102: note: in expansion of macro ‘__CONCAT’
<stdin>:402:110: note: in expansion of macro ‘__FPTR1’
<stdin>:16:133: error: pasting ":" and "radius" does not give a valid preprocessing token
./../source.defs:237:28: note: in definition of macro ‘__CONCAT1’
  237 | #define __CONCAT1(__A,__B) __A##__B
      |                            ^~~
./../source.defs:231:27: note: in expansion of macro ‘__CONCAT2’
  231 | #define __CONCAT(__A,__B) __CONCAT2(__A,__B)
      |                           ^~~~~~~~~
<stdin>:16:102: note: in expansion of macro ‘__CONCAT’
<stdin>:403:110: note: in expansion of macro ‘__FPTR1’
<stdin>:16:133: error: pasting ":" and "bfactor" does not give a valid preprocessing token
./../source.defs:237:28: note: in definition of macro ‘__CONCAT1’
  237 | #define __CONCAT1(__A,__B) __A##__B
      |                            ^~~
./../source.defs:231:27: note: in expansion of macro ‘__CONCAT2’
  231 | #define __CONCAT(__A,__B) __CONCAT2(__A,__B)
      |                           ^~~~~~~~~
<stdin>:16:102: note: in expansion of macro ‘__CONCAT’
<stdin>:404:110: note: in expansion of macro ‘__FPTR1’
<stdin>:16:133: error: pasting ":" and "occupancy" does not give a valid preprocessing token
./../source.defs:237:28: note: in definition of macro ‘__CONCAT1’
  237 | #define __CONCAT1(__A,__B) __A##__B
      |                            ^~~
./../source.defs:231:27: note: in expansion of macro ‘__CONCAT2’
  231 | #define __CONCAT(__A,__B) __CONCAT2(__A,__B)
      |                           ^~~~~~~~~
<stdin>:16:102: note: in expansion of macro ‘__CONCAT’
<stdin>:405:110: note: in expansion of macro ‘__FPTR1’
<stdin>:16:133: error: pasting ":" and "bcomp" does not give a valid preprocessing token
./../source.defs:237:28: note: in definition of macro ‘__CONCAT1’
  237 | #define __CONCAT1(__A,__B) __A##__B
      |                            ^~~
./../source.defs:231:27: note: in expansion of macro ‘__CONCAT2’
  231 | #define __CONCAT(__A,__B) __CONCAT2(__A,__B)
      |                           ^~~~~~~~~
<stdin>:16:102: note: in expansion of macro ‘__CONCAT’
<stdin>:409:116: note: in expansion of macro ‘__FPTR1’
<stdin>:16:133: error: pasting ":" and "m" does not give a valid preprocessing token
./../source.defs:237:28: note: in definition of macro ‘__CONCAT1’
  237 | #define __CONCAT1(__A,__B) __A##__B
      |                            ^~~
./../source.defs:231:27: note: in expansion of macro ‘__CONCAT2’
  231 | #define __CONCAT(__A,__B) __CONCAT2(__A,__B)
      |                           ^~~~~~~~~
<stdin>:16:102: note: in expansion of macro ‘__CONCAT’
<stdin>:1627:112: note: in expansion of macro ‘__FPTR1’
<stdin>:16:133: error: pasting ":" and "q" does not give a valid preprocessing token
./../source.defs:237:28: note: in definition of macro ‘__CONCAT1’
  237 | #define __CONCAT1(__A,__B) __A##__B
      |                            ^~~
./../source.defs:231:27: note: in expansion of macro ‘__CONCAT2’
  231 | #define __CONCAT(__A,__B) __CONCAT2(__A,__B)
      |                           ^~~~~~~~~
<stdin>:16:102: note: in expansion of macro ‘__CONCAT’
<stdin>:1628:112: note: in expansion of macro ‘__FPTR1’
<stdin>:16:133: error: pasting ":" and "radius" does not give a valid preprocessing token
./../source.defs:237:28: note: in definition of macro ‘__CONCAT1’
  237 | #define __CONCAT1(__A,__B) __A##__B
      |                            ^~~
./../source.defs:231:27: note: in expansion of macro ‘__CONCAT2’
  231 | #define __CONCAT(__A,__B) __CONCAT2(__A,__B)
      |                           ^~~~~~~~~
<stdin>:16:102: note: in expansion of macro ‘__CONCAT’
<stdin>:1629:112: note: in expansion of macro ‘__FPTR1’
<stdin>:16:133: error: pasting ":" and "bfactor" does not give a valid preprocessing token
./../source.defs:237:28: note: in definition of macro ‘__CONCAT1’
  237 | #define __CONCAT1(__A,__B) __A##__B
      |                            ^~~
./../source.defs:231:27: note: in expansion of macro ‘__CONCAT2’
  231 | #define __CONCAT(__A,__B) __CONCAT2(__A,__B)
      |                           ^~~~~~~~~
<stdin>:16:102: note: in expansion of macro ‘__CONCAT’
<stdin>:1630:112: note: in expansion of macro ‘__FPTR1’
<stdin>:16:133: error: pasting ":" and "occupancy" does not give a valid preprocessing token
./../source.defs:237:28: note: in definition of macro ‘__CONCAT1’
  237 | #define __CONCAT1(__A,__B) __A##__B
      |                            ^~~
./../source.defs:231:27: note: in expansion of macro ‘__CONCAT2’
  231 | #define __CONCAT(__A,__B) __CONCAT2(__A,__B)
      |                           ^~~~~~~~~
<stdin>:16:102: note: in expansion of macro ‘__CONCAT’
<stdin>:1631:112: note: in expansion of macro ‘__FPTR1’
<stdin>:16:133: error: pasting ":" and "bcomp" does not give a valid preprocessing token
./../source.defs:237:28: note: in definition of macro ‘__CONCAT1’
  237 | #define __CONCAT1(__A,__B) __A##__B
      |                            ^~~
./../source.defs:231:27: note: in expansion of macro ‘__CONCAT2’
  231 | #define __CONCAT(__A,__B) __CONCAT2(__A,__B)
      |                           ^~~~~~~~~
<stdin>:16:102: note: in expansion of macro ‘__CONCAT’
<stdin>:1634:119: note: in expansion of macro ‘__FPTR1’
 system.F90 ==> system.o ...
f951: Warning: Flag ‘-fmax-stack-var-size=65536’ overwrites ‘-frecursive’ implied by ‘-fopenmp’
 sysinfo.F90 ==> sysinfo.o ...
f951: Warning: Flag ‘-fmax-stack-var-size=65536’ overwrites ‘-frecursive’ implied by ‘-fopenmp’
 sysmanip.ftn ==> sysmanip.F90 ...
 sysmanip.F90 ==> sysmanip.o ...
f951: Warning: Flag ‘-fmax-stack-var-size=65536’ overwrites ‘-frecursive’ implied by ‘-fopenmp’
 verlet.ftn ==> verlet.F90 ...
 verlet.F90 ==> verlet.o ...
f951: Warning: Flag ‘-fmax-stack-var-size=65536’ overwrites ‘-frecursive’ implied by ‘-fopenmp’
 dmol.ftn ==> dmol.F90 ...
 dmol.F90 ==> dmol.o ...
f951: Warning: Flag ‘-fmax-stack-var-size=65536’ overwrites ‘-frecursive’ implied by ‘-fopenmp’
 pca.ftn ==> pca.F90 ...
 pca.F90 ==> pca.o ...
f951: Warning: Flag ‘-fmax-stack-var-size=65536’ overwrites ‘-frecursive’ implied by ‘-fopenmp’
 minimal_system.ftn ==> minimal_system.F90 ...
 minimal_system.F90 ==> minimal_system.o ...
f951: Warning: Flag ‘-fmax-stack-var-size=65536’ overwrites ‘-frecursive’ implied by ‘-fopenmp’
../continua
../continua/common
 gridsize.ftn ==> gridsize.F90 ...
../../continua/objects
 object.ftn ==> object.F90 ...
../../continua/objects/molecule
 molecule.ftn ==> molecule.F90 ...
cc1: warning: command-line option ‘-fprotect-parens’ is valid for Fortran but not for C
../../../erf
Makefile:18: warning: overriding recipe for target 'test.F90'
../Makefile.inc:267: warning: ignoring old recipe for target 'test.F90'
cc1: warning: command-line option ‘-fprotect-parens’ is valid for Fortran but not for C
 erfappx.ftn ==> erfappx.F90 ...
cc1: warning: command-line option ‘-fprotect-parens’ is valid for Fortran but not for C
 erfappx.F90 ==> erfappx.o ...
f951: Warning: Flag ‘-fmax-stack-var-size=65536’ overwrites ‘-frecursive’ implied by ‘-fopenmp’
 erfsun_ref.c ==> erfsun_ref.o ...
cc1: warning: command-line option ‘-fprotect-parens’ is valid for Fortran but not for C
 erfsun_value.c ==> erfsun_value.o ...
cc1: warning: command-line option ‘-fprotect-parens’ is valid for Fortran but not for C
 erf_ext.ftn ==> erf_ext.F90 ...
cc1: warning: command-line option ‘-fprotect-parens’ is valid for Fortran but not for C
 erf_ext.F90 ==> erf_ext.o ...
f951: Warning: Flag ‘-fmax-stack-var-size=65536’ overwrites ‘-frecursive’ implied by ‘-fopenmp’
 ierfappx.ftn ==> ierfappx.F90 ...
cc1: warning: command-line option ‘-fprotect-parens’ is valid for Fortran but not for C
In file included from <command-line>:
ierfappx.ftn:20:22: error: pasting "8.40016484d" and "-" does not give a valid preprocessing token
   20 | #define a8 __CONCAT3(8.40016484,__PCODE,-1)
      |                      ^~~~~~~~~~
./../source.defs:240:35: note: in definition of macro ‘__CONCAT3I’
  240 | #define __CONCAT3I(__A, __B, __C) __A##__B##__C
      |                                   ^~~
ierfappx.ftn:20:12: note: in expansion of macro ‘__CONCAT3’
   20 | #define a8 __CONCAT3(8.40016484,__PCODE,-1)
      |            ^~~~~~~~~
ierfappx.ftn:39:11: note: in expansion of macro ‘a8’
   39 |   ierfo7=(a8+(a7+(a6+(a5+(a4+(a3+(a2+(a1+(a0)*t)*t)*t)*t)*t)*t)*t)*t)*x;
      |           ^~
ierfappx.ftn:19:23: error: pasting "2.64646143d" and "-" does not give a valid preprocessing token
   19 | #define a7 __CONCAT3(-2.64646143,__PCODE,-1)
      |                       ^~~~~~~~~~
./../source.defs:240:35: note: in definition of macro ‘__CONCAT3I’
  240 | #define __CONCAT3I(__A, __B, __C) __A##__B##__C
      |                                   ^~~
ierfappx.ftn:19:12: note: in expansion of macro ‘__CONCAT3’
   19 | #define a7 __CONCAT3(-2.64646143,__PCODE,-1)
      |            ^~~~~~~~~
ierfappx.ftn:39:15: note: in expansion of macro ‘a7’
   39 |   ierfo7=(a8+(a7+(a6+(a5+(a4+(a3+(a2+(a1+(a0)*t)*t)*t)*t)*t)*t)*t)*t)*x;
      |               ^~
ierfappx.ftn:18:22: error: pasting "4.83185798d" and "-" does not give a valid preprocessing token
   18 | #define a6 __CONCAT3(4.83185798,__PCODE,-3)
      |                      ^~~~~~~~~~
./../source.defs:240:35: note: in definition of macro ‘__CONCAT3I’
  240 | #define __CONCAT3I(__A, __B, __C) __A##__B##__C
      |                                   ^~~
ierfappx.ftn:18:12: note: in expansion of macro ‘__CONCAT3’
   18 | #define a6 __CONCAT3(4.83185798,__PCODE,-3)
      |            ^~~~~~~~~
ierfappx.ftn:39:19: note: in expansion of macro ‘a6’
   39 |   ierfo7=(a8+(a7+(a6+(a5+(a4+(a3+(a2+(a1+(a0)*t)*t)*t)*t)*t)*t)*t)*t)*x;
      |                   ^~
ierfappx.ftn:17:22: error: pasting "3.02698812d" and "-" does not give a valid preprocessing token
   17 | #define a5 __CONCAT3(3.02698812,__PCODE,-3)
      |                      ^~~~~~~~~~
./../source.defs:240:35: note: in definition of macro ‘__CONCAT3I’
  240 | #define __CONCAT3I(__A, __B, __C) __A##__B##__C
      |                                   ^~~
ierfappx.ftn:17:12: note: in expansion of macro ‘__CONCAT3’
   17 | #define a5 __CONCAT3(3.02698812,__PCODE,-3)
      |            ^~~~~~~~~
ierfappx.ftn:39:23: note: in expansion of macro ‘a5’
   39 |   ierfo7=(a8+(a7+(a6+(a5+(a4+(a3+(a2+(a1+(a0)*t)*t)*t)*t)*t)*t)*t)*t)*x;
      |                       ^~
ierfappx.ftn:16:22: error: pasting "3.93552968d" and "-" does not give a valid preprocessing token
   16 | #define a4 __CONCAT3(3.93552968,__PCODE,-4)
      |                      ^~~~~~~~~~
./../source.defs:240:35: note: in definition of macro ‘__CONCAT3I’
  240 | #define __CONCAT3I(__A, __B, __C) __A##__B##__C
      |                                   ^~~
ierfappx.ftn:16:12: note: in expansion of macro ‘__CONCAT3’
   16 | #define a4 __CONCAT3(3.93552968,__PCODE,-4)
      |            ^~~~~~~~~
ierfappx.ftn:39:27: note: in expansion of macro ‘a4’
   39 |   ierfo7=(a8+(a7+(a6+(a5+(a4+(a3+(a2+(a1+(a0)*t)*t)*t)*t)*t)*t)*t)*t)*x;
      |                           ^~
ierfappx.ftn:15:22: error: pasting "2.84108955d" and "-" does not give a valid preprocessing token
   15 | #define a3 __CONCAT3(2.84108955,__PCODE,-5)
      |                      ^~~~~~~~~~
./../source.defs:240:35: note: in definition of macro ‘__CONCAT3I’
  240 | #define __CONCAT3I(__A, __B, __C) __A##__B##__C
      |                                   ^~~
ierfappx.ftn:15:12: note: in expansion of macro ‘__CONCAT3’
   15 | #define a3 __CONCAT3(2.84108955,__PCODE,-5)
      |            ^~~~~~~~~
ierfappx.ftn:39:31: note: in expansion of macro ‘a3’
   39 |   ierfo7=(a8+(a7+(a6+(a5+(a4+(a3+(a2+(a1+(a0)*t)*t)*t)*t)*t)*t)*t)*t)*x;
      |                               ^~
ierfappx.ftn:14:22: error: pasting "1.22150334d" and "-" does not give a valid preprocessing token
   14 | #define a2 __CONCAT3(1.22150334,__PCODE,-6)
      |                      ^~~~~~~~~~
./../source.defs:240:35: note: in definition of macro ‘__CONCAT3I’
  240 | #define __CONCAT3I(__A, __B, __C) __A##__B##__C
      |                                   ^~~
ierfappx.ftn:14:12: note: in expansion of macro ‘__CONCAT3’
   14 | #define a2 __CONCAT3(1.22150334,__PCODE,-6)
      |            ^~~~~~~~~
ierfappx.ftn:39:35: note: in expansion of macro ‘a2’
   39 |   ierfo7=(a8+(a7+(a6+(a5+(a4+(a3+(a2+(a1+(a0)*t)*t)*t)*t)*t)*t)*t)*t)*x;
      |                                   ^~
ierfappx.ftn:13:22: error: pasting "2.93243101d" and "-" does not give a valid preprocessing token
   13 | #define a1 __CONCAT3(2.93243101,__PCODE,-8)
      |                      ^~~~~~~~~~
./../source.defs:240:35: note: in definition of macro ‘__CONCAT3I’
  240 | #define __CONCAT3I(__A, __B, __C) __A##__B##__C
      |                                   ^~~
ierfappx.ftn:13:12: note: in expansion of macro ‘__CONCAT3’
   13 | #define a1 __CONCAT3(2.93243101,__PCODE,-8)
      |            ^~~~~~~~~
ierfappx.ftn:39:39: note: in expansion of macro ‘a1’
   39 |   ierfo7=(a8+(a7+(a6+(a5+(a4+(a3+(a2+(a1+(a0)*t)*t)*t)*t)*t)*t)*t)*t)*x;
      |                                       ^~
ierfappx.ftn:12:22: error: pasting "3.03697567d" and "-" does not give a valid preprocessing token
   12 | #define a0 __CONCAT3(3.03697567,__PCODE,-10)
      |                      ^~~~~~~~~~
./../source.defs:240:35: note: in definition of macro ‘__CONCAT3I’
  240 | #define __CONCAT3I(__A, __B, __C) __A##__B##__C
      |                                   ^~~
ierfappx.ftn:12:12: note: in expansion of macro ‘__CONCAT3’
   12 | #define a0 __CONCAT3(3.03697567,__PCODE,-10)
      |            ^~~~~~~~~
ierfappx.ftn:39:43: note: in expansion of macro ‘a0’
   39 |   ierfo7=(a8+(a7+(a6+(a5+(a4+(a3+(a2+(a1+(a0)*t)*t)*t)*t)*t)*t)*t)*t)*x;
      |                                           ^~
ierfappx.ftn:31:22: error: pasting "8.86226892d" and "-" does not give a valid preprocessing token
   31 | #define b9 __CONCAT3(8.86226892,__PCODE,-1)
      |                      ^~~~~~~~~~
./../source.defs:240:35: note: in definition of macro ‘__CONCAT3I’
  240 | #define __CONCAT3I(__A, __B, __C) __A##__B##__C
      |                                   ^~~
ierfappx.ftn:31:12: note: in expansion of macro ‘__CONCAT3’
   31 | #define b9 __CONCAT3(8.86226892,__PCODE,-1)
      |            ^~~~~~~~~
ierfappx.ftn:41:11: note: in expansion of macro ‘b9’
   41 |   ierfo7=(b9+(b8+(b7+(b6+(b5+(b4+(b3+(b2+(b1+(b0)*t)*t)*t)*t)*t)*t)*t)*t)*t)*x;
      |           ^~
ierfappx.ftn:30:23: error: pasting "2.32015476d" and "-" does not give a valid preprocessing token
   30 | #define b8 __CONCAT3(-2.32015476,__PCODE,-1)
      |                       ^~~~~~~~~~
./../source.defs:240:35: note: in definition of macro ‘__CONCAT3I’
  240 | #define __CONCAT3I(__A, __B, __C) __A##__B##__C
      |                                   ^~~
ierfappx.ftn:30:12: note: in expansion of macro ‘__CONCAT3’
   30 | #define b8 __CONCAT3(-2.32015476,__PCODE,-1)
      |            ^~~~~~~~~
ierfappx.ftn:41:15: note: in expansion of macro ‘b8’
   41 |   ierfo7=(b9+(b8+(b7+(b6+(b5+(b4+(b3+(b2+(b1+(b0)*t)*t)*t)*t)*t)*t)*t)*t)*t)*x;
      |               ^~
ierfappx.ftn:29:22: error: pasting "1.15392562d" and "-" does not give a valid preprocessing token
   29 | #define b7 __CONCAT3(1.15392562,__PCODE,-2)
      |                      ^~~~~~~~~~
./../source.defs:240:35: note: in definition of macro ‘__CONCAT3I’
  240 | #define __CONCAT3I(__A, __B, __C) __A##__B##__C
      |                                   ^~~
ierfappx.ftn:29:12: note: in expansion of macro ‘__CONCAT3’
   29 | #define b7 __CONCAT3(1.15392562,__PCODE,-2)
      |            ^~~~~~~~~
ierfappx.ftn:41:19: note: in expansion of macro ‘b7’
   41 |   ierfo7=(b9+(b8+(b7+(b6+(b5+(b4+(b3+(b2+(b1+(b0)*t)*t)*t)*t)*t)*t)*t)*t)*t)*x;
      |                   ^~
ierfappx.ftn:28:22: error: pasting "2.31468701d" and "-" does not give a valid preprocessing token
   28 | #define b6 __CONCAT3(2.31468701,__PCODE,-3)
      |                      ^~~~~~~~~~
./../source.defs:240:35: note: in definition of macro ‘__CONCAT3I’
  240 | #define __CONCAT3I(__A, __B, __C) __A##__B##__C
      |                                   ^~~
ierfappx.ftn:28:12: note: in expansion of macro ‘__CONCAT3’
   28 | #define b6 __CONCAT3(2.31468701,__PCODE,-3)
      |            ^~~~~~~~~
ierfappx.ftn:41:23: note: in expansion of macro ‘b6’
   41 |   ierfo7=(b9+(b8+(b7+(b6+(b5+(b4+(b3+(b2+(b1+(b0)*t)*t)*t)*t)*t)*t)*t)*t)*t)*x;
      |                       ^~
ierfappx.ftn:27:23: error: pasting "1.47697705d" and "-" does not give a valid preprocessing token
   27 | #define b5 __CONCAT3(-1.47697705,__PCODE,-4)
      |                       ^~~~~~~~~~
./../source.defs:240:35: note: in definition of macro ‘__CONCAT3I’
  240 | #define __CONCAT3I(__A, __B, __C) __A##__B##__C
      |                                   ^~~
ierfappx.ftn:27:12: note: in expansion of macro ‘__CONCAT3’
   27 | #define b5 __CONCAT3(-1.47697705,__PCODE,-4)
      |            ^~~~~~~~~
ierfappx.ftn:41:27: note: in expansion of macro ‘b5’
   41 |   ierfo7=(b9+(b8+(b7+(b6+(b5+(b4+(b3+(b2+(b1+(b0)*t)*t)*t)*t)*t)*t)*t)*t)*t)*x;
      |                           ^~
ierfappx.ftn:26:23: error: pasting "5.61531961d" and "-" does not give a valid preprocessing token
   26 | #define b4 __CONCAT3(-5.61531961,__PCODE,-5)
      |                       ^~~~~~~~~~
./../source.defs:240:35: note: in definition of macro ‘__CONCAT3I’
  240 | #define __CONCAT3I(__A, __B, __C) __A##__B##__C
      |                                   ^~~
ierfappx.ftn:26:12: note: in expansion of macro ‘__CONCAT3’
   26 | #define b4 __CONCAT3(-5.61531961,__PCODE,-5)
      |            ^~~~~~~~~
ierfappx.ftn:41:31: note: in expansion of macro ‘b4’
   41 |   ierfo7=(b9+(b8+(b7+(b6+(b5+(b4+(b3+(b2+(b1+(b0)*t)*t)*t)*t)*t)*t)*t)*t)*t)*x;
      |                               ^~
ierfappx.ftn:25:22: error: pasting "1.12962631d" and "-" does not give a valid preprocessing token
   25 | #define b3 __CONCAT3(1.12962631,__PCODE,-7)
      |                      ^~~~~~~~~~
./../source.defs:240:35: note: in definition of macro ‘__CONCAT3I’
  240 | #define __CONCAT3I(__A, __B, __C) __A##__B##__C
      |                                   ^~~
ierfappx.ftn:25:12: note: in expansion of macro ‘__CONCAT3’
   25 | #define b3 __CONCAT3(1.12962631,__PCODE,-7)
      |            ^~~~~~~~~
ierfappx.ftn:41:35: note: in expansion of macro ‘b3’
   41 |   ierfo7=(b9+(b8+(b7+(b6+(b5+(b4+(b3+(b2+(b1+(b0)*t)*t)*t)*t)*t)*t)*t)*t)*t)*x;
      |                                   ^~
ierfappx.ftn:24:22: error: pasting "1.22775396d" and "-" does not give a valid preprocessing token
   24 | #define b2 __CONCAT3(1.22775396,__PCODE,-6)
      |                      ^~~~~~~~~~
./../source.defs:240:35: note: in definition of macro ‘__CONCAT3I’
  240 | #define __CONCAT3I(__A, __B, __C) __A##__B##__C
      |                                   ^~~
ierfappx.ftn:24:12: note: in expansion of macro ‘__CONCAT3’
   24 | #define b2 __CONCAT3(1.22775396,__PCODE,-6)
      |            ^~~~~~~~~
ierfappx.ftn:41:39: note: in expansion of macro ‘b2’
   41 |   ierfo7=(b9+(b8+(b7+(b6+(b5+(b4+(b3+(b2+(b1+(b0)*t)*t)*t)*t)*t)*t)*t)*t)*t)*x;
      |                                       ^~
ierfappx.ftn:23:22: error: pasting "1.43286059d" and "-" does not give a valid preprocessing token
   23 | #define b1 __CONCAT3(1.43286059,__PCODE,-7)
      |                      ^~~~~~~~~~
./../source.defs:240:35: note: in definition of macro ‘__CONCAT3I’
  240 | #define __CONCAT3I(__A, __B, __C) __A##__B##__C
      |                                   ^~~
ierfappx.ftn:23:12: note: in expansion of macro ‘__CONCAT3’
   23 | #define b1 __CONCAT3(1.43286059,__PCODE,-7)
      |            ^~~~~~~~~
ierfappx.ftn:41:43: note: in expansion of macro ‘b1’
   41 |   ierfo7=(b9+(b8+(b7+(b6+(b5+(b4+(b3+(b2+(b1+(b0)*t)*t)*t)*t)*t)*t)*t)*t)*t)*x;
      |                                           ^~
ierfappx.ftn:22:22: error: pasting "5.43877832d" and "-" does not give a valid preprocessing token
   22 | #define b0 __CONCAT3(5.43877832,__PCODE,-9)
      |                      ^~~~~~~~~~
./../source.defs:240:35: note: in definition of macro ‘__CONCAT3I’
  240 | #define __CONCAT3I(__A, __B, __C) __A##__B##__C
      |                                   ^~~
ierfappx.ftn:22:12: note: in expansion of macro ‘__CONCAT3’
   22 | #define b0 __CONCAT3(5.43877832,__PCODE,-9)
      |            ^~~~~~~~~
ierfappx.ftn:41:47: note: in expansion of macro ‘b0’
   41 |   ierfo7=(b9+(b8+(b7+(b6+(b5+(b4+(b3+(b2+(b1+(b0)*t)*t)*t)*t)*t)*t)*t)*t)*t)*x;
      |                                               ^~
 ierfappx.F90 ==> ierfappx.o ...
f951: Warning: Flag ‘-fmax-stack-var-size=65536’ overwrites ‘-frecursive’ implied by ‘-fopenmp’
 molecule.F90 ==> molecule.o ...
f951: Warning: Flag ‘-fmax-stack-var-size=65536’ overwrites ‘-frecursive’ implied by ‘-fopenmp’
 object.F90 ==> object.o ...
f951: Warning: Flag ‘-fmax-stack-var-size=65536’ overwrites ‘-frecursive’ implied by ‘-fopenmp’
 gridsize.F90 ==> gridsize.o ...
f951: Warning: Flag ‘-fmax-stack-var-size=65536’ overwrites ‘-frecursive’ implied by ‘-fopenmp’
 continuum.ftn ==> continuum.F90 ...
 grid.ftn ==> grid.F90 ...
In file included from <command-line>:
<stdin>:111:15: error: pasting "X" and "-" does not give a valid preprocessing token
./../../source.defs:237:28: note: in definition of macro ‘__CONCAT1’
  237 | #define __CONCAT1(__A,__B) __A##__B
      |                            ^~~
./../../source.defs:231:27: note: in expansion of macro ‘__CONCAT2’
  231 | #define __CONCAT(__A,__B) __CONCAT2(__A,__B)
      |                           ^~~~~~~~~
gridopts.def:56:25: note: in expansion of macro ‘__CONCAT’
   56 | #define __NAME  minimum __CONCAT(__DIM,-grid) spacing
      |                         ^~~~~~~~
gridopts.def:56:34: note: in expansion of macro ‘__DIM’
   56 | #define __NAME  minimum __CONCAT(__DIM,-grid) spacing
      |                                  ^~~~~
../../parser/parser_macro1.src:23:36: note: in expansion of macro ‘__NAME’
   23 |    call warning(__WHOAMI, __STRING(__NAME)//&
      |                                    ^~~~~~
<stdin>:111:15: error: pasting "X" and "-" does not give a valid preprocessing token
./../../source.defs:237:28: note: in definition of macro ‘__CONCAT1’
  237 | #define __CONCAT1(__A,__B) __A##__B
      |                            ^~~
./../../source.defs:231:27: note: in expansion of macro ‘__CONCAT2’
  231 | #define __CONCAT(__A,__B) __CONCAT2(__A,__B)
      |                           ^~~~~~~~~
gridopts.def:56:25: note: in expansion of macro ‘__CONCAT’
   56 | #define __NAME  minimum __CONCAT(__DIM,-grid) spacing
      |                         ^~~~~~~~
gridopts.def:56:34: note: in expansion of macro ‘__DIM’
   56 | #define __NAME  minimum __CONCAT(__DIM,-grid) spacing
      |                                  ^~~~~
../../parser/parser_macro1.src:43:34: note: in expansion of macro ‘__NAME’
   43 | &                       __STRING(__NAME)//' to "'//keyword(1:l)//'"');
      |                                  ^~~~~~
<stdin>:111:15: error: pasting "X" and "-" does not give a valid preprocessing token
./../../source.defs:237:28: note: in definition of macro ‘__CONCAT1’
  237 | #define __CONCAT1(__A,__B) __A##__B
      |                            ^~~
./../../source.defs:231:27: note: in expansion of macro ‘__CONCAT2’
  231 | #define __CONCAT(__A,__B) __CONCAT2(__A,__B)
      |                           ^~~~~~~~~
gridopts.def:56:25: note: in expansion of macro ‘__CONCAT’
   56 | #define __NAME  minimum __CONCAT(__DIM,-grid) spacing
      |                         ^~~~~~~~
gridopts.def:56:34: note: in expansion of macro ‘__DIM’
   56 | #define __NAME  minimum __CONCAT(__DIM,-grid) spacing
      |                                  ^~~~~
../../parser/parser_macro1.src:48:35: note: in expansion of macro ‘__NAME’
   48 | &  call warning(__WHOAMI,__STRING(__NAME)//' cannot be negative ("'//keyword(1:l)//'"). Abort.',-1)
      |                                   ^~~~~~
<stdin>:111:15: error: pasting "X" and "-" does not give a valid preprocessing token
./../../source.defs:237:28: note: in definition of macro ‘__CONCAT1’
  237 | #define __CONCAT1(__A,__B) __A##__B
      |                            ^~~
./../../source.defs:231:27: note: in expansion of macro ‘__CONCAT2’
  231 | #define __CONCAT(__A,__B) __CONCAT2(__A,__B)
      |                           ^~~~~~~~~
gridopts.def:62:17: note: in expansion of macro ‘__CONCAT’
   62 | #define __NAME  __CONCAT(__DIM,-grid) stretching parameter
      |                 ^~~~~~~~
gridopts.def:62:26: note: in expansion of macro ‘__DIM’
   62 | #define __NAME  __CONCAT(__DIM,-grid) stretching parameter
      |                          ^~~~~
../../parser/parser_macro1.src:23:36: note: in expansion of macro ‘__NAME’
   23 |    call warning(__WHOAMI, __STRING(__NAME)//&
      |                                    ^~~~~~
<stdin>:111:15: error: pasting "X" and "-" does not give a valid preprocessing token
./../../source.defs:237:28: note: in definition of macro ‘__CONCAT1’
  237 | #define __CONCAT1(__A,__B) __A##__B
      |                            ^~~
./../../source.defs:231:27: note: in expansion of macro ‘__CONCAT2’
  231 | #define __CONCAT(__A,__B) __CONCAT2(__A,__B)
      |                           ^~~~~~~~~
gridopts.def:62:17: note: in expansion of macro ‘__CONCAT’
   62 | #define __NAME  __CONCAT(__DIM,-grid) stretching parameter
      |                 ^~~~~~~~
gridopts.def:62:26: note: in expansion of macro ‘__DIM’
   62 | #define __NAME  __CONCAT(__DIM,-grid) stretching parameter
      |                          ^~~~~
../../parser/parser_macro1.src:43:34: note: in expansion of macro ‘__NAME’
   43 | &                       __STRING(__NAME)//' to "'//keyword(1:l)//'"');
      |                                  ^~~~~~
<stdin>:111:15: error: pasting "X" and "-" does not give a valid preprocessing token
./../../source.defs:237:28: note: in definition of macro ‘__CONCAT1’
  237 | #define __CONCAT1(__A,__B) __A##__B
      |                            ^~~
./../../source.defs:231:27: note: in expansion of macro ‘__CONCAT2’
  231 | #define __CONCAT(__A,__B) __CONCAT2(__A,__B)
      |                           ^~~~~~~~~
gridopts.def:62:17: note: in expansion of macro ‘__CONCAT’
   62 | #define __NAME  __CONCAT(__DIM,-grid) stretching parameter
      |                 ^~~~~~~~
gridopts.def:62:26: note: in expansion of macro ‘__DIM’
   62 | #define __NAME  __CONCAT(__DIM,-grid) stretching parameter
      |                          ^~~~~
../../parser/parser_macro1.src:48:35: note: in expansion of macro ‘__NAME’
   48 | &  call warning(__WHOAMI,__STRING(__NAME)//' cannot be negative ("'//keyword(1:l)//'"). Abort.',-1)
      |                                   ^~~~~~
<stdin>:111:15: error: pasting "X" and "-" does not give a valid preprocessing token
./../../source.defs:237:28: note: in definition of macro ‘__CONCAT1’
  237 | #define __CONCAT1(__A,__B) __A##__B
      |                            ^~~
./../../source.defs:231:27: note: in expansion of macro ‘__CONCAT2’
  231 | #define __CONCAT(__A,__B) __CONCAT2(__A,__B)
      |                           ^~~~~~~~~
gridopts.def:71:29: note: in expansion of macro ‘__CONCAT’
   71 | #define __NAME  flag to fix __CONCAT(__DIM,-stretching) parameter
      |                             ^~~~~~~~
gridopts.def:71:38: note: in expansion of macro ‘__DIM’
   71 | #define __NAME  flag to fix __CONCAT(__DIM,-stretching) parameter
      |                                      ^~~~~
../../parser/parser_macro1.src:23:36: note: in expansion of macro ‘__NAME’
   23 |    call warning(__WHOAMI, __STRING(__NAME)//&
      |                                    ^~~~~~
<stdin>:111:15: error: pasting "X" and "-" does not give a valid preprocessing token
./../../source.defs:237:28: note: in definition of macro ‘__CONCAT1’
  237 | #define __CONCAT1(__A,__B) __A##__B
      |                            ^~~
./../../source.defs:231:27: note: in expansion of macro ‘__CONCAT2’
  231 | #define __CONCAT(__A,__B) __CONCAT2(__A,__B)
      |                           ^~~~~~~~~
gridopts.def:71:29: note: in expansion of macro ‘__CONCAT’
   71 | #define __NAME  flag to fix __CONCAT(__DIM,-stretching) parameter
      |                             ^~~~~~~~
gridopts.def:71:38: note: in expansion of macro ‘__DIM’
   71 | #define __NAME  flag to fix __CONCAT(__DIM,-stretching) parameter
      |                                      ^~~~~
../../parser/parser_macro1.src:43:34: note: in expansion of macro ‘__NAME’
   43 | &                       __STRING(__NAME)//' to "'//keyword(1:l)//'"');
      |                                  ^~~~~~
<stdin>:111:15: error: pasting "X" and "-" does not give a valid preprocessing token
./../../source.defs:237:28: note: in definition of macro ‘__CONCAT1’
  237 | #define __CONCAT1(__A,__B) __A##__B
      |                            ^~~
./../../source.defs:231:27: note: in expansion of macro ‘__CONCAT2’
  231 | #define __CONCAT(__A,__B) __CONCAT2(__A,__B)
      |                           ^~~~~~~~~
gridopts.def:78:34: note: in expansion of macro ‘__CONCAT’
   78 | #define __NAME  flag to optimize __CONCAT(__DIM,-grid) factorization
      |                                  ^~~~~~~~
gridopts.def:78:43: note: in expansion of macro ‘__DIM’
   78 | #define __NAME  flag to optimize __CONCAT(__DIM,-grid) factorization
      |                                           ^~~~~
../../parser/parser_macro1.src:23:36: note: in expansion of macro ‘__NAME’
   23 |    call warning(__WHOAMI, __STRING(__NAME)//&
      |                                    ^~~~~~
<stdin>:111:15: error: pasting "X" and "-" does not give a valid preprocessing token
./../../source.defs:237:28: note: in definition of macro ‘__CONCAT1’
  237 | #define __CONCAT1(__A,__B) __A##__B
      |                            ^~~
./../../source.defs:231:27: note: in expansion of macro ‘__CONCAT2’
  231 | #define __CONCAT(__A,__B) __CONCAT2(__A,__B)
      |                           ^~~~~~~~~
gridopts.def:78:34: note: in expansion of macro ‘__CONCAT’
   78 | #define __NAME  flag to optimize __CONCAT(__DIM,-grid) factorization
      |                                  ^~~~~~~~
gridopts.def:78:43: note: in expansion of macro ‘__DIM’
   78 | #define __NAME  flag to optimize __CONCAT(__DIM,-grid) factorization
      |                                           ^~~~~
../../parser/parser_macro1.src:43:34: note: in expansion of macro ‘__NAME’
   43 | &                       __STRING(__NAME)//' to "'//keyword(1:l)//'"');
      |                                  ^~~~~~
<stdin>:111:15: error: pasting "X" and "-" does not give a valid preprocessing token
./../../source.defs:237:28: note: in definition of macro ‘__CONCAT1’
  237 | #define __CONCAT1(__A,__B) __A##__B
      |                            ^~~
./../../source.defs:231:27: note: in expansion of macro ‘__CONCAT2’
  231 | #define __CONCAT(__A,__B) __CONCAT2(__A,__B)
      |                           ^~~~~~~~~
gridopts.def:86:17: note: in expansion of macro ‘__CONCAT’
   86 | #define __NAME  __CONCAT(__DIM,-grid) buffer
      |                 ^~~~~~~~
gridopts.def:86:26: note: in expansion of macro ‘__DIM’
   86 | #define __NAME  __CONCAT(__DIM,-grid) buffer
      |                          ^~~~~
../../parser/parser_macro1.src:23:36: note: in expansion of macro ‘__NAME’
   23 |    call warning(__WHOAMI, __STRING(__NAME)//&
      |                                    ^~~~~~
<stdin>:111:15: error: pasting "X" and "-" does not give a valid preprocessing token
./../../source.defs:237:28: note: in definition of macro ‘__CONCAT1’
  237 | #define __CONCAT1(__A,__B) __A##__B
      |                            ^~~
./../../source.defs:231:27: note: in expansion of macro ‘__CONCAT2’
  231 | #define __CONCAT(__A,__B) __CONCAT2(__A,__B)
      |                           ^~~~~~~~~
gridopts.def:86:17: note: in expansion of macro ‘__CONCAT’
   86 | #define __NAME  __CONCAT(__DIM,-grid) buffer
      |                 ^~~~~~~~
gridopts.def:86:26: note: in expansion of macro ‘__DIM’
   86 | #define __NAME  __CONCAT(__DIM,-grid) buffer
      |                          ^~~~~
../../parser/parser_macro1.src:43:34: note: in expansion of macro ‘__NAME’
   43 | &                       __STRING(__NAME)//' to "'//keyword(1:l)//'"');
      |                                  ^~~~~~
<stdin>:124:15: error: pasting "Y" and "-" does not give a valid preprocessing token
./../../source.defs:237:28: note: in definition of macro ‘__CONCAT1’
  237 | #define __CONCAT1(__A,__B) __A##__B
      |                            ^~~
./../../source.defs:231:27: note: in expansion of macro ‘__CONCAT2’
  231 | #define __CONCAT(__A,__B) __CONCAT2(__A,__B)
      |                           ^~~~~~~~~
gridopts.def:56:25: note: in expansion of macro ‘__CONCAT’
   56 | #define __NAME  minimum __CONCAT(__DIM,-grid) spacing
      |                         ^~~~~~~~
gridopts.def:56:34: note: in expansion of macro ‘__DIM’
   56 | #define __NAME  minimum __CONCAT(__DIM,-grid) spacing
      |                                  ^~~~~
../../parser/parser_macro1.src:23:36: note: in expansion of macro ‘__NAME’
   23 |    call warning(__WHOAMI, __STRING(__NAME)//&
      |                                    ^~~~~~
<stdin>:124:15: error: pasting "Y" and "-" does not give a valid preprocessing token
./../../source.defs:237:28: note: in definition of macro ‘__CONCAT1’
  237 | #define __CONCAT1(__A,__B) __A##__B
      |                            ^~~
./../../source.defs:231:27: note: in expansion of macro ‘__CONCAT2’
  231 | #define __CONCAT(__A,__B) __CONCAT2(__A,__B)
      |                           ^~~~~~~~~
gridopts.def:56:25: note: in expansion of macro ‘__CONCAT’
   56 | #define __NAME  minimum __CONCAT(__DIM,-grid) spacing
      |                         ^~~~~~~~
gridopts.def:56:34: note: in expansion of macro ‘__DIM’
   56 | #define __NAME  minimum __CONCAT(__DIM,-grid) spacing
      |                                  ^~~~~
../../parser/parser_macro1.src:43:34: note: in expansion of macro ‘__NAME’
   43 | &                       __STRING(__NAME)//' to "'//keyword(1:l)//'"');
      |                                  ^~~~~~
<stdin>:124:15: error: pasting "Y" and "-" does not give a valid preprocessing token
./../../source.defs:237:28: note: in definition of macro ‘__CONCAT1’
  237 | #define __CONCAT1(__A,__B) __A##__B
      |                            ^~~
./../../source.defs:231:27: note: in expansion of macro ‘__CONCAT2’
  231 | #define __CONCAT(__A,__B) __CONCAT2(__A,__B)
      |                           ^~~~~~~~~
gridopts.def:56:25: note: in expansion of macro ‘__CONCAT’
   56 | #define __NAME  minimum __CONCAT(__DIM,-grid) spacing
      |                         ^~~~~~~~
gridopts.def:56:34: note: in expansion of macro ‘__DIM’
   56 | #define __NAME  minimum __CONCAT(__DIM,-grid) spacing
      |                                  ^~~~~
../../parser/parser_macro1.src:48:35: note: in expansion of macro ‘__NAME’
   48 | &  call warning(__WHOAMI,__STRING(__NAME)//' cannot be negative ("'//keyword(1:l)//'"). Abort.',-1)
      |                                   ^~~~~~
<stdin>:124:15: error: pasting "Y" and "-" does not give a valid preprocessing token
./../../source.defs:237:28: note: in definition of macro ‘__CONCAT1’
  237 | #define __CONCAT1(__A,__B) __A##__B
      |                            ^~~
./../../source.defs:231:27: note: in expansion of macro ‘__CONCAT2’
  231 | #define __CONCAT(__A,__B) __CONCAT2(__A,__B)
      |                           ^~~~~~~~~
gridopts.def:62:17: note: in expansion of macro ‘__CONCAT’
   62 | #define __NAME  __CONCAT(__DIM,-grid) stretching parameter
      |                 ^~~~~~~~
gridopts.def:62:26: note: in expansion of macro ‘__DIM’
   62 | #define __NAME  __CONCAT(__DIM,-grid) stretching parameter
      |                          ^~~~~
../../parser/parser_macro1.src:23:36: note: in expansion of macro ‘__NAME’
   23 |    call warning(__WHOAMI, __STRING(__NAME)//&
      |                                    ^~~~~~
<stdin>:124:15: error: pasting "Y" and "-" does not give a valid preprocessing token
./../../source.defs:237:28: note: in definition of macro ‘__CONCAT1’
  237 | #define __CONCAT1(__A,__B) __A##__B
      |                            ^~~
./../../source.defs:231:27: note: in expansion of macro ‘__CONCAT2’
  231 | #define __CONCAT(__A,__B) __CONCAT2(__A,__B)
      |                           ^~~~~~~~~
gridopts.def:62:17: note: in expansion of macro ‘__CONCAT’
   62 | #define __NAME  __CONCAT(__DIM,-grid) stretching parameter
      |                 ^~~~~~~~
gridopts.def:62:26: note: in expansion of macro ‘__DIM’
   62 | #define __NAME  __CONCAT(__DIM,-grid) stretching parameter
      |                          ^~~~~
../../parser/parser_macro1.src:43:34: note: in expansion of macro ‘__NAME’
   43 | &                       __STRING(__NAME)//' to "'//keyword(1:l)//'"');
      |                                  ^~~~~~
<stdin>:124:15: error: pasting "Y" and "-" does not give a valid preprocessing token
./../../source.defs:237:28: note: in definition of macro ‘__CONCAT1’
  237 | #define __CONCAT1(__A,__B) __A##__B
      |                            ^~~
./../../source.defs:231:27: note: in expansion of macro ‘__CONCAT2’
  231 | #define __CONCAT(__A,__B) __CONCAT2(__A,__B)
      |                           ^~~~~~~~~
gridopts.def:62:17: note: in expansion of macro ‘__CONCAT’
   62 | #define __NAME  __CONCAT(__DIM,-grid) stretching parameter
      |                 ^~~~~~~~
gridopts.def:62:26: note: in expansion of macro ‘__DIM’
   62 | #define __NAME  __CONCAT(__DIM,-grid) stretching parameter
      |                          ^~~~~
../../parser/parser_macro1.src:48:35: note: in expansion of macro ‘__NAME’
   48 | &  call warning(__WHOAMI,__STRING(__NAME)//' cannot be negative ("'//keyword(1:l)//'"). Abort.',-1)
      |                                   ^~~~~~
<stdin>:124:15: error: pasting "Y" and "-" does not give a valid preprocessing token
./../../source.defs:237:28: note: in definition of macro ‘__CONCAT1’
  237 | #define __CONCAT1(__A,__B) __A##__B
      |                            ^~~
./../../source.defs:231:27: note: in expansion of macro ‘__CONCAT2’
  231 | #define __CONCAT(__A,__B) __CONCAT2(__A,__B)
      |                           ^~~~~~~~~
gridopts.def:71:29: note: in expansion of macro ‘__CONCAT’
   71 | #define __NAME  flag to fix __CONCAT(__DIM,-stretching) parameter
      |                             ^~~~~~~~
gridopts.def:71:38: note: in expansion of macro ‘__DIM’
   71 | #define __NAME  flag to fix __CONCAT(__DIM,-stretching) parameter
      |                                      ^~~~~
../../parser/parser_macro1.src:23:36: note: in expansion of macro ‘__NAME’
   23 |    call warning(__WHOAMI, __STRING(__NAME)//&
      |                                    ^~~~~~
<stdin>:124:15: error: pasting "Y" and "-" does not give a valid preprocessing token
./../../source.defs:237:28: note: in definition of macro ‘__CONCAT1’
  237 | #define __CONCAT1(__A,__B) __A##__B
      |                            ^~~
./../../source.defs:231:27: note: in expansion of macro ‘__CONCAT2’
  231 | #define __CONCAT(__A,__B) __CONCAT2(__A,__B)
      |                           ^~~~~~~~~
gridopts.def:71:29: note: in expansion of macro ‘__CONCAT’
   71 | #define __NAME  flag to fix __CONCAT(__DIM,-stretching) parameter
      |                             ^~~~~~~~
gridopts.def:71:38: note: in expansion of macro ‘__DIM’
   71 | #define __NAME  flag to fix __CONCAT(__DIM,-stretching) parameter
      |                                      ^~~~~
../../parser/parser_macro1.src:43:34: note: in expansion of macro ‘__NAME’
   43 | &                       __STRING(__NAME)//' to "'//keyword(1:l)//'"');
      |                                  ^~~~~~
<stdin>:124:15: error: pasting "Y" and "-" does not give a valid preprocessing token
./../../source.defs:237:28: note: in definition of macro ‘__CONCAT1’
  237 | #define __CONCAT1(__A,__B) __A##__B
      |                            ^~~
./../../source.defs:231:27: note: in expansion of macro ‘__CONCAT2’
  231 | #define __CONCAT(__A,__B) __CONCAT2(__A,__B)
      |                           ^~~~~~~~~
gridopts.def:78:34: note: in expansion of macro ‘__CONCAT’
   78 | #define __NAME  flag to optimize __CONCAT(__DIM,-grid) factorization
      |                                  ^~~~~~~~
gridopts.def:78:43: note: in expansion of macro ‘__DIM’
   78 | #define __NAME  flag to optimize __CONCAT(__DIM,-grid) factorization
      |                                           ^~~~~
../../parser/parser_macro1.src:23:36: note: in expansion of macro ‘__NAME’
   23 |    call warning(__WHOAMI, __STRING(__NAME)//&
      |                                    ^~~~~~
<stdin>:124:15: error: pasting "Y" and "-" does not give a valid preprocessing token
./../../source.defs:237:28: note: in definition of macro ‘__CONCAT1’
  237 | #define __CONCAT1(__A,__B) __A##__B
      |                            ^~~
./../../source.defs:231:27: note: in expansion of macro ‘__CONCAT2’
  231 | #define __CONCAT(__A,__B) __CONCAT2(__A,__B)
      |                           ^~~~~~~~~
gridopts.def:78:34: note: in expansion of macro ‘__CONCAT’
   78 | #define __NAME  flag to optimize __CONCAT(__DIM,-grid) factorization
      |                                  ^~~~~~~~
gridopts.def:78:43: note: in expansion of macro ‘__DIM’
   78 | #define __NAME  flag to optimize __CONCAT(__DIM,-grid) factorization
      |                                           ^~~~~
../../parser/parser_macro1.src:43:34: note: in expansion of macro ‘__NAME’
   43 | &                       __STRING(__NAME)//' to "'//keyword(1:l)//'"');
      |                                  ^~~~~~
<stdin>:124:15: error: pasting "Y" and "-" does not give a valid preprocessing token
./../../source.defs:237:28: note: in definition of macro ‘__CONCAT1’
  237 | #define __CONCAT1(__A,__B) __A##__B
      |                            ^~~
./../../source.defs:231:27: note: in expansion of macro ‘__CONCAT2’
  231 | #define __CONCAT(__A,__B) __CONCAT2(__A,__B)
      |                           ^~~~~~~~~
gridopts.def:86:17: note: in expansion of macro ‘__CONCAT’
   86 | #define __NAME  __CONCAT(__DIM,-grid) buffer
      |                 ^~~~~~~~
gridopts.def:86:26: note: in expansion of macro ‘__DIM’
   86 | #define __NAME  __CONCAT(__DIM,-grid) buffer
      |                          ^~~~~
../../parser/parser_macro1.src:23:36: note: in expansion of macro ‘__NAME’
   23 |    call warning(__WHOAMI, __STRING(__NAME)//&
      |                                    ^~~~~~
<stdin>:124:15: error: pasting "Y" and "-" does not give a valid preprocessing token
./../../source.defs:237:28: note: in definition of macro ‘__CONCAT1’
  237 | #define __CONCAT1(__A,__B) __A##__B
      |                            ^~~
./../../source.defs:231:27: note: in expansion of macro ‘__CONCAT2’
  231 | #define __CONCAT(__A,__B) __CONCAT2(__A,__B)
      |                           ^~~~~~~~~
gridopts.def:86:17: note: in expansion of macro ‘__CONCAT’
   86 | #define __NAME  __CONCAT(__DIM,-grid) buffer
      |                 ^~~~~~~~
gridopts.def:86:26: note: in expansion of macro ‘__DIM’
   86 | #define __NAME  __CONCAT(__DIM,-grid) buffer
      |                          ^~~~~
../../parser/parser_macro1.src:43:34: note: in expansion of macro ‘__NAME’
   43 | &                       __STRING(__NAME)//' to "'//keyword(1:l)//'"');
      |                                  ^~~~~~
<stdin>:138:15: error: pasting "Z" and "-" does not give a valid preprocessing token
./../../source.defs:237:28: note: in definition of macro ‘__CONCAT1’
  237 | #define __CONCAT1(__A,__B) __A##__B
      |                            ^~~
./../../source.defs:231:27: note: in expansion of macro ‘__CONCAT2’
  231 | #define __CONCAT(__A,__B) __CONCAT2(__A,__B)
      |                           ^~~~~~~~~
gridopts.def:56:25: note: in expansion of macro ‘__CONCAT’
   56 | #define __NAME  minimum __CONCAT(__DIM,-grid) spacing
      |                         ^~~~~~~~
gridopts.def:56:34: note: in expansion of macro ‘__DIM’
   56 | #define __NAME  minimum __CONCAT(__DIM,-grid) spacing
      |                                  ^~~~~
../../parser/parser_macro1.src:23:36: note: in expansion of macro ‘__NAME’
   23 |    call warning(__WHOAMI, __STRING(__NAME)//&
      |                                    ^~~~~~
<stdin>:138:15: error: pasting "Z" and "-" does not give a valid preprocessing token
./../../source.defs:237:28: note: in definition of macro ‘__CONCAT1’
  237 | #define __CONCAT1(__A,__B) __A##__B
      |                            ^~~
./../../source.defs:231:27: note: in expansion of macro ‘__CONCAT2’
  231 | #define __CONCAT(__A,__B) __CONCAT2(__A,__B)
      |                           ^~~~~~~~~
gridopts.def:56:25: note: in expansion of macro ‘__CONCAT’
   56 | #define __NAME  minimum __CONCAT(__DIM,-grid) spacing
      |                         ^~~~~~~~
gridopts.def:56:34: note: in expansion of macro ‘__DIM’
   56 | #define __NAME  minimum __CONCAT(__DIM,-grid) spacing
      |                                  ^~~~~
../../parser/parser_macro1.src:43:34: note: in expansion of macro ‘__NAME’
   43 | &                       __STRING(__NAME)//' to "'//keyword(1:l)//'"');
      |                                  ^~~~~~
<stdin>:138:15: error: pasting "Z" and "-" does not give a valid preprocessing token
./../../source.defs:237:28: note: in definition of macro ‘__CONCAT1’
  237 | #define __CONCAT1(__A,__B) __A##__B
      |                            ^~~
./../../source.defs:231:27: note: in expansion of macro ‘__CONCAT2’
  231 | #define __CONCAT(__A,__B) __CONCAT2(__A,__B)
      |                           ^~~~~~~~~
gridopts.def:56:25: note: in expansion of macro ‘__CONCAT’
   56 | #define __NAME  minimum __CONCAT(__DIM,-grid) spacing
      |                         ^~~~~~~~
gridopts.def:56:34: note: in expansion of macro ‘__DIM’
   56 | #define __NAME  minimum __CONCAT(__DIM,-grid) spacing
      |                                  ^~~~~
../../parser/parser_macro1.src:48:35: note: in expansion of macro ‘__NAME’
   48 | &  call warning(__WHOAMI,__STRING(__NAME)//' cannot be negative ("'//keyword(1:l)//'"). Abort.',-1)
      |                                   ^~~~~~
<stdin>:138:15: error: pasting "Z" and "-" does not give a valid preprocessing token
./../../source.defs:237:28: note: in definition of macro ‘__CONCAT1’
  237 | #define __CONCAT1(__A,__B) __A##__B
      |                            ^~~
./../../source.defs:231:27: note: in expansion of macro ‘__CONCAT2’
  231 | #define __CONCAT(__A,__B) __CONCAT2(__A,__B)
      |                           ^~~~~~~~~
gridopts.def:62:17: note: in expansion of macro ‘__CONCAT’
   62 | #define __NAME  __CONCAT(__DIM,-grid) stretching parameter
      |                 ^~~~~~~~
gridopts.def:62:26: note: in expansion of macro ‘__DIM’
   62 | #define __NAME  __CONCAT(__DIM,-grid) stretching parameter
      |                          ^~~~~
../../parser/parser_macro1.src:23:36: note: in expansion of macro ‘__NAME’
   23 |    call warning(__WHOAMI, __STRING(__NAME)//&
      |                                    ^~~~~~
<stdin>:138:15: error: pasting "Z" and "-" does not give a valid preprocessing token
./../../source.defs:237:28: note: in definition of macro ‘__CONCAT1’
  237 | #define __CONCAT1(__A,__B) __A##__B
      |                            ^~~
./../../source.defs:231:27: note: in expansion of macro ‘__CONCAT2’
  231 | #define __CONCAT(__A,__B) __CONCAT2(__A,__B)
      |                           ^~~~~~~~~
gridopts.def:62:17: note: in expansion of macro ‘__CONCAT’
   62 | #define __NAME  __CONCAT(__DIM,-grid) stretching parameter
      |                 ^~~~~~~~
gridopts.def:62:26: note: in expansion of macro ‘__DIM’
   62 | #define __NAME  __CONCAT(__DIM,-grid) stretching parameter
      |                          ^~~~~
../../parser/parser_macro1.src:43:34: note: in expansion of macro ‘__NAME’
   43 | &                       __STRING(__NAME)//' to "'//keyword(1:l)//'"');
      |                                  ^~~~~~
<stdin>:138:15: error: pasting "Z" and "-" does not give a valid preprocessing token
./../../source.defs:237:28: note: in definition of macro ‘__CONCAT1’
  237 | #define __CONCAT1(__A,__B) __A##__B
      |                            ^~~
./../../source.defs:231:27: note: in expansion of macro ‘__CONCAT2’
  231 | #define __CONCAT(__A,__B) __CONCAT2(__A,__B)
      |                           ^~~~~~~~~
gridopts.def:62:17: note: in expansion of macro ‘__CONCAT’
   62 | #define __NAME  __CONCAT(__DIM,-grid) stretching parameter
      |                 ^~~~~~~~
gridopts.def:62:26: note: in expansion of macro ‘__DIM’
   62 | #define __NAME  __CONCAT(__DIM,-grid) stretching parameter
      |                          ^~~~~
../../parser/parser_macro1.src:48:35: note: in expansion of macro ‘__NAME’
   48 | &  call warning(__WHOAMI,__STRING(__NAME)//' cannot be negative ("'//keyword(1:l)//'"). Abort.',-1)
      |                                   ^~~~~~
<stdin>:138:15: error: pasting "Z" and "-" does not give a valid preprocessing token
./../../source.defs:237:28: note: in definition of macro ‘__CONCAT1’
  237 | #define __CONCAT1(__A,__B) __A##__B
      |                            ^~~
./../../source.defs:231:27: note: in expansion of macro ‘__CONCAT2’
  231 | #define __CONCAT(__A,__B) __CONCAT2(__A,__B)
      |                           ^~~~~~~~~
gridopts.def:71:29: note: in expansion of macro ‘__CONCAT’
   71 | #define __NAME  flag to fix __CONCAT(__DIM,-stretching) parameter
      |                             ^~~~~~~~
gridopts.def:71:38: note: in expansion of macro ‘__DIM’
   71 | #define __NAME  flag to fix __CONCAT(__DIM,-stretching) parameter
      |                                      ^~~~~
../../parser/parser_macro1.src:23:36: note: in expansion of macro ‘__NAME’
   23 |    call warning(__WHOAMI, __STRING(__NAME)//&
      |                                    ^~~~~~
<stdin>:138:15: error: pasting "Z" and "-" does not give a valid preprocessing token
./../../source.defs:237:28: note: in definition of macro ‘__CONCAT1’
  237 | #define __CONCAT1(__A,__B) __A##__B
      |                            ^~~
./../../source.defs:231:27: note: in expansion of macro ‘__CONCAT2’
  231 | #define __CONCAT(__A,__B) __CONCAT2(__A,__B)
      |                           ^~~~~~~~~
gridopts.def:71:29: note: in expansion of macro ‘__CONCAT’
   71 | #define __NAME  flag to fix __CONCAT(__DIM,-stretching) parameter
      |                             ^~~~~~~~
gridopts.def:71:38: note: in expansion of macro ‘__DIM’
   71 | #define __NAME  flag to fix __CONCAT(__DIM,-stretching) parameter
      |                                      ^~~~~
../../parser/parser_macro1.src:43:34: note: in expansion of macro ‘__NAME’
   43 | &                       __STRING(__NAME)//' to "'//keyword(1:l)//'"');
      |                                  ^~~~~~
<stdin>:138:15: error: pasting "Z" and "-" does not give a valid preprocessing token
./../../source.defs:237:28: note: in definition of macro ‘__CONCAT1’
  237 | #define __CONCAT1(__A,__B) __A##__B
      |                            ^~~
./../../source.defs:231:27: note: in expansion of macro ‘__CONCAT2’
  231 | #define __CONCAT(__A,__B) __CONCAT2(__A,__B)
      |                           ^~~~~~~~~
gridopts.def:78:34: note: in expansion of macro ‘__CONCAT’
   78 | #define __NAME  flag to optimize __CONCAT(__DIM,-grid) factorization
      |                                  ^~~~~~~~
gridopts.def:78:43: note: in expansion of macro ‘__DIM’
   78 | #define __NAME  flag to optimize __CONCAT(__DIM,-grid) factorization
      |                                           ^~~~~
../../parser/parser_macro1.src:23:36: note: in expansion of macro ‘__NAME’
   23 |    call warning(__WHOAMI, __STRING(__NAME)//&
      |                                    ^~~~~~
<stdin>:138:15: error: pasting "Z" and "-" does not give a valid preprocessing token
./../../source.defs:237:28: note: in definition of macro ‘__CONCAT1’
  237 | #define __CONCAT1(__A,__B) __A##__B
      |                            ^~~
./../../source.defs:231:27: note: in expansion of macro ‘__CONCAT2’
  231 | #define __CONCAT(__A,__B) __CONCAT2(__A,__B)
      |                           ^~~~~~~~~
gridopts.def:78:34: note: in expansion of macro ‘__CONCAT’
   78 | #define __NAME  flag to optimize __CONCAT(__DIM,-grid) factorization
      |                                  ^~~~~~~~
gridopts.def:78:43: note: in expansion of macro ‘__DIM’
   78 | #define __NAME  flag to optimize __CONCAT(__DIM,-grid) factorization
      |                                           ^~~~~
../../parser/parser_macro1.src:43:34: note: in expansion of macro ‘__NAME’
   43 | &                       __STRING(__NAME)//' to "'//keyword(1:l)//'"');
      |                                  ^~~~~~
<stdin>:138:15: error: pasting "Z" and "-" does not give a valid preprocessing token
./../../source.defs:237:28: note: in definition of macro ‘__CONCAT1’
  237 | #define __CONCAT1(__A,__B) __A##__B
      |                            ^~~
./../../source.defs:231:27: note: in expansion of macro ‘__CONCAT2’
  231 | #define __CONCAT(__A,__B) __CONCAT2(__A,__B)
      |                           ^~~~~~~~~
gridopts.def:86:17: note: in expansion of macro ‘__CONCAT’
   86 | #define __NAME  __CONCAT(__DIM,-grid) buffer
      |                 ^~~~~~~~
gridopts.def:86:26: note: in expansion of macro ‘__DIM’
   86 | #define __NAME  __CONCAT(__DIM,-grid) buffer
      |                          ^~~~~
../../parser/parser_macro1.src:23:36: note: in expansion of macro ‘__NAME’
   23 |    call warning(__WHOAMI, __STRING(__NAME)//&
      |                                    ^~~~~~
<stdin>:138:15: error: pasting "Z" and "-" does not give a valid preprocessing token
./../../source.defs:237:28: note: in definition of macro ‘__CONCAT1’
  237 | #define __CONCAT1(__A,__B) __A##__B
      |                            ^~~
./../../source.defs:231:27: note: in expansion of macro ‘__CONCAT2’
  231 | #define __CONCAT(__A,__B) __CONCAT2(__A,__B)
      |                           ^~~~~~~~~
gridopts.def:86:17: note: in expansion of macro ‘__CONCAT’
   86 | #define __NAME  __CONCAT(__DIM,-grid) buffer
      |                 ^~~~~~~~
gridopts.def:86:26: note: in expansion of macro ‘__DIM’
   86 | #define __NAME  __CONCAT(__DIM,-grid) buffer
      |                          ^~~~~
../../parser/parser_macro1.src:43:34: note: in expansion of macro ‘__NAME’
   43 | &                       __STRING(__NAME)//' to "'//keyword(1:l)//'"');
      |                                  ^~~~~~
 grid.F90 ==> grid.o ...
f951: Warning: Flag ‘-fmax-stack-var-size=65536’ overwrites ‘-frecursive’ implied by ‘-fopenmp’
 continuum.F90 ==> continuum.o ...
f951: Warning: Flag ‘-fmax-stack-var-size=65536’ overwrites ‘-frecursive’ implied by ‘-fopenmp’
../continua/chest
 multigrid.ftn ==> multigrid.F90 ...
../../timer
 timer.ftn ==> timer.F90 ...
 timer.F90 ==> timer.o ...
f951: Warning: Flag ‘-fmax-stack-var-size=65536’ overwrites ‘-frecursive’ implied by ‘-fopenmp’
 mgutil.c ==> mgutil.o ...
 multigrid.F90 ==> multigrid.o ...
f951: Warning: Flag ‘-fmax-stack-var-size=65536’ overwrites ‘-frecursive’ implied by ‘-fopenmp’
multigrid.F90:750:2:

  750 | & alleps(i3b),allkappa(i3), & ! gridded coefficients
      |  1
Warning: Element of assumed-shape or pointer array passed to array dummy argument ‘eps’ at (1)
multigrid.F90:750:14:

  750 | & alleps(i3b),allkappa(i3), & ! gridded coefficients
      |              1
Warning: Element of assumed-shape or pointer array passed to array dummy argument ‘kappa’ at (1)
multigrid.F90:751:2:

  751 | & odxall(i1),odxall(i1+nnx+1),odyall(j1),odyall(j1+nny+1),odzall(k1),odzall(k1+nnz-i2d+i3d),& ! grid metrics
      |  1
Warning: Element of assumed-shape or pointer array passed to array dummy argument ‘odxcen’ at (1)
multigrid.F90:751:13:

  751 | & odxall(i1),odxall(i1+nnx+1),odyall(j1),odyall(j1+nny+1),odzall(k1),odzall(k1+nnz-i2d+i3d),& ! grid metrics
      |             1
Warning: Element of assumed-shape or pointer array passed to array dummy argument ‘odxcor’ at (1)
multigrid.F90:751:30:

  751 | & odxall(i1),odxall(i1+nnx+1),odyall(j1),odyall(j1+nny+1),odzall(k1),odzall(k1+nnz-i2d+i3d),& ! grid metrics
      |                              1
Warning: Element of assumed-shape or pointer array passed to array dummy argument ‘odycen’ at (1)
multigrid.F90:751:41:

  751 | & odxall(i1),odxall(i1+nnx+1),odyall(j1),odyall(j1+nny+1),odzall(k1),odzall(k1+nnz-i2d+i3d),& ! grid metrics
      |                                         1
Warning: Element of assumed-shape or pointer array passed to array dummy argument ‘odycor’ at (1)
multigrid.F90:751:58:

  751 | & odxall(i1),odxall(i1+nnx+1),odyall(j1),odyall(j1+nny+1),odzall(k1),odzall(k1+nnz-i2d+i3d),& ! grid metrics
      |                                                          1
Warning: Element of assumed-shape or pointer array passed to array dummy argument ‘odzcen’ at (1)
multigrid.F90:751:69:

  751 | & odxall(i1),odxall(i1+nnx+1),odyall(j1),odyall(j1+nny+1),odzall(k1),odzall(k1+nnz-i2d+i3d),& ! grid metrics
      |                                                                     1
Warning: Element of assumed-shape or pointer array passed to array dummy argument ‘odzcor’ at (1)
multigrid.F90:837:26:

  837 |         call residual(res,allp(i3b),allrhs(i3),allw(i3),alle(i3),alls(i3),alln(i3),allf(i3),allb(i3),allo(i3),nnx+2,nny+2,nnz+2,q2d)
      |                          1
Warning: Element of assumed-shape or pointer array passed to array dummy argument ‘p’ at (1)
multigrid.F90:837:36:

  837 |         call residual(res,allp(i3b),allrhs(i3),allw(i3),alle(i3),alls(i3),alln(i3),allf(i3),allb(i3),allo(i3),nnx+2,nny+2,nnz+2,q2d)
      |                                    1
Warning: Element of assumed-shape or pointer array passed to array dummy argument ‘rhs’ at (1)
multigrid.F90:849:25:

  849 |        call coarsen(res, allrhs(i3), nnx, nny, nnz, i2d, 0)
      |                         1
Warning: Element of assumed-shape or pointer array passed to array dummy argument ‘c’ at (1)
multigrid.F90:849:59:

  849 |        call coarsen(res, allrhs(i3), nnx, nny, nnz, i2d, 0)
      |                                                           1
Warning: Type mismatch in argument ‘ibc’ at (1); passed INTEGER(4) to INTEGER(1)
multigrid.F90:856:18:

  856 |        call fzero(allp(i3b),nnx+2,nny+2,nnz+2)
      |                  1
Warning: Element of assumed-shape or pointer array passed to array dummy argument ‘a’ at (1)
multigrid.F90:883:19:

  883 |        call refine(allp(i3b-di), allp(i3b), nnx, nny, nnz, i2d)
      |                   1
Warning: Element of assumed-shape or pointer array passed to array dummy argument ‘f’ at (1)
multigrid.F90:883:33:

  883 |        call refine(allp(i3b-di), allp(i3b), nnx, nny, nnz, i2d)
      |                                 1
Warning: Element of assumed-shape or pointer array passed to array dummy argument ‘c’ at (1)
multigrid.F90:914:20:

  914 |         call Jacobi(allp(i3b),allrhs(i3),allw(i3),alle(i3),alls(i3),alln(i3),allf(i3),allb(i3),nnx+2,nny+2,nnz+2,omega,q2d)
      |                    1
Warning: Element of assumed-shape or pointer array passed to array dummy argument ‘p’ at (1)
multigrid.F90:914:30:

  914 |         call Jacobi(allp(i3b),allrhs(i3),allw(i3),alle(i3),alls(i3),alln(i3),allf(i3),allb(i3),nnx+2,nny+2,nnz+2,omega,q2d)
      |                              1
Warning: Element of assumed-shape or pointer array passed to array dummy argument ‘rhs’ at (1)
multigrid.F90:936:30:

  936 |         call JacobiTiledLoMem(allp(i3b),allrhs(i3),alleps(i3b),allkappa(i3),&
      |                              1
Warning: Element of assumed-shape or pointer array passed to array dummy argument ‘p’ at (1)
multigrid.F90:936:40:

  936 |         call JacobiTiledLoMem(allp(i3b),allrhs(i3),alleps(i3b),allkappa(i3),&
      |                                        1
Warning: Element of assumed-shape or pointer array passed to array dummy argument ‘rhs’ at (1)
multigrid.F90:936:51:

  936 |         call JacobiTiledLoMem(allp(i3b),allrhs(i3),alleps(i3b),allkappa(i3),&
      |                                                   1
Warning: Element of assumed-shape or pointer array passed to array dummy argument ‘eps’ at (1)
multigrid.F90:936:63:

  936 |         call JacobiTiledLoMem(allp(i3b),allrhs(i3),alleps(i3b),allkappa(i3),&
      |                                                               1
Warning: Element of assumed-shape or pointer array passed to array dummy argument ‘kappa’ at (1)
multigrid.F90:937:2:

  937 | & odxall(i1),odxall(i1+nnx+1),odyall(j1),odyall(j1+nny+1),odzall(k1),odzall(k1+nnz-i2d+i3d),&
      |  1
Warning: Element of assumed-shape or pointer array passed to array dummy argument ‘odxcen’ at (1)
multigrid.F90:937:13:

  937 | & odxall(i1),odxall(i1+nnx+1),odyall(j1),odyall(j1+nny+1),odzall(k1),odzall(k1+nnz-i2d+i3d),&
      |             1
Warning: Element of assumed-shape or pointer array passed to array dummy argument ‘odxcor’ at (1)
multigrid.F90:937:30:

  937 | & odxall(i1),odxall(i1+nnx+1),odyall(j1),odyall(j1+nny+1),odzall(k1),odzall(k1+nnz-i2d+i3d),&
      |                              1
Warning: Element of assumed-shape or pointer array passed to array dummy argument ‘odycen’ at (1)
multigrid.F90:937:41:

  937 | & odxall(i1),odxall(i1+nnx+1),odyall(j1),odyall(j1+nny+1),odzall(k1),odzall(k1+nnz-i2d+i3d),&
      |                                         1
Warning: Element of assumed-shape or pointer array passed to array dummy argument ‘odycor’ at (1)
multigrid.F90:937:58:

  937 | & odxall(i1),odxall(i1+nnx+1),odyall(j1),odyall(j1+nny+1),odzall(k1),odzall(k1+nnz-i2d+i3d),&
      |                                                          1
Warning: Element of assumed-shape or pointer array passed to array dummy argument ‘odzcen’ at (1)
multigrid.F90:937:69:

  937 | & odxall(i1),odxall(i1+nnx+1),odyall(j1),odyall(j1+nny+1),odzall(k1),odzall(k1+nnz-i2d+i3d),&
      |                                                                     1
Warning: Element of assumed-shape or pointer array passed to array dummy argument ‘odzcor’ at (1)
multigrid.F90:960:28:

  960 |         call JacobiOnTheFly(allp(i3b),allrhs(i3),alleps(i3b),allkappa(i3),&
      |                            1
Warning: Element of assumed-shape or pointer array passed to array dummy argument ‘p’ at (1)
multigrid.F90:960:38:

  960 |         call JacobiOnTheFly(allp(i3b),allrhs(i3),alleps(i3b),allkappa(i3),&
      |                                      1
Warning: Element of assumed-shape or pointer array passed to array dummy argument ‘rhs’ at (1)
multigrid.F90:960:49:

  960 |         call JacobiOnTheFly(allp(i3b),allrhs(i3),alleps(i3b),allkappa(i3),&
      |                                                 1
Warning: Element of assumed-shape or pointer array passed to array dummy argument ‘eps’ at (1)
multigrid.F90:960:61:

  960 |         call JacobiOnTheFly(allp(i3b),allrhs(i3),alleps(i3b),allkappa(i3),&
      |                                                             1
Warning: Element of assumed-shape or pointer array passed to array dummy argument ‘kappa’ at (1)
multigrid.F90:961:2:

  961 | & odxall(i1),odxall(i1+nnx+1),odyall(j1),odyall(j1+nny+1),odzall(k1),odzall(k1+nnz-i2d+i3d),&
      |  1
Warning: Element of assumed-shape or pointer array passed to array dummy argument ‘odxcen’ at (1)
multigrid.F90:961:13:

  961 | & odxall(i1),odxall(i1+nnx+1),odyall(j1),odyall(j1+nny+1),odzall(k1),odzall(k1+nnz-i2d+i3d),&
      |             1
Warning: Element of assumed-shape or pointer array passed to array dummy argument ‘odxcor’ at (1)
multigrid.F90:961:30:

  961 | & odxall(i1),odxall(i1+nnx+1),odyall(j1),odyall(j1+nny+1),odzall(k1),odzall(k1+nnz-i2d+i3d),&
      |                              1
Warning: Element of assumed-shape or pointer array passed to array dummy argument ‘odycen’ at (1)
multigrid.F90:961:41:

  961 | & odxall(i1),odxall(i1+nnx+1),odyall(j1),odyall(j1+nny+1),odzall(k1),odzall(k1+nnz-i2d+i3d),&
      |                                         1
Warning: Element of assumed-shape or pointer array passed to array dummy argument ‘odycor’ at (1)
multigrid.F90:961:58:

  961 | & odxall(i1),odxall(i1+nnx+1),odyall(j1),odyall(j1+nny+1),odzall(k1),odzall(k1+nnz-i2d+i3d),&
      |                                                          1
Warning: Element of assumed-shape or pointer array passed to array dummy argument ‘odzcen’ at (1)
multigrid.F90:961:69:

  961 | & odxall(i1),odxall(i1+nnx+1),odyall(j1),odyall(j1+nny+1),odzall(k1),odzall(k1+nnz-i2d+i3d),&
      |                                                                     1
Warning: Element of assumed-shape or pointer array passed to array dummy argument ‘odzcor’ at (1)
multigrid.F90:985:25:

  985 |         call GaussSeidel(allp(i3b),allrhs(i3),allw(i3),alle(i3),alls(i3),alln(i3),allf(i3),allb(i3),nnx+2,nny+2,nnz+2,omega,q2d)
      |                         1
Warning: Element of assumed-shape or pointer array passed to array dummy argument ‘p’ at (1)
multigrid.F90:985:35:

  985 |         call GaussSeidel(allp(i3b),allrhs(i3),allw(i3),alle(i3),alls(i3),alln(i3),allf(i3),allb(i3),nnx+2,nny+2,nnz+2,omega,q2d)
      |                                   1
Warning: Element of assumed-shape or pointer array passed to array dummy argument ‘rhs’ at (1)
multigrid.F90:1032:32:

 1032 |         call GaussSeidelReverse(allp(i3b),allrhs(i3),allw(i3),alle(i3),alls(i3),alln(i3),allf(i3),allb(i3),nnx+2,nny+2,nnz+2,omega&
      |                                1
Warning: Element of assumed-shape or pointer array passed to array dummy argument ‘p’ at (1)
multigrid.F90:1032:42:

 1032 |         call GaussSeidelReverse(allp(i3b),allrhs(i3),allw(i3),alle(i3),alls(i3),alln(i3),allf(i3),allb(i3),nnx+2,nny+2,nnz+2,omega&
      |                                          1
Warning: Element of assumed-shape or pointer array passed to array dummy argument ‘rhs’ at (1)
multigrid.F90:1056:27:

 1056 |         call GaussSeidelRB(allp(i3b),allrhs(i3),allw(i3),alle(i3),alls(i3),alln(i3),allf(i3),allb(i3),nnx+2,nny+2,nnz+2,omega,q2d)
      |                           1
Warning: Element of assumed-shape or pointer array passed to array dummy argument ‘p’ at (1)
multigrid.F90:1056:37:

 1056 |         call GaussSeidelRB(allp(i3b),allrhs(i3),allw(i3),alle(i3),alls(i3),alln(i3),allf(i3),allb(i3),nnx+2,nny+2,nnz+2,omega,q2d)
      |                                     1
Warning: Element of assumed-shape or pointer array passed to array dummy argument ‘rhs’ at (1)
multigrid.F90:1078:32:

 1078 |         call GaussSeidelRBTiled(allp(i3b),allrhs(i3),allw(i3),alle(i3),alls(i3),alln(i3),allf(i3),allb(i3),nnx+2,nny+2,nnz+2,omega&
      |                                1
Warning: Element of assumed-shape or pointer array passed to array dummy argument ‘p’ at (1)
multigrid.F90:1078:42:

 1078 |         call GaussSeidelRBTiled(allp(i3b),allrhs(i3),allw(i3),alle(i3),alls(i3),alln(i3),allf(i3),allb(i3),nnx+2,nny+2,nnz+2,omega&
      |                                          1
Warning: Element of assumed-shape or pointer array passed to array dummy argument ‘rhs’ at (1)
multigrid.F90:1101:37:

 1101 |         call GaussSeidelRBTiledLoMem(allp(i3b),allrhs(i3),alleps(i3b),allkappa(i3),&
      |                                     1
Warning: Element of assumed-shape or pointer array passed to array dummy argument ‘p’ at (1)
multigrid.F90:1101:47:

 1101 |         call GaussSeidelRBTiledLoMem(allp(i3b),allrhs(i3),alleps(i3b),allkappa(i3),&
      |                                               1
Warning: Element of assumed-shape or pointer array passed to array dummy argument ‘rhs’ at (1)
multigrid.F90:1101:58:

 1101 |         call GaussSeidelRBTiledLoMem(allp(i3b),allrhs(i3),alleps(i3b),allkappa(i3),&
      |                                                          1
Warning: Element of assumed-shape or pointer array passed to array dummy argument ‘eps’ at (1)
multigrid.F90:1101:70:

 1101 |         call GaussSeidelRBTiledLoMem(allp(i3b),allrhs(i3),alleps(i3b),allkappa(i3),&
      |                                                                      1
Warning: Element of assumed-shape or pointer array passed to array dummy argument ‘kappa’ at (1)
multigrid.F90:1102:2:

 1102 | & odxall(i1),odxall(i1+nnx+1),odyall(j1),odyall(j1+nny+1),odzall(k1),odzall(k1+nnz-i2d+i3d),&
      |  1
Warning: Element of assumed-shape or pointer array passed to array dummy argument ‘odxcen’ at (1)
multigrid.F90:1102:13:

 1102 | & odxall(i1),odxall(i1+nnx+1),odyall(j1),odyall(j1+nny+1),odzall(k1),odzall(k1+nnz-i2d+i3d),&
      |             1
Warning: Element of assumed-shape or pointer array passed to array dummy argument ‘odxcor’ at (1)
multigrid.F90:1102:30:

 1102 | & odxall(i1),odxall(i1+nnx+1),odyall(j1),odyall(j1+nny+1),odzall(k1),odzall(k1+nnz-i2d+i3d),&
      |                              1
Warning: Element of assumed-shape or pointer array passed to array dummy argument ‘odycen’ at (1)
multigrid.F90:1102:41:

 1102 | & odxall(i1),odxall(i1+nnx+1),odyall(j1),odyall(j1+nny+1),odzall(k1),odzall(k1+nnz-i2d+i3d),&
      |                                         1
Warning: Element of assumed-shape or pointer array passed to array dummy argument ‘odycor’ at (1)
multigrid.F90:1102:58:

 1102 | & odxall(i1),odxall(i1+nnx+1),odyall(j1),odyall(j1+nny+1),odzall(k1),odzall(k1+nnz-i2d+i3d),&
      |                                                          1
Warning: Element of assumed-shape or pointer array passed to array dummy argument ‘odzcen’ at (1)
multigrid.F90:1102:69:

 1102 | & odxall(i1),odxall(i1+nnx+1),odyall(j1),odyall(j1+nny+1),odzall(k1),odzall(k1+nnz-i2d+i3d),&
      |                                                                     1
Warning: Element of assumed-shape or pointer array passed to array dummy argument ‘odzcor’ at (1)
multigrid.F90:1135:22:

 1135 |          call GSInner(allp(i3b),allrhs(i3),allw(i3),alle(i3),alls(i3),alln(i3),allf(i3),allb(i3),nnx+2,nny+2,nnz+2,omega,q2d,k)
      |                      1
Warning: Element of assumed-shape or pointer array passed to array dummy argument ‘p’ at (1)
multigrid.F90:1135:32:

 1135 |          call GSInner(allp(i3b),allrhs(i3),allw(i3),alle(i3),alls(i3),alln(i3),allf(i3),allb(i3),nnx+2,nny+2,nnz+2,omega,q2d,k)
      |                                1
Warning: Element of assumed-shape or pointer array passed to array dummy argument ‘rhs’ at (1)
multigrid.F90:1154:23:

 1154 |           call GSOuter(allp(i3b),allrhs(i3),allw(i3),alle(i3),alls(i3),alln(i3),allf(i3),allb(i3),nnx+2,nny+2,nnz+2,omega,q2d,n)
      |                       1
Warning: Element of assumed-shape or pointer array passed to array dummy argument ‘p’ at (1)
multigrid.F90:1154:33:

 1154 |           call GSOuter(allp(i3b),allrhs(i3),allw(i3),alle(i3),alls(i3),alln(i3),allf(i3),allb(i3),nnx+2,nny+2,nnz+2,omega,q2d,n)
      |                                 1
Warning: Element of assumed-shape or pointer array passed to array dummy argument ‘rhs’ at (1)
multigrid.F90:581:107:

  581 |    if (bc_type(west).eq.periodic)then;ibc=periodic;else;ibc=neumann;endif; call apply_bc_dnp(alleps(inewb),z,nnx,nny,nnz,west,ibc,bc_wgt(west,l),q2d)
      |                                                                                                           1
......
  780 |   call apply_bc_dnp(allp(i3b),allwest (i2),nnx, nny, nnz, west, bc_type(west), bc_wgt(west,level), q2d)
      |                              2                                                                             
Warning: Rank mismatch between actual argument at (1) and actual argument at (2) (scalar and rank-1)
multigrid.F90:582:107:

  582 |    if (bc_type(east).eq.periodic)then;ibc=periodic;else;ibc=neumann;endif; call apply_bc_dnp(alleps(inewb),z,nnx,nny,nnz,east,ibc,bc_wgt(east,l),q2d)
      |                                                                                                           1
......
  780 |   call apply_bc_dnp(allp(i3b),allwest (i2),nnx, nny, nnz, west, bc_type(west), bc_wgt(west,level), q2d)
      |                              2                                                                             
Warning: Rank mismatch between actual argument at (1) and actual argument at (2) (scalar and rank-1)
multigrid.F90:583:108:

  583 |    if (bc_type(south).eq.periodic)then;ibc=periodic;else;ibc=neumann;endif; call apply_bc_dnp(alleps(inewb),z,nnx,nny,nnz,south,ibc,bc_wgt(south,l),q2d)
      |                                                                                                            1
......
  780 |   call apply_bc_dnp(allp(i3b),allwest (i2),nnx, nny, nnz, west, bc_type(west), bc_wgt(west,level), q2d)
      |                              2                                                                              
Warning: Rank mismatch between actual argument at (1) and actual argument at (2) (scalar and rank-1)
multigrid.F90:584:108:

  584 |    if (bc_type(north).eq.periodic)then;ibc=periodic;else;ibc=neumann;endif; call apply_bc_dnp(alleps(inewb),z,nnx,nny,nnz,north,ibc,bc_wgt(north,l),q2d)
      |                                                                                                            1
......
  780 |   call apply_bc_dnp(allp(i3b),allwest (i2),nnx, nny, nnz, west, bc_type(west), bc_wgt(west,level), q2d)
      |                              2                                                                              
Warning: Rank mismatch between actual argument at (1) and actual argument at (2) (scalar and rank-1)
multigrid.F90:586:110:

  586 |      if (bc_type(front).eq.periodic)then;ibc=periodic;else;ibc=neumann;endif; call apply_bc_dnp(alleps(inewb),z,nnx,nny,nnz,front,ibc,bc_wgt(front,l),q2d)
      |                                                                                                              1
......
  780 |   call apply_bc_dnp(allp(i3b),allwest (i2),nnx, nny, nnz, west, bc_type(west), bc_wgt(west,level), q2d)
      |                              2                                                                                
Warning: Rank mismatch between actual argument at (1) and actual argument at (2) (scalar and rank-1)
multigrid.F90:587:109:

  587 |      if (bc_type(back).eq.periodic)then;ibc=periodic;else;ibc=neumann;endif; call apply_bc_dnp(alleps(inewb),z,nnx,nny,nnz,back,ibc,bc_wgt(back,l),q2d)
      |                                                                                                             1
......
  780 |   call apply_bc_dnp(allp(i3b),allwest (i2),nnx, nny, nnz, west, bc_type(west), bc_wgt(west,level), q2d)
      |                              2                                                                               
Warning: Rank mismatch between actual argument at (1) and actual argument at (2) (scalar and rank-1)
multigrid.F90:608:34:

  608 |    if (update_kappa) call coarsen(allkappa(iold), allkappa(inew),nnx,nny,nnz, i2d, 0)
      |                                  1
Warning: Element of assumed-shape or pointer array passed to array dummy argument ‘f’ at (1)
multigrid.F90:608:50:

  608 |    if (update_kappa) call coarsen(allkappa(iold), allkappa(inew),nnx,nny,nnz, i2d, 0)
      |                                                  1
Warning: Element of assumed-shape or pointer array passed to array dummy argument ‘c’ at (1)
multigrid.F90:608:85:

  608 |    if (update_kappa) call coarsen(allkappa(iold), allkappa(inew),nnx,nny,nnz, i2d, 0)
      |                                                                                     1
Warning: Type mismatch in argument ‘ibc’ at (1); passed INTEGER(4) to INTEGER(1)
multigrid.F90:612:17:

  612 |     call coarsen(alleps(ioldb), alleps(inewb), nnx,nny,nnz, i2d, 1) ! boundary offset
      |                 1
Warning: Element of assumed-shape or pointer array passed to array dummy argument ‘f’ at (1)
multigrid.F90:612:32:

  612 |     call coarsen(alleps(ioldb), alleps(inewb), nnx,nny,nnz, i2d, 1) ! boundary offset
      |                                1
Warning: Element of assumed-shape or pointer array passed to array dummy argument ‘c’ at (1)
multigrid.F90:612:85:

  612 |     call coarsen(alleps(ioldb), alleps(inewb), nnx,nny,nnz, i2d, 1) ! boundary offset
      |                                                                                     1
Warning: Type mismatch in argument ‘ibc’ at (1); passed INTEGER(4) to INTEGER(1)
multigrid.F90:617:108:

  617 |     if (bc_type(west).eq.periodic)then;ibc=periodic;else;ibc=neumann;endif; call apply_bc_dnp(alleps(inewb),z,nnx,nny,nnz,west,ibc,bc_wgt(west,l),q2d)
      |                                                                                                            1
......
  780 |   call apply_bc_dnp(allp(i3b),allwest (i2),nnx, nny, nnz, west, bc_type(west), bc_wgt(west,level), q2d)
      |                              2                                                                              
Warning: Rank mismatch between actual argument at (1) and actual argument at (2) (scalar and rank-1)
multigrid.F90:618:108:

  618 |     if (bc_type(east).eq.periodic)then;ibc=periodic;else;ibc=neumann;endif; call apply_bc_dnp(alleps(inewb),z,nnx,nny,nnz,east,ibc,bc_wgt(east,l),q2d)
      |                                                                                                            1
......
  780 |   call apply_bc_dnp(allp(i3b),allwest (i2),nnx, nny, nnz, west, bc_type(west), bc_wgt(west,level), q2d)
      |                              2                                                                              
Warning: Rank mismatch between actual argument at (1) and actual argument at (2) (scalar and rank-1)
multigrid.F90:619:109:

  619 |     if (bc_type(south).eq.periodic)then;ibc=periodic;else;ibc=neumann;endif; call apply_bc_dnp(alleps(inewb),z,nnx,nny,nnz,south,ibc,bc_wgt(south,l),q2d)
      |                                                                                                             1
......
  780 |   call apply_bc_dnp(allp(i3b),allwest (i2),nnx, nny, nnz, west, bc_type(west), bc_wgt(west,level), q2d)
      |                              2                                                                               
Warning: Rank mismatch between actual argument at (1) and actual argument at (2) (scalar and rank-1)
multigrid.F90:620:109:

  620 |     if (bc_type(north).eq.periodic)then;ibc=periodic;else;ibc=neumann;endif; call apply_bc_dnp(alleps(inewb),z,nnx,nny,nnz,north,ibc,bc_wgt(north,l),q2d)
      |                                                                                                             1
......
  780 |   call apply_bc_dnp(allp(i3b),allwest (i2),nnx, nny, nnz, west, bc_type(west), bc_wgt(west,level), q2d)
      |                              2                                                                               
Warning: Rank mismatch between actual argument at (1) and actual argument at (2) (scalar and rank-1)
multigrid.F90:622:110:

  622 |      if (bc_type(front).eq.periodic)then;ibc=periodic;else;ibc=neumann;endif; call apply_bc_dnp(alleps(inewb),z,nnx,nny,nnz,front,ibc,bc_wgt(front,l),q2d)
      |                                                                                                              1
......
  780 |   call apply_bc_dnp(allp(i3b),allwest (i2),nnx, nny, nnz, west, bc_type(west), bc_wgt(west,level), q2d)
      |                              2                                                                                
Warning: Rank mismatch between actual argument at (1) and actual argument at (2) (scalar and rank-1)
multigrid.F90:623:109:

  623 |      if (bc_type(back).eq.periodic)then;ibc=periodic;else;ibc=neumann;endif; call apply_bc_dnp(alleps(inewb),z,nnx,nny,nnz,back,ibc,bc_wgt(back,l),q2d)
      |                                                                                                             1
......
  780 |   call apply_bc_dnp(allp(i3b),allwest (i2),nnx, nny, nnz, west, bc_type(west), bc_wgt(west,level), q2d)
      |                              2                                                                               
Warning: Rank mismatch between actual argument at (1) and actual argument at (2) (scalar and rank-1)
 ches.ftn ==> ches.F90 ...
In file included from <command-line>:
<stdin>:134:24: error: pasting "eps_" and "%" does not give a valid preprocessing token
./../../source.defs:240:35: note: in definition of macro ‘__CONCAT3I’
  240 | #define __CONCAT3I(__A, __B, __C) __A##__B##__C
      |                                   ^~~
<stdin>:133:30: note: in expansion of macro ‘__CONCAT3’
<stdin>:134:10: note: in expansion of macro ‘__MSGINIT’
<stdin>:135:26: error: pasting "kappa_" and "%" does not give a valid preprocessing token
./../../source.defs:240:35: note: in definition of macro ‘__CONCAT3I’
  240 | #define __CONCAT3I(__A, __B, __C) __A##__B##__C
      |                                   ^~~
<stdin>:133:30: note: in expansion of macro ‘__CONCAT3’
<stdin>:135:10: note: in expansion of macro ‘__MSGINIT’
<stdin>:136:24: error: pasting "rhs_" and "%" does not give a valid preprocessing token
./../../source.defs:240:35: note: in definition of macro ‘__CONCAT3I’
  240 | #define __CONCAT3I(__A, __B, __C) __A##__B##__C
      |                                   ^~~
<stdin>:133:30: note: in expansion of macro ‘__CONCAT3’
<stdin>:136:10: note: in expansion of macro ‘__MSGINIT’
<stdin>:166:22: error: pasting "p_" and "%" does not give a valid preprocessing token
./../../source.defs:240:35: note: in definition of macro ‘__CONCAT3I’
  240 | #define __CONCAT3I(__A, __B, __C) __A##__B##__C
      |                                   ^~~
<stdin>:95:35: note: in expansion of macro ‘__CONCAT3’
<stdin>:166:8: note: in expansion of macro ‘__CHKINIT’
<stdin>:167:24: error: pasting "p_" and "%" does not give a valid preprocessing token
./../../source.defs:240:35: note: in definition of macro ‘__CONCAT3I’
  240 | #define __CONCAT3I(__A, __B, __C) __A##__B##__C
      |                                   ^~~
<stdin>:96:41: note: in expansion of macro ‘__CONCAT3’
<stdin>:167:8: note: in expansion of macro ‘__CHKBCINIT’
<stdin>:171:22: error: pasting "eps_" and "%" does not give a valid preprocessing token
./../../source.defs:240:35: note: in definition of macro ‘__CONCAT3I’
  240 | #define __CONCAT3I(__A, __B, __C) __A##__B##__C
      |                                   ^~~
<stdin>:95:35: note: in expansion of macro ‘__CONCAT3’
<stdin>:171:8: note: in expansion of macro ‘__CHKINIT’
<stdin>:172:24: error: pasting "kappa_" and "%" does not give a valid preprocessing token
./../../source.defs:240:35: note: in definition of macro ‘__CONCAT3I’
  240 | #define __CONCAT3I(__A, __B, __C) __A##__B##__C
      |                                   ^~~
<stdin>:95:35: note: in expansion of macro ‘__CONCAT3’
<stdin>:172:8: note: in expansion of macro ‘__CHKINIT’
<stdin>:173:22: error: pasting "rhs_" and "%" does not give a valid preprocessing token
./../../source.defs:240:35: note: in definition of macro ‘__CONCAT3I’
  240 | #define __CONCAT3I(__A, __B, __C) __A##__B##__C
      |                                   ^~~
<stdin>:95:35: note: in expansion of macro ‘__CONCAT3’
<stdin>:173:8: note: in expansion of macro ‘__CHKINIT’
<stdin>:409:17: error: pasting "p_" and "%" does not give a valid preprocessing token
./../../source.defs:240:35: note: in definition of macro ‘__CONCAT3I’
  240 | #define __CONCAT3I(__A, __B, __C) __A##__B##__C
      |                                   ^~~
<stdin>:95:35: note: in expansion of macro ‘__CONCAT3’
<stdin>:409:3: note: in expansion of macro ‘__CHKINIT’
<stdin>:410:17: error: pasting "rhs_" and "%" does not give a valid preprocessing token
./../../source.defs:240:35: note: in definition of macro ‘__CONCAT3I’
  240 | #define __CONCAT3I(__A, __B, __C) __A##__B##__C
      |                                   ^~~
<stdin>:95:35: note: in expansion of macro ‘__CONCAT3’
<stdin>:410:3: note: in expansion of macro ‘__CHKINIT’
<stdin>:430: warning: "_S" redefined
<stdin>:403: note: this is the location of the previous definition
<stdin>:436:17: error: pasting "rhs_" and "%" does not give a valid preprocessing token
./../../source.defs:240:35: note: in definition of macro ‘__CONCAT3I’
  240 | #define __CONCAT3I(__A, __B, __C) __A##__B##__C
      |                                   ^~~
<stdin>:95:35: note: in expansion of macro ‘__CONCAT3’
<stdin>:436:3: note: in expansion of macro ‘__CHKINIT’
<stdin>:451: warning: "_S" redefined
<stdin>:430: note: this is the location of the previous definition
<stdin>:456:17: error: pasting "p_" and "%" does not give a valid preprocessing token
./../../source.defs:240:35: note: in definition of macro ‘__CONCAT3I’
  240 | #define __CONCAT3I(__A, __B, __C) __A##__B##__C
      |                                   ^~~
<stdin>:95:35: note: in expansion of macro ‘__CONCAT3’
<stdin>:456:3: note: in expansion of macro ‘__CHKINIT’
 ches.F90 ==> ches.o ...
f951: Warning: Flag ‘-fmax-stack-var-size=65536’ overwrites ‘-frecursive’ implied by ‘-fopenmp’
../lu
 lu.ftn ==> lu.F90 ...
 lu.F90 ==> lu.o ...
f951: Warning: Flag ‘-fmax-stack-var-size=65536’ overwrites ‘-frecursive’ implied by ‘-fopenmp’
../unitcell
 unitcell.ftn ==> unitcell.F90 ...
 unitcell.F90 ==> unitcell.o ...
f951: Warning: Flag ‘-fmax-stack-var-size=65536’ overwrites ‘-frecursive’ implied by ‘-fopenmp’
../ppoly
 ppoly1.ftn ==> ppoly1.F90 ...
<stdin>:185:100: warning: missing terminating ' character
 ppoly1.F90 ==> ppoly1.o ...
f951: Warning: Flag ‘-fmax-stack-var-size=65536’ overwrites ‘-frecursive’ implied by ‘-fopenmp’
 ppoly2.ftn ==> ppoly2.F90 ...
 ppoly2.F90 ==> ppoly2.o ...
f951: Warning: Flag ‘-fmax-stack-var-size=65536’ overwrites ‘-frecursive’ implied by ‘-fopenmp’
 bracket.ftn ==> bracket.F90 ...
 bracket.F90 ==> bracket.o ...
f951: Warning: Flag ‘-fmax-stack-var-size=65536’ overwrites ‘-frecursive’ implied by ‘-fopenmp’
 ugrid.ftn ==> ugrid.F90 ...
cc1: warning: command-line option ‘-fprotect-parens’ is valid for Fortran but not for C
 ugrid.F90 ==> ugrid.o ...
f951: Warning: Flag ‘-fmax-stack-var-size=65536’ overwrites ‘-frecursive’ implied by ‘-fopenmp’
 watershell.F90 ==> watershell.o ...
f951: Warning: Flag ‘-fmax-stack-var-size=65536’ overwrites ‘-frecursive’ implied by ‘-fopenmp’
 watershell_plugin.ftn ==> watershell_plugin.F90 ...
cc1: warning: command-line option ‘-fprotect-parens’ is valid for Fortran but not for C
 watershell2.ftn ==> watershell2.F90 ...
cc1: warning: command-line option ‘-fprotect-parens’ is valid for Fortran but not for C
<stdin>:1224:8: warning: extra tokens at end of #endif directive [-Wendif-labels]
<stdin>:2143:8: warning: extra tokens at end of #endif directive [-Wendif-labels]
<stdin>:2147:8: warning: extra tokens at end of #endif directive [-Wendif-labels]
<stdin>:2640:87: warning: missing terminating ' character
<stdin>:2759:8: warning: extra tokens at end of #endif directive [-Wendif-labels]
<stdin>:2862:8: warning: extra tokens at end of #endif directive [-Wendif-labels]
<stdin>:4054:18: warning: missing terminating ' character
<stdin>:4090:8: warning: extra tokens at end of #endif directive [-Wendif-labels]
 watershell_sbf_spline.ftn ==> watershell_sbf_spline.F90 ...
cc1: warning: command-line option ‘-fprotect-parens’ is valid for Fortran but not for C
<stdin>:213: warning: "_ME" redefined
<stdin>:144: note: this is the location of the previous definition
<stdin>:282:18: warning: extra tokens at end of #ifdef directive
 watershell_sbf_spline.F90 ==> watershell_sbf_spline.o ...
f951: Warning: Flag ‘-fmax-stack-var-size=65536’ overwrites ‘-frecursive’ implied by ‘-fopenmp’
 watershell_sbf_spline1d.ftn ==> watershell_sbf_spline1d.F90 ...
cc1: warning: command-line option ‘-fprotect-parens’ is valid for Fortran but not for C
 watershell_sbf_spline1d.F90 ==> watershell_sbf_spline1d.o ...
f951: Warning: Flag ‘-fmax-stack-var-size=65536’ overwrites ‘-frecursive’ implied by ‘-fopenmp’
 watershell2.F90 ==> watershell2.o ...
f951: Warning: Flag ‘-fmax-stack-var-size=65536’ overwrites ‘-frecursive’ implied by ‘-fopenmp’
 watershell_plugin.F90 ==> watershell_plugin.o ...
f951: Warning: Flag ‘-fmax-stack-var-size=65536’ overwrites ‘-frecursive’ implied by ‘-fopenmp’
../string
 sm_var.ftn ==> sm_var.F90 ...
../multidiag
 multidiag.ftn ==> multidiag.F90 ...
 multidiag.F90 ==> multidiag.o ...
f951: Warning: Flag ‘-fmax-stack-var-size=65536’ overwrites ‘-frecursive’ implied by ‘-fopenmp’
../string/sm0k
 sm0k.ftn ==> sm0k.F90 ...
../../confcons
 chirality.ftn ==> chirality.F90 ...
<stdin>:314:28: warning: missing terminating ' character
 chirality.F90 ==> chirality.o ...
f951: Warning: Flag ‘-fmax-stack-var-size=65536’ overwrites ‘-frecursive’ implied by ‘-fopenmp’
 confcons.ftn ==> confcons.F90 ...
 confcons.F90 ==> confcons.o ...
f951: Warning: Flag ‘-fmax-stack-var-size=65536’ overwrites ‘-frecursive’ implied by ‘-fopenmp’
 ../sm_config.ftn ==> ../sm_config.F90 ...
 ../sm_config.F90 ==> ../sm_config.o ...
f951: Warning: Flag ‘-fmax-stack-var-size=65536’ overwrites ‘-frecursive’ implied by ‘-fopenmp’
 ../multicom_serial_string.ftn ==> ../multicom_serial_string.F90 ...
 ../multicom_serial_string.F90 ==> ../multicom_serial_string.o ...
f951: Warning: Flag ‘-fmax-stack-var-size=65536’ overwrites ‘-frecursive’ implied by ‘-fopenmp’
 sm0k.F90 ==> sm0k.o ...
f951: Warning: Flag ‘-fmax-stack-var-size=65536’ overwrites ‘-frecursive’ implied by ‘-fopenmp’
../string/ftsm
 ftsm_var.ftn ==> ftsm_var.F90 ...
 ../sm_config.ftn ==> ../sm_config.F90 ...
 ../sm_config.F90 ==> ../sm_config.o ...
f951: Warning: Flag ‘-fmax-stack-var-size=65536’ overwrites ‘-frecursive’ implied by ‘-fopenmp’
 ../sm_var.ftn ==> ../sm_var.F90 ...
 ../sm_var.F90 ==> ../sm_var.mod ...
f951: Warning: Flag ‘-fmax-stack-var-size=65536’ overwrites ‘-frecursive’ implied by ‘-fopenmp’
 ../multicom_serial_string.ftn ==> ../multicom_serial_string.F90 ...
 ../multicom_serial_string.F90 ==> ../multicom_serial_string.o ...
f951: Warning: Flag ‘-fmax-stack-var-size=65536’ overwrites ‘-frecursive’ implied by ‘-fopenmp’
 ftsm_var.F90 ==> ftsm_var.o ...
f951: Warning: Flag ‘-fmax-stack-var-size=65536’ overwrites ‘-frecursive’ implied by ‘-fopenmp’
 ftsm_rex.ftn ==> ftsm_rex.F90 ...
 ftsm_rex.F90 ==> ftsm_rex.o ...
f951: Warning: Flag ‘-fmax-stack-var-size=65536’ overwrites ‘-frecursive’ implied by ‘-fopenmp’
 ftsm.ftn ==> ftsm.F90 ...
 ftsm_voronoi.ftn ==> ftsm_voronoi.F90 ...
 ftsm_voronoi.F90 ==> ftsm_voronoi.o ...
f951: Warning: Flag ‘-fmax-stack-var-size=65536’ overwrites ‘-frecursive’ implied by ‘-fopenmp’
 ftsm_compute.ftn ==> ftsm_compute.F90 ...
 ftsm_compute.F90 ==> ftsm_compute.o ...
f951: Warning: Flag ‘-fmax-stack-var-size=65536’ overwrites ‘-frecursive’ implied by ‘-fopenmp’
 ftsmv2_compute.ftn ==> ftsmv2_compute.F90 ...
 ftsmv2_compute.F90 ==> ftsmv2_compute.o ...
f951: Warning: Flag ‘-fmax-stack-var-size=65536’ overwrites ‘-frecursive’ implied by ‘-fopenmp’
 ftsm_io.ftn ==> ftsm_io.F90 ...
 ftsm_util.ftn ==> ftsm_util.F90 ...
 ftsm_util.F90 ==> ftsm_util.o ...
f951: Warning: Flag ‘-fmax-stack-var-size=65536’ overwrites ‘-frecursive’ implied by ‘-fopenmp’
 ftsm_io.F90 ==> ftsm_io.o ...
f951: Warning: Flag ‘-fmax-stack-var-size=65536’ overwrites ‘-frecursive’ implied by ‘-fopenmp’
 ftsm_stats.ftn ==> ftsm_stats.F90 ...
 ftsm_connect.ftn ==> ftsm_connect.F90 ...
 ../tsp.ftn ==> ../tsp.F90 ...
 ../tsp.F90 ==> ../tsp.o ...
f951: Warning: Flag ‘-fmax-stack-var-size=65536’ overwrites ‘-frecursive’ implied by ‘-fopenmp’
 ftsm_connect.F90 ==> ftsm_connect.o ...
f951: Warning: Flag ‘-fmax-stack-var-size=65536’ overwrites ‘-frecursive’ implied by ‘-fopenmp’
 ftsm_stats.F90 ==> ftsm_stats.o ...
f951: Warning: Flag ‘-fmax-stack-var-size=65536’ overwrites ‘-frecursive’ implied by ‘-fopenmp’
 ftsm_min.ftn ==> ftsm_min.F90 ...
 ftsm_min.F90 ==> ftsm_min.o ...
f951: Warning: Flag ‘-fmax-stack-var-size=65536’ overwrites ‘-frecursive’ implied by ‘-fopenmp’
 ftsm_rep.ftn ==> ftsm_rep.F90 ...
 ftsm_rep.F90 ==> ftsm_rep.o ...
f951: Warning: Flag ‘-fmax-stack-var-size=65536’ overwrites ‘-frecursive’ implied by ‘-fopenmp’
 ftsm_addatoms.ftn ==> ftsm_addatoms.F90 ...
 ftsm_addatoms.F90 ==> ftsm_addatoms.o ...
f951: Warning: Flag ‘-fmax-stack-var-size=65536’ overwrites ‘-frecursive’ implied by ‘-fopenmp’
 ftsm_interpolate.ftn ==> ftsm_interpolate.F90 ...
 ftsm_interpolate.F90 ==> ftsm_interpolate.o ...
f951: Warning: Flag ‘-fmax-stack-var-size=65536’ overwrites ‘-frecursive’ implied by ‘-fopenmp’
 ftsm.F90 ==> ftsm.o ...
f951: Warning: Flag ‘-fmax-stack-var-size=65536’ overwrites ‘-frecursive’ implied by ‘-fopenmp’
../string/smcv
 cv_types.ftn ==> cv_types.F90 ...
 cv_types.F90 ==> cv_types.o ...
f951: Warning: Flag ‘-fmax-stack-var-size=65536’ overwrites ‘-frecursive’ implied by ‘-fopenmp’
 cv_common.ftn ==> cv_common.F90 ...
<stdin>:320:125: warning: missing terminating ' character
In file included from <command-line>:
<stdin>:1906:17: error: pasting "%" and "num_cv" does not give a valid preprocessing token
./../../source.defs:237:28: note: in definition of macro ‘__CONCAT1’
  237 | #define __CONCAT1(__A,__B) __A##__B
      |                            ^~~
./../../source.defs:231:27: note: in expansion of macro ‘__CONCAT2’
  231 | #define __CONCAT(__A,__B) __CONCAT2(__A,__B)
      |                           ^~~~~~~~~
<stdin>:13:11: note: in expansion of macro ‘__CONCAT’
<stdin>:13:20: note: in expansion of macro ‘__PRE’
<stdin>:1907:9: note: in expansion of macro ‘__COMPARE_PAR’
<stdin>:1906:17: error: pasting "%" and "num_cv" does not give a valid preprocessing token
./../../source.defs:237:28: note: in definition of macro ‘__CONCAT1’
  237 | #define __CONCAT1(__A,__B) __A##__B
      |                            ^~~
./../../source.defs:231:27: note: in expansion of macro ‘__CONCAT2’
  231 | #define __CONCAT(__A,__B) __CONCAT2(__A,__B)
      |                           ^~~~~~~~~
<stdin>:13:132: note: in expansion of macro ‘__CONCAT’
<stdin>:13:141: note: in expansion of macro ‘__PRE’
<stdin>:1907:9: note: in expansion of macro ‘__COMPARE_PAR’
<stdin>:2631:53: warning: missing terminating ' character
 ../sm_config.ftn ==> ../sm_config.F90 ...
 ../sm_config.F90 ==> ../sm_config.o ...
f951: Warning: Flag ‘-fmax-stack-var-size=65536’ overwrites ‘-frecursive’ implied by ‘-fopenmp’
 ../sm_var.ftn ==> ../sm_var.F90 ...
 ../sm_var.F90 ==> ../sm_var.mod ...
f951: Warning: Flag ‘-fmax-stack-var-size=65536’ overwrites ‘-frecursive’ implied by ‘-fopenmp’
 ../multicom_serial_string.ftn ==> ../multicom_serial_string.F90 ...
 ../multicom_serial_string.F90 ==> ../multicom_serial_string.o ...
f951: Warning: Flag ‘-fmax-stack-var-size=65536’ overwrites ‘-frecursive’ implied by ‘-fopenmp’
 cv_common.F90 ==> cv_common.o ...
f951: Warning: Flag ‘-fmax-stack-var-size=65536’ overwrites ‘-frecursive’ implied by ‘-fopenmp’
 cv_frames.ftn ==> cv_frames.F90 ...
 cv_frames.F90 ==> cv_frames.o ...
f951: Warning: Flag ‘-fmax-stack-var-size=65536’ overwrites ‘-frecursive’ implied by ‘-fopenmp’
 cv_cvrms.ftn ==> cv_cvrms.F90 ...
 cv_posi_com.ftn ==> cv_posi_com.F90 ...
 cv_posi_com.F90 ==> cv_posi_com.o ...
f951: Warning: Flag ‘-fmax-stack-var-size=65536’ overwrites ‘-frecursive’ implied by ‘-fopenmp’
 cv_dist_com.ftn ==> cv_dist_com.F90 ...
 cv_dist_com.F90 ==> cv_dist_com.o ...
f951: Warning: Flag ‘-fmax-stack-var-size=65536’ overwrites ‘-frecursive’ implied by ‘-fopenmp’
 cv_angle_com.ftn ==> cv_angle_com.F90 ...
<stdin>:311:58: warning: missing terminating ' character
 cv_angle_com.F90 ==> cv_angle_com.o ...
f951: Warning: Flag ‘-fmax-stack-var-size=65536’ overwrites ‘-frecursive’ implied by ‘-fopenmp’
 cv_anglvec.ftn ==> cv_anglvec.F90 ...
 cv_anglvec.F90 ==> cv_anglvec.o ...
f951: Warning: Flag ‘-fmax-stack-var-size=65536’ overwrites ‘-frecursive’ implied by ‘-fopenmp’
 cv_dihe_com.ftn ==> cv_dihe_com.F90 ...
 cv_dihe_com.F90 ==> cv_dihe_com.o ...
f951: Warning: Flag ‘-fmax-stack-var-size=65536’ overwrites ‘-frecursive’ implied by ‘-fopenmp’
 cv_rmsd.ftn ==> cv_rmsd.F90 ...
<stdin>:428:8: warning: extra tokens at end of #endif directive [-Wendif-labels]
<stdin>:745:15: warning: extra tokens at end of #ifdef directive
<stdin>:784:14: warning: extra tokens at end of #ifdef directive
<stdin>:854:8: warning: extra tokens at end of #endif directive [-Wendif-labels]
 cv_rmsd.F90 ==> cv_rmsd.o ...
f951: Warning: Flag ‘-fmax-stack-var-size=65536’ overwrites ‘-frecursive’ implied by ‘-fopenmp’
 cv_drmsd.ftn ==> cv_drmsd.F90 ...
 cv_drmsd.F90 ==> cv_drmsd.o ...
f951: Warning: Flag ‘-fmax-stack-var-size=65536’ overwrites ‘-frecursive’ implied by ‘-fopenmp’
 cv_proj.ftn ==> cv_proj.F90 ...
 cv_proj.F90 ==> cv_proj.o ...
f951: Warning: Flag ‘-fmax-stack-var-size=65536’ overwrites ‘-frecursive’ implied by ‘-fopenmp’
 cv_quaternion.ftn ==> cv_quaternion.F90 ...
 cv_quaternion.F90 ==> cv_quaternion.o ...
f951: Warning: Flag ‘-fmax-stack-var-size=65536’ overwrites ‘-frecursive’ implied by ‘-fopenmp’
 cv_qcomp.ftn ==> cv_qcomp.F90 ...
 cv_qcomp.F90 ==> cv_qcomp.o ...
f951: Warning: Flag ‘-fmax-stack-var-size=65536’ overwrites ‘-frecursive’ implied by ‘-fopenmp’
 cv_rmsd2av.ftn ==> cv_rmsd2av.F90 ...
 cv_rmsd2av.F90 ==> cv_rmsd2av.o ...
f951: Warning: Flag ‘-fmax-stack-var-size=65536’ overwrites ‘-frecursive’ implied by ‘-fopenmp’
 cv_cvrms.F90 ==> cv_cvrms.o ...
f951: Warning: Flag ‘-fmax-stack-var-size=65536’ overwrites ‘-frecursive’ implied by ‘-fopenmp’
 smcv_master.ftn ==> smcv_master.F90 ...
 smcv_stats.ftn ==> smcv_stats.F90 ...
<stdin>:607:107: warning: missing terminating ' character
 smcv_stats.F90 ==> smcv_stats.o ...
f951: Warning: Flag ‘-fmax-stack-var-size=65536’ overwrites ‘-frecursive’ implied by ‘-fopenmp’
 smcv_master.F90 ==> smcv_master.o ...
f951: Warning: Flag ‘-fmax-stack-var-size=65536’ overwrites ‘-frecursive’ implied by ‘-fopenmp’
 smcv.ftn ==> smcv.F90 ...
 smcv_add.ftn ==> smcv_add.F90 ...
 smcv_check_set.ftn ==> smcv_check_set.F90 ...
 smcv_check_set.F90 ==> smcv_check_set.o ...
f951: Warning: Flag ‘-fmax-stack-var-size=65536’ overwrites ‘-frecursive’ implied by ‘-fopenmp’
 smcv_add.F90 ==> smcv_add.o ...
f951: Warning: Flag ‘-fmax-stack-var-size=65536’ overwrites ‘-frecursive’ implied by ‘-fopenmp’
 ../ftsm/ftsm_var.ftn ==> ../ftsm/ftsm_var.F90 ...
 ../ftsm/ftsm_var.F90 ==> ../ftsm/ftsm_var.o ...
f951: Warning: Flag ‘-fmax-stack-var-size=65536’ overwrites ‘-frecursive’ implied by ‘-fopenmp’
 smcv.F90 ==> smcv.o ...
f951: Warning: Flag ‘-fmax-stack-var-size=65536’ overwrites ‘-frecursive’ implied by ‘-fopenmp’
 sm_var.F90 ==> sm_var.o ...
f951: Warning: Flag ‘-fmax-stack-var-size=65536’ overwrites ‘-frecursive’ implied by ‘-fopenmp’
 sm_config.ftn ==> sm_config.F90 ...
 sm_config.F90 ==> sm_config.o ...
f951: Warning: Flag ‘-fmax-stack-var-size=65536’ overwrites ‘-frecursive’ implied by ‘-fopenmp’
 splines.ftn ==> splines.F90 ...
 splines.F90 ==> splines.o ...
f951: Warning: Flag ‘-fmax-stack-var-size=65536’ overwrites ‘-frecursive’ implied by ‘-fopenmp’
 sm_util.ftn ==> sm_util.F90 ...
 multicom_serial_string.ftn ==> multicom_serial_string.F90 ...
 multicom_serial_string.F90 ==> multicom_serial_string.o ...
f951: Warning: Flag ‘-fmax-stack-var-size=65536’ overwrites ‘-frecursive’ implied by ‘-fopenmp’
 sm_util.F90 ==> sm_util.o ...
f951: Warning: Flag ‘-fmax-stack-var-size=65536’ overwrites ‘-frecursive’ implied by ‘-fopenmp’
 sm_main.ftn ==> sm_main.F90 ...
 sm_main.F90 ==> sm_main.o ...
f951: Warning: Flag ‘-fmax-stack-var-size=65536’ overwrites ‘-frecursive’ implied by ‘-fopenmp’
 tsp.ftn ==> tsp.F90 ...
 tsp.F90 ==> tsp.o ...
f951: Warning: Flag ‘-fmax-stack-var-size=65536’ overwrites ‘-frecursive’ implied by ‘-fopenmp’
../string/plugin
 sm_plugin.ftn ==> sm_plugin.F90 ...
 ../sm_var.ftn ==> ../sm_var.F90 ...
 ../sm_var.F90 ==> ../sm_var.o ...
f951: Warning: Flag ‘-fmax-stack-var-size=65536’ overwrites ‘-frecursive’ implied by ‘-fopenmp’
 ../sm_config.ftn ==> ../sm_config.F90 ...
 ../sm_config.F90 ==> ../sm_config.o ...
f951: Warning: Flag ‘-fmax-stack-var-size=65536’ overwrites ‘-frecursive’ implied by ‘-fopenmp’
 sm_plugin.F90 ==> sm_plugin.o ...
f951: Warning: Flag ‘-fmax-stack-var-size=65536’ overwrites ‘-frecursive’ implied by ‘-fopenmp’
a - ../../obj/atompar.o
a - ../../obj/bondpar.o
a - ../../obj/anglpar.o
a - ../../obj/dihepar.o
a - ../../obj/tlist.o
a - ../../obj/bonds.o
a - ../../obj/angles.o
a - ../../obj/dihedrals.o
a - ../../obj/pdbio.o
a - ../../obj/charmmio.o
a - ../../obj/chestio.o
a - ../../obj/corio.o
a - ../../obj/freeio.o
a - ../../obj/plot3dio.o
a - ../../obj/constants.o
a - ../../obj/output.o
a - ../../obj/parser.o
a - ../../obj/cmd.o
a - ../../obj/prm.o
a - ../../obj/ivector.o
a - ../../obj/i8vector.o
a - ../../obj/ivector_list.o
a - ../../obj/isort.o
a - ../../obj/i8sort.o
a - ../../obj/rvector.o
a - ../../obj/rvector_list.o
a - ../../obj/rsort.o
a - ../../obj/parselist.o
a - ../../obj/files.o
a - ../../obj/lu.o
a - ../../obj/multidiag.o
a - ../../obj/bestfit.o
a - ../../obj/sm_var.o
a - ../../obj/sm_config.o
a - ../../obj/smcv.o
a - ../../obj/smcv_add.o
a - ../../obj/smcv_master.o
a - ../../obj/sm_util.o
a - ../../obj/smcv_stats.o
a - ../../obj/cv_types.o
a - ../../obj/cv_common.o
a - ../../obj/cv_frames.o
a - ../../obj/cv_quaternion.o
a - ../../obj/cv_qcomp.o
a - ../../obj/cv_angle_com.o
a - ../../obj/cv_anglvec.o
a - ../../obj/cv_posi_com.o
a - ../../obj/cv_dihe_com.o
a - ../../obj/cv_dist_com.o
a - ../../obj/cv_drmsd.o
a - ../../obj/cv_rmsd.o
a - ../../obj/cv_rmsd2av.o
a - ../../obj/cv_proj.o
a - ../../obj/cv_cvrms.o
a - ../../obj/ftsm_var.o
a - ../../obj/ftsm.o
a - ../../obj/ftsm_addatoms.o
a - ../../obj/ftsm_compute.o
a - ../../obj/ftsm_connect.o
a - ../../obj/tsp.o
a - ../../obj/ftsm_interpolate.o
a - ../../obj/ftsm_io.o
a - ../../obj/ftsm_min.o
a - ../../obj/ftsm_rep.o
a - ../../obj/ftsm_rex.o
a - ../../obj/ftsm_stats.o
a - ../../obj/ftsm_util.o
a - ../../obj/ftsmv2_compute.o
a - ../../obj/ftsm_voronoi.o
a - ../../obj/minimal_system.o
a - ../../obj/splines.o
a - ../../obj/rng.o
a - ../../obj/clcg.o
a - ../../obj/mpi_compat_stub.o
a - ../../obj/system.o
a - ../../obj/psf.o
a - ../../obj/ch_param.o
a - ../../obj/mol_formats.o
a - ../../obj/smcv_check_set.o
a - ../../obj/psfatom.o
a - ../../obj/state.o
a - ../../obj/fieldbcdef.o
a - ../../obj/formats.o
a - ../../obj/stats.o
a - ../../obj/unitcell.o
a - ../../obj/util.o
a - ../../obj/dmol.o
a - ../../obj/verlet.o
a - sm_plugin.o
a - struna.h
a - struna.hpp
a - ../../obj/atompar.o
a - ../../obj/bondpar.o
a - ../../obj/anglpar.o
a - ../../obj/dihepar.o
a - ../../obj/tlist.o
a - ../../obj/bonds.o
a - ../../obj/angles.o
a - ../../obj/dihedrals.o
a - ../../obj/pdbio.o
a - ../../obj/charmmio.o
a - ../../obj/chestio.o
a - ../../obj/corio.o
a - ../../obj/freeio.o
a - ../../obj/plot3dio.o
a - ../../obj/constants.o
a - ../../obj/output.o
a - ../../obj/parser.o
a - ../../obj/cmd.o
a - ../../obj/prm.o
a - ../../obj/ivector.o
a - ../../obj/i8vector.o
a - ../../obj/ivector_list.o
a - ../../obj/isort.o
a - ../../obj/i8sort.o
a - ../../obj/rvector.o
a - ../../obj/rvector_list.o
a - ../../obj/rsort.o
a - ../../obj/parselist.o
a - ../../obj/files.o
a - ../../obj/lu.o
a - ../../obj/multidiag.o
a - ../../obj/bestfit.o
a - ../../obj/sm_var.o
a - ../../obj/sm_config.o
a - ../../obj/smcv.o
a - ../../obj/smcv_add.o
a - ../../obj/smcv_master.o
a - ../../obj/sm_util.o
a - ../../obj/smcv_stats.o
a - ../../obj/cv_types.o
a - ../../obj/cv_common.o
a - ../../obj/cv_frames.o
a - ../../obj/cv_quaternion.o
a - ../../obj/cv_qcomp.o
a - ../../obj/cv_angle_com.o
a - ../../obj/cv_anglvec.o
a - ../../obj/cv_posi_com.o
a - ../../obj/cv_dihe_com.o
a - ../../obj/cv_dist_com.o
a - ../../obj/cv_drmsd.o
a - ../../obj/cv_rmsd.o
a - ../../obj/cv_rmsd2av.o
a - ../../obj/cv_proj.o
a - ../../obj/cv_cvrms.o
a - ../../obj/ftsm_var.o
a - ../../obj/ftsm.o
a - ../../obj/ftsm_addatoms.o
a - ../../obj/ftsm_compute.o
a - ../../obj/ftsm_connect.o
a - ../../obj/tsp.o
a - ../../obj/ftsm_interpolate.o
a - ../../obj/ftsm_io.o
a - ../../obj/ftsm_min.o
a - ../../obj/ftsm_rep.o
a - ../../obj/ftsm_rex.o
a - ../../obj/ftsm_stats.o
a - ../../obj/ftsm_util.o
a - ../../obj/ftsmv2_compute.o
a - ../../obj/ftsm_voronoi.o
a - ../../obj/minimal_system.o
a - ../../obj/splines.o
a - ../../obj/rng.o
a - ../../obj/clcg.o
a - ../../obj/mpi_compat_stub.o
a - ../../obj/system.o
a - ../../obj/psf.o
a - ../../obj/ch_param.o
a - ../../obj/mol_formats.o
a - ../../obj/smcv_check_set.o
a - ../../obj/psfatom.o
a - ../../obj/state.o
a - ../../obj/fieldbcdef.o
a - ../../obj/formats.o
a - ../../obj/stats.o
a - ../../obj/unitcell.o
a - ../../obj/util.o
a - ../../obj/dmol.o
a - ../../obj/verlet.o
a - linkobjs.inc
 plugin_master.ftn ==> plugin_master.F90 ...
../adaptive
<stdin>:426: warning: "__D" redefined
<command-line>: note: this is the location of the previous definition
<stdin>:427: warning: "__DP" redefined
<command-line>: note: this is the location of the previous definition
../griddata
 gridscalartype.ftn ==> gridscalartype.F90 ...
 gridscalartype.F90 ==> gridscalartype.o ...
f951: Warning: Flag ‘-fmax-stack-var-size=65536’ overwrites ‘-frecursive’ implied by ‘-fopenmp’
 gridscalar_log.F90 ==> gridscalar_log.o ...
f951: Warning: Flag ‘-fmax-stack-var-size=65536’ overwrites ‘-frecursive’ implied by ‘-fopenmp’
 gridscalar.F90 ==> gridscalar.o ...
f951: Warning: Flag ‘-fmax-stack-var-size=65536’ overwrites ‘-frecursive’ implied by ‘-fopenmp’
 gridscalar_beta.F90 ==> gridscalar_beta.o ...
f951: Warning: Flag ‘-fmax-stack-var-size=65536’ overwrites ‘-frecursive’ implied by ‘-fopenmp’
 adaptive_kforce.F90 ==> adaptive_kforce.o ...
f951: Warning: Flag ‘-fmax-stack-var-size=65536’ overwrites ‘-frecursive’ implied by ‘-fopenmp’
 plugin_master.F90 ==> plugin_master.o ...
f951: Warning: Flag ‘-fmax-stack-var-size=65536’ overwrites ‘-frecursive’ implied by ‘-fopenmp’
~/trash/set-up-wshell/vo-projects/plugin_master ~/trash/set-up-wshell/vo-projects ~/trash/set-up-wshell
~/trash/set-up-wshell/vo-projects/plugin_master/openmm-dynamo ~/trash/set-up-wshell/vo-projects/plugin_master ~/trash/set-up-wshell/vo-projects ~/trash/set-up-wshell
~/trash/set-up-wshell/vo-projects/plugin_master/openmm-dynamo/build ~/trash/set-up-wshell/vo-projects/plugin_master/openmm-dynamo ~/trash/set-up-wshell/vo-projects/plugin_master ~/trash/set-up-wshell/vo-projects ~/trash/set-up-wshell
CMake Warning (dev) in CMakeLists.txt:
  No project() command is present.  The top-level CMakeLists.txt file must
  contain a literal, direct call to the project() command.  Add a line of
  code such as

    project(ProjectName)

  near the top of the file, but after cmake_minimum_required().

  CMake is pretending there is a "project(Project)" command on the first
  line.
This warning is for project developers.  Use -Wno-dev to suppress it.

CMake Warning (dev) in CMakeLists.txt:
  cmake_minimum_required() should be called prior to this top-level project()
  call.  Please see the cmake-commands(7) manual for usage documentation of
  both commands.
This warning is for project developers.  Use -Wno-dev to suppress it.

-- The C compiler identification is GNU 13.1.1
-- The CXX compiler identification is GNU 13.1.1
-- Detecting C compiler ABI info
-- Detecting C compiler ABI info - done
-- Check for working C compiler: /usr/bin/cc - skipped
-- Detecting C compile features
-- Detecting C compile features - done
-- Detecting CXX compiler ABI info
-- Detecting CXX compiler ABI info - done
-- Check for working CXX compiler: /usr/bin/c++ - skipped
-- Detecting CXX compile features
-- Detecting CXX compile features - done
CMake Deprecation Warning at CMakeLists.txt:5 (CMAKE_MINIMUM_REQUIRED):
  Compatibility with CMake < 2.8.12 will be removed from a future version of
  CMake.

  Update the VERSION argument <min> value or use a ...<max> suffix to tell
  CMake that the project does not need compatibility with older versions.


-- Found Doxygen: /usr/bin/doxygen (found version "1.9.6") found components: doxygen dot 
-- Performing Test CMAKE_HAVE_LIBC_PTHREAD
-- Performing Test CMAKE_HAVE_LIBC_PTHREAD - Success
-- Found Threads: TRUE  
-- Configuring done (0.5s)
-- Generating done (0.0s)
-- Build files have been written to: /home/surgeon/trash/set-up-wshell/vo-projects/plugin_master/openmm-dynamo/build
[  3%] Parsing OpenMM header files with Doxygen...
warning: Tag 'SYMBOL_CACHE_SIZE' at line 289 of file 'Doxyfile' has become obsolete.
         To avoid this warning please remove this line from your configuration file or upgrade it using "doxygen -u"
warning: Tag 'SHOW_DIRECTORIES' at line 473 of file 'Doxyfile' has become obsolete.
         To avoid this warning please remove this line from your configuration file or upgrade it using "doxygen -u"
warning: Tag 'COLS_IN_ALPHA_INDEX' at line 750 of file 'Doxyfile' has become obsolete.
         To avoid this warning please remove this line from your configuration file or upgrade it using "doxygen -u"
warning: Tag 'HTML_ALIGN_MEMBERS' at line 805 of file 'Doxyfile' has become obsolete.
         To avoid this warning please remove this line from your configuration file or upgrade it using "doxygen -u"
warning: Tag 'LATEX_SOURCE_CODE' at line 1054 of file 'Doxyfile' has become obsolete.
         To avoid this warning please remove this line from your configuration file or upgrade it using "doxygen -u"
warning: Tag 'XML_SCHEMA' at line 1146 of file 'Doxyfile' has become obsolete.
         To avoid this warning please remove this line from your configuration file or upgrade it using "doxygen -u"
warning: Tag 'XML_DTD' at line 1152 of file 'Doxyfile' has become obsolete.
         To avoid this warning please remove this line from your configuration file or upgrade it using "doxygen -u"
warning: Tag 'PERL_PATH' at line 1317 of file 'Doxyfile' has become obsolete.
         To avoid this warning please remove this line from your configuration file or upgrade it using "doxygen -u"
warning: Tag 'CLASS_DIAGRAMS' at line 1330 of file 'Doxyfile' has become obsolete.
         To avoid this warning please remove this line from your configuration file or upgrade it using "doxygen -u"
warning: Tag 'MSCGEN_PATH' at line 1339 of file 'Doxyfile' has become obsolete.
         To avoid this warning please remove this line from your configuration file or upgrade it using "doxygen -u"
warning: Tag 'DOT_FONTNAME' at line 1363 of file 'Doxyfile' has become obsolete.
         To avoid this warning please remove this line from your configuration file or upgrade it using "doxygen -u"
warning: Tag 'DOT_FONTSIZE' at line 1368 of file 'Doxyfile' has become obsolete.
         To avoid this warning please remove this line from your configuration file or upgrade it using "doxygen -u"
warning: Tag 'DOT_TRANSPARENT' at line 1492 of file 'Doxyfile' has become obsolete.
         To avoid this warning please remove this line from your configuration file or upgrade it using "doxygen -u"
warning: argument 'a4wide' for option PAPER_TYPE is not a valid enum value
Using the default: a4!
warning: doxygen no longer ships with the FreeSans font.
  You may want to clear or change DOT_FONTNAME.
  Otherwise you run the risk that the wrong font is being used for dot generated graphs.
Doxygen version used: 1.9.6
Searching for include files...
Searching for example files...
Searching for images...
Searching for dot files...
Searching for msc files...
Searching for dia files...
Searching for files to exclude
Searching INPUT for files to process...
Searching for files in directory /home/surgeon/trash/set-up-wshell/vo-projects/plugin_master/openmm-dynamo/openmmapi
Searching for files in directory /home/surgeon/trash/set-up-wshell/vo-projects/plugin_master/openmm-dynamo/openmmapi/src
Searching for files in directory /home/surgeon/trash/set-up-wshell/vo-projects/plugin_master/openmm-dynamo/openmmapi/include
Searching for files in directory /home/surgeon/trash/set-up-wshell/vo-projects/plugin_master/openmm-dynamo/openmmapi/include/internal
Reading and parsing tag files
Parsing files
Preprocessing /home/surgeon/trash/set-up-wshell/vo-projects/plugin_master/openmm-dynamo/openmmapi/include/DynamoForce.h...
Parsing file /home/surgeon/trash/set-up-wshell/vo-projects/plugin_master/openmm-dynamo/openmmapi/include/DynamoForce.h...
Preprocessing /home/surgeon/trash/set-up-wshell/vo-projects/plugin_master/openmm-dynamo/openmmapi/include/DynamoKernels.h...
Parsing file /home/surgeon/trash/set-up-wshell/vo-projects/plugin_master/openmm-dynamo/openmmapi/include/DynamoKernels.h...
Building macro definition list...
Building group list...
Building directory list...
Building namespace list...
Building file list...
Building class list...
Building concept list...
Computing nesting relations for classes...
Associating documentation with classes...
Associating documentation with concepts...
Building example list...
Searching for enumerations...
Searching for documented typedefs...
Searching for members imported via using declarations...
Searching for included using directives...
Searching for documented variables...
Building interface member list...
Building member list...
Searching for friends...
Searching for documented defines...
Computing class inheritance relations...
Computing class usage relations...
Flushing cached template relations that have become invalid...
Computing class relations...
Add enum values to enums...
Searching for member function documentation...
Creating members for template instances...
Building page list...
Search for main page...
Computing page relations...
Determining the scope of groups...
Sorting lists...
Determining which enums are documented
Computing member relations...
Building full member lists recursively...
Adding members to member groups.
Computing member references...
Inheriting documentation...
Generating disk names...
Adding source references...
Adding xrefitems...
Sorting member lists...
Setting anonymous enum type...
Computing dependencies between directories...
Generating citations page...
Counting members...
Counting data structures...
Resolving user defined references...
Finding anchors and sections in the documentation...
Transferring function references...
Combining using relations...
Adding members to index pages...
Correcting members for VHDL...
Computing tooltip texts...
Generating style sheet...
Generating search indices...
Generating example documentation...
Generating file sources...
Generating code for file /home/surgeon/trash/set-up-wshell/vo-projects/plugin_master/openmm-dynamo/openmmapi/include/DynamoForce.h...
Generating code for file /home/surgeon/trash/set-up-wshell/vo-projects/plugin_master/openmm-dynamo/openmmapi/include/DynamoKernels.h...
Generating file documentation...
Generating docs for file /home/surgeon/trash/set-up-wshell/vo-projects/plugin_master/openmm-dynamo/openmmapi/include/DynamoForce.h...
Generating docs for file /home/surgeon/trash/set-up-wshell/vo-projects/plugin_master/openmm-dynamo/openmmapi/include/DynamoKernels.h...
Generating page documentation...
Generating group documentation...
Generating class documentation...
Generating concept documentation...
Generating namespace index...
Generating docs for namespace DynamoPlugin
Generating docs for compound DynamoPlugin::CalcDynamoForceKernel...
Generating docs for compound DynamoPlugin::DynamoForce...
Generating graph info page...
Generating directory documentation...
finalizing index lists...
writing tag file...
Generating XML output...
Generating XML output for class DynamoPlugin::CalcDynamoForceKernel
Generating XML output for class DynamoPlugin::DynamoForce
Generating XML output for namespace DynamoPlugin
Generating XML output for namespace OpenMM
Generating XML output for file DynamoForce.h
Generating XML output for file DynamoKernels.h
Generate XML output for dir /home/surgeon/trash/set-up-wshell/vo-projects/plugin_master/openmm-dynamo/openmmapi/include/
Generate XML output for dir /home/surgeon/trash/set-up-wshell/vo-projects/plugin_master/openmm-dynamo/openmmapi/
Running plantuml with JAVA...
type lookup cache used 32/65536 hits=24 misses=32
symbol lookup cache used 38/65536 hits=194 misses=38
finished...
[  6%] Generating DynamoOpenMMCWrapper.h, DynamoOpenMMCWrapper.cpp, DynamoOpenMMFortranModule.f90, DynamoOpenMMFortranWrapper.cpp
[  6%] Built target DynamoApiWrappers
[ 10%] Building CXX object CMakeFiles/OpenMMDynamo.dir/openmmapi/src/DynamoForceImpl.cpp.o
[ 13%] Building CXX object CMakeFiles/OpenMMDynamo.dir/serialization/src/DynamoForceProxy.cpp.o
[ 16%] Building CXX object CMakeFiles/OpenMMDynamo.dir/wrappers/DynamoOpenMMCWrapper.cpp.o
[ 20%] Building CXX object CMakeFiles/OpenMMDynamo.dir/serialization/src/DynamoSerializationProxyRegistration.cpp.o
[ 23%] Building CXX object CMakeFiles/OpenMMDynamo.dir/wrappers/DynamoOpenMMFortranWrapper.cpp.o
[ 26%] Building CXX object CMakeFiles/OpenMMDynamo.dir/openmmapi/src/DynamoForce.cpp.o
/home/surgeon/trash/set-up-wshell/vo-projects/plugin_master/openmm-dynamo/build/wrappers/DynamoOpenMMCWrapper.cpp: In function ‘const char* OpenMM_CalcDynamoForceKernel_Name()’:
/home/surgeon/trash/set-up-wshell/vo-projects/plugin_master/openmm-dynamo/build/wrappers/DynamoOpenMMCWrapper.cpp:109:25: warning: function returns address of local variable [-Wreturn-local-addr]
  109 |     return result.c_str();
      |                         ^
/home/surgeon/trash/set-up-wshell/vo-projects/plugin_master/openmm-dynamo/build/wrappers/DynamoOpenMMCWrapper.cpp:108:23: note: declared here
  108 |     const std::string result = DynamoPlugin::CalcDynamoForceKernel::Name();
      |                       ^~~~~~
[ 30%] Linking CXX shared library libOpenMMDynamo.so
[ 30%] Built target OpenMMDynamo
[ 33%] Generating src/OpenCLDynamoKernelSources.cpp, src/OpenCLDynamoKernelSources.h
[ 36%] Generating src/CudaDynamoKernelSources.cpp, src/CudaDynamoKernelSources.h
[ 40%] Building CXX object serialization/tests/CMakeFiles/TestSerializeDynamoForce.dir/TestSerializeDynamoForce.cpp.o
[ 43%] Building CXX object platforms/reference/CMakeFiles/OpenMMDynamoReference.dir/src/ReferenceDynamoKernels.cpp.o
[ 46%] Building CXX object platforms/reference/CMakeFiles/OpenMMDynamoReference.dir/src/ReferenceDynamoKernelFactory.cpp.o
[ 50%] Building CXX object platforms/opencl/CMakeFiles/OpenMMDynamoOpenCL.dir/src/OpenCLDynamoKernels.cpp.o
[ 53%] Building CXX object platforms/opencl/CMakeFiles/OpenMMDynamoOpenCL.dir/src/OpenCLDynamoKernelFactory.cpp.o
[ 56%] Building CXX object platforms/opencl/CMakeFiles/OpenMMDynamoOpenCL.dir/src/OpenCLDynamoKernelSources.cpp.o
[ 60%] Building CXX object platforms/cuda/CMakeFiles/OpenMMDynamoCUDA.dir/src/CudaDynamoKernels.cpp.o
[ 63%] Building CXX object platforms/cuda/CMakeFiles/OpenMMDynamoCUDA.dir/src/CudaDynamoKernelSources.cpp.o
[ 66%] Building CXX object platforms/cuda/CMakeFiles/OpenMMDynamoCUDA.dir/src/CudaDynamoKernelFactory.cpp.o
In file included from /usr/include/CL/cl.h:20,
                 from /usr/include/CL/opencl.h:24,
                 from /home/surgeon/trash/set-up-wshell/vo-projects/plugin_master/openmm-dynamo/platforms/opencl/src/cl.hpp:170,
                 from /home/surgeon/trash/set-up-wshell/omm-7.3.0/include/openmm/opencl/OpenCLContext.h:40,
                 from /home/surgeon/trash/set-up-wshell/vo-projects/plugin_master/openmm-dynamo/platforms/opencl/src/OpenCLDynamoKernels.h:37,
                 from /home/surgeon/trash/set-up-wshell/vo-projects/plugin_master/openmm-dynamo/platforms/opencl/src/OpenCLDynamoKernels.cpp:32:
/usr/include/CL/cl_version.h:22:104: note: ‘#pragma message: cl_version.h: CL_TARGET_OPENCL_VERSION is not defined. Defaulting to 300 (OpenCL 3.0)’
   22 | #pragma message("cl_version.h: CL_TARGET_OPENCL_VERSION is not defined. Defaulting to 300 (OpenCL 3.0)")
      |                                                                                                        ^
In file included from /usr/include/CL/cl.h:20,
                 from /usr/include/CL/opencl.h:24,
                 from /home/surgeon/trash/set-up-wshell/vo-projects/plugin_master/openmm-dynamo/platforms/opencl/src/cl.hpp:170,
                 from /home/surgeon/trash/set-up-wshell/omm-7.3.0/include/openmm/opencl/OpenCLContext.h:40,
                 from /home/surgeon/trash/set-up-wshell/vo-projects/plugin_master/openmm-dynamo/platforms/opencl/src/OpenCLDynamoKernels.h:37,
                 from /home/surgeon/trash/set-up-wshell/vo-projects/plugin_master/openmm-dynamo/platforms/opencl/src/OpenCLDynamoKernelFactory.cpp:35:
/usr/include/CL/cl_version.h:22:104: note: ‘#pragma message: cl_version.h: CL_TARGET_OPENCL_VERSION is not defined. Defaulting to 300 (OpenCL 3.0)’
   22 | #pragma message("cl_version.h: CL_TARGET_OPENCL_VERSION is not defined. Defaulting to 300 (OpenCL 3.0)")
      |                                                                                                        ^
/home/surgeon/trash/set-up-wshell/vo-projects/plugin_master/openmm-dynamo/platforms/opencl/src/cl.hpp: In constructor ‘cl::Sampler::Sampler(const cl::Context&, cl_bool, cl_addressing_mode, cl_filter_mode, cl_int*)’:
/home/surgeon/trash/set-up-wshell/vo-projects/plugin_master/openmm-dynamo/platforms/opencl/src/cl.hpp:4645:36: warning: ‘_cl_sampler* clCreateSampler(cl_context, cl_bool, cl_addressing_mode, cl_filter_mode, cl_int*)’ is deprecated [-Wdeprecated-declarations]
 4645 |         object_ = ::clCreateSampler(
      |                   ~~~~~~~~~~~~~~~~~^
 4646 |             context(),
      |             ~~~~~~~~~~              
 4647 |             normalized_coords,
      |             ~~~~~~~~~~~~~~~~~~      
 4648 |             addressing_mode,
      |             ~~~~~~~~~~~~~~~~        
 4649 |             filter_mode,
      |             ~~~~~~~~~~~~            
 4650 |             &error);
      |             ~~~~~~~                 
/usr/include/CL/cl.h:1919:1: note: declared here
 1919 | clCreateSampler(cl_context          context,
      | ^~~~~~~~~~~~~~~
/home/surgeon/trash/set-up-wshell/vo-projects/plugin_master/openmm-dynamo/platforms/opencl/src/cl.hpp: In constructor ‘cl::Sampler::Sampler(const cl::Context&, cl_bool, cl_addressing_mode, cl_filter_mode, cl_int*)’:
/home/surgeon/trash/set-up-wshell/vo-projects/plugin_master/openmm-dynamo/platforms/opencl/src/cl.hpp:4645:36: warning: ‘_cl_sampler* clCreateSampler(cl_context, cl_bool, cl_addressing_mode, cl_filter_mode, cl_int*)’ is deprecated [-Wdeprecated-declarations]
 4645 |         object_ = ::clCreateSampler(
      |                   ~~~~~~~~~~~~~~~~~^
 4646 |             context(),
      |             ~~~~~~~~~~              
 4647 |             normalized_coords,
      |             ~~~~~~~~~~~~~~~~~~      
 4648 |             addressing_mode,
      |             ~~~~~~~~~~~~~~~~        
 4649 |             filter_mode,
      |             ~~~~~~~~~~~~            
 4650 |             &error);
      |             ~~~~~~~                 
/usr/include/CL/cl.h:1919:1: note: declared here
 1919 | clCreateSampler(cl_context          context,
      | ^~~~~~~~~~~~~~~
/home/surgeon/trash/set-up-wshell/vo-projects/plugin_master/openmm-dynamo/platforms/opencl/src/cl.hpp: In constructor ‘cl::CommandQueue::CommandQueue(cl_command_queue_properties, cl_int*)’:
/home/surgeon/trash/set-up-wshell/vo-projects/plugin_master/openmm-dynamo/platforms/opencl/src/cl.hpp:5505:45: warning: ‘_cl_command_queue* clCreateCommandQueue(cl_context, cl_device_id, cl_command_queue_properties, cl_int*)’ is deprecated [-Wdeprecated-declarations]
 5505 |             object_ = ::clCreateCommandQueue(
      |                       ~~~~~~~~~~~~~~~~~~~~~~^
 5506 |                 context(), device(), properties, &error);
      |                 ~~~~~~~~~~~~~~~~~~~~~~~~~~~~~~~~~~~~~~~~
/usr/include/CL/cl.h:1913:1: note: declared here
 1913 | clCreateCommandQueue(cl_context                     context,
      | ^~~~~~~~~~~~~~~~~~~~
/home/surgeon/trash/set-up-wshell/vo-projects/plugin_master/openmm-dynamo/platforms/opencl/src/cl.hpp: In constructor ‘cl::CommandQueue::CommandQueue(const cl::Context&, cl_command_queue_properties, cl_int*)’:
/home/surgeon/trash/set-up-wshell/vo-projects/plugin_master/openmm-dynamo/platforms/opencl/src/cl.hpp:5536:41: warning: ‘_cl_command_queue* clCreateCommandQueue(cl_context, cl_device_id, cl_command_queue_properties, cl_int*)’ is deprecated [-Wdeprecated-declarations]
 5536 |         object_ = ::clCreateCommandQueue(context(), devices[0](), properties, &error);
      |                   ~~~~~~~~~~~~~~~~~~~~~~^~~~~~~~~~~~~~~~~~~~~~~~~~~~~~~~~~~~~~~~~~~~~
/usr/include/CL/cl.h:1913:1: note: declared here
 1913 | clCreateCommandQueue(cl_context                     context,
      | ^~~~~~~~~~~~~~~~~~~~
/home/surgeon/trash/set-up-wshell/vo-projects/plugin_master/openmm-dynamo/platforms/opencl/src/cl.hpp: In constructor ‘cl::CommandQueue::CommandQueue(const cl::Context&, const cl::Device&, cl_command_queue_properties, cl_int*)’:
/home/surgeon/trash/set-up-wshell/vo-projects/plugin_master/openmm-dynamo/platforms/opencl/src/cl.hpp:5553:41: warning: ‘_cl_command_queue* clCreateCommandQueue(cl_context, cl_device_id, cl_command_queue_properties, cl_int*)’ is deprecated [-Wdeprecated-declarations]
 5553 |         object_ = ::clCreateCommandQueue(
      |                   ~~~~~~~~~~~~~~~~~~~~~~^
 5554 |             context(), device(), properties, &error);
      |             ~~~~~~~~~~~~~~~~~~~~~~~~~~~~~~~~~~~~~~~~
/usr/include/CL/cl.h:1913:1: note: declared here
 1913 | clCreateCommandQueue(cl_context                     context,
      | ^~~~~~~~~~~~~~~~~~~~
/home/surgeon/trash/set-up-wshell/vo-projects/plugin_master/openmm-dynamo/platforms/opencl/src/cl.hpp: In constructor ‘cl::CommandQueue::CommandQueue(cl_command_queue_properties, cl_int*)’:
/home/surgeon/trash/set-up-wshell/vo-projects/plugin_master/openmm-dynamo/platforms/opencl/src/cl.hpp:5505:45: warning: ‘_cl_command_queue* clCreateCommandQueue(cl_context, cl_device_id, cl_command_queue_properties, cl_int*)’ is deprecated [-Wdeprecated-declarations]
 5505 |             object_ = ::clCreateCommandQueue(
      |                       ~~~~~~~~~~~~~~~~~~~~~~^
 5506 |                 context(), device(), properties, &error);
      |                 ~~~~~~~~~~~~~~~~~~~~~~~~~~~~~~~~~~~~~~~~
/usr/include/CL/cl.h:1913:1: note: declared here
 1913 | clCreateCommandQueue(cl_context                     context,
      | ^~~~~~~~~~~~~~~~~~~~
/home/surgeon/trash/set-up-wshell/vo-projects/plugin_master/openmm-dynamo/platforms/opencl/src/cl.hpp: In constructor ‘cl::CommandQueue::CommandQueue(const cl::Context&, cl_command_queue_properties, cl_int*)’:
/home/surgeon/trash/set-up-wshell/vo-projects/plugin_master/openmm-dynamo/platforms/opencl/src/cl.hpp:5536:41: warning: ‘_cl_command_queue* clCreateCommandQueue(cl_context, cl_device_id, cl_command_queue_properties, cl_int*)’ is deprecated [-Wdeprecated-declarations]
 5536 |         object_ = ::clCreateCommandQueue(context(), devices[0](), properties, &error);
      |                   ~~~~~~~~~~~~~~~~~~~~~~^~~~~~~~~~~~~~~~~~~~~~~~~~~~~~~~~~~~~~~~~~~~~
/usr/include/CL/cl.h:1913:1: note: declared here
 1913 | clCreateCommandQueue(cl_context                     context,
      | ^~~~~~~~~~~~~~~~~~~~
/home/surgeon/trash/set-up-wshell/vo-projects/plugin_master/openmm-dynamo/platforms/opencl/src/cl.hpp: In constructor ‘cl::CommandQueue::CommandQueue(const cl::Context&, const cl::Device&, cl_command_queue_properties, cl_int*)’:
/home/surgeon/trash/set-up-wshell/vo-projects/plugin_master/openmm-dynamo/platforms/opencl/src/cl.hpp:5553:41: warning: ‘_cl_command_queue* clCreateCommandQueue(cl_context, cl_device_id, cl_command_queue_properties, cl_int*)’ is deprecated [-Wdeprecated-declarations]
 5553 |         object_ = ::clCreateCommandQueue(
      |                   ~~~~~~~~~~~~~~~~~~~~~~^
 5554 |             context(), device(), properties, &error);
      |             ~~~~~~~~~~~~~~~~~~~~~~~~~~~~~~~~~~~~~~~~
/usr/include/CL/cl.h:1913:1: note: declared here
 1913 | clCreateCommandQueue(cl_context                     context,
      | ^~~~~~~~~~~~~~~~~~~~
/home/surgeon/trash/set-up-wshell/vo-projects/plugin_master/openmm-dynamo/platforms/opencl/src/cl.hpp: In member function ‘cl_int cl::CommandQueue::enqueueTask(const cl::Kernel&, const std::vector<cl::Event>*, cl::Event*) const’:
/home/surgeon/trash/set-up-wshell/vo-projects/plugin_master/openmm-dynamo/platforms/opencl/src/cl.hpp:6357:28: warning: ‘cl_int clEnqueueTask(cl_command_queue, cl_kernel, cl_uint, _cl_event* const*, _cl_event**)’ is deprecated [-Wdeprecated-declarations]
 6357 |             ::clEnqueueTask(
      |             ~~~~~~~~~~~~~~~^
 6358 |                 object_, kernel(),
      |                 ~~~~~~~~~~~~~~~~~~
 6359 |                 (events != NULL) ? (cl_uint) events->size() : 0,
      |                 ~~~~~~~~~~~~~~~~~~~~~~~~~~~~~~~~~~~~~~~~~~~~~~~~
 6360 |                 (events != NULL && events->size() > 0) ? (cl_event*) &events->front() : NULL,
      |                 ~~~~~~~~~~~~~~~~~~~~~~~~~~~~~~~~~~~~~~~~~~~~~~~~~~~~~~~~~~~~~~~~~~~~~~~~~~~~~
 6361 |                 (event != NULL) ? &tmp : NULL),
      |                 ~~~~~~~~~~~~~~~~~~~~~~~~~~~~~~
/usr/include/CL/cl.h:1926:1: note: declared here
 1926 | clEnqueueTask(cl_command_queue  command_queue,
      | ^~~~~~~~~~~~~
/home/surgeon/trash/set-up-wshell/vo-projects/plugin_master/openmm-dynamo/platforms/opencl/src/cl.hpp: In member function ‘cl_int cl::CommandQueue::enqueueTask(const cl::Kernel&, const std::vector<cl::Event>*, cl::Event*) const’:
/home/surgeon/trash/set-up-wshell/vo-projects/plugin_master/openmm-dynamo/platforms/opencl/src/cl.hpp:6357:28: warning: ‘cl_int clEnqueueTask(cl_command_queue, cl_kernel, cl_uint, _cl_event* const*, _cl_event**)’ is deprecated [-Wdeprecated-declarations]
 6357 |             ::clEnqueueTask(
      |             ~~~~~~~~~~~~~~~^
 6358 |                 object_, kernel(),
      |                 ~~~~~~~~~~~~~~~~~~
 6359 |                 (events != NULL) ? (cl_uint) events->size() : 0,
      |                 ~~~~~~~~~~~~~~~~~~~~~~~~~~~~~~~~~~~~~~~~~~~~~~~~
 6360 |                 (events != NULL && events->size() > 0) ? (cl_event*) &events->front() : NULL,
      |                 ~~~~~~~~~~~~~~~~~~~~~~~~~~~~~~~~~~~~~~~~~~~~~~~~~~~~~~~~~~~~~~~~~~~~~~~~~~~~~
 6361 |                 (event != NULL) ? &tmp : NULL),
      |                 ~~~~~~~~~~~~~~~~~~~~~~~~~~~~~~
/usr/include/CL/cl.h:1926:1: note: declared here
 1926 | clEnqueueTask(cl_command_queue  command_queue,
      | ^~~~~~~~~~~~~
[ 70%] Linking CXX shared library libOpenMMDynamoReference.so
[ 70%] Built target OpenMMDynamoReference
[ 73%] Building CXX object platforms/reference/tests/CMakeFiles/TestReferenceDynamoForce.dir/TestReferenceDynamoForce.cpp.o
[ 76%] Linking CXX executable TestSerializeDynamoForce
[ 76%] Built target TestSerializeDynamoForce
[ 80%] Linking CXX shared library libOpenMMDynamoCUDA.so
[ 80%] Built target OpenMMDynamoCUDA
[ 83%] Building CXX object platforms/cuda/tests/CMakeFiles/TestCudaDynamoForce.dir/TestCudaDynamoForce.cpp.o
[ 86%] Linking CXX shared library libOpenMMDynamoOpenCL.so
[ 86%] Built target OpenMMDynamoOpenCL
[ 90%] Building CXX object platforms/opencl/tests/CMakeFiles/TestOpenCLDynamoForce.dir/TestOpenCLDynamoForce.cpp.o
[ 93%] Linking CXX executable TestReferenceDynamoForce
[ 93%] Built target TestReferenceDynamoForce
[ 96%] Linking CXX executable TestCudaDynamoForce
[ 96%] Built target TestCudaDynamoForce
[100%] Linking CXX executable TestOpenCLDynamoForce
[100%] Built target TestOpenCLDynamoForce
[  6%] Built target DynamoApiWrappers
[ 30%] Built target OpenMMDynamo
[ 36%] Built target TestSerializeDynamoForce
[ 46%] Built target OpenMMDynamoReference
[ 53%] Built target TestReferenceDynamoForce
[ 70%] Built target OpenMMDynamoOpenCL
[ 76%] Built target TestOpenCLDynamoForce
[ 93%] Built target OpenMMDynamoCUDA
[100%] Built target TestCudaDynamoForce
Install the project...
-- Install configuration: "Release"
-- Installing: /home/surgeon/trash/set-up-wshell/omm-7.3.0/include/DynamoForce.h
-- Installing: /home/surgeon/trash/set-up-wshell/omm-7.3.0/include/DynamoKernels.h
-- Installing: /home/surgeon/trash/set-up-wshell/omm-7.3.0/include/internal/DynamoForceImpl.h
-- Installing: /home/surgeon/trash/set-up-wshell/omm-7.3.0/include/internal/windowsExportDynamo.h
-- Installing: /home/surgeon/trash/set-up-wshell/omm-7.3.0/lib/libOpenMMDynamo.so
-- Set runtime path of "/home/surgeon/trash/set-up-wshell/omm-7.3.0/lib/libOpenMMDynamo.so" to ""
-- Installing: /home/surgeon/trash/set-up-wshell/omm-7.3.0/include/DynamoOpenMMCWrapper.h
-- Installing: /home/surgeon/trash/set-up-wshell/omm-7.3.0/include/DynamoOpenMMFortranModule.f90
-- Installing: /home/surgeon/trash/set-up-wshell/omm-7.3.0/lib/plugins/libOpenMMDynamoReference.so
-- Set runtime path of "/home/surgeon/trash/set-up-wshell/omm-7.3.0/lib/plugins/libOpenMMDynamoReference.so" to ""
-- Installing: /home/surgeon/trash/set-up-wshell/omm-7.3.0/lib/plugins/libOpenMMDynamoOpenCL.so
-- Set runtime path of "/home/surgeon/trash/set-up-wshell/omm-7.3.0/lib/plugins/libOpenMMDynamoOpenCL.so" to ""
-- Installing: /home/surgeon/trash/set-up-wshell/omm-7.3.0/lib/plugins/libOpenMMDynamoCUDA.so
-- Set runtime path of "/home/surgeon/trash/set-up-wshell/omm-7.3.0/lib/plugins/libOpenMMDynamoCUDA.so" to ""
[100%] Generating DynamoPluginWrapper.cpp
/home/surgeon/trash/set-up-wshell/omm-7.3.0/include/swig/OpenMMSwigHeaders.i:1214: Warning 401: Nothing known about base class 'std::exception'. Ignored.
/home/surgeon/trash/set-up-wshell/omm-7.3.0/include/swig/OpenMMSwigHeaders.i:454: Warning 453: Can't apply (OpenMM::Context &OUTPUT). No typemaps are defined.
/home/surgeon/trash/set-up-wshell/omm-7.3.0/include/swig/OpenMMSwigHeaders.i:489: Warning 453: Can't apply (OpenMM::Context &OUTPUT). No typemaps are defined.
/home/surgeon/trash/set-up-wshell/omm-7.3.0/include/swig/OpenMMSwigHeaders.i:546: Warning 453: Can't apply (std::vector< Vec3 > &OUTPUT). No typemaps are defined.
/home/surgeon/trash/set-up-wshell/omm-7.3.0/include/swig/OpenMMSwigHeaders.i:549: Warning 453: Can't apply (std::vector< Vec3 > &OUTPUT). No typemaps are defined.
/home/surgeon/trash/set-up-wshell/omm-7.3.0/include/swig/OpenMMSwigHeaders.i:564: Warning 453: Can't apply (std::string &OUTPUT). No typemaps are defined.
/home/surgeon/trash/set-up-wshell/omm-7.3.0/include/swig/OpenMMSwigHeaders.i:565: Warning 453: Can't apply (std::string &OUTPUT). No typemaps are defined.
/home/surgeon/trash/set-up-wshell/omm-7.3.0/include/swig/OpenMMSwigHeaders.i:644: Warning 453: Can't apply (std::vector< double > &OUTPUT). No typemaps are defined.
/home/surgeon/trash/set-up-wshell/omm-7.3.0/include/swig/OpenMMSwigHeaders.i:655: Warning 453: Can't apply (std::vector< double > &OUTPUT). No typemaps are defined.
/home/surgeon/trash/set-up-wshell/omm-7.3.0/include/swig/OpenMMSwigHeaders.i:674: Warning 453: Can't apply (std::string &OUTPUT). No typemaps are defined.
/home/surgeon/trash/set-up-wshell/omm-7.3.0/include/swig/OpenMMSwigHeaders.i:675: Warning 453: Can't apply (std::vector< double > &OUTPUT). No typemaps are defined.
/home/surgeon/trash/set-up-wshell/omm-7.3.0/include/swig/OpenMMSwigHeaders.i:684: Warning 453: Can't apply (OpenMM::Context &OUTPUT). No typemaps are defined.
/home/surgeon/trash/set-up-wshell/omm-7.3.0/include/swig/OpenMMSwigHeaders.i:739: Warning 453: Can't apply (OpenMM::Context &OUTPUT). No typemaps are defined.
/home/surgeon/trash/set-up-wshell/omm-7.3.0/include/swig/OpenMMSwigHeaders.i:783: Warning 453: Can't apply (std::vector< double > &OUTPUT). No typemaps are defined.
/home/surgeon/trash/set-up-wshell/omm-7.3.0/include/swig/OpenMMSwigHeaders.i:788: Warning 453: Can't apply (OpenMM::Context &OUTPUT). No typemaps are defined.
/home/surgeon/trash/set-up-wshell/omm-7.3.0/include/swig/OpenMMSwigHeaders.i:871: Warning 453: Can't apply (OpenMM::Context &OUTPUT). No typemaps are defined.
/home/surgeon/trash/set-up-wshell/omm-7.3.0/include/swig/OpenMMSwigHeaders.i:917: Warning 453: Can't apply (std::vector< double > &OUTPUT). No typemaps are defined.
/home/surgeon/trash/set-up-wshell/omm-7.3.0/include/swig/OpenMMSwigHeaders.i:922: Warning 453: Can't apply (std::string &OUTPUT). No typemaps are defined.
/home/surgeon/trash/set-up-wshell/omm-7.3.0/include/swig/OpenMMSwigHeaders.i:923: Warning 453: Can't apply (std::string &OUTPUT). No typemaps are defined.
/home/surgeon/trash/set-up-wshell/omm-7.3.0/include/swig/OpenMMSwigHeaders.i:931: Warning 453: Can't apply (std::string &OUTPUT). No typemaps are defined.
/home/surgeon/trash/set-up-wshell/omm-7.3.0/include/swig/OpenMMSwigHeaders.i:949: Warning 453: Can't apply (std::string &OUTPUT). No typemaps are defined.
/home/surgeon/trash/set-up-wshell/omm-7.3.0/include/swig/OpenMMSwigHeaders.i:950: Warning 453: Can't apply (std::vector< double > &OUTPUT). No typemaps are defined.
/home/surgeon/trash/set-up-wshell/omm-7.3.0/include/swig/OpenMMSwigHeaders.i:959: Warning 453: Can't apply (OpenMM::Context &OUTPUT). No typemaps are defined.
/home/surgeon/trash/set-up-wshell/omm-7.3.0/include/swig/OpenMMSwigHeaders.i:1019: Warning 453: Can't apply (OpenMM::Context &OUTPUT). No typemaps are defined.
/home/surgeon/trash/set-up-wshell/omm-7.3.0/include/swig/OpenMMSwigHeaders.i:1060: Warning 453: Can't apply (std::vector< double > &OUTPUT). No typemaps are defined.
/home/surgeon/trash/set-up-wshell/omm-7.3.0/include/swig/OpenMMSwigHeaders.i:1105: Warning 453: Can't apply (OpenMM::Context &OUTPUT). No typemaps are defined.
/home/surgeon/trash/set-up-wshell/omm-7.3.0/include/swig/OpenMMSwigHeaders.i:1119: Warning 453: Can't apply (std::vector< double > &OUTPUT). No typemaps are defined.
/home/surgeon/trash/set-up-wshell/omm-7.3.0/include/swig/OpenMMSwigHeaders.i:1157: Warning 453: Can't apply (OpenMM::Context &OUTPUT). No typemaps are defined.
/home/surgeon/trash/set-up-wshell/omm-7.3.0/include/swig/OpenMMSwigHeaders.i:1172: Warning 453: Can't apply (OpenMM::Context &OUTPUT). No typemaps are defined.
/home/surgeon/trash/set-up-wshell/omm-7.3.0/include/swig/OpenMMSwigHeaders.i:1208: Warning 453: Can't apply (OpenMM::Context &OUTPUT). No typemaps are defined.
/home/surgeon/trash/set-up-wshell/omm-7.3.0/include/swig/OpenMMSwigHeaders.i:1227: Warning 453: Can't apply (std::vector< double > &OUTPUT). No typemaps are defined.
/home/surgeon/trash/set-up-wshell/omm-7.3.0/include/swig/OpenMMSwigHeaders.i:1230: Warning 453: Can't apply (std::vector< double > &OUTPUT). No typemaps are defined.
/home/surgeon/trash/set-up-wshell/omm-7.3.0/include/swig/OpenMMSwigHeaders.i:1233: Warning 453: Can't apply (std::vector< double > &OUTPUT). No typemaps are defined.
/home/surgeon/trash/set-up-wshell/omm-7.3.0/include/swig/OpenMMSwigHeaders.i:1282: Warning 453: Can't apply (std::vector< double > &OUTPUT). No typemaps are defined.
/home/surgeon/trash/set-up-wshell/omm-7.3.0/include/swig/OpenMMSwigHeaders.i:1299: Warning 453: Can't apply (std::string &OUTPUT). No typemaps are defined.
/home/surgeon/trash/set-up-wshell/omm-7.3.0/include/swig/OpenMMSwigHeaders.i:1300: Warning 453: Can't apply (std::vector< double > &OUTPUT). No typemaps are defined.
/home/surgeon/trash/set-up-wshell/omm-7.3.0/include/swig/OpenMMSwigHeaders.i:1310: Warning 453: Can't apply (std::set< int > &OUTPUT). No typemaps are defined.
/home/surgeon/trash/set-up-wshell/omm-7.3.0/include/swig/OpenMMSwigHeaders.i:1311: Warning 453: Can't apply (std::set< int > &OUTPUT). No typemaps are defined.
/home/surgeon/trash/set-up-wshell/omm-7.3.0/include/swig/OpenMMSwigHeaders.i:1316: Warning 453: Can't apply (OpenMM::Context &OUTPUT). No typemaps are defined.
/home/surgeon/trash/set-up-wshell/omm-7.3.0/include/swig/OpenMMSwigHeaders.i:1368: Warning 453: Can't apply (std::vector< double > &OUTPUT). No typemaps are defined.
/home/surgeon/trash/set-up-wshell/omm-7.3.0/include/swig/OpenMMSwigHeaders.i:1375: Warning 453: Can't apply (OpenMM::Context &OUTPUT). No typemaps are defined.
/home/surgeon/trash/set-up-wshell/omm-7.3.0/include/swig/OpenMMSwigHeaders.i:1495: Warning 453: Can't apply (std::vector< double > &OUTPUT). No typemaps are defined.
/home/surgeon/trash/set-up-wshell/omm-7.3.0/include/swig/OpenMMSwigHeaders.i:1509: Warning 453: Can't apply (std::set< int > &OUTPUT). No typemaps are defined.
/home/surgeon/trash/set-up-wshell/omm-7.3.0/include/swig/OpenMMSwigHeaders.i:1517: Warning 453: Can't apply (OpenMM::Context &OUTPUT). No typemaps are defined.
/home/surgeon/trash/set-up-wshell/omm-7.3.0/include/swig/OpenMMSwigHeaders.i:1547: Warning 453: Can't apply (OpenMM::Context &OUTPUT). No typemaps are defined.
/home/surgeon/trash/set-up-wshell/omm-7.3.0/include/swig/OpenMMSwigHeaders.i:1605: Warning 453: Can't apply (OpenMM::Context &OUTPUT). No typemaps are defined.
/home/surgeon/trash/set-up-wshell/omm-7.3.0/include/swig/OpenMMSwigHeaders.i:1634: Warning 453: Can't apply (Vec3 &OUTPUT). No typemaps are defined.
/home/surgeon/trash/set-up-wshell/omm-7.3.0/include/swig/OpenMMSwigHeaders.i:1635: Warning 453: Can't apply (Vec3 &OUTPUT). No typemaps are defined.
/home/surgeon/trash/set-up-wshell/omm-7.3.0/include/swig/OpenMMSwigHeaders.i:1636: Warning 453: Can't apply (Vec3 &OUTPUT). No typemaps are defined.
/home/surgeon/trash/set-up-wshell/omm-7.3.0/include/swig/OpenMMSwigHeaders.i:1661: Warning 453: Can't apply (std::vector< double > &OUTPUT). No typemaps are defined.
/home/surgeon/trash/set-up-wshell/omm-7.3.0/include/swig/OpenMMSwigHeaders.i:1679: Warning 453: Can't apply (std::vector< double > &OUTPUT). No typemaps are defined.
/home/surgeon/trash/set-up-wshell/omm-7.3.0/include/swig/OpenMMSwigHeaders.i:1705: Warning 453: Can't apply (OpenMM::Context &OUTPUT). No typemaps are defined.
/home/surgeon/trash/set-up-wshell/omm-7.3.0/include/swig/OpenMMSwigHeaders.i:1737: Warning 453: Can't apply (std::vector< int > &OUTPUT). No typemaps are defined.
/home/surgeon/trash/set-up-wshell/omm-7.3.0/include/swig/OpenMMSwigHeaders.i:1738: Warning 453: Can't apply (std::vector< double > &OUTPUT). No typemaps are defined.
/home/surgeon/trash/set-up-wshell/omm-7.3.0/include/swig/OpenMMSwigHeaders.i:1748: Warning 453: Can't apply (std::string &OUTPUT). No typemaps are defined.
/home/surgeon/trash/set-up-wshell/omm-7.3.0/include/swig/OpenMMSwigHeaders.i:1749: Warning 453: Can't apply (std::vector< double > &OUTPUT). No typemaps are defined.
/home/surgeon/trash/set-up-wshell/omm-7.3.0/include/swig/OpenMMSwigHeaders.i:1758: Warning 453: Can't apply (OpenMM::Context &OUTPUT). No typemaps are defined.
/home/surgeon/trash/set-up-wshell/omm-7.3.0/include/swig/OpenMMSwigHeaders.i:1769: Warning 453: Can't apply (std::vector< double > &OUTPUT). No typemaps are defined.
/home/surgeon/trash/set-up-wshell/omm-7.3.0/include/swig/OpenMMSwigHeaders.i:1799: Warning 453: Can't apply (std::vector< double > &OUTPUT). No typemaps are defined.
/home/surgeon/trash/set-up-wshell/omm-7.3.0/include/swig/OpenMMSwigHeaders.i:1805: Warning 453: Can't apply (OpenMM::Context &OUTPUT). No typemaps are defined.
/home/surgeon/trash/set-up-wshell/omm-7.3.0/include/swig/OpenMMSwigHeaders.i:1840: Warning 453: Can't apply (std::vector< int > &OUTPUT). No typemaps are defined.
/home/surgeon/trash/set-up-wshell/omm-7.3.0/include/swig/OpenMMSwigHeaders.i:1849: Warning 453: Can't apply (OpenMM::Context &OUTPUT). No typemaps are defined.
/home/surgeon/trash/set-up-wshell/omm-7.3.0/include/swig/OpenMMSwigHeaders.i:1867: Warning 453: Can't apply (OpenMM::Context &OUTPUT). No typemaps are defined.
/home/surgeon/trash/set-up-wshell/omm-7.3.0/include/swig/OpenMMSwigHeaders.i:1986: Warning 453: Can't apply (std::string &OUTPUT). No typemaps are defined.
/home/surgeon/trash/set-up-wshell/omm-7.3.0/include/swig/OpenMMSwigHeaders.i:1999: Warning 453: Can't apply (std::string &OUTPUT). No typemaps are defined.
/home/surgeon/trash/set-up-wshell/omm-7.3.0/include/swig/OpenMMSwigHeaders.i:2015: Warning 453: Can't apply (OpenMM::Context &OUTPUT). No typemaps are defined.
/home/surgeon/trash/set-up-wshell/omm-7.3.0/include/swig/OpenMMSwigHeaders.i:2039: Warning 453: Can't apply (OpenMM::Context &OUTPUT). No typemaps are defined.
/home/surgeon/trash/set-up-wshell/omm-7.3.0/include/swig/OpenMMSwigHeaders.i:2083: Warning 453: Can't apply (ContextImpl &OUTPUT). No typemaps are defined.
/home/surgeon/trash/set-up-wshell/omm-7.3.0/include/swig/OpenMMSwigHeaders.i:2084: Warning 453: Can't apply (ContextImpl &OUTPUT). No typemaps are defined.
/home/surgeon/trash/set-up-wshell/omm-7.3.0/include/swig/OpenMMSwigHeaders.i:2179: Warning 453: Can't apply (std::vector< int > &OUTPUT). No typemaps are defined.
/home/surgeon/trash/set-up-wshell/omm-7.3.0/include/swig/OpenMMSwigHeaders.i:2194: Warning 453: Can't apply (std::vector< double > &OUTPUT). No typemaps are defined.
/home/surgeon/trash/set-up-wshell/omm-7.3.0/include/swig/OpenMMSwigHeaders.i:2195: Warning 453: Can't apply (std::vector< double > &OUTPUT). No typemaps are defined.
/home/surgeon/trash/set-up-wshell/omm-7.3.0/include/swig/OpenMMSwigHeaders.i:2216: Warning 453: Can't apply (std::vector< int > &OUTPUT). No typemaps are defined.
/home/surgeon/trash/set-up-wshell/omm-7.3.0/include/swig/OpenMMSwigHeaders.i:2219: Warning 453: Can't apply (std::vector< std::vector< int > > &OUTPUT). No typemaps are defined.
/home/surgeon/trash/set-up-wshell/omm-7.3.0/include/swig/OpenMMSwigHeaders.i:2230: Warning 453: Can't apply (std::vector< Vec3 > &OUTPUT). No typemaps are defined.
/home/surgeon/trash/set-up-wshell/omm-7.3.0/include/swig/OpenMMSwigHeaders.i:2233: Warning 453: Can't apply (std::vector< Vec3 > &OUTPUT). No typemaps are defined.
/home/surgeon/trash/set-up-wshell/omm-7.3.0/include/swig/OpenMMSwigHeaders.i:2236: Warning 453: Can't apply (std::vector< Vec3 > &OUTPUT). No typemaps are defined.
/home/surgeon/trash/set-up-wshell/omm-7.3.0/include/swig/OpenMMSwigHeaders.i:2239: Warning 453: Can't apply (std::vector< double > &OUTPUT). No typemaps are defined.
/home/surgeon/trash/set-up-wshell/omm-7.3.0/include/swig/OpenMMSwigHeaders.i:2242: Warning 453: Can't apply (OpenMM::Context &OUTPUT). No typemaps are defined.
/home/surgeon/trash/set-up-wshell/omm-7.3.0/include/swig/OpenMMSwigHeaders.i:2243: Warning 453: Can't apply (std::vector< double > &OUTPUT). No typemaps are defined.
/home/surgeon/trash/set-up-wshell/omm-7.3.0/include/swig/OpenMMSwigHeaders.i:2247: Warning 453: Can't apply (OpenMM::Context &OUTPUT). No typemaps are defined.
/home/surgeon/trash/set-up-wshell/omm-7.3.0/include/swig/OpenMMSwigHeaders.i:2279: Warning 453: Can't apply (OpenMM::SerializationNode &OUTPUT). No typemaps are defined.
/home/surgeon/trash/set-up-wshell/omm-7.3.0/include/swig/OpenMMSwigHeaders.i:2313: Warning 453: Can't apply (std::vector< double > &OUTPUT). No typemaps are defined.
/home/surgeon/trash/set-up-wshell/omm-7.3.0/include/swig/OpenMMSwigHeaders.i:2347: Warning 453: Can't apply (std::vector< double > &OUTPUT). No typemaps are defined.
/home/surgeon/trash/set-up-wshell/omm-7.3.0/include/swig/OpenMMSwigHeaders.i:2355: Warning 453: Can't apply (OpenMM::Context &OUTPUT). No typemaps are defined.
/home/surgeon/trash/set-up-wshell/omm-7.3.0/include/swig/OpenMMSwigHeaders.i:2386: Warning 453: Can't apply (OpenMM::Context &OUTPUT). No typemaps are defined.
/home/surgeon/trash/set-up-wshell/omm-7.3.0/include/swig/OpenMMSwigHeaders.i:2418: Warning 453: Can't apply (OpenMM::Context &OUTPUT). No typemaps are defined.
/home/surgeon/trash/set-up-wshell/omm-7.3.0/include/swig/OpenMMSwigHeaders.i:2451: Warning 453: Can't apply (OpenMM::Context &OUTPUT). No typemaps are defined.
/home/surgeon/trash/set-up-wshell/omm-7.3.0/include/swig/OpenMMSwigHeaders.i:2452: Warning 453: Can't apply (std::vector< double > &OUTPUT). No typemaps are defined.
/home/surgeon/trash/set-up-wshell/omm-7.3.0/include/swig/OpenMMSwigHeaders.i:2456: Warning 453: Can't apply (OpenMM::Context &OUTPUT). No typemaps are defined.
/home/surgeon/trash/set-up-wshell/omm-7.3.0/include/swig/OpenMMSwigHeaders.i:2459: Warning 453: Can't apply (OpenMM::Context &OUTPUT). No typemaps are defined.
/home/surgeon/trash/set-up-wshell/omm-7.3.0/include/swig/OpenMMSwigHeaders.i:2487: Warning 453: Can't apply (OpenMM::Context &OUTPUT). No typemaps are defined.
/home/surgeon/trash/set-up-wshell/omm-7.3.0/include/swig/OpenMMSwigHeaders.i:2498: Warning 453: Can't apply (std::vector< double > &OUTPUT). No typemaps are defined.
/home/surgeon/trash/set-up-wshell/omm-7.3.0/include/swig/OpenMMSwigHeaders.i:2535: Warning 453: Can't apply (std::vector< int > &OUTPUT). No typemaps are defined.
/home/surgeon/trash/set-up-wshell/omm-7.3.0/include/swig/OpenMMSwigHeaders.i:2536: Warning 453: Can't apply (std::vector< double > &OUTPUT). No typemaps are defined.
/home/surgeon/trash/set-up-wshell/omm-7.3.0/include/swig/OpenMMSwigHeaders.i:2542: Warning 453: Can't apply (std::vector< int > &OUTPUT). No typemaps are defined.
/home/surgeon/trash/set-up-wshell/omm-7.3.0/include/swig/OpenMMSwigHeaders.i:2543: Warning 453: Can't apply (std::vector< double > &OUTPUT). No typemaps are defined.
/home/surgeon/trash/set-up-wshell/omm-7.3.0/include/swig/OpenMMSwigHeaders.i:2552: Warning 453: Can't apply (OpenMM::Context &OUTPUT). No typemaps are defined.
In file included from /home/surgeon/trash/set-up-wshell/omm-7.3.0/include/OpenMM.h:53,
                 from DynamoPluginWrapper.cpp:3195:
/home/surgeon/trash/set-up-wshell/omm-7.3.0/include/openmm/GayBerneForce.h: In constructor ‘OpenMM::GayBerneForce::ParticleInfo::ParticleInfo(double, double, int, int, double, double, double, double, double, double)’:
/home/surgeon/trash/set-up-wshell/omm-7.3.0/include/openmm/GayBerneForce.h:286:19: warning: ‘OpenMM::GayBerneForce::ParticleInfo::epsilon’ will be initialized after [-Wreorder]
  286 |     double sigma, epsilon, sx, sy, sz, ex, ey, ez;
      |                   ^~~~~~~
/home/surgeon/trash/set-up-wshell/omm-7.3.0/include/openmm/GayBerneForce.h:285:9: warning:   ‘int OpenMM::GayBerneForce::ParticleInfo::xparticle’ [-Wreorder]
  285 |     int xparticle, yparticle;
      |         ^~~~~~~~~
/home/surgeon/trash/set-up-wshell/omm-7.3.0/include/openmm/GayBerneForce.h:291:5: warning:   when initialized here [-Wreorder]
  291 |     ParticleInfo(double sigma, double epsilon, int xparticle, int yparticle, double sx, double sy, double sz, double ex, double ey, double ez) :
      |     ^~~~~~~~~~~~
In file included from /home/surgeon/trash/set-up-wshell/omm-7.3.0/include/OpenMM.h:63:
/home/surgeon/trash/set-up-wshell/omm-7.3.0/include/openmm/NonbondedForce.h: In constructor ‘OpenMM::NonbondedForce::ParticleOffsetInfo::ParticleOffsetInfo(int, int, double, double, double)’:
/home/surgeon/trash/set-up-wshell/omm-7.3.0/include/openmm/NonbondedForce.h:645:19: warning: ‘OpenMM::NonbondedForce::ParticleOffsetInfo::parameter’ will be initialized after [-Wreorder]
  645 |     int particle, parameter;
      |                   ^~~~~~~~~
/home/surgeon/trash/set-up-wshell/omm-7.3.0/include/openmm/NonbondedForce.h:645:9: warning:   ‘int OpenMM::NonbondedForce::ParticleOffsetInfo::particle’ [-Wreorder]
  645 |     int particle, parameter;
      |         ^~~~~~~~
/home/surgeon/trash/set-up-wshell/omm-7.3.0/include/openmm/NonbondedForce.h:651:5: warning:   when initialized here [-Wreorder]
  651 |     ParticleOffsetInfo(int parameter, int particle, double chargeScale, double sigmaScale, double epsilonScale) :
      |     ^~~~~~~~~~~~~~~~~~
/home/surgeon/trash/set-up-wshell/omm-7.3.0/include/openmm/NonbondedForce.h: In constructor ‘OpenMM::NonbondedForce::ExceptionOffsetInfo::ExceptionOffsetInfo(int, int, double, double, double)’:
/home/surgeon/trash/set-up-wshell/omm-7.3.0/include/openmm/NonbondedForce.h:662:20: warning: ‘OpenMM::NonbondedForce::ExceptionOffsetInfo::parameter’ will be initialized after [-Wreorder]
  662 |     int exception, parameter;
      |                    ^~~~~~~~~
/home/surgeon/trash/set-up-wshell/omm-7.3.0/include/openmm/NonbondedForce.h:662:9: warning:   ‘int OpenMM::NonbondedForce::ExceptionOffsetInfo::exception’ [-Wreorder]
  662 |     int exception, parameter;
      |         ^~~~~~~~~
/home/surgeon/trash/set-up-wshell/omm-7.3.0/include/openmm/NonbondedForce.h:668:5: warning:   when initialized here [-Wreorder]
  668 |     ExceptionOffsetInfo(int parameter, int exception, double chargeProdScale, double sigmaScale, double epsilonScale) :
      |     ^~~~~~~~~~~~~~~~~~~
/usr/lib/python3.11/site-packages/setuptools/_distutils/cmd.py:66: SetuptoolsDeprecationWarning: setup.py install is deprecated.
!!

        ********************************************************************************
        Please avoid running ``setup.py`` directly.
        Instead, use pypa/build, pypa/installer, pypa/build or
        other standards-based tools.

        See https://blog.ganssle.io/articles/2021/10/setup-py-deprecated.html for details.
        ********************************************************************************

!!
  self.initialize_options()
/usr/lib/python3.11/site-packages/setuptools/_distutils/cmd.py:66: EasyInstallDeprecationWarning: easy_install command is deprecated.
!!

        ********************************************************************************
        Please avoid running ``setup.py`` and ``easy_install``.
        Instead, use pypa/build, pypa/installer, pypa/build or
        other standards-based tools.

        See https://github.com/pypa/setuptools/issues/917 for details.
        ********************************************************************************

!!
  self.initialize_options()
error: can't create or remove files in install directory

The following error occurred while trying to add or remove files in the
installation directory:

    [Errno 13] Permission denied: '/usr/lib/python3.11/site-packages/test-easy-install-247231.write-test'

The installation directory you specified (via --install-dir, --prefix, or
the distutils default setting) was:

    /usr/lib/python3.11/site-packages/

Perhaps your account does not have write access to this directory?  If the
installation directory is a system-owned directory, you may need to sign in
as the administrator or "root" account.  If you do not have administrative
access to this machine, you may wish to choose a different installation
directory, preferably one that is listed in your PYTHONPATH environment
variable.

For information on other options, you may wish to consult the
documentation at:

  https://setuptools.pypa.io/en/latest/deprecated/easy_install.html

Please make the appropriate changes for your system and try again.

make[3]: *** [python/CMakeFiles/PythonInstall.dir/build.make:79: PythonInstall] Error 1
make[2]: *** [CMakeFiles/Makefile2:478: python/CMakeFiles/PythonInstall.dir/all] Error 2
make[1]: *** [CMakeFiles/Makefile2:485: python/CMakeFiles/PythonInstall.dir/rule] Error 2
make: *** [Makefile:296: PythonInstall] Error 2
~/trash/set-up-wshell/vo-projects/plugin_master/openmm-dynamo ~/trash/set-up-wshell/vo-projects/plugin_master ~/trash/set-up-wshell/vo-projects ~/trash/set-up-wshell
~/trash/set-up-wshell/vo-projects/plugin_master ~/trash/set-up-wshell/vo-projects ~/trash/set-up-wshell
~/trash/set-up-wshell/vo-projects ~/trash/set-up-wshell
~/trash/set-up-wshell
/home/surgeon/trash/set-up-wshell/openmm/build/python/build/lib.linux-x86_64-3.11:/home/surgeon/trash/set-up-wshell/vo-projects/plugin_master/openmm-dynamo/build/python/build/lib.linux-x86_64-3.11
/home/surgeon/trash/set-up-wshell/omm-7.3.0/lib:/home/surgeon/trash/set-up-wshell/omm-7.3.0/lib/plugins:/home/surgeon/trash/set-up-wshell/vo-projects/lib::/usr/local/openmm-git/lib:/usr/local/openmm-git/lib/plugins::/home/surgeon/projects/plugin_master:/home/surgeon/projects/string/namd:/usr/local/openmm-git/lib:/usr/local/openmm-git/lib/plugins::/home/surgeon/projects/plugin_master:/home/surgeon/projects/string/namd:
~/trash/set-up-wshell/dhfr ~/trash/set-up-wshell
/usr/lib/python3.11/site-packages/simtk/openmm/app/charmmpsffile.py:362: CharmmPSFWarning: Detected PSF molecule section that is WRONG. Resetting molecularity.
  warnings.warn('Detected PSF molecule section that is WRONG. '
 =============================
 Run  0 (will quit after 0 )
 ===> CHOMMPy : Reading PSF from file './struc/dhfr_sn.psf'
 ===> CHOMMPy : Reading topology from file './struc/dhfr36.top' and parameters from file './struc/dhfr36.par'
 ===> CHOMMPy : Will constrain all bonds involving hydrogens
 ===> CHOMMPy : Initializing simulation system
 ===> CHOMMPy : Nonbonded cutoff is 9 A. Switching is active at 7.5 A
 ===> CHOMMPy : Hydrogen mass is 4 Da
Adding particles...
Adding lonepairs...
Adding bonds...
Adding angles...
Adding Urey-Bradley terms
Adding torsions...
Adding impropers...
Adding CMAP coupled torsions...
Adding nonbonded interactions...
 ===> CHOMMPy : Configuring integrator
 ===> CHOMMPy : Initializing Langevin thermostatted integrator with timestep 4 fs coupled to bath with friction 1 /ps at temperature 298 K
 ===> CHOMMPy : Initializing compute platform CUDA
 ===> CHOMMPy : Preparing simulation topology
 ===> CHOMMPy : Setting simulation coordinates from file './struc/dhfr_msn.pdb'
 ===> CHOMMPy : Initial Potential energy
Bond			Angle			Dihed			UB			IMPR			CMAP			NBOND			PE			
554.6349212738531	855.1986241651904	1490.622101249835	29.87955184792389	19.897876986169507	-64.468483752206	-23261.953522395543	-20376.188930624772	
 ===> CHOMMPy : Minimizing energy for 0 steps
 ===> CHOMMPy : Potential energy after minimization
Bond			Angle			Dihed			UB			IMPR			CMAP			NBOND			PE			
173.65291171189997	452.57721990360045	1477.2131363910269	29.141264067615406	16.87283422369642	-61.361655300878425	-26750.47198410638	-24662.37627310942	
 ===> CHOMMPy : Running MD simulation for 200000 steps
#"Step" 	 "Potential Energy (kJ/mole)" 	 "Kinetic Energy (kJ/mole)" 	 "Temperature (K)" 	 "Speed (ns/day)"
10000 	 -76699.10293717244 	 23394.692391475335 	 299.39683070930556 	 0
20000 	 -77519.68820401526 	 22945.88758121714 	 293.65318870923556 	 1.04e+03
30000 	 -77099.07196857965 	 23311.401553405398 	 298.3309046211152 	 1.05e+03
40000 	 -76719.27064523533 	 23414.896995921375 	 299.65540194570633 	 1.03e+03
50000 	 -76951.63866112883 	 23410.13695668351 	 299.5944846813106 	 1.01e+03
60000 	 -77261.12440975333 	 23177.51327912394 	 296.61745080354706 	 1.01e+03
70000 	 -77672.49065998252 	 23167.493921488403 	 296.4892266802448 	 1.01e+03
80000 	 -77375.09715588875 	 23342.694711075237 	 298.73138316011284 	 1.01e+03
90000 	 -77314.25076638306 	 23344.925096214196 	 298.7599268242351 	 1.01e+03
100000 	 -77497.04796030959 	 22956.780964048015 	 293.7925982915756 	 1.01e+03
110000 	 -77348.12303771956 	 23307.135476287895 	 298.2763089056782 	 1.01e+03
120000 	 -77123.38921173412 	 23072.603051088317 	 295.2748475644337 	 1.02e+03
130000 	 -77260.3835883246 	 23272.38386598808 	 297.83157033798494 	 1.02e+03
140000 	 -77550.65824291384 	 23196.61390569604 	 296.8618937295131 	 1.02e+03
150000 	 -77639.01686401437 	 23033.08199730492 	 294.76907138020164 	 1.02e+03
160000 	 -77499.76121178902 	 23438.3671229618 	 299.9557641618306 	 1.02e+03
170000 	 -76682.19766774458 	 23418.081264875913 	 299.69615307066925 	 1.02e+03
180000 	 -77820.18274217691 	 23213.837945629697 	 297.0823207768902 	 1.02e+03
190000 	 -77209.38778378413 	 22934.6236511255 	 293.509036996773 	 1.02e+03
200000 	 -77863.31687757817 	 23261.861554221312 	 297.6969095892138 	 1.02e+03
 ===> CHOMMPy : Writing simulation restart files
~/trash/set-up-wshell
~/trash/set-up-wshell/vo-projects ~/trash/set-up-wshell
 watershell_plugin.ftn ==> watershell_plugin.F90 ...
cc1: warning: command-line option ‘-fprotect-parens’ is valid for Fortran but not for C
 watershell_plugin.F90 ==> watershell_plugin.o ...
f951: Warning: Flag ‘-fmax-stack-var-size=65536’ overwrites ‘-frecursive’ implied by ‘-fopenmp’
 plugin_master.ftn ==> plugin_master.F90 ...
 plugin_master.F90 ==> plugin_master.o ...
f951: Warning: Flag ‘-fmax-stack-var-size=65536’ overwrites ‘-frecursive’ implied by ‘-fopenmp’
~/trash/set-up-wshell
/home/surgeon/trash/set-up-wshell/openmm/build/python/build/lib.linux-x86_64-3.11:/home/surgeon/trash/set-up-wshell/vo-projects/plugin_master/openmm-dynamo/build/python/build/lib.linux-x86_64-3.11
/home/surgeon/trash/set-up-wshell/omm-7.3.0/lib:/home/surgeon/trash/set-up-wshell/omm-7.3.0/lib/plugins:/home/surgeon/trash/set-up-wshell/vo-projects/lib::/usr/local/openmm-git/lib:/usr/local/openmm-git/lib/plugins::/home/surgeon/projects/plugin_master:/home/surgeon/projects/string/namd:/usr/local/openmm-git/lib:/usr/local/openmm-git/lib/plugins::/home/surgeon/projects/plugin_master:/home/surgeon/projects/string/namd:
~/trash/set-up-wshell/dhfr ~/trash/set-up-wshell
/usr/lib/python3.11/site-packages/simtk/openmm/app/charmmpsffile.py:362: CharmmPSFWarning: Detected PSF molecule section that is WRONG. Resetting molecularity.
  warnings.warn('Detected PSF molecule section that is WRONG. '
 =============================
 Run  0 (will quit after 0 )
 ===> CHOMMPy : Reading PSF from file './struc/dhfr_sn.psf'
 ===> CHOMMPy : Reading topology from file './struc/dhfr36.top' and parameters from file './struc/dhfr36.par'
 ===> CHOMMPy : Will constrain all bonds involving hydrogens
 ===> CHOMMPy : Initializing simulation system
 ===> CHOMMPy : Nonbonded cutoff is 9 A. Switching is active at 7.5 A
 ===> CHOMMPy : Hydrogen mass is 4 Da
Adding particles...
Adding lonepairs...
Adding bonds...
Adding angles...
Adding Urey-Bradley terms
Adding torsions...
Adding impropers...
Adding CMAP coupled torsions...
Adding nonbonded interactions...
 ===> CHOMMPy : Configuring integrator
 ===> CHOMMPy : Initializing Langevin thermostatted integrator with timestep 4 fs coupled to bath with friction 1 /ps at temperature 298 K
 ===> CHOMMPy : Initializing compute platform CUDA
 ===> CHOMMPy : Preparing simulation topology
 ===> CHOMMPy : Setting simulation coordinates from file './struc/dhfr_msn.pdb'
 ===> CHOMMPy : Initial Potential energy
Bond			Angle			Dihed			UB			IMPR			CMAP			NBOND			PE			
145.772246393528	855.1986241651904	1490.622101249835	29.87955184792389	19.897876986169507	-64.468483752206	-23261.95352239554	-20785.051605505094	
 ===> CHOMMPy : Minimizing energy for 0 steps
 ===> CHOMMPy : Potential energy after minimization
Bond			Angle			Dihed			UB			IMPR			CMAP			NBOND			PE			
140.7899190437474	452.05505443734035	1476.6291602931694	29.408796362347793	18.896454309260513	-62.02599273755947	-26666.260159602687	-24610.506767894385	
 ===> CHOMMPy : Running MD simulation for 200000 steps
#"Step" 	 "Potential Energy (kJ/mole)" 	 "Kinetic Energy (kJ/mole)" 	 "Temperature (K)" 	 "Speed (ns/day)"
10000 	 -76708.05522796878 	 23905.771866052837 	 305.9374413900785 	 0
20000 	 -77330.90878211889 	 23250.836608590445 	 297.5558163136371 	 725
30000 	 -77469.98527440935 	 23596.479210330435 	 301.9792255975642 	 714
40000 	 -77454.24753577013 	 23456.6337584485 	 300.1895339708507 	 710
50000 	 -77642.84697148863 	 23351.56070040412 	 298.84484689204623 	 705
60000 	 -77383.62142507333 	 23101.57357381941 	 295.64560185966184 	 703
70000 	 -77569.8627933515 	 23602.30869017783 	 302.0538291769483 	 701
80000 	 -77700.45131026689 	 23712.13755263449 	 303.4593793243789 	 701
90000 	 -77826.77924665819 	 23505.85764403793 	 300.81948349504455 	 700
100000 	 -77266.2744703046 	 23204.72455116329 	 296.96569084328866 	 697
110000 	 -76891.68551091527 	 23241.893104574872 	 297.4413605767164 	 696
120000 	 -77524.10396912614 	 23687.924285984325 	 303.1495066757084 	 693
130000 	 -77314.5074089884 	 23448.52321400245 	 300.085738149908 	 692
140000 	 -77582.32555877506 	 23180.118554222696 	 296.65079217408703 	 690
150000 	 -77598.72117116224 	 23391.11604115069 	 299.3510618684596 	 688
160000 	 -77357.22478979814 	 23580.182863367736 	 301.77067083004994 	 685
170000 	 -77353.34457948108 	 23460.31535464224 	 300.23664971034884 	 683
180000 	 -77822.7133268958 	 23418.523401850318 	 299.7018113801123 	 682
190000 	 -77913.2132887951 	 23587.33177611108 	 301.8621600354885 	 680
200000 	 -78182.78104411672 	 23511.936825876008 	 300.8972826703947 	 677
 ===> CHOMMPy : Writing simulation restart files
~/trash/set-up-wshell
