 MESSAGE (MASTER_INIT_PLUGIN): INITIALIZING MASTER PLUGIN
 MESSAGE (FILES_OPEN): Opening FORMATTED file "watershell0.in" for reading.
 MESSAGE (PARSE_FILE): Reading input file.
 MESSAGE (PARSE_FILE): ======================> Switching to context "OUTPUT".
 MESSAGE (PARSE_FILE): minwarnlev <= -1
 MESSAGE (PARSE_FILE): ======================> Returning to main context.
 MESSAGE (PARSE_FILE): ======================> Switching to context "MOLECULE".
 MESSAGE (PARSE_FILE): structure_file <= struc/dhfr_msn.pdb
 MESSAGE (PARSE_FILE): ======================> Returning to main context.
 MESSAGE (PARSE_FILE): ======================> Switching to context "WATERSHELL".
 MESSAGE (PARSE_FILE): radii <= const
 MESSAGE (PARSE_FILE): radiiconst <= 2.0
 MESSAGE (PARSE_FILE): dasystat <= yes
 MESSAGE (PARSE_FILE): mass <= file
 MESSAGE (PARSE_FILE): massfile <= struc/dhfr-mass.pdb
 MESSAGE (PARSE_FILE): massfiletype <= PDB
 MESSAGE (PARSE_FILE): masscol <= B
 MESSAGE (PARSE_FILE): structure_update_freq <= 7
 MESSAGE (PARSE_FILE): structure_update_memory <= 0.9999
 MESSAGE (PARSE_FILE): surface_force_constant <= 1
 MESSAGE (PARSE_FILE): surface_distance <= 0
 MESSAGE (PARSE_FILE): rigid_body_restraint <= yes
 MESSAGE (PARSE_FILE): rigid_body_force_constant <= 10
 MESSAGE (PARSE_FILE): spline_input_file[STRING] <= "../vo-projects/watershell/sbf-rcut8spl2dkz.dat"
 MESSAGE (PARSE_FILE): minimum_distance <= yes
 MESSAGE (PARSE_FILE): surface_padding <= 3
 MESSAGE (PARSE_FILE): cutoff_surf_stdev <= 5
 MESSAGE (PARSE_FILE): surface_atoms[STRING] <= "ANAME=CA"
 MESSAGE (PARSE_FILE): solvent_atoms[STRING] <= "ANAME=OH2 OR ANAME=SOD OR ANAME=CLA OR ANAME=MG"
 MESSAGE (PARSE_FILE): restart_file[STRING] <= "NONE"
 MESSAGE (PARSE_FILE): output_file[STRING] <= "watershell0.restart.txt"
 MESSAGE (PARSE_FILE): output_freq <= 10000
 MESSAGE (PARSE_FILE): ======================> Returning to main context.
 MESSAGE (PARSE_FILE): Input file read.
 MESSAGE (MASTER_INIT_PLUGIN): FOUND STRUCTURE FILE IN CONTEXT "MOLECULE"
 NONFATAL WARNING (master_init_plugin): structure file format("structure_filetype") unspecified. Defaulting to PDB.
 MESSAGE (MASTER_INIT_PLUGIN): READING STRUCTURE FROM FILE "struc/dhfr_msn.pdb" OF TYPE "PDB".
 MESSAGE (FILES_OPEN): Opening FORMATTED file "struc/dhfr_msn.pdb" for reading.
 MESSAGE (SYSTEM_PDB_INIT): Found 8756 atoms
 MESSAGE (STATE_ADD3DF): Dimension 1 size: 3
 MESSAGE (STATE_ADD3DF): Dimension 2 size: 8756
 MESSAGE (STATE_ADD3DF): Dimension 3 size: 1
 MESSAGE (STATE_ADD3DF): Variable "POSITION" added to context "MOLECULE"
 MESSAGE (STATE_ADD3DF): Dimension 1 size: 3
 MESSAGE (STATE_ADD3DF): Dimension 2 size: 8756
 MESSAGE (STATE_ADD3DF): Dimension 3 size: 1
 MESSAGE (STATE_ADD3DF): Variable "FORCE" added to context "MOLECULE"
 MESSAGE (STATE_ADD3DF): Dimension 1 size: 8756
 MESSAGE (STATE_ADD3DF): Dimension 2 size: 1
 MESSAGE (STATE_ADD3DF): Dimension 3 size: 1
 MESSAGE (STATE_ADD3DF): Variable "MASS" added to context "MOLECULE"
 MESSAGE (STATE_ADD3DF): Dimension 1 size: 8756
 MESSAGE (STATE_ADD3DF): Dimension 2 size: 1
 MESSAGE (STATE_ADD3DF): Dimension 3 size: 1
 MESSAGE (STATE_ADD3DF): Variable "CHARGE" added to context "MOLECULE"
 MESSAGE (STATE_ADD3DF): Dimension 1 size: 8756
 MESSAGE (STATE_ADD3DF): Dimension 2 size: 1
 MESSAGE (STATE_ADD3DF): Dimension 3 size: 1
 MESSAGE (STATE_ADD3DF): Variable "RADIUS" added to context "MOLECULE"
 MESSAGE (STATE_ADD3DF): Dimension 1 size: 8756
 MESSAGE (STATE_ADD3DF): Dimension 2 size: 1
 MESSAGE (STATE_ADD3DF): Dimension 3 size: 1
 MESSAGE (STATE_ADD3DF): Variable "BFACTOR" added to context "MOLECULE"
 MESSAGE (STATE_ADD3DF): Dimension 1 size: 8756
 MESSAGE (STATE_ADD3DF): Dimension 2 size: 1
 MESSAGE (STATE_ADD3DF): Dimension 3 size: 1
 MESSAGE (STATE_ADD3DF): Variable "OCCUPANCY" added to context "MOLECULE"
 MESSAGE (STATE_ADD3DF): Dimension 1 size: 3
 MESSAGE (STATE_ADD3DF): Dimension 2 size: 8756
 MESSAGE (STATE_ADD3DF): Dimension 3 size: 1
 MESSAGE (STATE_ADD3DF): Variable "AUXPOS" added to context "MOLECULE"
 MESSAGE (STATE_ADD3DF): Dimension 1 size: 8756
 MESSAGE (STATE_ADD3DF): Dimension 2 size: 1
 MESSAGE (STATE_ADD3DF): Dimension 3 size: 1
 MESSAGE (STATE_ADD3DF): Variable "AUXBFACTOR" added to context "MOLECULE"
 MESSAGE (SYSTEM_PDB_INIT): Initialized minimal structure and coordinates from PDB (energy cannot be computed).
 MESSAGE (watershell2_initialize): ================= WILL INITIALIZE WATERSHELL VERSION 2 =================
 MESSAGE (watershell2_initialize): USING SIMPLE ERF DENSITY FUNCTION
 MESSAGE (watershell2_initialize): Setting restart file("restart_file") to "NONE".
 MESSAGE (watershell2_initialize): WILL USE A NEIGHBOR LIST FOR SOLVENT FORCES.
 MESSAGE (watershell2_initialize): Setting Density padding("surface_padding") to "3".
 MESSAGE (watershell2_initialize): Setting force constant for surface boundary potential("surface_force_constant") to "1".
 MESSAGE (watershell2_initialize): Setting Cutoff for density smoothing("cutoff_surf_stdev") to "5".
 NONFATAL WARNING (watershell2_initialize): Standard deviation of Gaussian filter for density smoothing("surf_stdev") unspecified. Defaulting to   2.000000000.
 MESSAGE (watershell2_initialize): THE ALLOWED MOLECULAR DENSITY RANGE IS [ 0.4999999987E-06, 0.9999989867    ]
 MESSAGE (watershell2_initialize): THE REPRESENTABLE SOLVENT DISTANCE RANGE IS [ -12.78327662    ,  6.501516071    ]
 MESSAGE (watershell2_initialize): Setting Distance of solvent surface from protein("surface_distance") to "0".
 MESSAGE (watershell2_initialize): LOCATION OF SOLVENT SURFACE WILL BE SET FROM SOLVENT COORDINATES.
 NONFATAL WARNING (watershell2_initialize): starting iteration("iteration") unspecified. Defaulting to 0.
 MESSAGE (watershell2_initialize): Setting input file for surface boundary force("spline_input_file") to "../vo-projects/watershell/sbf-rcut8spl2dkz.dat".
 MESSAGE (watershell2_initialize): WILL INITIALIZE SOLUTE BOUNDARY FORCE COEFFICIENTS FROM FILE "../vo-projects/watershell/sbf-rcut8spl2dkz.dat"
 MESSAGE (FILES_OPEN): Opening FORMATTED file "../vo-projects/watershell/sbf-rcut8spl2dkz.dat" for reading.
 MESSAGE (subroutine watershell_sbf_spline_init):  Initializing 2D (curvature,distance) force spline array from file ../vo-projects/watershell/sbf-rcut8spl2dkz.dat
 NONFATAL WARNING (ppoly1_check): discontinuity (  21.63721451    ) of order 2 at index 1
 NONFATAL WARNING (ppoly1_check): discontinuity ( 0.1032848791    ) of order 2 at index 32
 NONFATAL WARNING (watershell2_initialize): force constant for surface curvature potential("curvature_force_constant") unspecified. Defaulting to   1.000000000.
 MESSAGE (watershell2_initialize): Setting flag to turn dasystat on/off("dasystat") to "yes".
 NONFATAL WARNING (watershell2_initialize): frequency of computing solvent density("density_update_freq") unspecified. Defaulting to 100.
 NONFATAL WARNING (watershell2_initialize): frequency of computing solvent density("volume_compute_freq") unspecified. Defaulting to 1.
 NONFATAL WARNING (watershell2_initialize): frequency of checking grid limits for computing solvent density("volume_grid_check_freq") unspecified. Defaulting to 1.
 NONFATAL WARNING (watershell2_initialize): dasystat relaxation time (in simulation steps)("density_relax_time") unspecified. Defaulting to 100.
 NONFATAL WARNING (watershell2_initialize): domain size difference required to trigger reinitialization of volume grid("volume_grid_recompute_change") unspecified. Defaulting to   3.000000000.
 NONFATAL WARNING (watershell2_initialize): target density in g/mL("density_target") unspecified. Defaulting to  0.9970000000.
 NONFATAL WARNING (watershell2_initialize): grid spacing for volume computation("volume_grid_spacing") unspecified. Defaulting to   1.000000000.
 NONFATAL WARNING (watershell2_initialize): grid buffer for volume computation("volume_grid_buffer") unspecified. Defaulting to   3.000000000.
 NONFATAL WARNING (watershell2_initialize): Distance from protein to outer bulk boundary("outer_bulk_boundary_distance") unspecified. Defaulting to   0.000000000.
 MESSAGE (watershell2_initialize): LOCATION OF OUTER BULK BOUNDARY WILL BE SET FROM SURFACE BOUNDARY.
 NONFATAL WARNING (watershell2_initialize): Distance from protein to inner bulk boundary("inner_bulk_boundary_distance") unspecified. Defaulting to   0.000000000.
 MESSAGE (watershell2_initialize): LOCATION OF INNER BULK BOUNDARY WILL BE SET FROM SURFACE BOUNDARY.
 NONFATAL WARNING (watershell2_initialize): constant for updating target distance from surface("distance_update_step") unspecified. Defaulting to  0.5000000000E-03.
 NONFATAL WARNING (watershell2_initialize): frequency of updating target distance from surface("distance_update_freq") unspecified. Defaulting to 10.
 MESSAGE (watershell2_initialize): Setting frequency of updating reference structure("structure_update_freq") to "7".
 MESSAGE (watershell2_initialize): Setting frequency for writing output("output_freq") to "10000".
 NONFATAL WARNING (watershell2_initialize): frequency for writing restart file("restart_freq") unspecified. Defaulting to 10000.
 MESSAGE (watershell2_initialize): Setting surface atoms("surface_atoms") to "ANAME=CA".
 MESSAGE (watershell2_initialize): Setting solvent atoms("solvent_atoms") to "ANAME=OH2 OR ANAME=SOD OR ANAME=CLA OR ANAME=MG".
 MESSAGE (watershell2_initialize): Setting watershell output file("output_file") to "watershell0.restart.txt".
 MESSAGE (watershell2_initialize):  COMPUTED NEIGHBOR LIST FACTOR OF   8.125000000
 MESSAGE (watershell2_initialize): Setting memory constant for reference structure update("structure_update_memory") to "0.9999".
 MESSAGE (watershell2_initialize): Setting flag to restrict rigid-body motions of surface atoms("rigid_body_restraint") to "yes".
 MESSAGE (watershell2_initialize): Setting force constant for rigid-body restraint("rigid_body_force_constant") to "10".
 MESSAGE (SYSTEM_INIT_MOL_SCALAR): Will initialize variable mass from file "struc/dhfr-mass.pdb"
 MESSAGE (SYSTEM_INIT_MOL_SCALAR): PDB format will be used
 MESSAGE (SYSTEM_INIT_MOL_SCALAR): Reading data for variable "mass" from column BETA of file struc/dhfr-mass.pdb
 MESSAGE (FILES_OPEN): Opening FORMATTED file "struc/dhfr-mass.pdb" for reading.
 MESSAGE (PDB_READ): PDB file read.
 MESSAGE (SYSTEM_GETIND): Processing selection "ANAME=CA"
 MESSAGE (SYSTEM_GETIND): 159 atoms were selected.
 MESSAGE (SYSTEM_GETIND): Processing selection "ANAME=OH2 OR ANAME=SOD OR ANAME=CLA OR ANAME=MG"
 MESSAGE (SYSTEM_GETIND): 2099 atoms were selected.
 MESSAGE (watershell2_initialize): WILL USE 16 OPENMP THREADS
 MESSAGE (ugrid_initialize):  Initialized grid in 3 dimensions
 ===================
  domain size (possibly adjusted) :
              1  :   -29.031399371069185      -   28.968600628930815
              2  :   -28.192468553459122      -   22.807531446540878
              3  :   -23.622075471698114      -   22.377924528301886
  discretization :
              1  :           59
              2  :           52
              3  :           47
  spacing (possibly adjusted) :
              1  :    1.0000000000000000
              2  :    1.0000000000000000
              3  :    1.0000000000000000
 ===================
 NONFATAL WARNING (RANDOM_INIT):  SEEDS NOT SPECIFIED, USING [           1           2           3           4 ]
 MESSAGE (watershell2_initialize): INITIALIZED WATERSHELL VERSION 2.
 MESSAGE (master_init_plugin): STRING METHOD CONFIGURATION OPTIONS NOT PROVIDED. SKIPPING INTIALIZATION.
 NONFATAL WARNING (watershell2_main): SOLVENT ATOM 7062 OUTSIDE OF SOLUTE SUPPORT. RESTART WITH A LARGER FILTER CUTOFF OR PADDING.
 NONFATAL WARNING (watershell2_main): SOLVENT ATOM 7119 OUTSIDE OF SOLUTE SUPPORT. RESTART WITH A LARGER FILTER CUTOFF OR PADDING.
 NONFATAL WARNING (watershell2_main): SOLVENT ATOM 7299 OUTSIDE OF SOLUTE SUPPORT. RESTART WITH A LARGER FILTER CUTOFF OR PADDING.
 NONFATAL WARNING (watershell2_main): SOLVENT ATOM 7347 OUTSIDE OF SOLUTE SUPPORT. RESTART WITH A LARGER FILTER CUTOFF OR PADDING.
 MESSAGE (watershell2_main): COMPUTED SURFACE DISTANCE AT  -10.90485029     A FROM PROTEIN. CONTOUR VALUE IS  0.3880380324E-04
 MESSAGE (watershell2_main): COMPUTING INITIAL LOCATION OF OUTER BULK BOUNDARY FROM SURFACE BOUNDARY:
 MESSAGE (watershell2_main): LOCATION OF OUTER BULK BOUNDARY SET TO  -10.40485029     A FROM PROTEIN. CONTOUR VALUE IS  0.1069005023E-03
 MESSAGE (watershell2_main): LOCATION OF INNER BULK BOUNDARY SET TO  -9.904850294     A FROM PROTEIN. CONTOUR VALUE IS  0.2778690453E-03
 NONFATAL WARNING (watershell2_main): DETECTED 4 ATOM(S) OUTSIDE SOLUTE SUPPORT. RESTART WITH A LARGER CUTOFF OR SURFACE PADDING.
 NONFATAL WARNING (watershell2_main): DETECTED 4 ATOM(S) OUTSIDE SOLUTE SUPPORT. RESTART WITH A LARGER CUTOFF OR SURFACE PADDING.
 NONFATAL WARNING (watershell2_main): DETECTED 4 ATOM(S) OUTSIDE SOLUTE SUPPORT. RESTART WITH A LARGER CUTOFF OR SURFACE PADDING.
 NONFATAL WARNING (watershell2_main): DETECTED 4 ATOM(S) OUTSIDE SOLUTE SUPPORT. RESTART WITH A LARGER CUTOFF OR SURFACE PADDING.
 NONFATAL WARNING (watershell2_main): DETECTED 4 ATOM(S) OUTSIDE SOLUTE SUPPORT. RESTART WITH A LARGER CUTOFF OR SURFACE PADDING.
 NONFATAL WARNING (watershell2_main): DETECTED 4 ATOM(S) OUTSIDE SOLUTE SUPPORT. RESTART WITH A LARGER CUTOFF OR SURFACE PADDING.
 NONFATAL WARNING (watershell2_main): DETECTED 4 ATOM(S) OUTSIDE SOLUTE SUPPORT. RESTART WITH A LARGER CUTOFF OR SURFACE PADDING.
 NONFATAL WARNING (watershell2_main): DETECTED 4 ATOM(S) OUTSIDE SOLUTE SUPPORT. RESTART WITH A LARGER CUTOFF OR SURFACE PADDING.
 NONFATAL WARNING (watershell2_main): DETECTED 4 ATOM(S) OUTSIDE SOLUTE SUPPORT. RESTART WITH A LARGER CUTOFF OR SURFACE PADDING.
 NONFATAL WARNING (watershell2_main): DETECTED 4 ATOM(S) OUTSIDE SOLUTE SUPPORT. RESTART WITH A LARGER CUTOFF OR SURFACE PADDING.
 NONFATAL WARNING (watershell2_main): DETECTED 4 ATOM(S) OUTSIDE SOLUTE SUPPORT. RESTART WITH A LARGER CUTOFF OR SURFACE PADDING.
 NONFATAL WARNING (watershell2_main): DETECTED 4 ATOM(S) OUTSIDE SOLUTE SUPPORT. RESTART WITH A LARGER CUTOFF OR SURFACE PADDING.
 NONFATAL WARNING (watershell2_main): DETECTED 4 ATOM(S) OUTSIDE SOLUTE SUPPORT. RESTART WITH A LARGER CUTOFF OR SURFACE PADDING.
 NONFATAL WARNING (watershell2_main): DETECTED 4 ATOM(S) OUTSIDE SOLUTE SUPPORT. RESTART WITH A LARGER CUTOFF OR SURFACE PADDING.
 NONFATAL WARNING (watershell2_main): DETECTED 4 ATOM(S) OUTSIDE SOLUTE SUPPORT. RESTART WITH A LARGER CUTOFF OR SURFACE PADDING.
 NONFATAL WARNING (watershell2_main): DETECTED 4 ATOM(S) OUTSIDE SOLUTE SUPPORT. RESTART WITH A LARGER CUTOFF OR SURFACE PADDING.
 NONFATAL WARNING (watershell2_main): DETECTED 4 ATOM(S) OUTSIDE SOLUTE SUPPORT. RESTART WITH A LARGER CUTOFF OR SURFACE PADDING.
 NONFATAL WARNING (watershell2_main): DETECTED 4 ATOM(S) OUTSIDE SOLUTE SUPPORT. RESTART WITH A LARGER CUTOFF OR SURFACE PADDING.
 NONFATAL WARNING (watershell2_main): DETECTED 4 ATOM(S) OUTSIDE SOLUTE SUPPORT. RESTART WITH A LARGER CUTOFF OR SURFACE PADDING.
 NONFATAL WARNING (watershell2_main): DETECTED 4 ATOM(S) OUTSIDE SOLUTE SUPPORT. RESTART WITH A LARGER CUTOFF OR SURFACE PADDING.
 NONFATAL WARNING (watershell2_main): DETECTED 4 ATOM(S) OUTSIDE SOLUTE SUPPORT. RESTART WITH A LARGER CUTOFF OR SURFACE PADDING.
 NONFATAL WARNING (watershell2_main): DETECTED 4 ATOM(S) OUTSIDE SOLUTE SUPPORT. RESTART WITH A LARGER CUTOFF OR SURFACE PADDING.
 NONFATAL WARNING (watershell2_main): DETECTED 4 ATOM(S) OUTSIDE SOLUTE SUPPORT. RESTART WITH A LARGER CUTOFF OR SURFACE PADDING.
 NONFATAL WARNING (watershell2_main): DETECTED 4 ATOM(S) OUTSIDE SOLUTE SUPPORT. RESTART WITH A LARGER CUTOFF OR SURFACE PADDING.
 NONFATAL WARNING (watershell2_main): DETECTED 4 ATOM(S) OUTSIDE SOLUTE SUPPORT. RESTART WITH A LARGER CUTOFF OR SURFACE PADDING.
 NONFATAL WARNING (watershell2_main): DETECTED 4 ATOM(S) OUTSIDE SOLUTE SUPPORT. RESTART WITH A LARGER CUTOFF OR SURFACE PADDING.
 NONFATAL WARNING (watershell2_main): DETECTED 4 ATOM(S) OUTSIDE SOLUTE SUPPORT. RESTART WITH A LARGER CUTOFF OR SURFACE PADDING.
 NONFATAL WARNING (watershell2_main): DETECTED 4 ATOM(S) OUTSIDE SOLUTE SUPPORT. RESTART WITH A LARGER CUTOFF OR SURFACE PADDING.
 NONFATAL WARNING (watershell2_main): DETECTED 4 ATOM(S) OUTSIDE SOLUTE SUPPORT. RESTART WITH A LARGER CUTOFF OR SURFACE PADDING.
 NONFATAL WARNING (watershell2_main): DETECTED 4 ATOM(S) OUTSIDE SOLUTE SUPPORT. RESTART WITH A LARGER CUTOFF OR SURFACE PADDING.
 NONFATAL WARNING (watershell2_main): DETECTED 4 ATOM(S) OUTSIDE SOLUTE SUPPORT. RESTART WITH A LARGER CUTOFF OR SURFACE PADDING.
 NONFATAL WARNING (watershell2_main): DETECTED 4 ATOM(S) OUTSIDE SOLUTE SUPPORT. RESTART WITH A LARGER CUTOFF OR SURFACE PADDING.
 NONFATAL WARNING (watershell2_main): DETECTED 4 ATOM(S) OUTSIDE SOLUTE SUPPORT. RESTART WITH A LARGER CUTOFF OR SURFACE PADDING.
 NONFATAL WARNING (watershell2_main): DETECTED 4 ATOM(S) OUTSIDE SOLUTE SUPPORT. RESTART WITH A LARGER CUTOFF OR SURFACE PADDING.
 NONFATAL WARNING (watershell2_main): DETECTED 4 ATOM(S) OUTSIDE SOLUTE SUPPORT. RESTART WITH A LARGER CUTOFF OR SURFACE PADDING.
 NONFATAL WARNING (watershell2_main): DETECTED 4 ATOM(S) OUTSIDE SOLUTE SUPPORT. RESTART WITH A LARGER CUTOFF OR SURFACE PADDING.
 NONFATAL WARNING (watershell2_main): DETECTED 4 ATOM(S) OUTSIDE SOLUTE SUPPORT. RESTART WITH A LARGER CUTOFF OR SURFACE PADDING.
 NONFATAL WARNING (watershell2_main): DETECTED 4 ATOM(S) OUTSIDE SOLUTE SUPPORT. RESTART WITH A LARGER CUTOFF OR SURFACE PADDING.
 NONFATAL WARNING (watershell2_main): DETECTED 4 ATOM(S) OUTSIDE SOLUTE SUPPORT. RESTART WITH A LARGER CUTOFF OR SURFACE PADDING.
 NONFATAL WARNING (watershell2_main): DETECTED 4 ATOM(S) OUTSIDE SOLUTE SUPPORT. RESTART WITH A LARGER CUTOFF OR SURFACE PADDING.
 NONFATAL WARNING (watershell2_main): DETECTED 4 ATOM(S) OUTSIDE SOLUTE SUPPORT. RESTART WITH A LARGER CUTOFF OR SURFACE PADDING.
 NONFATAL WARNING (watershell2_main): DETECTED 4 ATOM(S) OUTSIDE SOLUTE SUPPORT. RESTART WITH A LARGER CUTOFF OR SURFACE PADDING.
 NONFATAL WARNING (watershell2_main): DETECTED 4 ATOM(S) OUTSIDE SOLUTE SUPPORT. RESTART WITH A LARGER CUTOFF OR SURFACE PADDING.
 NONFATAL WARNING (watershell2_main): DETECTED 4 ATOM(S) OUTSIDE SOLUTE SUPPORT. RESTART WITH A LARGER CUTOFF OR SURFACE PADDING.
 NONFATAL WARNING (watershell2_main): DETECTED 4 ATOM(S) OUTSIDE SOLUTE SUPPORT. RESTART WITH A LARGER CUTOFF OR SURFACE PADDING.
 NONFATAL WARNING (watershell2_main): DETECTED 4 ATOM(S) OUTSIDE SOLUTE SUPPORT. RESTART WITH A LARGER CUTOFF OR SURFACE PADDING.
 NONFATAL WARNING (watershell2_main): DETECTED 4 ATOM(S) OUTSIDE SOLUTE SUPPORT. RESTART WITH A LARGER CUTOFF OR SURFACE PADDING.
 NONFATAL WARNING (watershell2_main): DETECTED 4 ATOM(S) OUTSIDE SOLUTE SUPPORT. RESTART WITH A LARGER CUTOFF OR SURFACE PADDING.
 NONFATAL WARNING (watershell2_main): DETECTED 4 ATOM(S) OUTSIDE SOLUTE SUPPORT. RESTART WITH A LARGER CUTOFF OR SURFACE PADDING.
 NONFATAL WARNING (watershell2_main): DETECTED 4 ATOM(S) OUTSIDE SOLUTE SUPPORT. RESTART WITH A LARGER CUTOFF OR SURFACE PADDING.
 NONFATAL WARNING (watershell2_main): DETECTED 4 ATOM(S) OUTSIDE SOLUTE SUPPORT. RESTART WITH A LARGER CUTOFF OR SURFACE PADDING.
 NONFATAL WARNING (watershell2_main): DETECTED 4 ATOM(S) OUTSIDE SOLUTE SUPPORT. RESTART WITH A LARGER CUTOFF OR SURFACE PADDING.
 NONFATAL WARNING (watershell2_main): DETECTED 4 ATOM(S) OUTSIDE SOLUTE SUPPORT. RESTART WITH A LARGER CUTOFF OR SURFACE PADDING.
 NONFATAL WARNING (watershell2_main): DETECTED 4 ATOM(S) OUTSIDE SOLUTE SUPPORT. RESTART WITH A LARGER CUTOFF OR SURFACE PADDING.
 NONFATAL WARNING (watershell2_main): DETECTED 4 ATOM(S) OUTSIDE SOLUTE SUPPORT. RESTART WITH A LARGER CUTOFF OR SURFACE PADDING.
 NONFATAL WARNING (watershell2_main): DETECTED 4 ATOM(S) OUTSIDE SOLUTE SUPPORT. RESTART WITH A LARGER CUTOFF OR SURFACE PADDING.
 NONFATAL WARNING (watershell2_main): DETECTED 4 ATOM(S) OUTSIDE SOLUTE SUPPORT. RESTART WITH A LARGER CUTOFF OR SURFACE PADDING.
 NONFATAL WARNING (watershell2_main): DETECTED 4 ATOM(S) OUTSIDE SOLUTE SUPPORT. RESTART WITH A LARGER CUTOFF OR SURFACE PADDING.
 NONFATAL WARNING (watershell2_main): DETECTED 4 ATOM(S) OUTSIDE SOLUTE SUPPORT. RESTART WITH A LARGER CUTOFF OR SURFACE PADDING.
 NONFATAL WARNING (watershell2_main): DETECTED 4 ATOM(S) OUTSIDE SOLUTE SUPPORT. RESTART WITH A LARGER CUTOFF OR SURFACE PADDING.
 NONFATAL WARNING (watershell2_main): DETECTED 4 ATOM(S) OUTSIDE SOLUTE SUPPORT. RESTART WITH A LARGER CUTOFF OR SURFACE PADDING.
 NONFATAL WARNING (watershell2_main): DETECTED 4 ATOM(S) OUTSIDE SOLUTE SUPPORT. RESTART WITH A LARGER CUTOFF OR SURFACE PADDING.
 NONFATAL WARNING (watershell2_main): DETECTED 4 ATOM(S) OUTSIDE SOLUTE SUPPORT. RESTART WITH A LARGER CUTOFF OR SURFACE PADDING.
 NONFATAL WARNING (watershell2_main): DETECTED 3 ATOM(S) OUTSIDE SOLUTE SUPPORT. RESTART WITH A LARGER CUTOFF OR SURFACE PADDING.
 NONFATAL WARNING (watershell2_main): DETECTED 3 ATOM(S) OUTSIDE SOLUTE SUPPORT. RESTART WITH A LARGER CUTOFF OR SURFACE PADDING.
 NONFATAL WARNING (watershell2_main): DETECTED 3 ATOM(S) OUTSIDE SOLUTE SUPPORT. RESTART WITH A LARGER CUTOFF OR SURFACE PADDING.
 NONFATAL WARNING (watershell2_main): DETECTED 3 ATOM(S) OUTSIDE SOLUTE SUPPORT. RESTART WITH A LARGER CUTOFF OR SURFACE PADDING.
 NONFATAL WARNING (watershell2_main): DETECTED 3 ATOM(S) OUTSIDE SOLUTE SUPPORT. RESTART WITH A LARGER CUTOFF OR SURFACE PADDING.
 NONFATAL WARNING (watershell2_main): DETECTED 3 ATOM(S) OUTSIDE SOLUTE SUPPORT. RESTART WITH A LARGER CUTOFF OR SURFACE PADDING.
 NONFATAL WARNING (watershell2_main): DETECTED 3 ATOM(S) OUTSIDE SOLUTE SUPPORT. RESTART WITH A LARGER CUTOFF OR SURFACE PADDING.
 NONFATAL WARNING (watershell2_main): DETECTED 2 ATOM(S) OUTSIDE SOLUTE SUPPORT. RESTART WITH A LARGER CUTOFF OR SURFACE PADDING.
 NONFATAL WARNING (watershell2_main): DETECTED 2 ATOM(S) OUTSIDE SOLUTE SUPPORT. RESTART WITH A LARGER CUTOFF OR SURFACE PADDING.
 NONFATAL WARNING (watershell2_main): DETECTED 2 ATOM(S) OUTSIDE SOLUTE SUPPORT. RESTART WITH A LARGER CUTOFF OR SURFACE PADDING.
 NONFATAL WARNING (watershell2_main): DETECTED 2 ATOM(S) OUTSIDE SOLUTE SUPPORT. RESTART WITH A LARGER CUTOFF OR SURFACE PADDING.
 NONFATAL WARNING (watershell2_main): DETECTED 2 ATOM(S) OUTSIDE SOLUTE SUPPORT. RESTART WITH A LARGER CUTOFF OR SURFACE PADDING.
 NONFATAL WARNING (watershell2_main): DETECTED 2 ATOM(S) OUTSIDE SOLUTE SUPPORT. RESTART WITH A LARGER CUTOFF OR SURFACE PADDING.
 NONFATAL WARNING (watershell2_main): DETECTED 2 ATOM(S) OUTSIDE SOLUTE SUPPORT. RESTART WITH A LARGER CUTOFF OR SURFACE PADDING.
 NONFATAL WARNING (watershell2_main): DETECTED 2 ATOM(S) OUTSIDE SOLUTE SUPPORT. RESTART WITH A LARGER CUTOFF OR SURFACE PADDING.
 NONFATAL WARNING (watershell2_main): DETECTED 2 ATOM(S) OUTSIDE SOLUTE SUPPORT. RESTART WITH A LARGER CUTOFF OR SURFACE PADDING.
 NONFATAL WARNING (watershell2_main): DETECTED 2 ATOM(S) OUTSIDE SOLUTE SUPPORT. RESTART WITH A LARGER CUTOFF OR SURFACE PADDING.
 NONFATAL WARNING (watershell2_main): DETECTED 2 ATOM(S) OUTSIDE SOLUTE SUPPORT. RESTART WITH A LARGER CUTOFF OR SURFACE PADDING.
 NONFATAL WARNING (watershell2_main): DETECTED 2 ATOM(S) OUTSIDE SOLUTE SUPPORT. RESTART WITH A LARGER CUTOFF OR SURFACE PADDING.
 NONFATAL WARNING (watershell2_main): DETECTED 2 ATOM(S) OUTSIDE SOLUTE SUPPORT. RESTART WITH A LARGER CUTOFF OR SURFACE PADDING.
 NONFATAL WARNING (watershell2_main): DETECTED 2 ATOM(S) OUTSIDE SOLUTE SUPPORT. RESTART WITH A LARGER CUTOFF OR SURFACE PADDING.
 NONFATAL WARNING (watershell2_main): DETECTED 2 ATOM(S) OUTSIDE SOLUTE SUPPORT. RESTART WITH A LARGER CUTOFF OR SURFACE PADDING.
 NONFATAL WARNING (watershell2_main): DETECTED 2 ATOM(S) OUTSIDE SOLUTE SUPPORT. RESTART WITH A LARGER CUTOFF OR SURFACE PADDING.
 NONFATAL WARNING (watershell2_main): DETECTED 2 ATOM(S) OUTSIDE SOLUTE SUPPORT. RESTART WITH A LARGER CUTOFF OR SURFACE PADDING.
 NONFATAL WARNING (watershell2_main): DETECTED 2 ATOM(S) OUTSIDE SOLUTE SUPPORT. RESTART WITH A LARGER CUTOFF OR SURFACE PADDING.
 NONFATAL WARNING (watershell2_main): DETECTED 2 ATOM(S) OUTSIDE SOLUTE SUPPORT. RESTART WITH A LARGER CUTOFF OR SURFACE PADDING.
 NONFATAL WARNING (watershell2_main): DETECTED 2 ATOM(S) OUTSIDE SOLUTE SUPPORT. RESTART WITH A LARGER CUTOFF OR SURFACE PADDING.
 NONFATAL WARNING (watershell2_main): DETECTED 2 ATOM(S) OUTSIDE SOLUTE SUPPORT. RESTART WITH A LARGER CUTOFF OR SURFACE PADDING.
 NONFATAL WARNING (watershell2_main): DETECTED 2 ATOM(S) OUTSIDE SOLUTE SUPPORT. RESTART WITH A LARGER CUTOFF OR SURFACE PADDING.
 NONFATAL WARNING (watershell2_main): DETECTED 2 ATOM(S) OUTSIDE SOLUTE SUPPORT. RESTART WITH A LARGER CUTOFF OR SURFACE PADDING.
 NONFATAL WARNING (watershell2_main): DETECTED 2 ATOM(S) OUTSIDE SOLUTE SUPPORT. RESTART WITH A LARGER CUTOFF OR SURFACE PADDING.
 NONFATAL WARNING (watershell2_main): DETECTED 2 ATOM(S) OUTSIDE SOLUTE SUPPORT. RESTART WITH A LARGER CUTOFF OR SURFACE PADDING.
 NONFATAL WARNING (watershell2_main): DETECTED 2 ATOM(S) OUTSIDE SOLUTE SUPPORT. RESTART WITH A LARGER CUTOFF OR SURFACE PADDING.
 NONFATAL WARNING (watershell2_main): DETECTED 2 ATOM(S) OUTSIDE SOLUTE SUPPORT. RESTART WITH A LARGER CUTOFF OR SURFACE PADDING.
 NONFATAL WARNING (watershell2_main): DETECTED 2 ATOM(S) OUTSIDE SOLUTE SUPPORT. RESTART WITH A LARGER CUTOFF OR SURFACE PADDING.
 NONFATAL WARNING (watershell2_main): DETECTED 2 ATOM(S) OUTSIDE SOLUTE SUPPORT. RESTART WITH A LARGER CUTOFF OR SURFACE PADDING.
 NONFATAL WARNING (watershell2_main): DETECTED 2 ATOM(S) OUTSIDE SOLUTE SUPPORT. RESTART WITH A LARGER CUTOFF OR SURFACE PADDING.
 MESSAGE (watershell2_main): REINITIALIZING VOLUME COMPUTATION GRID.
 MESSAGE (ugrid_initialize):  Initialized grid in 3 dimensions
 ===================
  domain size (possibly adjusted) :
              1  :   -40.031535677211309      -   39.968464322788691
              2  :   -39.192468350592023      -   33.807531649407977
              3  :   -34.622047235865857      -   33.377952764134143
  discretization :
              1  :           81
              2  :           74
              3  :           69
  spacing (possibly adjusted) :
              1  :    1.0000000000000000
              2  :    1.0000000000000000
              3  :    1.0000000000000000
 ===================
 NONFATAL WARNING (watershell2_main): DETECTED 2 ATOM(S) OUTSIDE SOLUTE SUPPORT. RESTART WITH A LARGER CUTOFF OR SURFACE PADDING.
 NONFATAL WARNING (watershell2_main): DETECTED 2 ATOM(S) OUTSIDE SOLUTE SUPPORT. RESTART WITH A LARGER CUTOFF OR SURFACE PADDING.
 NONFATAL WARNING (watershell2_main): DETECTED 2 ATOM(S) OUTSIDE SOLUTE SUPPORT. RESTART WITH A LARGER CUTOFF OR SURFACE PADDING.
 NONFATAL WARNING (watershell2_main): DETECTED 2 ATOM(S) OUTSIDE SOLUTE SUPPORT. RESTART WITH A LARGER CUTOFF OR SURFACE PADDING.
 NONFATAL WARNING (watershell2_main): DETECTED 2 ATOM(S) OUTSIDE SOLUTE SUPPORT. RESTART WITH A LARGER CUTOFF OR SURFACE PADDING.
 NONFATAL WARNING (watershell2_main): DETECTED 2 ATOM(S) OUTSIDE SOLUTE SUPPORT. RESTART WITH A LARGER CUTOFF OR SURFACE PADDING.
 NONFATAL WARNING (watershell2_main): DETECTED 2 ATOM(S) OUTSIDE SOLUTE SUPPORT. RESTART WITH A LARGER CUTOFF OR SURFACE PADDING.
 NONFATAL WARNING (watershell2_main): DETECTED 2 ATOM(S) OUTSIDE SOLUTE SUPPORT. RESTART WITH A LARGER CUTOFF OR SURFACE PADDING.
 NONFATAL WARNING (watershell2_main): DETECTED 2 ATOM(S) OUTSIDE SOLUTE SUPPORT. RESTART WITH A LARGER CUTOFF OR SURFACE PADDING.
 NONFATAL WARNING (watershell2_main): DETECTED 2 ATOM(S) OUTSIDE SOLUTE SUPPORT. RESTART WITH A LARGER CUTOFF OR SURFACE PADDING.
 NONFATAL WARNING (watershell2_main): DETECTED 2 ATOM(S) OUTSIDE SOLUTE SUPPORT. RESTART WITH A LARGER CUTOFF OR SURFACE PADDING.
 NONFATAL WARNING (watershell2_main): DETECTED 2 ATOM(S) OUTSIDE SOLUTE SUPPORT. RESTART WITH A LARGER CUTOFF OR SURFACE PADDING.
 NONFATAL WARNING (watershell2_main): DETECTED 2 ATOM(S) OUTSIDE SOLUTE SUPPORT. RESTART WITH A LARGER CUTOFF OR SURFACE PADDING.
 NONFATAL WARNING (watershell2_main): DETECTED 2 ATOM(S) OUTSIDE SOLUTE SUPPORT. RESTART WITH A LARGER CUTOFF OR SURFACE PADDING.
 NONFATAL WARNING (watershell2_main): DETECTED 2 ATOM(S) OUTSIDE SOLUTE SUPPORT. RESTART WITH A LARGER CUTOFF OR SURFACE PADDING.
 NONFATAL WARNING (watershell2_main): DETECTED 2 ATOM(S) OUTSIDE SOLUTE SUPPORT. RESTART WITH A LARGER CUTOFF OR SURFACE PADDING.
 NONFATAL WARNING (watershell2_main): DETECTED 2 ATOM(S) OUTSIDE SOLUTE SUPPORT. RESTART WITH A LARGER CUTOFF OR SURFACE PADDING.
 NONFATAL WARNING (watershell2_main): DETECTED 2 ATOM(S) OUTSIDE SOLUTE SUPPORT. RESTART WITH A LARGER CUTOFF OR SURFACE PADDING.
 NONFATAL WARNING (watershell2_main): DETECTED 2 ATOM(S) OUTSIDE SOLUTE SUPPORT. RESTART WITH A LARGER CUTOFF OR SURFACE PADDING.
 NONFATAL WARNING (watershell2_main): DETECTED 2 ATOM(S) OUTSIDE SOLUTE SUPPORT. RESTART WITH A LARGER CUTOFF OR SURFACE PADDING.
 NONFATAL WARNING (watershell2_main): DETECTED 2 ATOM(S) OUTSIDE SOLUTE SUPPORT. RESTART WITH A LARGER CUTOFF OR SURFACE PADDING.
 NONFATAL WARNING (watershell2_main): DETECTED 2 ATOM(S) OUTSIDE SOLUTE SUPPORT. RESTART WITH A LARGER CUTOFF OR SURFACE PADDING.
 NONFATAL WARNING (watershell2_main): DETECTED 2 ATOM(S) OUTSIDE SOLUTE SUPPORT. RESTART WITH A LARGER CUTOFF OR SURFACE PADDING.
 NONFATAL WARNING (watershell2_main): DETECTED 2 ATOM(S) OUTSIDE SOLUTE SUPPORT. RESTART WITH A LARGER CUTOFF OR SURFACE PADDING.
 NONFATAL WARNING (watershell2_main): DETECTED 2 ATOM(S) OUTSIDE SOLUTE SUPPORT. RESTART WITH A LARGER CUTOFF OR SURFACE PADDING.
 NONFATAL WARNING (watershell2_main): DETECTED 2 ATOM(S) OUTSIDE SOLUTE SUPPORT. RESTART WITH A LARGER CUTOFF OR SURFACE PADDING.
 NONFATAL WARNING (watershell2_main): DETECTED 2 ATOM(S) OUTSIDE SOLUTE SUPPORT. RESTART WITH A LARGER CUTOFF OR SURFACE PADDING.
 NONFATAL WARNING (watershell2_main): DETECTED 2 ATOM(S) OUTSIDE SOLUTE SUPPORT. RESTART WITH A LARGER CUTOFF OR SURFACE PADDING.
 NONFATAL WARNING (watershell2_main): DETECTED 2 ATOM(S) OUTSIDE SOLUTE SUPPORT. RESTART WITH A LARGER CUTOFF OR SURFACE PADDING.
 NONFATAL WARNING (watershell2_main): DETECTED 2 ATOM(S) OUTSIDE SOLUTE SUPPORT. RESTART WITH A LARGER CUTOFF OR SURFACE PADDING.
 NONFATAL WARNING (watershell2_main): DETECTED 2 ATOM(S) OUTSIDE SOLUTE SUPPORT. RESTART WITH A LARGER CUTOFF OR SURFACE PADDING.
 NONFATAL WARNING (watershell2_main): DETECTED 2 ATOM(S) OUTSIDE SOLUTE SUPPORT. RESTART WITH A LARGER CUTOFF OR SURFACE PADDING.
 NONFATAL WARNING (watershell2_main): DETECTED 2 ATOM(S) OUTSIDE SOLUTE SUPPORT. RESTART WITH A LARGER CUTOFF OR SURFACE PADDING.
 NONFATAL WARNING (watershell2_main): DETECTED 2 ATOM(S) OUTSIDE SOLUTE SUPPORT. RESTART WITH A LARGER CUTOFF OR SURFACE PADDING.
 NONFATAL WARNING (watershell2_main): DETECTED 2 ATOM(S) OUTSIDE SOLUTE SUPPORT. RESTART WITH A LARGER CUTOFF OR SURFACE PADDING.
 NONFATAL WARNING (watershell2_main): DETECTED 2 ATOM(S) OUTSIDE SOLUTE SUPPORT. RESTART WITH A LARGER CUTOFF OR SURFACE PADDING.
 NONFATAL WARNING (watershell2_main): DETECTED 2 ATOM(S) OUTSIDE SOLUTE SUPPORT. RESTART WITH A LARGER CUTOFF OR SURFACE PADDING.
 NONFATAL WARNING (watershell2_main): DETECTED 2 ATOM(S) OUTSIDE SOLUTE SUPPORT. RESTART WITH A LARGER CUTOFF OR SURFACE PADDING.
 NONFATAL WARNING (watershell2_main): DETECTED 2 ATOM(S) OUTSIDE SOLUTE SUPPORT. RESTART WITH A LARGER CUTOFF OR SURFACE PADDING.
 NONFATAL WARNING (watershell2_main): DETECTED 2 ATOM(S) OUTSIDE SOLUTE SUPPORT. RESTART WITH A LARGER CUTOFF OR SURFACE PADDING.
 NONFATAL WARNING (watershell2_main): DETECTED 2 ATOM(S) OUTSIDE SOLUTE SUPPORT. RESTART WITH A LARGER CUTOFF OR SURFACE PADDING.
 NONFATAL WARNING (watershell2_main): DETECTED 2 ATOM(S) OUTSIDE SOLUTE SUPPORT. RESTART WITH A LARGER CUTOFF OR SURFACE PADDING.
 NONFATAL WARNING (watershell2_main): DETECTED 2 ATOM(S) OUTSIDE SOLUTE SUPPORT. RESTART WITH A LARGER CUTOFF OR SURFACE PADDING.
 NONFATAL WARNING (watershell2_main): DETECTED 2 ATOM(S) OUTSIDE SOLUTE SUPPORT. RESTART WITH A LARGER CUTOFF OR SURFACE PADDING.
 NONFATAL WARNING (watershell2_main): DETECTED 2 ATOM(S) OUTSIDE SOLUTE SUPPORT. RESTART WITH A LARGER CUTOFF OR SURFACE PADDING.
 NONFATAL WARNING (watershell2_main): DETECTED 2 ATOM(S) OUTSIDE SOLUTE SUPPORT. RESTART WITH A LARGER CUTOFF OR SURFACE PADDING.
 NONFATAL WARNING (watershell2_main): DETECTED 2 ATOM(S) OUTSIDE SOLUTE SUPPORT. RESTART WITH A LARGER CUTOFF OR SURFACE PADDING.
 NONFATAL WARNING (watershell2_main): DETECTED 2 ATOM(S) OUTSIDE SOLUTE SUPPORT. RESTART WITH A LARGER CUTOFF OR SURFACE PADDING.
 NONFATAL WARNING (watershell2_main): DETECTED 2 ATOM(S) OUTSIDE SOLUTE SUPPORT. RESTART WITH A LARGER CUTOFF OR SURFACE PADDING.
 NONFATAL WARNING (watershell2_compute_density): DETECTED 1 POSSIBLE NEIGHBOR LIST MISS. NEIGHBOR LIST FACTOR IS   8.124600000
 NONFATAL WARNING (watershell2_main): DETECTED 2 ATOM(S) OUTSIDE SOLUTE SUPPORT. RESTART WITH A LARGER CUTOFF OR SURFACE PADDING.
 NONFATAL WARNING (watershell2_main): DETECTED 2 ATOM(S) OUTSIDE SOLUTE SUPPORT. RESTART WITH A LARGER CUTOFF OR SURFACE PADDING.
 NONFATAL WARNING (watershell2_main): DETECTED 2 ATOM(S) OUTSIDE SOLUTE SUPPORT. RESTART WITH A LARGER CUTOFF OR SURFACE PADDING.
 NONFATAL WARNING (watershell2_main): DETECTED 2 ATOM(S) OUTSIDE SOLUTE SUPPORT. RESTART WITH A LARGER CUTOFF OR SURFACE PADDING.
 NONFATAL WARNING (watershell2_main): DETECTED 2 ATOM(S) OUTSIDE SOLUTE SUPPORT. RESTART WITH A LARGER CUTOFF OR SURFACE PADDING.
 NONFATAL WARNING (watershell2_main): DETECTED 2 ATOM(S) OUTSIDE SOLUTE SUPPORT. RESTART WITH A LARGER CUTOFF OR SURFACE PADDING.
 NONFATAL WARNING (watershell2_main): DETECTED 2 ATOM(S) OUTSIDE SOLUTE SUPPORT. RESTART WITH A LARGER CUTOFF OR SURFACE PADDING.
 NONFATAL WARNING (watershell2_main): DETECTED 2 ATOM(S) OUTSIDE SOLUTE SUPPORT. RESTART WITH A LARGER CUTOFF OR SURFACE PADDING.
 NONFATAL WARNING (watershell2_main): DETECTED 2 ATOM(S) OUTSIDE SOLUTE SUPPORT. RESTART WITH A LARGER CUTOFF OR SURFACE PADDING.
 NONFATAL WARNING (watershell2_main): DETECTED 2 ATOM(S) OUTSIDE SOLUTE SUPPORT. RESTART WITH A LARGER CUTOFF OR SURFACE PADDING.
 NONFATAL WARNING (watershell2_main): DETECTED 2 ATOM(S) OUTSIDE SOLUTE SUPPORT. RESTART WITH A LARGER CUTOFF OR SURFACE PADDING.
 NONFATAL WARNING (watershell2_main): DETECTED 2 ATOM(S) OUTSIDE SOLUTE SUPPORT. RESTART WITH A LARGER CUTOFF OR SURFACE PADDING.
 NONFATAL WARNING (watershell2_main): DETECTED 2 ATOM(S) OUTSIDE SOLUTE SUPPORT. RESTART WITH A LARGER CUTOFF OR SURFACE PADDING.
 NONFATAL WARNING (watershell2_main): DETECTED 2 ATOM(S) OUTSIDE SOLUTE SUPPORT. RESTART WITH A LARGER CUTOFF OR SURFACE PADDING.
 NONFATAL WARNING (watershell2_main): DETECTED 2 ATOM(S) OUTSIDE SOLUTE SUPPORT. RESTART WITH A LARGER CUTOFF OR SURFACE PADDING.
 NONFATAL WARNING (watershell2_main): DETECTED 2 ATOM(S) OUTSIDE SOLUTE SUPPORT. RESTART WITH A LARGER CUTOFF OR SURFACE PADDING.
 NONFATAL WARNING (watershell2_main): DETECTED 2 ATOM(S) OUTSIDE SOLUTE SUPPORT. RESTART WITH A LARGER CUTOFF OR SURFACE PADDING.
 NONFATAL WARNING (watershell2_main): DETECTED 2 ATOM(S) OUTSIDE SOLUTE SUPPORT. RESTART WITH A LARGER CUTOFF OR SURFACE PADDING.
 NONFATAL WARNING (watershell2_main): DETECTED 2 ATOM(S) OUTSIDE SOLUTE SUPPORT. RESTART WITH A LARGER CUTOFF OR SURFACE PADDING.
 NONFATAL WARNING (watershell2_main): DETECTED 2 ATOM(S) OUTSIDE SOLUTE SUPPORT. RESTART WITH A LARGER CUTOFF OR SURFACE PADDING.
 NONFATAL WARNING (watershell2_main): DETECTED 2 ATOM(S) OUTSIDE SOLUTE SUPPORT. RESTART WITH A LARGER CUTOFF OR SURFACE PADDING.
 NONFATAL WARNING (watershell2_main): DETECTED 2 ATOM(S) OUTSIDE SOLUTE SUPPORT. RESTART WITH A LARGER CUTOFF OR SURFACE PADDING.
 NONFATAL WARNING (watershell2_main): DETECTED 2 ATOM(S) OUTSIDE SOLUTE SUPPORT. RESTART WITH A LARGER CUTOFF OR SURFACE PADDING.
 NONFATAL WARNING (watershell2_main): DETECTED 2 ATOM(S) OUTSIDE SOLUTE SUPPORT. RESTART WITH A LARGER CUTOFF OR SURFACE PADDING.
 NONFATAL WARNING (watershell2_main): DETECTED 2 ATOM(S) OUTSIDE SOLUTE SUPPORT. RESTART WITH A LARGER CUTOFF OR SURFACE PADDING.
 NONFATAL WARNING (watershell2_main): DETECTED 2 ATOM(S) OUTSIDE SOLUTE SUPPORT. RESTART WITH A LARGER CUTOFF OR SURFACE PADDING.
 NONFATAL WARNING (watershell2_main): DETECTED 2 ATOM(S) OUTSIDE SOLUTE SUPPORT. RESTART WITH A LARGER CUTOFF OR SURFACE PADDING.
 NONFATAL WARNING (watershell2_main): DETECTED 2 ATOM(S) OUTSIDE SOLUTE SUPPORT. RESTART WITH A LARGER CUTOFF OR SURFACE PADDING.
 NONFATAL WARNING (watershell2_main): DETECTED 2 ATOM(S) OUTSIDE SOLUTE SUPPORT. RESTART WITH A LARGER CUTOFF OR SURFACE PADDING.
 NONFATAL WARNING (watershell2_main): DETECTED 2 ATOM(S) OUTSIDE SOLUTE SUPPORT. RESTART WITH A LARGER CUTOFF OR SURFACE PADDING.
 NONFATAL WARNING (watershell2_main): DETECTED 2 ATOM(S) OUTSIDE SOLUTE SUPPORT. RESTART WITH A LARGER CUTOFF OR SURFACE PADDING.
 NONFATAL WARNING (watershell2_main): DETECTED 2 ATOM(S) OUTSIDE SOLUTE SUPPORT. RESTART WITH A LARGER CUTOFF OR SURFACE PADDING.
 NONFATAL WARNING (watershell2_main): DETECTED 2 ATOM(S) OUTSIDE SOLUTE SUPPORT. RESTART WITH A LARGER CUTOFF OR SURFACE PADDING.
 NONFATAL WARNING (watershell2_main): DETECTED 2 ATOM(S) OUTSIDE SOLUTE SUPPORT. RESTART WITH A LARGER CUTOFF OR SURFACE PADDING.
 NONFATAL WARNING (watershell2_main): DETECTED 2 ATOM(S) OUTSIDE SOLUTE SUPPORT. RESTART WITH A LARGER CUTOFF OR SURFACE PADDING.
 NONFATAL WARNING (watershell2_main): DETECTED 2 ATOM(S) OUTSIDE SOLUTE SUPPORT. RESTART WITH A LARGER CUTOFF OR SURFACE PADDING.
 NONFATAL WARNING (watershell2_main): DETECTED 2 ATOM(S) OUTSIDE SOLUTE SUPPORT. RESTART WITH A LARGER CUTOFF OR SURFACE PADDING.
 NONFATAL WARNING (watershell2_main): DETECTED 2 ATOM(S) OUTSIDE SOLUTE SUPPORT. RESTART WITH A LARGER CUTOFF OR SURFACE PADDING.
 NONFATAL WARNING (watershell2_main): DETECTED 2 ATOM(S) OUTSIDE SOLUTE SUPPORT. RESTART WITH A LARGER CUTOFF OR SURFACE PADDING.
 NONFATAL WARNING (watershell2_main): DETECTED 2 ATOM(S) OUTSIDE SOLUTE SUPPORT. RESTART WITH A LARGER CUTOFF OR SURFACE PADDING.
 NONFATAL WARNING (watershell2_main): DETECTED 2 ATOM(S) OUTSIDE SOLUTE SUPPORT. RESTART WITH A LARGER CUTOFF OR SURFACE PADDING.
 NONFATAL WARNING (watershell2_main): DETECTED 2 ATOM(S) OUTSIDE SOLUTE SUPPORT. RESTART WITH A LARGER CUTOFF OR SURFACE PADDING.
 NONFATAL WARNING (watershell2_main): DETECTED 2 ATOM(S) OUTSIDE SOLUTE SUPPORT. RESTART WITH A LARGER CUTOFF OR SURFACE PADDING.
 NONFATAL WARNING (watershell2_main): DETECTED 2 ATOM(S) OUTSIDE SOLUTE SUPPORT. RESTART WITH A LARGER CUTOFF OR SURFACE PADDING.
 NONFATAL WARNING (watershell2_main): DETECTED 2 ATOM(S) OUTSIDE SOLUTE SUPPORT. RESTART WITH A LARGER CUTOFF OR SURFACE PADDING.
 NONFATAL WARNING (watershell2_main): DETECTED 2 ATOM(S) OUTSIDE SOLUTE SUPPORT. RESTART WITH A LARGER CUTOFF OR SURFACE PADDING.
 NONFATAL WARNING (watershell2_main): DETECTED 2 ATOM(S) OUTSIDE SOLUTE SUPPORT. RESTART WITH A LARGER CUTOFF OR SURFACE PADDING.
 NONFATAL WARNING (watershell2_main): DETECTED 2 ATOM(S) OUTSIDE SOLUTE SUPPORT. RESTART WITH A LARGER CUTOFF OR SURFACE PADDING.
 NONFATAL WARNING (watershell2_main): DETECTED 2 ATOM(S) OUTSIDE SOLUTE SUPPORT. RESTART WITH A LARGER CUTOFF OR SURFACE PADDING.
 NONFATAL WARNING (watershell2_main): DETECTED 2 ATOM(S) OUTSIDE SOLUTE SUPPORT. RESTART WITH A LARGER CUTOFF OR SURFACE PADDING.
 NONFATAL WARNING (watershell2_main): DETECTED 2 ATOM(S) OUTSIDE SOLUTE SUPPORT. RESTART WITH A LARGER CUTOFF OR SURFACE PADDING.
 NONFATAL WARNING (watershell2_main): DETECTED 2 ATOM(S) OUTSIDE SOLUTE SUPPORT. RESTART WITH A LARGER CUTOFF OR SURFACE PADDING.
 NONFATAL WARNING (watershell2_main): DETECTED 2 ATOM(S) OUTSIDE SOLUTE SUPPORT. RESTART WITH A LARGER CUTOFF OR SURFACE PADDING.
 NONFATAL WARNING (watershell2_main): DETECTED 2 ATOM(S) OUTSIDE SOLUTE SUPPORT. RESTART WITH A LARGER CUTOFF OR SURFACE PADDING.
 NONFATAL WARNING (watershell2_main): DETECTED 2 ATOM(S) OUTSIDE SOLUTE SUPPORT. RESTART WITH A LARGER CUTOFF OR SURFACE PADDING.
 NONFATAL WARNING (watershell2_main): DETECTED 2 ATOM(S) OUTSIDE SOLUTE SUPPORT. RESTART WITH A LARGER CUTOFF OR SURFACE PADDING.
 NONFATAL WARNING (watershell2_main): DETECTED 2 ATOM(S) OUTSIDE SOLUTE SUPPORT. RESTART WITH A LARGER CUTOFF OR SURFACE PADDING.
 NONFATAL WARNING (watershell2_main): DETECTED 2 ATOM(S) OUTSIDE SOLUTE SUPPORT. RESTART WITH A LARGER CUTOFF OR SURFACE PADDING.
 NONFATAL WARNING (watershell2_main): DETECTED 2 ATOM(S) OUTSIDE SOLUTE SUPPORT. RESTART WITH A LARGER CUTOFF OR SURFACE PADDING.
 NONFATAL WARNING (watershell2_main): DETECTED 2 ATOM(S) OUTSIDE SOLUTE SUPPORT. RESTART WITH A LARGER CUTOFF OR SURFACE PADDING.
 NONFATAL WARNING (watershell2_main): DETECTED 2 ATOM(S) OUTSIDE SOLUTE SUPPORT. RESTART WITH A LARGER CUTOFF OR SURFACE PADDING.
 NONFATAL WARNING (watershell2_main): DETECTED 2 ATOM(S) OUTSIDE SOLUTE SUPPORT. RESTART WITH A LARGER CUTOFF OR SURFACE PADDING.
 NONFATAL WARNING (watershell2_main): DETECTED 2 ATOM(S) OUTSIDE SOLUTE SUPPORT. RESTART WITH A LARGER CUTOFF OR SURFACE PADDING.
 NONFATAL WARNING (watershell2_main): DETECTED 2 ATOM(S) OUTSIDE SOLUTE SUPPORT. RESTART WITH A LARGER CUTOFF OR SURFACE PADDING.
 NONFATAL WARNING (watershell2_main): DETECTED 2 ATOM(S) OUTSIDE SOLUTE SUPPORT. RESTART WITH A LARGER CUTOFF OR SURFACE PADDING.
 NONFATAL WARNING (watershell2_main): DETECTED 2 ATOM(S) OUTSIDE SOLUTE SUPPORT. RESTART WITH A LARGER CUTOFF OR SURFACE PADDING.
 NONFATAL WARNING (watershell2_main): DETECTED 2 ATOM(S) OUTSIDE SOLUTE SUPPORT. RESTART WITH A LARGER CUTOFF OR SURFACE PADDING.
 NONFATAL WARNING (watershell2_main): DETECTED 2 ATOM(S) OUTSIDE SOLUTE SUPPORT. RESTART WITH A LARGER CUTOFF OR SURFACE PADDING.
 NONFATAL WARNING (watershell2_main): DETECTED 2 ATOM(S) OUTSIDE SOLUTE SUPPORT. RESTART WITH A LARGER CUTOFF OR SURFACE PADDING.
 NONFATAL WARNING (watershell2_main): DETECTED 2 ATOM(S) OUTSIDE SOLUTE SUPPORT. RESTART WITH A LARGER CUTOFF OR SURFACE PADDING.
 NONFATAL WARNING (watershell2_main): DETECTED 2 ATOM(S) OUTSIDE SOLUTE SUPPORT. RESTART WITH A LARGER CUTOFF OR SURFACE PADDING.
 NONFATAL WARNING (watershell2_main): DETECTED 2 ATOM(S) OUTSIDE SOLUTE SUPPORT. RESTART WITH A LARGER CUTOFF OR SURFACE PADDING.
 NONFATAL WARNING (watershell2_main): DETECTED 2 ATOM(S) OUTSIDE SOLUTE SUPPORT. RESTART WITH A LARGER CUTOFF OR SURFACE PADDING.
 NONFATAL WARNING (watershell2_main): DETECTED 2 ATOM(S) OUTSIDE SOLUTE SUPPORT. RESTART WITH A LARGER CUTOFF OR SURFACE PADDING.
 NONFATAL WARNING (watershell2_main): DETECTED 2 ATOM(S) OUTSIDE SOLUTE SUPPORT. RESTART WITH A LARGER CUTOFF OR SURFACE PADDING.
 NONFATAL WARNING (watershell2_main): DETECTED 2 ATOM(S) OUTSIDE SOLUTE SUPPORT. RESTART WITH A LARGER CUTOFF OR SURFACE PADDING.
 NONFATAL WARNING (watershell2_main): DETECTED 2 ATOM(S) OUTSIDE SOLUTE SUPPORT. RESTART WITH A LARGER CUTOFF OR SURFACE PADDING.
 NONFATAL WARNING (watershell2_main): DETECTED 2 ATOM(S) OUTSIDE SOLUTE SUPPORT. RESTART WITH A LARGER CUTOFF OR SURFACE PADDING.
 NONFATAL WARNING (watershell2_main): DETECTED 2 ATOM(S) OUTSIDE SOLUTE SUPPORT. RESTART WITH A LARGER CUTOFF OR SURFACE PADDING.
 NONFATAL WARNING (watershell2_main): DETECTED 2 ATOM(S) OUTSIDE SOLUTE SUPPORT. RESTART WITH A LARGER CUTOFF OR SURFACE PADDING.
 NONFATAL WARNING (watershell2_main): DETECTED 2 ATOM(S) OUTSIDE SOLUTE SUPPORT. RESTART WITH A LARGER CUTOFF OR SURFACE PADDING.
 MESSAGE (watershell2_main): OUTER BULK BOUNDARY ( -10.40485029    ) IS TOO CLOSE TO SURFACE BOUNDARY ( -10.89980097    ). WILL RECOMPUTE:
 MESSAGE (watershell2_main): LOCATION OF OUTER BULK BOUNDARY SET TO  -10.40316719     A FROM PROTEIN. CONTOUR VALUE IS  0.1072552787E-03
 MESSAGE (watershell2_main): LOCATION OF INNER BULK BOUNDARY SET TO  -9.903167188     A FROM PROTEIN. CONTOUR VALUE IS  0.2787365571E-03
 NONFATAL WARNING (watershell2_main): DETECTED 2 ATOM(S) OUTSIDE SOLUTE SUPPORT. RESTART WITH A LARGER CUTOFF OR SURFACE PADDING.
 NONFATAL WARNING (watershell2_main): DETECTED 2 ATOM(S) OUTSIDE SOLUTE SUPPORT. RESTART WITH A LARGER CUTOFF OR SURFACE PADDING.
 NONFATAL WARNING (watershell2_main): DETECTED 2 ATOM(S) OUTSIDE SOLUTE SUPPORT. RESTART WITH A LARGER CUTOFF OR SURFACE PADDING.
 NONFATAL WARNING (watershell2_main): DETECTED 2 ATOM(S) OUTSIDE SOLUTE SUPPORT. RESTART WITH A LARGER CUTOFF OR SURFACE PADDING.
 NONFATAL WARNING (watershell2_main): DETECTED 2 ATOM(S) OUTSIDE SOLUTE SUPPORT. RESTART WITH A LARGER CUTOFF OR SURFACE PADDING.
 NONFATAL WARNING (watershell2_main): DETECTED 2 ATOM(S) OUTSIDE SOLUTE SUPPORT. RESTART WITH A LARGER CUTOFF OR SURFACE PADDING.
 NONFATAL WARNING (watershell2_main): DETECTED 2 ATOM(S) OUTSIDE SOLUTE SUPPORT. RESTART WITH A LARGER CUTOFF OR SURFACE PADDING.
 NONFATAL WARNING (watershell2_main): DETECTED 2 ATOM(S) OUTSIDE SOLUTE SUPPORT. RESTART WITH A LARGER CUTOFF OR SURFACE PADDING.
 NONFATAL WARNING (watershell2_main): DETECTED 2 ATOM(S) OUTSIDE SOLUTE SUPPORT. RESTART WITH A LARGER CUTOFF OR SURFACE PADDING.
 NONFATAL WARNING (watershell2_main): DETECTED 2 ATOM(S) OUTSIDE SOLUTE SUPPORT. RESTART WITH A LARGER CUTOFF OR SURFACE PADDING.
 NONFATAL WARNING (watershell2_main): DETECTED 2 ATOM(S) OUTSIDE SOLUTE SUPPORT. RESTART WITH A LARGER CUTOFF OR SURFACE PADDING.
 NONFATAL WARNING (watershell2_main): DETECTED 2 ATOM(S) OUTSIDE SOLUTE SUPPORT. RESTART WITH A LARGER CUTOFF OR SURFACE PADDING.
 NONFATAL WARNING (watershell2_main): DETECTED 2 ATOM(S) OUTSIDE SOLUTE SUPPORT. RESTART WITH A LARGER CUTOFF OR SURFACE PADDING.
 NONFATAL WARNING (watershell2_main): DETECTED 2 ATOM(S) OUTSIDE SOLUTE SUPPORT. RESTART WITH A LARGER CUTOFF OR SURFACE PADDING.
 NONFATAL WARNING (watershell2_main): DETECTED 2 ATOM(S) OUTSIDE SOLUTE SUPPORT. RESTART WITH A LARGER CUTOFF OR SURFACE PADDING.
 NONFATAL WARNING (watershell2_main): DETECTED 2 ATOM(S) OUTSIDE SOLUTE SUPPORT. RESTART WITH A LARGER CUTOFF OR SURFACE PADDING.
 NONFATAL WARNING (watershell2_main): DETECTED 2 ATOM(S) OUTSIDE SOLUTE SUPPORT. RESTART WITH A LARGER CUTOFF OR SURFACE PADDING.
 NONFATAL WARNING (watershell2_main): DETECTED 2 ATOM(S) OUTSIDE SOLUTE SUPPORT. RESTART WITH A LARGER CUTOFF OR SURFACE PADDING.
 NONFATAL WARNING (watershell2_main): DETECTED 2 ATOM(S) OUTSIDE SOLUTE SUPPORT. RESTART WITH A LARGER CUTOFF OR SURFACE PADDING.
 NONFATAL WARNING (watershell2_main): DETECTED 2 ATOM(S) OUTSIDE SOLUTE SUPPORT. RESTART WITH A LARGER CUTOFF OR SURFACE PADDING.
 NONFATAL WARNING (watershell2_main): DETECTED 2 ATOM(S) OUTSIDE SOLUTE SUPPORT. RESTART WITH A LARGER CUTOFF OR SURFACE PADDING.
 NONFATAL WARNING (watershell2_main): DETECTED 1 ATOM(S) OUTSIDE SOLUTE SUPPORT. RESTART WITH A LARGER CUTOFF OR SURFACE PADDING.
 NONFATAL WARNING (watershell2_main): DETECTED 2 ATOM(S) OUTSIDE SOLUTE SUPPORT. RESTART WITH A LARGER CUTOFF OR SURFACE PADDING.
 NONFATAL WARNING (watershell2_main): DETECTED 1 ATOM(S) OUTSIDE SOLUTE SUPPORT. RESTART WITH A LARGER CUTOFF OR SURFACE PADDING.
 NONFATAL WARNING (watershell2_main): DETECTED 1 ATOM(S) OUTSIDE SOLUTE SUPPORT. RESTART WITH A LARGER CUTOFF OR SURFACE PADDING.
 NONFATAL WARNING (watershell2_main): DETECTED 1 ATOM(S) OUTSIDE SOLUTE SUPPORT. RESTART WITH A LARGER CUTOFF OR SURFACE PADDING.
 NONFATAL WARNING (watershell2_main): DETECTED 1 ATOM(S) OUTSIDE SOLUTE SUPPORT. RESTART WITH A LARGER CUTOFF OR SURFACE PADDING.
 NONFATAL WARNING (watershell2_main): DETECTED 1 ATOM(S) OUTSIDE SOLUTE SUPPORT. RESTART WITH A LARGER CUTOFF OR SURFACE PADDING.
 NONFATAL WARNING (watershell2_main): DETECTED 1 ATOM(S) OUTSIDE SOLUTE SUPPORT. RESTART WITH A LARGER CUTOFF OR SURFACE PADDING.
 NONFATAL WARNING (watershell2_main): DETECTED 1 ATOM(S) OUTSIDE SOLUTE SUPPORT. RESTART WITH A LARGER CUTOFF OR SURFACE PADDING.
 NONFATAL WARNING (watershell2_main): DETECTED 1 ATOM(S) OUTSIDE SOLUTE SUPPORT. RESTART WITH A LARGER CUTOFF OR SURFACE PADDING.
 NONFATAL WARNING (watershell2_main): DETECTED 1 ATOM(S) OUTSIDE SOLUTE SUPPORT. RESTART WITH A LARGER CUTOFF OR SURFACE PADDING.
 NONFATAL WARNING (watershell2_main): DETECTED 1 ATOM(S) OUTSIDE SOLUTE SUPPORT. RESTART WITH A LARGER CUTOFF OR SURFACE PADDING.
 NONFATAL WARNING (watershell2_main): DETECTED 1 ATOM(S) OUTSIDE SOLUTE SUPPORT. RESTART WITH A LARGER CUTOFF OR SURFACE PADDING.
 NONFATAL WARNING (watershell2_main): DETECTED 1 ATOM(S) OUTSIDE SOLUTE SUPPORT. RESTART WITH A LARGER CUTOFF OR SURFACE PADDING.
 NONFATAL WARNING (watershell2_main): DETECTED 1 ATOM(S) OUTSIDE SOLUTE SUPPORT. RESTART WITH A LARGER CUTOFF OR SURFACE PADDING.
 NONFATAL WARNING (watershell2_main): DETECTED 1 ATOM(S) OUTSIDE SOLUTE SUPPORT. RESTART WITH A LARGER CUTOFF OR SURFACE PADDING.
 NONFATAL WARNING (watershell2_main): DETECTED 1 ATOM(S) OUTSIDE SOLUTE SUPPORT. RESTART WITH A LARGER CUTOFF OR SURFACE PADDING.
 NONFATAL WARNING (watershell2_main): DETECTED 1 ATOM(S) OUTSIDE SOLUTE SUPPORT. RESTART WITH A LARGER CUTOFF OR SURFACE PADDING.
 NONFATAL WARNING (watershell2_main): DETECTED 1 ATOM(S) OUTSIDE SOLUTE SUPPORT. RESTART WITH A LARGER CUTOFF OR SURFACE PADDING.
 NONFATAL WARNING (watershell2_main): DETECTED 1 ATOM(S) OUTSIDE SOLUTE SUPPORT. RESTART WITH A LARGER CUTOFF OR SURFACE PADDING.
 NONFATAL WARNING (watershell2_main): DETECTED 1 ATOM(S) OUTSIDE SOLUTE SUPPORT. RESTART WITH A LARGER CUTOFF OR SURFACE PADDING.
 NONFATAL WARNING (watershell2_main): DETECTED 1 ATOM(S) OUTSIDE SOLUTE SUPPORT. RESTART WITH A LARGER CUTOFF OR SURFACE PADDING.
 NONFATAL WARNING (watershell2_main): DETECTED 1 ATOM(S) OUTSIDE SOLUTE SUPPORT. RESTART WITH A LARGER CUTOFF OR SURFACE PADDING.
 NONFATAL WARNING (watershell2_main): DETECTED 1 ATOM(S) OUTSIDE SOLUTE SUPPORT. RESTART WITH A LARGER CUTOFF OR SURFACE PADDING.
 NONFATAL WARNING (watershell2_main): DETECTED 1 ATOM(S) OUTSIDE SOLUTE SUPPORT. RESTART WITH A LARGER CUTOFF OR SURFACE PADDING.
 NONFATAL WARNING (watershell2_main): DETECTED 1 ATOM(S) OUTSIDE SOLUTE SUPPORT. RESTART WITH A LARGER CUTOFF OR SURFACE PADDING.
 NONFATAL WARNING (watershell2_main): DETECTED 1 ATOM(S) OUTSIDE SOLUTE SUPPORT. RESTART WITH A LARGER CUTOFF OR SURFACE PADDING.
 NONFATAL WARNING (watershell2_main): DETECTED 1 ATOM(S) OUTSIDE SOLUTE SUPPORT. RESTART WITH A LARGER CUTOFF OR SURFACE PADDING.
 NONFATAL WARNING (watershell2_main): DETECTED 1 ATOM(S) OUTSIDE SOLUTE SUPPORT. RESTART WITH A LARGER CUTOFF OR SURFACE PADDING.
 MESSAGE (watershell2_main): OUTER BULK BOUNDARY ( -10.40316719    ) IS TOO CLOSE TO SURFACE BOUNDARY ( -10.89790935    ). WILL RECOMPUTE:
 MESSAGE (watershell2_main): LOCATION OF OUTER BULK BOUNDARY SET TO  -10.40141458     A FROM PROTEIN. CONTOUR VALUE IS  0.1076258820E-03
 MESSAGE (watershell2_main): LOCATION OF INNER BULK BOUNDARY SET TO  -9.901414575     A FROM PROTEIN. CONTOUR VALUE IS  0.2796425760E-03
 NONFATAL WARNING (watershell2_main): DETECTED 1 ATOM(S) OUTSIDE SOLUTE SUPPORT. RESTART WITH A LARGER CUTOFF OR SURFACE PADDING.
 NONFATAL WARNING (watershell2_main): DETECTED 1 ATOM(S) OUTSIDE SOLUTE SUPPORT. RESTART WITH A LARGER CUTOFF OR SURFACE PADDING.
 NONFATAL WARNING (watershell2_main): DETECTED 1 ATOM(S) OUTSIDE SOLUTE SUPPORT. RESTART WITH A LARGER CUTOFF OR SURFACE PADDING.
 NONFATAL WARNING (watershell2_main): DETECTED 1 ATOM(S) OUTSIDE SOLUTE SUPPORT. RESTART WITH A LARGER CUTOFF OR SURFACE PADDING.
 NONFATAL WARNING (watershell2_main): DETECTED 1 ATOM(S) OUTSIDE SOLUTE SUPPORT. RESTART WITH A LARGER CUTOFF OR SURFACE PADDING.
 NONFATAL WARNING (watershell2_main): DETECTED 1 ATOM(S) OUTSIDE SOLUTE SUPPORT. RESTART WITH A LARGER CUTOFF OR SURFACE PADDING.
 NONFATAL WARNING (watershell2_main): DETECTED 1 ATOM(S) OUTSIDE SOLUTE SUPPORT. RESTART WITH A LARGER CUTOFF OR SURFACE PADDING.
 NONFATAL WARNING (watershell2_main): DETECTED 1 ATOM(S) OUTSIDE SOLUTE SUPPORT. RESTART WITH A LARGER CUTOFF OR SURFACE PADDING.
 NONFATAL WARNING (watershell2_main): DETECTED 1 ATOM(S) OUTSIDE SOLUTE SUPPORT. RESTART WITH A LARGER CUTOFF OR SURFACE PADDING.
 NONFATAL WARNING (watershell2_main): DETECTED 1 ATOM(S) OUTSIDE SOLUTE SUPPORT. RESTART WITH A LARGER CUTOFF OR SURFACE PADDING.
 NONFATAL WARNING (watershell2_main): DETECTED 1 ATOM(S) OUTSIDE SOLUTE SUPPORT. RESTART WITH A LARGER CUTOFF OR SURFACE PADDING.
 NONFATAL WARNING (watershell2_main): DETECTED 1 ATOM(S) OUTSIDE SOLUTE SUPPORT. RESTART WITH A LARGER CUTOFF OR SURFACE PADDING.
 NONFATAL WARNING (watershell2_main): DETECTED 1 ATOM(S) OUTSIDE SOLUTE SUPPORT. RESTART WITH A LARGER CUTOFF OR SURFACE PADDING.
 NONFATAL WARNING (watershell2_main): DETECTED 1 ATOM(S) OUTSIDE SOLUTE SUPPORT. RESTART WITH A LARGER CUTOFF OR SURFACE PADDING.
 NONFATAL WARNING (watershell2_main): DETECTED 1 ATOM(S) OUTSIDE SOLUTE SUPPORT. RESTART WITH A LARGER CUTOFF OR SURFACE PADDING.
 NONFATAL WARNING (watershell2_main): DETECTED 1 ATOM(S) OUTSIDE SOLUTE SUPPORT. RESTART WITH A LARGER CUTOFF OR SURFACE PADDING.
 NONFATAL WARNING (watershell2_main): DETECTED 1 ATOM(S) OUTSIDE SOLUTE SUPPORT. RESTART WITH A LARGER CUTOFF OR SURFACE PADDING.
 NONFATAL WARNING (watershell2_main): DETECTED 1 ATOM(S) OUTSIDE SOLUTE SUPPORT. RESTART WITH A LARGER CUTOFF OR SURFACE PADDING.
 NONFATAL WARNING (watershell2_main): DETECTED 1 ATOM(S) OUTSIDE SOLUTE SUPPORT. RESTART WITH A LARGER CUTOFF OR SURFACE PADDING.
 NONFATAL WARNING (watershell2_main): DETECTED 1 ATOM(S) OUTSIDE SOLUTE SUPPORT. RESTART WITH A LARGER CUTOFF OR SURFACE PADDING.
 NONFATAL WARNING (watershell2_main): DETECTED 1 ATOM(S) OUTSIDE SOLUTE SUPPORT. RESTART WITH A LARGER CUTOFF OR SURFACE PADDING.
 NONFATAL WARNING (watershell2_main): DETECTED 1 ATOM(S) OUTSIDE SOLUTE SUPPORT. RESTART WITH A LARGER CUTOFF OR SURFACE PADDING.
 NONFATAL WARNING (watershell2_main): DETECTED 1 ATOM(S) OUTSIDE SOLUTE SUPPORT. RESTART WITH A LARGER CUTOFF OR SURFACE PADDING.
 NONFATAL WARNING (watershell2_main): DETECTED 1 ATOM(S) OUTSIDE SOLUTE SUPPORT. RESTART WITH A LARGER CUTOFF OR SURFACE PADDING.
 NONFATAL WARNING (watershell2_main): DETECTED 1 ATOM(S) OUTSIDE SOLUTE SUPPORT. RESTART WITH A LARGER CUTOFF OR SURFACE PADDING.
 NONFATAL WARNING (watershell2_main): DETECTED 1 ATOM(S) OUTSIDE SOLUTE SUPPORT. RESTART WITH A LARGER CUTOFF OR SURFACE PADDING.
 NONFATAL WARNING (watershell2_main): DETECTED 1 ATOM(S) OUTSIDE SOLUTE SUPPORT. RESTART WITH A LARGER CUTOFF OR SURFACE PADDING.
 NONFATAL WARNING (watershell2_main): DETECTED 1 ATOM(S) OUTSIDE SOLUTE SUPPORT. RESTART WITH A LARGER CUTOFF OR SURFACE PADDING.
 NONFATAL WARNING (watershell2_main): DETECTED 1 ATOM(S) OUTSIDE SOLUTE SUPPORT. RESTART WITH A LARGER CUTOFF OR SURFACE PADDING.
 NONFATAL WARNING (watershell2_main): DETECTED 1 ATOM(S) OUTSIDE SOLUTE SUPPORT. RESTART WITH A LARGER CUTOFF OR SURFACE PADDING.
 NONFATAL WARNING (watershell2_main): DETECTED 1 ATOM(S) OUTSIDE SOLUTE SUPPORT. RESTART WITH A LARGER CUTOFF OR SURFACE PADDING.
 NONFATAL WARNING (watershell2_main): DETECTED 1 ATOM(S) OUTSIDE SOLUTE SUPPORT. RESTART WITH A LARGER CUTOFF OR SURFACE PADDING.
 NONFATAL WARNING (watershell2_main): DETECTED 1 ATOM(S) OUTSIDE SOLUTE SUPPORT. RESTART WITH A LARGER CUTOFF OR SURFACE PADDING.
 NONFATAL WARNING (watershell2_main): DETECTED 1 ATOM(S) OUTSIDE SOLUTE SUPPORT. RESTART WITH A LARGER CUTOFF OR SURFACE PADDING.
 NONFATAL WARNING (watershell2_main): DETECTED 1 ATOM(S) OUTSIDE SOLUTE SUPPORT. RESTART WITH A LARGER CUTOFF OR SURFACE PADDING.
 NONFATAL WARNING (watershell2_main): DETECTED 1 ATOM(S) OUTSIDE SOLUTE SUPPORT. RESTART WITH A LARGER CUTOFF OR SURFACE PADDING.
 NONFATAL WARNING (watershell2_main): DETECTED 1 ATOM(S) OUTSIDE SOLUTE SUPPORT. RESTART WITH A LARGER CUTOFF OR SURFACE PADDING.
 NONFATAL WARNING (watershell2_main): DETECTED 1 ATOM(S) OUTSIDE SOLUTE SUPPORT. RESTART WITH A LARGER CUTOFF OR SURFACE PADDING.
 NONFATAL WARNING (watershell2_main): DETECTED 1 ATOM(S) OUTSIDE SOLUTE SUPPORT. RESTART WITH A LARGER CUTOFF OR SURFACE PADDING.
 NONFATAL WARNING (watershell2_main): DETECTED 1 ATOM(S) OUTSIDE SOLUTE SUPPORT. RESTART WITH A LARGER CUTOFF OR SURFACE PADDING.
 MESSAGE (watershell2_main): OUTER BULK BOUNDARY ( -10.40141458    ) IS TOO CLOSE TO SURFACE BOUNDARY ( -10.89636308    ). WILL RECOMPUTE:
 MESSAGE (watershell2_main): LOCATION OF OUTER BULK BOUNDARY SET TO  -10.39973074     A FROM PROTEIN. CONTOUR VALUE IS  0.1079830743E-03
 MESSAGE (watershell2_main): LOCATION OF INNER BULK BOUNDARY SET TO  -9.899730744     A FROM PROTEIN. CONTOUR VALUE IS  0.2805156225E-03
 NONFATAL WARNING (watershell2_main): DETECTED 1 ATOM(S) OUTSIDE SOLUTE SUPPORT. RESTART WITH A LARGER CUTOFF OR SURFACE PADDING.
 NONFATAL WARNING (watershell2_main): DETECTED 1 ATOM(S) OUTSIDE SOLUTE SUPPORT. RESTART WITH A LARGER CUTOFF OR SURFACE PADDING.
 NONFATAL WARNING (watershell2_main): DETECTED 1 ATOM(S) OUTSIDE SOLUTE SUPPORT. RESTART WITH A LARGER CUTOFF OR SURFACE PADDING.
 NONFATAL WARNING (watershell2_main): DETECTED 1 ATOM(S) OUTSIDE SOLUTE SUPPORT. RESTART WITH A LARGER CUTOFF OR SURFACE PADDING.
 NONFATAL WARNING (watershell2_main): DETECTED 1 ATOM(S) OUTSIDE SOLUTE SUPPORT. RESTART WITH A LARGER CUTOFF OR SURFACE PADDING.
 NONFATAL WARNING (watershell2_main): DETECTED 1 ATOM(S) OUTSIDE SOLUTE SUPPORT. RESTART WITH A LARGER CUTOFF OR SURFACE PADDING.
 NONFATAL WARNING (watershell2_main): DETECTED 1 ATOM(S) OUTSIDE SOLUTE SUPPORT. RESTART WITH A LARGER CUTOFF OR SURFACE PADDING.
 NONFATAL WARNING (watershell2_main): DETECTED 1 ATOM(S) OUTSIDE SOLUTE SUPPORT. RESTART WITH A LARGER CUTOFF OR SURFACE PADDING.
 NONFATAL WARNING (watershell2_main): DETECTED 1 ATOM(S) OUTSIDE SOLUTE SUPPORT. RESTART WITH A LARGER CUTOFF OR SURFACE PADDING.
 NONFATAL WARNING (watershell2_main): DETECTED 1 ATOM(S) OUTSIDE SOLUTE SUPPORT. RESTART WITH A LARGER CUTOFF OR SURFACE PADDING.
 NONFATAL WARNING (watershell2_main): DETECTED 1 ATOM(S) OUTSIDE SOLUTE SUPPORT. RESTART WITH A LARGER CUTOFF OR SURFACE PADDING.
 NONFATAL WARNING (watershell2_main): DETECTED 1 ATOM(S) OUTSIDE SOLUTE SUPPORT. RESTART WITH A LARGER CUTOFF OR SURFACE PADDING.
 NONFATAL WARNING (watershell2_main): DETECTED 1 ATOM(S) OUTSIDE SOLUTE SUPPORT. RESTART WITH A LARGER CUTOFF OR SURFACE PADDING.
 NONFATAL WARNING (watershell2_main): DETECTED 1 ATOM(S) OUTSIDE SOLUTE SUPPORT. RESTART WITH A LARGER CUTOFF OR SURFACE PADDING.
 NONFATAL WARNING (watershell2_main): DETECTED 1 ATOM(S) OUTSIDE SOLUTE SUPPORT. RESTART WITH A LARGER CUTOFF OR SURFACE PADDING.
 NONFATAL WARNING (watershell2_main): DETECTED 1 ATOM(S) OUTSIDE SOLUTE SUPPORT. RESTART WITH A LARGER CUTOFF OR SURFACE PADDING.
 NONFATAL WARNING (watershell2_main): DETECTED 1 ATOM(S) OUTSIDE SOLUTE SUPPORT. RESTART WITH A LARGER CUTOFF OR SURFACE PADDING.
 NONFATAL WARNING (watershell2_main): DETECTED 1 ATOM(S) OUTSIDE SOLUTE SUPPORT. RESTART WITH A LARGER CUTOFF OR SURFACE PADDING.
 NONFATAL WARNING (watershell2_main): DETECTED 1 ATOM(S) OUTSIDE SOLUTE SUPPORT. RESTART WITH A LARGER CUTOFF OR SURFACE PADDING.
 NONFATAL WARNING (watershell2_main): DETECTED 1 ATOM(S) OUTSIDE SOLUTE SUPPORT. RESTART WITH A LARGER CUTOFF OR SURFACE PADDING.
 NONFATAL WARNING (watershell2_main): DETECTED 1 ATOM(S) OUTSIDE SOLUTE SUPPORT. RESTART WITH A LARGER CUTOFF OR SURFACE PADDING.
 NONFATAL WARNING (watershell2_main): DETECTED 1 ATOM(S) OUTSIDE SOLUTE SUPPORT. RESTART WITH A LARGER CUTOFF OR SURFACE PADDING.
 NONFATAL WARNING (watershell2_main): DETECTED 1 ATOM(S) OUTSIDE SOLUTE SUPPORT. RESTART WITH A LARGER CUTOFF OR SURFACE PADDING.
 NONFATAL WARNING (watershell2_main): DETECTED 1 ATOM(S) OUTSIDE SOLUTE SUPPORT. RESTART WITH A LARGER CUTOFF OR SURFACE PADDING.
 NONFATAL WARNING (watershell2_main): DETECTED 1 ATOM(S) OUTSIDE SOLUTE SUPPORT. RESTART WITH A LARGER CUTOFF OR SURFACE PADDING.
 NONFATAL WARNING (watershell2_main): DETECTED 1 ATOM(S) OUTSIDE SOLUTE SUPPORT. RESTART WITH A LARGER CUTOFF OR SURFACE PADDING.
 NONFATAL WARNING (watershell2_main): DETECTED 1 ATOM(S) OUTSIDE SOLUTE SUPPORT. RESTART WITH A LARGER CUTOFF OR SURFACE PADDING.
 NONFATAL WARNING (watershell2_main): DETECTED 1 ATOM(S) OUTSIDE SOLUTE SUPPORT. RESTART WITH A LARGER CUTOFF OR SURFACE PADDING.
 NONFATAL WARNING (watershell2_main): DETECTED 1 ATOM(S) OUTSIDE SOLUTE SUPPORT. RESTART WITH A LARGER CUTOFF OR SURFACE PADDING.
 NONFATAL WARNING (watershell2_main): DETECTED 1 ATOM(S) OUTSIDE SOLUTE SUPPORT. RESTART WITH A LARGER CUTOFF OR SURFACE PADDING.
 NONFATAL WARNING (watershell2_main): DETECTED 1 ATOM(S) OUTSIDE SOLUTE SUPPORT. RESTART WITH A LARGER CUTOFF OR SURFACE PADDING.
 NONFATAL WARNING (watershell2_main): DETECTED 1 ATOM(S) OUTSIDE SOLUTE SUPPORT. RESTART WITH A LARGER CUTOFF OR SURFACE PADDING.
 NONFATAL WARNING (watershell2_main): DETECTED 1 ATOM(S) OUTSIDE SOLUTE SUPPORT. RESTART WITH A LARGER CUTOFF OR SURFACE PADDING.
 NONFATAL WARNING (watershell2_main): DETECTED 1 ATOM(S) OUTSIDE SOLUTE SUPPORT. RESTART WITH A LARGER CUTOFF OR SURFACE PADDING.
 NONFATAL WARNING (watershell2_main): DETECTED 1 ATOM(S) OUTSIDE SOLUTE SUPPORT. RESTART WITH A LARGER CUTOFF OR SURFACE PADDING.
 NONFATAL WARNING (watershell2_main): DETECTED 1 ATOM(S) OUTSIDE SOLUTE SUPPORT. RESTART WITH A LARGER CUTOFF OR SURFACE PADDING.
 NONFATAL WARNING (watershell2_main): DETECTED 1 ATOM(S) OUTSIDE SOLUTE SUPPORT. RESTART WITH A LARGER CUTOFF OR SURFACE PADDING.
 NONFATAL WARNING (watershell2_main): DETECTED 1 ATOM(S) OUTSIDE SOLUTE SUPPORT. RESTART WITH A LARGER CUTOFF OR SURFACE PADDING.
 NONFATAL WARNING (watershell2_main): DETECTED 1 ATOM(S) OUTSIDE SOLUTE SUPPORT. RESTART WITH A LARGER CUTOFF OR SURFACE PADDING.
 NONFATAL WARNING (watershell2_main): DETECTED 1 ATOM(S) OUTSIDE SOLUTE SUPPORT. RESTART WITH A LARGER CUTOFF OR SURFACE PADDING.
 NONFATAL WARNING (watershell2_main): DETECTED 1 ATOM(S) OUTSIDE SOLUTE SUPPORT. RESTART WITH A LARGER CUTOFF OR SURFACE PADDING.
 NONFATAL WARNING (watershell2_main): DETECTED 1 ATOM(S) OUTSIDE SOLUTE SUPPORT. RESTART WITH A LARGER CUTOFF OR SURFACE PADDING.
 NONFATAL WARNING (watershell2_main): DETECTED 1 ATOM(S) OUTSIDE SOLUTE SUPPORT. RESTART WITH A LARGER CUTOFF OR SURFACE PADDING.
 NONFATAL WARNING (watershell2_main): DETECTED 1 ATOM(S) OUTSIDE SOLUTE SUPPORT. RESTART WITH A LARGER CUTOFF OR SURFACE PADDING.
 NONFATAL WARNING (watershell2_main): DETECTED 1 ATOM(S) OUTSIDE SOLUTE SUPPORT. RESTART WITH A LARGER CUTOFF OR SURFACE PADDING.
 NONFATAL WARNING (watershell2_main): DETECTED 1 ATOM(S) OUTSIDE SOLUTE SUPPORT. RESTART WITH A LARGER CUTOFF OR SURFACE PADDING.
 NONFATAL WARNING (watershell2_main): DETECTED 1 ATOM(S) OUTSIDE SOLUTE SUPPORT. RESTART WITH A LARGER CUTOFF OR SURFACE PADDING.
 NONFATAL WARNING (watershell2_main): DETECTED 1 ATOM(S) OUTSIDE SOLUTE SUPPORT. RESTART WITH A LARGER CUTOFF OR SURFACE PADDING.
 NONFATAL WARNING (watershell2_main): DETECTED 1 ATOM(S) OUTSIDE SOLUTE SUPPORT. RESTART WITH A LARGER CUTOFF OR SURFACE PADDING.
 NONFATAL WARNING (watershell2_main): DETECTED 1 ATOM(S) OUTSIDE SOLUTE SUPPORT. RESTART WITH A LARGER CUTOFF OR SURFACE PADDING.
 MESSAGE (watershell2_main): OUTER BULK BOUNDARY ( -10.39973074    ) IS TOO CLOSE TO SURFACE BOUNDARY ( -10.89441651    ). WILL RECOMPUTE:
 MESSAGE (watershell2_main): LOCATION OF OUTER BULK BOUNDARY SET TO  -10.39795933     A FROM PROTEIN. CONTOUR VALUE IS  0.1083600475E-03
 MESSAGE (watershell2_main): LOCATION OF INNER BULK BOUNDARY SET TO  -9.897959333     A FROM PROTEIN. CONTOUR VALUE IS  0.2814368194E-03
 NONFATAL WARNING (watershell2_main): DETECTED 1 ATOM(S) OUTSIDE SOLUTE SUPPORT. RESTART WITH A LARGER CUTOFF OR SURFACE PADDING.
 NONFATAL WARNING (watershell2_main): DETECTED 1 ATOM(S) OUTSIDE SOLUTE SUPPORT. RESTART WITH A LARGER CUTOFF OR SURFACE PADDING.
 NONFATAL WARNING (watershell2_main): DETECTED 1 ATOM(S) OUTSIDE SOLUTE SUPPORT. RESTART WITH A LARGER CUTOFF OR SURFACE PADDING.
 NONFATAL WARNING (watershell2_main): DETECTED 1 ATOM(S) OUTSIDE SOLUTE SUPPORT. RESTART WITH A LARGER CUTOFF OR SURFACE PADDING.
 NONFATAL WARNING (watershell2_main): DETECTED 1 ATOM(S) OUTSIDE SOLUTE SUPPORT. RESTART WITH A LARGER CUTOFF OR SURFACE PADDING.
 NONFATAL WARNING (watershell2_main): DETECTED 1 ATOM(S) OUTSIDE SOLUTE SUPPORT. RESTART WITH A LARGER CUTOFF OR SURFACE PADDING.
 NONFATAL WARNING (watershell2_main): DETECTED 1 ATOM(S) OUTSIDE SOLUTE SUPPORT. RESTART WITH A LARGER CUTOFF OR SURFACE PADDING.
 NONFATAL WARNING (watershell2_main): DETECTED 1 ATOM(S) OUTSIDE SOLUTE SUPPORT. RESTART WITH A LARGER CUTOFF OR SURFACE PADDING.
 NONFATAL WARNING (watershell2_main): DETECTED 1 ATOM(S) OUTSIDE SOLUTE SUPPORT. RESTART WITH A LARGER CUTOFF OR SURFACE PADDING.
 NONFATAL WARNING (watershell2_main): DETECTED 1 ATOM(S) OUTSIDE SOLUTE SUPPORT. RESTART WITH A LARGER CUTOFF OR SURFACE PADDING.
 NONFATAL WARNING (watershell2_main): DETECTED 1 ATOM(S) OUTSIDE SOLUTE SUPPORT. RESTART WITH A LARGER CUTOFF OR SURFACE PADDING.
 NONFATAL WARNING (watershell2_main): DETECTED 1 ATOM(S) OUTSIDE SOLUTE SUPPORT. RESTART WITH A LARGER CUTOFF OR SURFACE PADDING.
 NONFATAL WARNING (watershell2_main): DETECTED 1 ATOM(S) OUTSIDE SOLUTE SUPPORT. RESTART WITH A LARGER CUTOFF OR SURFACE PADDING.
 NONFATAL WARNING (watershell2_main): DETECTED 1 ATOM(S) OUTSIDE SOLUTE SUPPORT. RESTART WITH A LARGER CUTOFF OR SURFACE PADDING.
 NONFATAL WARNING (watershell2_main): DETECTED 1 ATOM(S) OUTSIDE SOLUTE SUPPORT. RESTART WITH A LARGER CUTOFF OR SURFACE PADDING.
 NONFATAL WARNING (watershell2_main): DETECTED 1 ATOM(S) OUTSIDE SOLUTE SUPPORT. RESTART WITH A LARGER CUTOFF OR SURFACE PADDING.
 NONFATAL WARNING (watershell2_main): DETECTED 1 ATOM(S) OUTSIDE SOLUTE SUPPORT. RESTART WITH A LARGER CUTOFF OR SURFACE PADDING.
 NONFATAL WARNING (watershell2_main): DETECTED 1 ATOM(S) OUTSIDE SOLUTE SUPPORT. RESTART WITH A LARGER CUTOFF OR SURFACE PADDING.
 NONFATAL WARNING (watershell2_main): DETECTED 1 ATOM(S) OUTSIDE SOLUTE SUPPORT. RESTART WITH A LARGER CUTOFF OR SURFACE PADDING.
 NONFATAL WARNING (watershell2_main): DETECTED 1 ATOM(S) OUTSIDE SOLUTE SUPPORT. RESTART WITH A LARGER CUTOFF OR SURFACE PADDING.
 NONFATAL WARNING (watershell2_main): DETECTED 1 ATOM(S) OUTSIDE SOLUTE SUPPORT. RESTART WITH A LARGER CUTOFF OR SURFACE PADDING.
 NONFATAL WARNING (watershell2_main): DETECTED 1 ATOM(S) OUTSIDE SOLUTE SUPPORT. RESTART WITH A LARGER CUTOFF OR SURFACE PADDING.
 NONFATAL WARNING (watershell2_main): DETECTED 1 ATOM(S) OUTSIDE SOLUTE SUPPORT. RESTART WITH A LARGER CUTOFF OR SURFACE PADDING.
 NONFATAL WARNING (watershell2_main): DETECTED 1 ATOM(S) OUTSIDE SOLUTE SUPPORT. RESTART WITH A LARGER CUTOFF OR SURFACE PADDING.
 NONFATAL WARNING (watershell2_main): DETECTED 1 ATOM(S) OUTSIDE SOLUTE SUPPORT. RESTART WITH A LARGER CUTOFF OR SURFACE PADDING.
 NONFATAL WARNING (watershell2_main): DETECTED 1 ATOM(S) OUTSIDE SOLUTE SUPPORT. RESTART WITH A LARGER CUTOFF OR SURFACE PADDING.
 NONFATAL WARNING (watershell2_main): DETECTED 1 ATOM(S) OUTSIDE SOLUTE SUPPORT. RESTART WITH A LARGER CUTOFF OR SURFACE PADDING.
 NONFATAL WARNING (watershell2_main): DETECTED 1 ATOM(S) OUTSIDE SOLUTE SUPPORT. RESTART WITH A LARGER CUTOFF OR SURFACE PADDING.
 NONFATAL WARNING (watershell2_main): DETECTED 1 ATOM(S) OUTSIDE SOLUTE SUPPORT. RESTART WITH A LARGER CUTOFF OR SURFACE PADDING.
 NONFATAL WARNING (watershell2_main): DETECTED 1 ATOM(S) OUTSIDE SOLUTE SUPPORT. RESTART WITH A LARGER CUTOFF OR SURFACE PADDING.
 NONFATAL WARNING (watershell2_main): DETECTED 1 ATOM(S) OUTSIDE SOLUTE SUPPORT. RESTART WITH A LARGER CUTOFF OR SURFACE PADDING.
 NONFATAL WARNING (watershell2_main): DETECTED 1 ATOM(S) OUTSIDE SOLUTE SUPPORT. RESTART WITH A LARGER CUTOFF OR SURFACE PADDING.
 NONFATAL WARNING (watershell2_main): DETECTED 1 ATOM(S) OUTSIDE SOLUTE SUPPORT. RESTART WITH A LARGER CUTOFF OR SURFACE PADDING.
 NONFATAL WARNING (watershell2_main): DETECTED 1 ATOM(S) OUTSIDE SOLUTE SUPPORT. RESTART WITH A LARGER CUTOFF OR SURFACE PADDING.
 NONFATAL WARNING (watershell2_main): DETECTED 1 ATOM(S) OUTSIDE SOLUTE SUPPORT. RESTART WITH A LARGER CUTOFF OR SURFACE PADDING.
 NONFATAL WARNING (watershell2_main): DETECTED 1 ATOM(S) OUTSIDE SOLUTE SUPPORT. RESTART WITH A LARGER CUTOFF OR SURFACE PADDING.
 NONFATAL WARNING (watershell2_main): DETECTED 1 ATOM(S) OUTSIDE SOLUTE SUPPORT. RESTART WITH A LARGER CUTOFF OR SURFACE PADDING.
 NONFATAL WARNING (watershell2_main): DETECTED 1 ATOM(S) OUTSIDE SOLUTE SUPPORT. RESTART WITH A LARGER CUTOFF OR SURFACE PADDING.
 NONFATAL WARNING (watershell2_main): DETECTED 1 ATOM(S) OUTSIDE SOLUTE SUPPORT. RESTART WITH A LARGER CUTOFF OR SURFACE PADDING.
 NONFATAL WARNING (watershell2_main): DETECTED 1 ATOM(S) OUTSIDE SOLUTE SUPPORT. RESTART WITH A LARGER CUTOFF OR SURFACE PADDING.
 MESSAGE (watershell2_main): OUTER BULK BOUNDARY ( -10.39795933    ) IS TOO CLOSE TO SURFACE BOUNDARY ( -10.89284172    ). WILL RECOMPUTE:
 MESSAGE (watershell2_main): LOCATION OF OUTER BULK BOUNDARY SET TO  -10.39625346     A FROM PROTEIN. CONTOUR VALUE IS  0.1087242419E-03
 MESSAGE (watershell2_main): LOCATION OF INNER BULK BOUNDARY SET TO  -9.896253463     A FROM PROTEIN. CONTOUR VALUE IS  0.2823265969E-03
 NONFATAL WARNING (watershell2_main): DETECTED 1 ATOM(S) OUTSIDE SOLUTE SUPPORT. RESTART WITH A LARGER CUTOFF OR SURFACE PADDING.
 NONFATAL WARNING (watershell2_main): DETECTED 1 ATOM(S) OUTSIDE SOLUTE SUPPORT. RESTART WITH A LARGER CUTOFF OR SURFACE PADDING.
 NONFATAL WARNING (watershell2_main): DETECTED 1 ATOM(S) OUTSIDE SOLUTE SUPPORT. RESTART WITH A LARGER CUTOFF OR SURFACE PADDING.
 NONFATAL WARNING (watershell2_main): DETECTED 1 ATOM(S) OUTSIDE SOLUTE SUPPORT. RESTART WITH A LARGER CUTOFF OR SURFACE PADDING.
 NONFATAL WARNING (watershell2_main): DETECTED 1 ATOM(S) OUTSIDE SOLUTE SUPPORT. RESTART WITH A LARGER CUTOFF OR SURFACE PADDING.
 NONFATAL WARNING (watershell2_main): DETECTED 1 ATOM(S) OUTSIDE SOLUTE SUPPORT. RESTART WITH A LARGER CUTOFF OR SURFACE PADDING.
 NONFATAL WARNING (watershell2_main): DETECTED 1 ATOM(S) OUTSIDE SOLUTE SUPPORT. RESTART WITH A LARGER CUTOFF OR SURFACE PADDING.
 NONFATAL WARNING (watershell2_main): DETECTED 1 ATOM(S) OUTSIDE SOLUTE SUPPORT. RESTART WITH A LARGER CUTOFF OR SURFACE PADDING.
 NONFATAL WARNING (watershell2_main): DETECTED 1 ATOM(S) OUTSIDE SOLUTE SUPPORT. RESTART WITH A LARGER CUTOFF OR SURFACE PADDING.
 NONFATAL WARNING (watershell2_main): DETECTED 1 ATOM(S) OUTSIDE SOLUTE SUPPORT. RESTART WITH A LARGER CUTOFF OR SURFACE PADDING.
 NONFATAL WARNING (watershell2_main): DETECTED 1 ATOM(S) OUTSIDE SOLUTE SUPPORT. RESTART WITH A LARGER CUTOFF OR SURFACE PADDING.
 NONFATAL WARNING (watershell2_main): DETECTED 1 ATOM(S) OUTSIDE SOLUTE SUPPORT. RESTART WITH A LARGER CUTOFF OR SURFACE PADDING.
 NONFATAL WARNING (watershell2_main): DETECTED 1 ATOM(S) OUTSIDE SOLUTE SUPPORT. RESTART WITH A LARGER CUTOFF OR SURFACE PADDING.
 NONFATAL WARNING (watershell2_main): DETECTED 1 ATOM(S) OUTSIDE SOLUTE SUPPORT. RESTART WITH A LARGER CUTOFF OR SURFACE PADDING.
 NONFATAL WARNING (watershell2_main): DETECTED 1 ATOM(S) OUTSIDE SOLUTE SUPPORT. RESTART WITH A LARGER CUTOFF OR SURFACE PADDING.
 NONFATAL WARNING (watershell2_main): DETECTED 1 ATOM(S) OUTSIDE SOLUTE SUPPORT. RESTART WITH A LARGER CUTOFF OR SURFACE PADDING.
 NONFATAL WARNING (watershell2_main): DETECTED 1 ATOM(S) OUTSIDE SOLUTE SUPPORT. RESTART WITH A LARGER CUTOFF OR SURFACE PADDING.
 NONFATAL WARNING (watershell2_main): DETECTED 1 ATOM(S) OUTSIDE SOLUTE SUPPORT. RESTART WITH A LARGER CUTOFF OR SURFACE PADDING.
 NONFATAL WARNING (watershell2_main): DETECTED 1 ATOM(S) OUTSIDE SOLUTE SUPPORT. RESTART WITH A LARGER CUTOFF OR SURFACE PADDING.
 NONFATAL WARNING (watershell2_main): DETECTED 1 ATOM(S) OUTSIDE SOLUTE SUPPORT. RESTART WITH A LARGER CUTOFF OR SURFACE PADDING.
 MESSAGE (watershell2_main): OUTER BULK BOUNDARY ( -10.39625346    ) IS TOO CLOSE TO SURFACE BOUNDARY ( -10.89124940    ). WILL RECOMPUTE:
 MESSAGE (watershell2_main): LOCATION OF OUTER BULK BOUNDARY SET TO  -10.39458544     A FROM PROTEIN. CONTOUR VALUE IS  0.1090814678E-03
 MESSAGE (watershell2_main): LOCATION OF INNER BULK BOUNDARY SET TO  -9.894585442     A FROM PROTEIN. CONTOUR VALUE IS  0.2831991663E-03
 MESSAGE (watershell2_main): OUTER BULK BOUNDARY ( -10.39458544    ) IS TOO CLOSE TO SURFACE BOUNDARY ( -10.88925657    ). WILL RECOMPUTE:
 MESSAGE (watershell2_main): LOCATION OF OUTER BULK BOUNDARY SET TO  -10.39280915     A FROM PROTEIN. CONTOUR VALUE IS  0.1094630934E-03
 MESSAGE (watershell2_main): LOCATION OF INNER BULK BOUNDARY SET TO  -9.892809151     A FROM PROTEIN. CONTOUR VALUE IS  0.2841311358E-03
 MESSAGE (watershell2_main): OUTER BULK BOUNDARY ( -10.39280915    ) IS TOO CLOSE TO SURFACE BOUNDARY ( -10.88765454    ). WILL RECOMPUTE:
 MESSAGE (watershell2_main): LOCATION OF OUTER BULK BOUNDARY SET TO  -10.39109095     A FROM PROTEIN. CONTOUR VALUE IS  0.1098334331E-03
 MESSAGE (watershell2_main): LOCATION OF INNER BULK BOUNDARY SET TO  -9.891090948     A FROM PROTEIN. CONTOUR VALUE IS  0.2850353472E-03
 MESSAGE (watershell2_main): OUTER BULK BOUNDARY ( -10.39109095    ) IS TOO CLOSE TO SURFACE BOUNDARY ( -10.88605251    ). WILL RECOMPUTE:
 MESSAGE (watershell2_main): LOCATION OF OUTER BULK BOUNDARY SET TO  -10.38941147     A FROM PROTEIN. CONTOUR VALUE IS  0.1101965638E-03
 MESSAGE (watershell2_main): LOCATION OF INNER BULK BOUNDARY SET TO  -9.889411469     A FROM PROTEIN. CONTOUR VALUE IS  0.2859217703E-03
 NONFATAL WARNING (watershell2_main): DETECTED 4 ATOM(S) OUTSIDE SOLUTE SUPPORT. RESTART WITH A LARGER CUTOFF OR SURFACE PADDING.
 NONFATAL WARNING (watershell2_main): DETECTED 4 ATOM(S) OUTSIDE SOLUTE SUPPORT. RESTART WITH A LARGER CUTOFF OR SURFACE PADDING.
 NONFATAL WARNING (watershell2_main): DETECTED 4 ATOM(S) OUTSIDE SOLUTE SUPPORT. RESTART WITH A LARGER CUTOFF OR SURFACE PADDING.
 NONFATAL WARNING (watershell2_main): DETECTED 4 ATOM(S) OUTSIDE SOLUTE SUPPORT. RESTART WITH A LARGER CUTOFF OR SURFACE PADDING.
 NONFATAL WARNING (watershell2_main): DETECTED 4 ATOM(S) OUTSIDE SOLUTE SUPPORT. RESTART WITH A LARGER CUTOFF OR SURFACE PADDING.
 NONFATAL WARNING (watershell2_main): DETECTED 4 ATOM(S) OUTSIDE SOLUTE SUPPORT. RESTART WITH A LARGER CUTOFF OR SURFACE PADDING.
 NONFATAL WARNING (watershell2_main): DETECTED 4 ATOM(S) OUTSIDE SOLUTE SUPPORT. RESTART WITH A LARGER CUTOFF OR SURFACE PADDING.
 NONFATAL WARNING (watershell2_main): DETECTED 4 ATOM(S) OUTSIDE SOLUTE SUPPORT. RESTART WITH A LARGER CUTOFF OR SURFACE PADDING.
 NONFATAL WARNING (watershell2_main): DETECTED 4 ATOM(S) OUTSIDE SOLUTE SUPPORT. RESTART WITH A LARGER CUTOFF OR SURFACE PADDING.
 NONFATAL WARNING (watershell2_main): DETECTED 4 ATOM(S) OUTSIDE SOLUTE SUPPORT. RESTART WITH A LARGER CUTOFF OR SURFACE PADDING.
 NONFATAL WARNING (watershell2_main): DETECTED 4 ATOM(S) OUTSIDE SOLUTE SUPPORT. RESTART WITH A LARGER CUTOFF OR SURFACE PADDING.
 NONFATAL WARNING (watershell2_main): DETECTED 4 ATOM(S) OUTSIDE SOLUTE SUPPORT. RESTART WITH A LARGER CUTOFF OR SURFACE PADDING.
 NONFATAL WARNING (watershell2_main): DETECTED 4 ATOM(S) OUTSIDE SOLUTE SUPPORT. RESTART WITH A LARGER CUTOFF OR SURFACE PADDING.
 NONFATAL WARNING (watershell2_main): DETECTED 4 ATOM(S) OUTSIDE SOLUTE SUPPORT. RESTART WITH A LARGER CUTOFF OR SURFACE PADDING.
 NONFATAL WARNING (watershell2_main): DETECTED 4 ATOM(S) OUTSIDE SOLUTE SUPPORT. RESTART WITH A LARGER CUTOFF OR SURFACE PADDING.
 MESSAGE (watershell2_main): OUTER BULK BOUNDARY ( -10.38941147    ) IS TOO CLOSE TO SURFACE BOUNDARY ( -10.88403566    ). WILL RECOMPUTE:
 MESSAGE (watershell2_main): LOCATION OF OUTER BULK BOUNDARY SET TO  -10.38761953     A FROM PROTEIN. CONTOUR VALUE IS  0.1105852539E-03
 MESSAGE (watershell2_main): LOCATION OF INNER BULK BOUNDARY SET TO  -9.887619531     A FROM PROTEIN. CONTOUR VALUE IS  0.2868703805E-03
 NONFATAL WARNING (watershell2_main): DETECTED 4 ATOM(S) OUTSIDE SOLUTE SUPPORT. RESTART WITH A LARGER CUTOFF OR SURFACE PADDING.
 NONFATAL WARNING (watershell2_main): DETECTED 4 ATOM(S) OUTSIDE SOLUTE SUPPORT. RESTART WITH A LARGER CUTOFF OR SURFACE PADDING.
 NONFATAL WARNING (watershell2_main): DETECTED 4 ATOM(S) OUTSIDE SOLUTE SUPPORT. RESTART WITH A LARGER CUTOFF OR SURFACE PADDING.
 NONFATAL WARNING (watershell2_main): DETECTED 4 ATOM(S) OUTSIDE SOLUTE SUPPORT. RESTART WITH A LARGER CUTOFF OR SURFACE PADDING.
 NONFATAL WARNING (watershell2_main): DETECTED 4 ATOM(S) OUTSIDE SOLUTE SUPPORT. RESTART WITH A LARGER CUTOFF OR SURFACE PADDING.
 NONFATAL WARNING (watershell2_main): DETECTED 4 ATOM(S) OUTSIDE SOLUTE SUPPORT. RESTART WITH A LARGER CUTOFF OR SURFACE PADDING.
 NONFATAL WARNING (watershell2_main): DETECTED 4 ATOM(S) OUTSIDE SOLUTE SUPPORT. RESTART WITH A LARGER CUTOFF OR SURFACE PADDING.
 NONFATAL WARNING (watershell2_main): DETECTED 4 ATOM(S) OUTSIDE SOLUTE SUPPORT. RESTART WITH A LARGER CUTOFF OR SURFACE PADDING.
 NONFATAL WARNING (watershell2_main): DETECTED 4 ATOM(S) OUTSIDE SOLUTE SUPPORT. RESTART WITH A LARGER CUTOFF OR SURFACE PADDING.
 NONFATAL WARNING (watershell2_main): DETECTED 4 ATOM(S) OUTSIDE SOLUTE SUPPORT. RESTART WITH A LARGER CUTOFF OR SURFACE PADDING.
 NONFATAL WARNING (watershell2_main): DETECTED 4 ATOM(S) OUTSIDE SOLUTE SUPPORT. RESTART WITH A LARGER CUTOFF OR SURFACE PADDING.
 NONFATAL WARNING (watershell2_main): DETECTED 4 ATOM(S) OUTSIDE SOLUTE SUPPORT. RESTART WITH A LARGER CUTOFF OR SURFACE PADDING.
 NONFATAL WARNING (watershell2_main): DETECTED 4 ATOM(S) OUTSIDE SOLUTE SUPPORT. RESTART WITH A LARGER CUTOFF OR SURFACE PADDING.
 NONFATAL WARNING (watershell2_main): DETECTED 4 ATOM(S) OUTSIDE SOLUTE SUPPORT. RESTART WITH A LARGER CUTOFF OR SURFACE PADDING.
 NONFATAL WARNING (watershell2_main): DETECTED 4 ATOM(S) OUTSIDE SOLUTE SUPPORT. RESTART WITH A LARGER CUTOFF OR SURFACE PADDING.
 NONFATAL WARNING (watershell2_main): DETECTED 4 ATOM(S) OUTSIDE SOLUTE SUPPORT. RESTART WITH A LARGER CUTOFF OR SURFACE PADDING.
 NONFATAL WARNING (watershell2_main): DETECTED 4 ATOM(S) OUTSIDE SOLUTE SUPPORT. RESTART WITH A LARGER CUTOFF OR SURFACE PADDING.
 NONFATAL WARNING (watershell2_main): DETECTED 4 ATOM(S) OUTSIDE SOLUTE SUPPORT. RESTART WITH A LARGER CUTOFF OR SURFACE PADDING.
 NONFATAL WARNING (watershell2_main): DETECTED 4 ATOM(S) OUTSIDE SOLUTE SUPPORT. RESTART WITH A LARGER CUTOFF OR SURFACE PADDING.
 NONFATAL WARNING (watershell2_main): DETECTED 4 ATOM(S) OUTSIDE SOLUTE SUPPORT. RESTART WITH A LARGER CUTOFF OR SURFACE PADDING.
 NONFATAL WARNING (watershell2_main): DETECTED 4 ATOM(S) OUTSIDE SOLUTE SUPPORT. RESTART WITH A LARGER CUTOFF OR SURFACE PADDING.
 NONFATAL WARNING (watershell2_main): DETECTED 4 ATOM(S) OUTSIDE SOLUTE SUPPORT. RESTART WITH A LARGER CUTOFF OR SURFACE PADDING.
 NONFATAL WARNING (watershell2_main): DETECTED 4 ATOM(S) OUTSIDE SOLUTE SUPPORT. RESTART WITH A LARGER CUTOFF OR SURFACE PADDING.
 NONFATAL WARNING (watershell2_main): DETECTED 4 ATOM(S) OUTSIDE SOLUTE SUPPORT. RESTART WITH A LARGER CUTOFF OR SURFACE PADDING.
 NONFATAL WARNING (watershell2_main): DETECTED 4 ATOM(S) OUTSIDE SOLUTE SUPPORT. RESTART WITH A LARGER CUTOFF OR SURFACE PADDING.
 NONFATAL WARNING (watershell2_main): DETECTED 4 ATOM(S) OUTSIDE SOLUTE SUPPORT. RESTART WITH A LARGER CUTOFF OR SURFACE PADDING.
 NONFATAL WARNING (watershell2_main): DETECTED 4 ATOM(S) OUTSIDE SOLUTE SUPPORT. RESTART WITH A LARGER CUTOFF OR SURFACE PADDING.
 NONFATAL WARNING (watershell2_main): DETECTED 4 ATOM(S) OUTSIDE SOLUTE SUPPORT. RESTART WITH A LARGER CUTOFF OR SURFACE PADDING.
 NONFATAL WARNING (watershell2_main): DETECTED 4 ATOM(S) OUTSIDE SOLUTE SUPPORT. RESTART WITH A LARGER CUTOFF OR SURFACE PADDING.
 NONFATAL WARNING (watershell2_main): DETECTED 4 ATOM(S) OUTSIDE SOLUTE SUPPORT. RESTART WITH A LARGER CUTOFF OR SURFACE PADDING.
 NONFATAL WARNING (watershell2_main): DETECTED 4 ATOM(S) OUTSIDE SOLUTE SUPPORT. RESTART WITH A LARGER CUTOFF OR SURFACE PADDING.
 NONFATAL WARNING (watershell2_main): DETECTED 4 ATOM(S) OUTSIDE SOLUTE SUPPORT. RESTART WITH A LARGER CUTOFF OR SURFACE PADDING.
 NONFATAL WARNING (watershell2_main): DETECTED 4 ATOM(S) OUTSIDE SOLUTE SUPPORT. RESTART WITH A LARGER CUTOFF OR SURFACE PADDING.
 NONFATAL WARNING (watershell2_main): DETECTED 4 ATOM(S) OUTSIDE SOLUTE SUPPORT. RESTART WITH A LARGER CUTOFF OR SURFACE PADDING.
 NONFATAL WARNING (watershell2_main): DETECTED 4 ATOM(S) OUTSIDE SOLUTE SUPPORT. RESTART WITH A LARGER CUTOFF OR SURFACE PADDING.
 NONFATAL WARNING (watershell2_main): DETECTED 4 ATOM(S) OUTSIDE SOLUTE SUPPORT. RESTART WITH A LARGER CUTOFF OR SURFACE PADDING.
 NONFATAL WARNING (watershell2_main): DETECTED 4 ATOM(S) OUTSIDE SOLUTE SUPPORT. RESTART WITH A LARGER CUTOFF OR SURFACE PADDING.
 NONFATAL WARNING (watershell2_main): DETECTED 4 ATOM(S) OUTSIDE SOLUTE SUPPORT. RESTART WITH A LARGER CUTOFF OR SURFACE PADDING.
 NONFATAL WARNING (watershell2_main): DETECTED 4 ATOM(S) OUTSIDE SOLUTE SUPPORT. RESTART WITH A LARGER CUTOFF OR SURFACE PADDING.
 NONFATAL WARNING (watershell2_main): DETECTED 4 ATOM(S) OUTSIDE SOLUTE SUPPORT. RESTART WITH A LARGER CUTOFF OR SURFACE PADDING.
 MESSAGE (watershell2_main): OUTER BULK BOUNDARY ( -10.38761953    ) IS TOO CLOSE TO SURFACE BOUNDARY ( -10.88241931    ). WILL RECOMPUTE:
 MESSAGE (watershell2_main): LOCATION OF OUTER BULK BOUNDARY SET TO  -10.38588612     A FROM PROTEIN. CONTOUR VALUE IS  0.1109624739E-03
 MESSAGE (watershell2_main): LOCATION OF INNER BULK BOUNDARY SET TO  -9.885886123     A FROM PROTEIN. CONTOUR VALUE IS  0.2877907959E-03
 NONFATAL WARNING (watershell2_main): DETECTED 4 ATOM(S) OUTSIDE SOLUTE SUPPORT. RESTART WITH A LARGER CUTOFF OR SURFACE PADDING.
 NONFATAL WARNING (watershell2_main): DETECTED 4 ATOM(S) OUTSIDE SOLUTE SUPPORT. RESTART WITH A LARGER CUTOFF OR SURFACE PADDING.
 NONFATAL WARNING (watershell2_main): DETECTED 4 ATOM(S) OUTSIDE SOLUTE SUPPORT. RESTART WITH A LARGER CUTOFF OR SURFACE PADDING.
 NONFATAL WARNING (watershell2_main): DETECTED 4 ATOM(S) OUTSIDE SOLUTE SUPPORT. RESTART WITH A LARGER CUTOFF OR SURFACE PADDING.
 NONFATAL WARNING (watershell2_main): DETECTED 4 ATOM(S) OUTSIDE SOLUTE SUPPORT. RESTART WITH A LARGER CUTOFF OR SURFACE PADDING.
 NONFATAL WARNING (watershell2_main): DETECTED 4 ATOM(S) OUTSIDE SOLUTE SUPPORT. RESTART WITH A LARGER CUTOFF OR SURFACE PADDING.
 NONFATAL WARNING (watershell2_main): DETECTED 4 ATOM(S) OUTSIDE SOLUTE SUPPORT. RESTART WITH A LARGER CUTOFF OR SURFACE PADDING.
 NONFATAL WARNING (watershell2_main): DETECTED 4 ATOM(S) OUTSIDE SOLUTE SUPPORT. RESTART WITH A LARGER CUTOFF OR SURFACE PADDING.
 NONFATAL WARNING (watershell2_main): DETECTED 4 ATOM(S) OUTSIDE SOLUTE SUPPORT. RESTART WITH A LARGER CUTOFF OR SURFACE PADDING.
 NONFATAL WARNING (watershell2_main): DETECTED 4 ATOM(S) OUTSIDE SOLUTE SUPPORT. RESTART WITH A LARGER CUTOFF OR SURFACE PADDING.
 NONFATAL WARNING (watershell2_main): DETECTED 4 ATOM(S) OUTSIDE SOLUTE SUPPORT. RESTART WITH A LARGER CUTOFF OR SURFACE PADDING.
 NONFATAL WARNING (watershell2_main): DETECTED 4 ATOM(S) OUTSIDE SOLUTE SUPPORT. RESTART WITH A LARGER CUTOFF OR SURFACE PADDING.
 NONFATAL WARNING (watershell2_main): DETECTED 4 ATOM(S) OUTSIDE SOLUTE SUPPORT. RESTART WITH A LARGER CUTOFF OR SURFACE PADDING.
 NONFATAL WARNING (watershell2_main): DETECTED 4 ATOM(S) OUTSIDE SOLUTE SUPPORT. RESTART WITH A LARGER CUTOFF OR SURFACE PADDING.
 NONFATAL WARNING (watershell2_main): DETECTED 4 ATOM(S) OUTSIDE SOLUTE SUPPORT. RESTART WITH A LARGER CUTOFF OR SURFACE PADDING.
 NONFATAL WARNING (watershell2_main): DETECTED 4 ATOM(S) OUTSIDE SOLUTE SUPPORT. RESTART WITH A LARGER CUTOFF OR SURFACE PADDING.
 NONFATAL WARNING (watershell2_main): DETECTED 4 ATOM(S) OUTSIDE SOLUTE SUPPORT. RESTART WITH A LARGER CUTOFF OR SURFACE PADDING.
 NONFATAL WARNING (watershell2_main): DETECTED 4 ATOM(S) OUTSIDE SOLUTE SUPPORT. RESTART WITH A LARGER CUTOFF OR SURFACE PADDING.
 NONFATAL WARNING (watershell2_main): DETECTED 4 ATOM(S) OUTSIDE SOLUTE SUPPORT. RESTART WITH A LARGER CUTOFF OR SURFACE PADDING.
 NONFATAL WARNING (watershell2_main): DETECTED 4 ATOM(S) OUTSIDE SOLUTE SUPPORT. RESTART WITH A LARGER CUTOFF OR SURFACE PADDING.
 NONFATAL WARNING (watershell2_main): DETECTED 4 ATOM(S) OUTSIDE SOLUTE SUPPORT. RESTART WITH A LARGER CUTOFF OR SURFACE PADDING.
 NONFATAL WARNING (watershell2_main): DETECTED 4 ATOM(S) OUTSIDE SOLUTE SUPPORT. RESTART WITH A LARGER CUTOFF OR SURFACE PADDING.
 NONFATAL WARNING (watershell2_main): DETECTED 4 ATOM(S) OUTSIDE SOLUTE SUPPORT. RESTART WITH A LARGER CUTOFF OR SURFACE PADDING.
 NONFATAL WARNING (watershell2_main): DETECTED 4 ATOM(S) OUTSIDE SOLUTE SUPPORT. RESTART WITH A LARGER CUTOFF OR SURFACE PADDING.
 NONFATAL WARNING (watershell2_main): DETECTED 4 ATOM(S) OUTSIDE SOLUTE SUPPORT. RESTART WITH A LARGER CUTOFF OR SURFACE PADDING.
 NONFATAL WARNING (watershell2_main): DETECTED 4 ATOM(S) OUTSIDE SOLUTE SUPPORT. RESTART WITH A LARGER CUTOFF OR SURFACE PADDING.
 NONFATAL WARNING (watershell2_main): DETECTED 4 ATOM(S) OUTSIDE SOLUTE SUPPORT. RESTART WITH A LARGER CUTOFF OR SURFACE PADDING.
 NONFATAL WARNING (watershell2_main): DETECTED 4 ATOM(S) OUTSIDE SOLUTE SUPPORT. RESTART WITH A LARGER CUTOFF OR SURFACE PADDING.
 NONFATAL WARNING (watershell2_main): DETECTED 4 ATOM(S) OUTSIDE SOLUTE SUPPORT. RESTART WITH A LARGER CUTOFF OR SURFACE PADDING.
 NONFATAL WARNING (watershell2_main): DETECTED 4 ATOM(S) OUTSIDE SOLUTE SUPPORT. RESTART WITH A LARGER CUTOFF OR SURFACE PADDING.
 NONFATAL WARNING (watershell2_main): DETECTED 4 ATOM(S) OUTSIDE SOLUTE SUPPORT. RESTART WITH A LARGER CUTOFF OR SURFACE PADDING.
 NONFATAL WARNING (watershell2_main): DETECTED 4 ATOM(S) OUTSIDE SOLUTE SUPPORT. RESTART WITH A LARGER CUTOFF OR SURFACE PADDING.
 NONFATAL WARNING (watershell2_main): DETECTED 4 ATOM(S) OUTSIDE SOLUTE SUPPORT. RESTART WITH A LARGER CUTOFF OR SURFACE PADDING.
 NONFATAL WARNING (watershell2_main): DETECTED 4 ATOM(S) OUTSIDE SOLUTE SUPPORT. RESTART WITH A LARGER CUTOFF OR SURFACE PADDING.
 NONFATAL WARNING (watershell2_main): DETECTED 4 ATOM(S) OUTSIDE SOLUTE SUPPORT. RESTART WITH A LARGER CUTOFF OR SURFACE PADDING.
 NONFATAL WARNING (watershell2_main): DETECTED 4 ATOM(S) OUTSIDE SOLUTE SUPPORT. RESTART WITH A LARGER CUTOFF OR SURFACE PADDING.
 NONFATAL WARNING (watershell2_main): DETECTED 4 ATOM(S) OUTSIDE SOLUTE SUPPORT. RESTART WITH A LARGER CUTOFF OR SURFACE PADDING.
 NONFATAL WARNING (watershell2_main): DETECTED 4 ATOM(S) OUTSIDE SOLUTE SUPPORT. RESTART WITH A LARGER CUTOFF OR SURFACE PADDING.
 NONFATAL WARNING (watershell2_main): DETECTED 4 ATOM(S) OUTSIDE SOLUTE SUPPORT. RESTART WITH A LARGER CUTOFF OR SURFACE PADDING.
 NONFATAL WARNING (watershell2_main): DETECTED 4 ATOM(S) OUTSIDE SOLUTE SUPPORT. RESTART WITH A LARGER CUTOFF OR SURFACE PADDING.
 MESSAGE (watershell2_main): OUTER BULK BOUNDARY ( -10.38588612    ) IS TOO CLOSE TO SURFACE BOUNDARY ( -10.88080519    ). WILL RECOMPUTE:
 MESSAGE (watershell2_main): LOCATION OF OUTER BULK BOUNDARY SET TO  -10.38419248     A FROM PROTEIN. CONTOUR VALUE IS  0.1113322081E-03
 MESSAGE (watershell2_main): LOCATION OF INNER BULK BOUNDARY SET TO  -9.884192479     A FROM PROTEIN. CONTOUR VALUE IS  0.2886927538E-03
 NONFATAL WARNING (watershell2_main): DETECTED 4 ATOM(S) OUTSIDE SOLUTE SUPPORT. RESTART WITH A LARGER CUTOFF OR SURFACE PADDING.
 NONFATAL WARNING (watershell2_main): DETECTED 4 ATOM(S) OUTSIDE SOLUTE SUPPORT. RESTART WITH A LARGER CUTOFF OR SURFACE PADDING.
 NONFATAL WARNING (watershell2_main): DETECTED 4 ATOM(S) OUTSIDE SOLUTE SUPPORT. RESTART WITH A LARGER CUTOFF OR SURFACE PADDING.
 NONFATAL WARNING (watershell2_main): DETECTED 4 ATOM(S) OUTSIDE SOLUTE SUPPORT. RESTART WITH A LARGER CUTOFF OR SURFACE PADDING.
 NONFATAL WARNING (watershell2_main): DETECTED 4 ATOM(S) OUTSIDE SOLUTE SUPPORT. RESTART WITH A LARGER CUTOFF OR SURFACE PADDING.
 NONFATAL WARNING (watershell2_main): DETECTED 4 ATOM(S) OUTSIDE SOLUTE SUPPORT. RESTART WITH A LARGER CUTOFF OR SURFACE PADDING.
 NONFATAL WARNING (watershell2_main): DETECTED 4 ATOM(S) OUTSIDE SOLUTE SUPPORT. RESTART WITH A LARGER CUTOFF OR SURFACE PADDING.
 NONFATAL WARNING (watershell2_main): DETECTED 4 ATOM(S) OUTSIDE SOLUTE SUPPORT. RESTART WITH A LARGER CUTOFF OR SURFACE PADDING.
 NONFATAL WARNING (watershell2_main): DETECTED 3 ATOM(S) OUTSIDE SOLUTE SUPPORT. RESTART WITH A LARGER CUTOFF OR SURFACE PADDING.
 NONFATAL WARNING (watershell2_main): DETECTED 3 ATOM(S) OUTSIDE SOLUTE SUPPORT. RESTART WITH A LARGER CUTOFF OR SURFACE PADDING.
 NONFATAL WARNING (watershell2_main): DETECTED 3 ATOM(S) OUTSIDE SOLUTE SUPPORT. RESTART WITH A LARGER CUTOFF OR SURFACE PADDING.
 NONFATAL WARNING (watershell2_main): DETECTED 3 ATOM(S) OUTSIDE SOLUTE SUPPORT. RESTART WITH A LARGER CUTOFF OR SURFACE PADDING.
 NONFATAL WARNING (watershell2_main): DETECTED 3 ATOM(S) OUTSIDE SOLUTE SUPPORT. RESTART WITH A LARGER CUTOFF OR SURFACE PADDING.
 NONFATAL WARNING (watershell2_main): DETECTED 3 ATOM(S) OUTSIDE SOLUTE SUPPORT. RESTART WITH A LARGER CUTOFF OR SURFACE PADDING.
 NONFATAL WARNING (watershell2_main): DETECTED 3 ATOM(S) OUTSIDE SOLUTE SUPPORT. RESTART WITH A LARGER CUTOFF OR SURFACE PADDING.
 NONFATAL WARNING (watershell2_main): DETECTED 3 ATOM(S) OUTSIDE SOLUTE SUPPORT. RESTART WITH A LARGER CUTOFF OR SURFACE PADDING.
 NONFATAL WARNING (watershell2_main): DETECTED 3 ATOM(S) OUTSIDE SOLUTE SUPPORT. RESTART WITH A LARGER CUTOFF OR SURFACE PADDING.
 NONFATAL WARNING (watershell2_main): DETECTED 3 ATOM(S) OUTSIDE SOLUTE SUPPORT. RESTART WITH A LARGER CUTOFF OR SURFACE PADDING.
 NONFATAL WARNING (watershell2_main): DETECTED 3 ATOM(S) OUTSIDE SOLUTE SUPPORT. RESTART WITH A LARGER CUTOFF OR SURFACE PADDING.
 NONFATAL WARNING (watershell2_main): DETECTED 3 ATOM(S) OUTSIDE SOLUTE SUPPORT. RESTART WITH A LARGER CUTOFF OR SURFACE PADDING.
 NONFATAL WARNING (watershell2_main): DETECTED 3 ATOM(S) OUTSIDE SOLUTE SUPPORT. RESTART WITH A LARGER CUTOFF OR SURFACE PADDING.
 NONFATAL WARNING (watershell2_main): DETECTED 2 ATOM(S) OUTSIDE SOLUTE SUPPORT. RESTART WITH A LARGER CUTOFF OR SURFACE PADDING.
 NONFATAL WARNING (watershell2_main): DETECTED 2 ATOM(S) OUTSIDE SOLUTE SUPPORT. RESTART WITH A LARGER CUTOFF OR SURFACE PADDING.
 NONFATAL WARNING (watershell2_main): DETECTED 2 ATOM(S) OUTSIDE SOLUTE SUPPORT. RESTART WITH A LARGER CUTOFF OR SURFACE PADDING.
 NONFATAL WARNING (watershell2_main): DETECTED 2 ATOM(S) OUTSIDE SOLUTE SUPPORT. RESTART WITH A LARGER CUTOFF OR SURFACE PADDING.
 NONFATAL WARNING (watershell2_main): DETECTED 2 ATOM(S) OUTSIDE SOLUTE SUPPORT. RESTART WITH A LARGER CUTOFF OR SURFACE PADDING.
 NONFATAL WARNING (watershell2_main): DETECTED 2 ATOM(S) OUTSIDE SOLUTE SUPPORT. RESTART WITH A LARGER CUTOFF OR SURFACE PADDING.
 NONFATAL WARNING (watershell2_main): DETECTED 2 ATOM(S) OUTSIDE SOLUTE SUPPORT. RESTART WITH A LARGER CUTOFF OR SURFACE PADDING.
 NONFATAL WARNING (watershell2_main): DETECTED 2 ATOM(S) OUTSIDE SOLUTE SUPPORT. RESTART WITH A LARGER CUTOFF OR SURFACE PADDING.
 NONFATAL WARNING (watershell2_main): DETECTED 2 ATOM(S) OUTSIDE SOLUTE SUPPORT. RESTART WITH A LARGER CUTOFF OR SURFACE PADDING.
 NONFATAL WARNING (watershell2_main): DETECTED 2 ATOM(S) OUTSIDE SOLUTE SUPPORT. RESTART WITH A LARGER CUTOFF OR SURFACE PADDING.
 NONFATAL WARNING (watershell2_main): DETECTED 2 ATOM(S) OUTSIDE SOLUTE SUPPORT. RESTART WITH A LARGER CUTOFF OR SURFACE PADDING.
 NONFATAL WARNING (watershell2_main): DETECTED 2 ATOM(S) OUTSIDE SOLUTE SUPPORT. RESTART WITH A LARGER CUTOFF OR SURFACE PADDING.
 NONFATAL WARNING (watershell2_main): DETECTED 2 ATOM(S) OUTSIDE SOLUTE SUPPORT. RESTART WITH A LARGER CUTOFF OR SURFACE PADDING.
 NONFATAL WARNING (watershell2_main): DETECTED 2 ATOM(S) OUTSIDE SOLUTE SUPPORT. RESTART WITH A LARGER CUTOFF OR SURFACE PADDING.
 NONFATAL WARNING (watershell2_main): DETECTED 2 ATOM(S) OUTSIDE SOLUTE SUPPORT. RESTART WITH A LARGER CUTOFF OR SURFACE PADDING.
 NONFATAL WARNING (watershell2_main): DETECTED 2 ATOM(S) OUTSIDE SOLUTE SUPPORT. RESTART WITH A LARGER CUTOFF OR SURFACE PADDING.
 NONFATAL WARNING (watershell2_main): DETECTED 2 ATOM(S) OUTSIDE SOLUTE SUPPORT. RESTART WITH A LARGER CUTOFF OR SURFACE PADDING.
 NONFATAL WARNING (watershell2_main): DETECTED 2 ATOM(S) OUTSIDE SOLUTE SUPPORT. RESTART WITH A LARGER CUTOFF OR SURFACE PADDING.
 NONFATAL WARNING (watershell2_main): DETECTED 2 ATOM(S) OUTSIDE SOLUTE SUPPORT. RESTART WITH A LARGER CUTOFF OR SURFACE PADDING.
 NONFATAL WARNING (watershell2_main): DETECTED 2 ATOM(S) OUTSIDE SOLUTE SUPPORT. RESTART WITH A LARGER CUTOFF OR SURFACE PADDING.
 NONFATAL WARNING (watershell2_main): DETECTED 2 ATOM(S) OUTSIDE SOLUTE SUPPORT. RESTART WITH A LARGER CUTOFF OR SURFACE PADDING.
 NONFATAL WARNING (watershell2_main): DETECTED 2 ATOM(S) OUTSIDE SOLUTE SUPPORT. RESTART WITH A LARGER CUTOFF OR SURFACE PADDING.
 NONFATAL WARNING (watershell2_main): DETECTED 2 ATOM(S) OUTSIDE SOLUTE SUPPORT. RESTART WITH A LARGER CUTOFF OR SURFACE PADDING.
 NONFATAL WARNING (watershell2_main): DETECTED 2 ATOM(S) OUTSIDE SOLUTE SUPPORT. RESTART WITH A LARGER CUTOFF OR SURFACE PADDING.
 NONFATAL WARNING (watershell2_main): DETECTED 2 ATOM(S) OUTSIDE SOLUTE SUPPORT. RESTART WITH A LARGER CUTOFF OR SURFACE PADDING.
 NONFATAL WARNING (watershell2_main): DETECTED 2 ATOM(S) OUTSIDE SOLUTE SUPPORT. RESTART WITH A LARGER CUTOFF OR SURFACE PADDING.
 NONFATAL WARNING (watershell2_main): DETECTED 2 ATOM(S) OUTSIDE SOLUTE SUPPORT. RESTART WITH A LARGER CUTOFF OR SURFACE PADDING.
 NONFATAL WARNING (watershell2_main): DETECTED 2 ATOM(S) OUTSIDE SOLUTE SUPPORT. RESTART WITH A LARGER CUTOFF OR SURFACE PADDING.
 NONFATAL WARNING (watershell2_main): DETECTED 2 ATOM(S) OUTSIDE SOLUTE SUPPORT. RESTART WITH A LARGER CUTOFF OR SURFACE PADDING.
 MESSAGE (watershell2_main): OUTER BULK BOUNDARY ( -10.38419248    ) IS TOO CLOSE TO SURFACE BOUNDARY ( -10.87879034    ). WILL RECOMPUTE:
 MESSAGE (watershell2_main): LOCATION OF OUTER BULK BOUNDARY SET TO  -10.38239177     A FROM PROTEIN. CONTOUR VALUE IS  0.1117265858E-03
 MESSAGE (watershell2_main): LOCATION OF INNER BULK BOUNDARY SET TO  -9.882391766     A FROM PROTEIN. CONTOUR VALUE IS  0.2896546201E-03
 NONFATAL WARNING (watershell2_main): DETECTED 2 ATOM(S) OUTSIDE SOLUTE SUPPORT. RESTART WITH A LARGER CUTOFF OR SURFACE PADDING.
 NONFATAL WARNING (watershell2_main): DETECTED 2 ATOM(S) OUTSIDE SOLUTE SUPPORT. RESTART WITH A LARGER CUTOFF OR SURFACE PADDING.
 NONFATAL WARNING (watershell2_main): DETECTED 2 ATOM(S) OUTSIDE SOLUTE SUPPORT. RESTART WITH A LARGER CUTOFF OR SURFACE PADDING.
 NONFATAL WARNING (watershell2_main): DETECTED 2 ATOM(S) OUTSIDE SOLUTE SUPPORT. RESTART WITH A LARGER CUTOFF OR SURFACE PADDING.
 NONFATAL WARNING (watershell2_main): DETECTED 2 ATOM(S) OUTSIDE SOLUTE SUPPORT. RESTART WITH A LARGER CUTOFF OR SURFACE PADDING.
 NONFATAL WARNING (watershell2_main): DETECTED 2 ATOM(S) OUTSIDE SOLUTE SUPPORT. RESTART WITH A LARGER CUTOFF OR SURFACE PADDING.
 NONFATAL WARNING (watershell2_main): DETECTED 2 ATOM(S) OUTSIDE SOLUTE SUPPORT. RESTART WITH A LARGER CUTOFF OR SURFACE PADDING.
 NONFATAL WARNING (watershell2_main): DETECTED 2 ATOM(S) OUTSIDE SOLUTE SUPPORT. RESTART WITH A LARGER CUTOFF OR SURFACE PADDING.
 NONFATAL WARNING (watershell2_main): DETECTED 2 ATOM(S) OUTSIDE SOLUTE SUPPORT. RESTART WITH A LARGER CUTOFF OR SURFACE PADDING.
 NONFATAL WARNING (watershell2_main): DETECTED 2 ATOM(S) OUTSIDE SOLUTE SUPPORT. RESTART WITH A LARGER CUTOFF OR SURFACE PADDING.
 NONFATAL WARNING (watershell2_main): DETECTED 2 ATOM(S) OUTSIDE SOLUTE SUPPORT. RESTART WITH A LARGER CUTOFF OR SURFACE PADDING.
 NONFATAL WARNING (watershell2_main): DETECTED 2 ATOM(S) OUTSIDE SOLUTE SUPPORT. RESTART WITH A LARGER CUTOFF OR SURFACE PADDING.
 NONFATAL WARNING (watershell2_main): DETECTED 2 ATOM(S) OUTSIDE SOLUTE SUPPORT. RESTART WITH A LARGER CUTOFF OR SURFACE PADDING.
 NONFATAL WARNING (watershell2_main): DETECTED 2 ATOM(S) OUTSIDE SOLUTE SUPPORT. RESTART WITH A LARGER CUTOFF OR SURFACE PADDING.
 NONFATAL WARNING (watershell2_main): DETECTED 2 ATOM(S) OUTSIDE SOLUTE SUPPORT. RESTART WITH A LARGER CUTOFF OR SURFACE PADDING.
 NONFATAL WARNING (watershell2_main): DETECTED 2 ATOM(S) OUTSIDE SOLUTE SUPPORT. RESTART WITH A LARGER CUTOFF OR SURFACE PADDING.
 NONFATAL WARNING (watershell2_main): DETECTED 2 ATOM(S) OUTSIDE SOLUTE SUPPORT. RESTART WITH A LARGER CUTOFF OR SURFACE PADDING.
 NONFATAL WARNING (watershell2_main): DETECTED 2 ATOM(S) OUTSIDE SOLUTE SUPPORT. RESTART WITH A LARGER CUTOFF OR SURFACE PADDING.
 NONFATAL WARNING (watershell2_main): DETECTED 2 ATOM(S) OUTSIDE SOLUTE SUPPORT. RESTART WITH A LARGER CUTOFF OR SURFACE PADDING.
 NONFATAL WARNING (watershell2_main): DETECTED 2 ATOM(S) OUTSIDE SOLUTE SUPPORT. RESTART WITH A LARGER CUTOFF OR SURFACE PADDING.
 NONFATAL WARNING (watershell2_main): DETECTED 2 ATOM(S) OUTSIDE SOLUTE SUPPORT. RESTART WITH A LARGER CUTOFF OR SURFACE PADDING.
 NONFATAL WARNING (watershell2_main): DETECTED 2 ATOM(S) OUTSIDE SOLUTE SUPPORT. RESTART WITH A LARGER CUTOFF OR SURFACE PADDING.
 NONFATAL WARNING (watershell2_main): DETECTED 2 ATOM(S) OUTSIDE SOLUTE SUPPORT. RESTART WITH A LARGER CUTOFF OR SURFACE PADDING.
 NONFATAL WARNING (watershell2_main): DETECTED 2 ATOM(S) OUTSIDE SOLUTE SUPPORT. RESTART WITH A LARGER CUTOFF OR SURFACE PADDING.
 NONFATAL WARNING (watershell2_main): DETECTED 2 ATOM(S) OUTSIDE SOLUTE SUPPORT. RESTART WITH A LARGER CUTOFF OR SURFACE PADDING.
 NONFATAL WARNING (watershell2_main): DETECTED 2 ATOM(S) OUTSIDE SOLUTE SUPPORT. RESTART WITH A LARGER CUTOFF OR SURFACE PADDING.
 NONFATAL WARNING (watershell2_main): DETECTED 2 ATOM(S) OUTSIDE SOLUTE SUPPORT. RESTART WITH A LARGER CUTOFF OR SURFACE PADDING.
 NONFATAL WARNING (watershell2_main): DETECTED 2 ATOM(S) OUTSIDE SOLUTE SUPPORT. RESTART WITH A LARGER CUTOFF OR SURFACE PADDING.
 NONFATAL WARNING (watershell2_main): DETECTED 2 ATOM(S) OUTSIDE SOLUTE SUPPORT. RESTART WITH A LARGER CUTOFF OR SURFACE PADDING.
 NONFATAL WARNING (watershell2_main): DETECTED 2 ATOM(S) OUTSIDE SOLUTE SUPPORT. RESTART WITH A LARGER CUTOFF OR SURFACE PADDING.
 NONFATAL WARNING (watershell2_main): DETECTED 2 ATOM(S) OUTSIDE SOLUTE SUPPORT. RESTART WITH A LARGER CUTOFF OR SURFACE PADDING.
 NONFATAL WARNING (watershell2_main): DETECTED 2 ATOM(S) OUTSIDE SOLUTE SUPPORT. RESTART WITH A LARGER CUTOFF OR SURFACE PADDING.
 NONFATAL WARNING (watershell2_main): DETECTED 2 ATOM(S) OUTSIDE SOLUTE SUPPORT. RESTART WITH A LARGER CUTOFF OR SURFACE PADDING.
 NONFATAL WARNING (watershell2_main): DETECTED 2 ATOM(S) OUTSIDE SOLUTE SUPPORT. RESTART WITH A LARGER CUTOFF OR SURFACE PADDING.
 NONFATAL WARNING (watershell2_main): DETECTED 2 ATOM(S) OUTSIDE SOLUTE SUPPORT. RESTART WITH A LARGER CUTOFF OR SURFACE PADDING.
 NONFATAL WARNING (watershell2_main): DETECTED 2 ATOM(S) OUTSIDE SOLUTE SUPPORT. RESTART WITH A LARGER CUTOFF OR SURFACE PADDING.
 NONFATAL WARNING (watershell2_main): DETECTED 2 ATOM(S) OUTSIDE SOLUTE SUPPORT. RESTART WITH A LARGER CUTOFF OR SURFACE PADDING.
 NONFATAL WARNING (watershell2_main): DETECTED 2 ATOM(S) OUTSIDE SOLUTE SUPPORT. RESTART WITH A LARGER CUTOFF OR SURFACE PADDING.
 NONFATAL WARNING (watershell2_main): DETECTED 2 ATOM(S) OUTSIDE SOLUTE SUPPORT. RESTART WITH A LARGER CUTOFF OR SURFACE PADDING.
 NONFATAL WARNING (watershell2_main): DETECTED 2 ATOM(S) OUTSIDE SOLUTE SUPPORT. RESTART WITH A LARGER CUTOFF OR SURFACE PADDING.
 MESSAGE (watershell2_main): OUTER BULK BOUNDARY ( -10.38239177    ) IS TOO CLOSE TO SURFACE BOUNDARY ( -10.87718303    ). WILL RECOMPUTE:
 MESSAGE (watershell2_main): LOCATION OF OUTER BULK BOUNDARY SET TO  -10.38065552     A FROM PROTEIN. CONTOUR VALUE IS  0.1121080872E-03
 MESSAGE (watershell2_main): LOCATION OF INNER BULK BOUNDARY SET TO  -9.880655521     A FROM PROTEIN. CONTOUR VALUE IS  0.2905848771E-03
 NONFATAL WARNING (watershell2_main): DETECTED 2 ATOM(S) OUTSIDE SOLUTE SUPPORT. RESTART WITH A LARGER CUTOFF OR SURFACE PADDING.
 NONFATAL WARNING (watershell2_main): DETECTED 2 ATOM(S) OUTSIDE SOLUTE SUPPORT. RESTART WITH A LARGER CUTOFF OR SURFACE PADDING.
 NONFATAL WARNING (watershell2_main): DETECTED 2 ATOM(S) OUTSIDE SOLUTE SUPPORT. RESTART WITH A LARGER CUTOFF OR SURFACE PADDING.
 NONFATAL WARNING (watershell2_main): DETECTED 2 ATOM(S) OUTSIDE SOLUTE SUPPORT. RESTART WITH A LARGER CUTOFF OR SURFACE PADDING.
 NONFATAL WARNING (watershell2_main): DETECTED 2 ATOM(S) OUTSIDE SOLUTE SUPPORT. RESTART WITH A LARGER CUTOFF OR SURFACE PADDING.
 NONFATAL WARNING (watershell2_main): DETECTED 2 ATOM(S) OUTSIDE SOLUTE SUPPORT. RESTART WITH A LARGER CUTOFF OR SURFACE PADDING.
 NONFATAL WARNING (watershell2_main): DETECTED 2 ATOM(S) OUTSIDE SOLUTE SUPPORT. RESTART WITH A LARGER CUTOFF OR SURFACE PADDING.
 NONFATAL WARNING (watershell2_main): DETECTED 2 ATOM(S) OUTSIDE SOLUTE SUPPORT. RESTART WITH A LARGER CUTOFF OR SURFACE PADDING.
 NONFATAL WARNING (watershell2_main): DETECTED 2 ATOM(S) OUTSIDE SOLUTE SUPPORT. RESTART WITH A LARGER CUTOFF OR SURFACE PADDING.
 NONFATAL WARNING (watershell2_main): DETECTED 2 ATOM(S) OUTSIDE SOLUTE SUPPORT. RESTART WITH A LARGER CUTOFF OR SURFACE PADDING.
 NONFATAL WARNING (watershell2_main): DETECTED 2 ATOM(S) OUTSIDE SOLUTE SUPPORT. RESTART WITH A LARGER CUTOFF OR SURFACE PADDING.
 NONFATAL WARNING (watershell2_main): DETECTED 2 ATOM(S) OUTSIDE SOLUTE SUPPORT. RESTART WITH A LARGER CUTOFF OR SURFACE PADDING.
 NONFATAL WARNING (watershell2_main): DETECTED 2 ATOM(S) OUTSIDE SOLUTE SUPPORT. RESTART WITH A LARGER CUTOFF OR SURFACE PADDING.
 NONFATAL WARNING (watershell2_main): DETECTED 2 ATOM(S) OUTSIDE SOLUTE SUPPORT. RESTART WITH A LARGER CUTOFF OR SURFACE PADDING.
 NONFATAL WARNING (watershell2_main): DETECTED 2 ATOM(S) OUTSIDE SOLUTE SUPPORT. RESTART WITH A LARGER CUTOFF OR SURFACE PADDING.
 NONFATAL WARNING (watershell2_main): DETECTED 2 ATOM(S) OUTSIDE SOLUTE SUPPORT. RESTART WITH A LARGER CUTOFF OR SURFACE PADDING.
 NONFATAL WARNING (watershell2_main): DETECTED 2 ATOM(S) OUTSIDE SOLUTE SUPPORT. RESTART WITH A LARGER CUTOFF OR SURFACE PADDING.
 NONFATAL WARNING (watershell2_main): DETECTED 2 ATOM(S) OUTSIDE SOLUTE SUPPORT. RESTART WITH A LARGER CUTOFF OR SURFACE PADDING.
 NONFATAL WARNING (watershell2_main): DETECTED 2 ATOM(S) OUTSIDE SOLUTE SUPPORT. RESTART WITH A LARGER CUTOFF OR SURFACE PADDING.
 NONFATAL WARNING (watershell2_main): DETECTED 2 ATOM(S) OUTSIDE SOLUTE SUPPORT. RESTART WITH A LARGER CUTOFF OR SURFACE PADDING.
 NONFATAL WARNING (watershell2_main): DETECTED 2 ATOM(S) OUTSIDE SOLUTE SUPPORT. RESTART WITH A LARGER CUTOFF OR SURFACE PADDING.
 NONFATAL WARNING (watershell2_main): DETECTED 2 ATOM(S) OUTSIDE SOLUTE SUPPORT. RESTART WITH A LARGER CUTOFF OR SURFACE PADDING.
 NONFATAL WARNING (watershell2_main): DETECTED 2 ATOM(S) OUTSIDE SOLUTE SUPPORT. RESTART WITH A LARGER CUTOFF OR SURFACE PADDING.
 NONFATAL WARNING (watershell2_main): DETECTED 2 ATOM(S) OUTSIDE SOLUTE SUPPORT. RESTART WITH A LARGER CUTOFF OR SURFACE PADDING.
 NONFATAL WARNING (watershell2_main): DETECTED 2 ATOM(S) OUTSIDE SOLUTE SUPPORT. RESTART WITH A LARGER CUTOFF OR SURFACE PADDING.
 NONFATAL WARNING (watershell2_main): DETECTED 2 ATOM(S) OUTSIDE SOLUTE SUPPORT. RESTART WITH A LARGER CUTOFF OR SURFACE PADDING.
 NONFATAL WARNING (watershell2_main): DETECTED 2 ATOM(S) OUTSIDE SOLUTE SUPPORT. RESTART WITH A LARGER CUTOFF OR SURFACE PADDING.
 NONFATAL WARNING (watershell2_main): DETECTED 2 ATOM(S) OUTSIDE SOLUTE SUPPORT. RESTART WITH A LARGER CUTOFF OR SURFACE PADDING.
 NONFATAL WARNING (watershell2_main): DETECTED 2 ATOM(S) OUTSIDE SOLUTE SUPPORT. RESTART WITH A LARGER CUTOFF OR SURFACE PADDING.
 NONFATAL WARNING (watershell2_main): DETECTED 2 ATOM(S) OUTSIDE SOLUTE SUPPORT. RESTART WITH A LARGER CUTOFF OR SURFACE PADDING.
 NONFATAL WARNING (watershell2_main): DETECTED 2 ATOM(S) OUTSIDE SOLUTE SUPPORT. RESTART WITH A LARGER CUTOFF OR SURFACE PADDING.
 NONFATAL WARNING (watershell2_main): DETECTED 2 ATOM(S) OUTSIDE SOLUTE SUPPORT. RESTART WITH A LARGER CUTOFF OR SURFACE PADDING.
 NONFATAL WARNING (watershell2_main): DETECTED 2 ATOM(S) OUTSIDE SOLUTE SUPPORT. RESTART WITH A LARGER CUTOFF OR SURFACE PADDING.
 NONFATAL WARNING (watershell2_main): DETECTED 2 ATOM(S) OUTSIDE SOLUTE SUPPORT. RESTART WITH A LARGER CUTOFF OR SURFACE PADDING.
 NONFATAL WARNING (watershell2_main): DETECTED 2 ATOM(S) OUTSIDE SOLUTE SUPPORT. RESTART WITH A LARGER CUTOFF OR SURFACE PADDING.
 NONFATAL WARNING (watershell2_main): DETECTED 2 ATOM(S) OUTSIDE SOLUTE SUPPORT. RESTART WITH A LARGER CUTOFF OR SURFACE PADDING.
 NONFATAL WARNING (watershell2_main): DETECTED 2 ATOM(S) OUTSIDE SOLUTE SUPPORT. RESTART WITH A LARGER CUTOFF OR SURFACE PADDING.
 NONFATAL WARNING (watershell2_main): DETECTED 2 ATOM(S) OUTSIDE SOLUTE SUPPORT. RESTART WITH A LARGER CUTOFF OR SURFACE PADDING.
 NONFATAL WARNING (watershell2_main): DETECTED 2 ATOM(S) OUTSIDE SOLUTE SUPPORT. RESTART WITH A LARGER CUTOFF OR SURFACE PADDING.
 NONFATAL WARNING (watershell2_main): DETECTED 2 ATOM(S) OUTSIDE SOLUTE SUPPORT. RESTART WITH A LARGER CUTOFF OR SURFACE PADDING.
 MESSAGE (watershell2_main): OUTER BULK BOUNDARY ( -10.38065552    ) IS TOO CLOSE TO SURFACE BOUNDARY ( -10.87558943    ). WILL RECOMPUTE:
 MESSAGE (watershell2_main): LOCATION OF OUTER BULK BOUNDARY SET TO  -10.37896682     A FROM PROTEIN. CONTOUR VALUE IS  0.1124803148E-03
 MESSAGE (watershell2_main): LOCATION OF INNER BULK BOUNDARY SET TO  -9.878966824     A FROM PROTEIN. CONTOUR VALUE IS  0.2914923276E-03
 NONFATAL WARNING (watershell2_main): DETECTED 2 ATOM(S) OUTSIDE SOLUTE SUPPORT. RESTART WITH A LARGER CUTOFF OR SURFACE PADDING.
 NONFATAL WARNING (watershell2_main): DETECTED 2 ATOM(S) OUTSIDE SOLUTE SUPPORT. RESTART WITH A LARGER CUTOFF OR SURFACE PADDING.
 NONFATAL WARNING (watershell2_main): DETECTED 2 ATOM(S) OUTSIDE SOLUTE SUPPORT. RESTART WITH A LARGER CUTOFF OR SURFACE PADDING.
 NONFATAL WARNING (watershell2_main): DETECTED 2 ATOM(S) OUTSIDE SOLUTE SUPPORT. RESTART WITH A LARGER CUTOFF OR SURFACE PADDING.
 NONFATAL WARNING (watershell2_main): DETECTED 2 ATOM(S) OUTSIDE SOLUTE SUPPORT. RESTART WITH A LARGER CUTOFF OR SURFACE PADDING.
 NONFATAL WARNING (watershell2_main): DETECTED 2 ATOM(S) OUTSIDE SOLUTE SUPPORT. RESTART WITH A LARGER CUTOFF OR SURFACE PADDING.
 NONFATAL WARNING (watershell2_main): DETECTED 2 ATOM(S) OUTSIDE SOLUTE SUPPORT. RESTART WITH A LARGER CUTOFF OR SURFACE PADDING.
 NONFATAL WARNING (watershell2_main): DETECTED 2 ATOM(S) OUTSIDE SOLUTE SUPPORT. RESTART WITH A LARGER CUTOFF OR SURFACE PADDING.
 NONFATAL WARNING (watershell2_main): DETECTED 2 ATOM(S) OUTSIDE SOLUTE SUPPORT. RESTART WITH A LARGER CUTOFF OR SURFACE PADDING.
 NONFATAL WARNING (watershell2_main): DETECTED 2 ATOM(S) OUTSIDE SOLUTE SUPPORT. RESTART WITH A LARGER CUTOFF OR SURFACE PADDING.
 NONFATAL WARNING (watershell2_main): DETECTED 2 ATOM(S) OUTSIDE SOLUTE SUPPORT. RESTART WITH A LARGER CUTOFF OR SURFACE PADDING.
 NONFATAL WARNING (watershell2_main): DETECTED 2 ATOM(S) OUTSIDE SOLUTE SUPPORT. RESTART WITH A LARGER CUTOFF OR SURFACE PADDING.
 NONFATAL WARNING (watershell2_main): DETECTED 2 ATOM(S) OUTSIDE SOLUTE SUPPORT. RESTART WITH A LARGER CUTOFF OR SURFACE PADDING.
 NONFATAL WARNING (watershell2_main): DETECTED 2 ATOM(S) OUTSIDE SOLUTE SUPPORT. RESTART WITH A LARGER CUTOFF OR SURFACE PADDING.
 NONFATAL WARNING (watershell2_main): DETECTED 2 ATOM(S) OUTSIDE SOLUTE SUPPORT. RESTART WITH A LARGER CUTOFF OR SURFACE PADDING.
 NONFATAL WARNING (watershell2_main): DETECTED 2 ATOM(S) OUTSIDE SOLUTE SUPPORT. RESTART WITH A LARGER CUTOFF OR SURFACE PADDING.
 NONFATAL WARNING (watershell2_main): DETECTED 2 ATOM(S) OUTSIDE SOLUTE SUPPORT. RESTART WITH A LARGER CUTOFF OR SURFACE PADDING.
 NONFATAL WARNING (watershell2_main): DETECTED 2 ATOM(S) OUTSIDE SOLUTE SUPPORT. RESTART WITH A LARGER CUTOFF OR SURFACE PADDING.
 NONFATAL WARNING (watershell2_main): DETECTED 2 ATOM(S) OUTSIDE SOLUTE SUPPORT. RESTART WITH A LARGER CUTOFF OR SURFACE PADDING.
 NONFATAL WARNING (watershell2_main): DETECTED 2 ATOM(S) OUTSIDE SOLUTE SUPPORT. RESTART WITH A LARGER CUTOFF OR SURFACE PADDING.
 NONFATAL WARNING (watershell2_main): DETECTED 2 ATOM(S) OUTSIDE SOLUTE SUPPORT. RESTART WITH A LARGER CUTOFF OR SURFACE PADDING.
 NONFATAL WARNING (watershell2_main): DETECTED 2 ATOM(S) OUTSIDE SOLUTE SUPPORT. RESTART WITH A LARGER CUTOFF OR SURFACE PADDING.
 NONFATAL WARNING (watershell2_main): DETECTED 2 ATOM(S) OUTSIDE SOLUTE SUPPORT. RESTART WITH A LARGER CUTOFF OR SURFACE PADDING.
 NONFATAL WARNING (watershell2_main): DETECTED 2 ATOM(S) OUTSIDE SOLUTE SUPPORT. RESTART WITH A LARGER CUTOFF OR SURFACE PADDING.
 NONFATAL WARNING (watershell2_main): DETECTED 2 ATOM(S) OUTSIDE SOLUTE SUPPORT. RESTART WITH A LARGER CUTOFF OR SURFACE PADDING.
 NONFATAL WARNING (watershell2_main): DETECTED 2 ATOM(S) OUTSIDE SOLUTE SUPPORT. RESTART WITH A LARGER CUTOFF OR SURFACE PADDING.
 NONFATAL WARNING (watershell2_main): DETECTED 2 ATOM(S) OUTSIDE SOLUTE SUPPORT. RESTART WITH A LARGER CUTOFF OR SURFACE PADDING.
 NONFATAL WARNING (watershell2_main): DETECTED 2 ATOM(S) OUTSIDE SOLUTE SUPPORT. RESTART WITH A LARGER CUTOFF OR SURFACE PADDING.
 NONFATAL WARNING (watershell2_main): DETECTED 2 ATOM(S) OUTSIDE SOLUTE SUPPORT. RESTART WITH A LARGER CUTOFF OR SURFACE PADDING.
 NONFATAL WARNING (watershell2_main): DETECTED 2 ATOM(S) OUTSIDE SOLUTE SUPPORT. RESTART WITH A LARGER CUTOFF OR SURFACE PADDING.
 NONFATAL WARNING (watershell2_main): DETECTED 2 ATOM(S) OUTSIDE SOLUTE SUPPORT. RESTART WITH A LARGER CUTOFF OR SURFACE PADDING.
 NONFATAL WARNING (watershell2_main): DETECTED 2 ATOM(S) OUTSIDE SOLUTE SUPPORT. RESTART WITH A LARGER CUTOFF OR SURFACE PADDING.
 NONFATAL WARNING (watershell2_main): DETECTED 2 ATOM(S) OUTSIDE SOLUTE SUPPORT. RESTART WITH A LARGER CUTOFF OR SURFACE PADDING.
 NONFATAL WARNING (watershell2_main): DETECTED 2 ATOM(S) OUTSIDE SOLUTE SUPPORT. RESTART WITH A LARGER CUTOFF OR SURFACE PADDING.
 NONFATAL WARNING (watershell2_main): DETECTED 2 ATOM(S) OUTSIDE SOLUTE SUPPORT. RESTART WITH A LARGER CUTOFF OR SURFACE PADDING.
 NONFATAL WARNING (watershell2_main): DETECTED 2 ATOM(S) OUTSIDE SOLUTE SUPPORT. RESTART WITH A LARGER CUTOFF OR SURFACE PADDING.
 NONFATAL WARNING (watershell2_main): DETECTED 2 ATOM(S) OUTSIDE SOLUTE SUPPORT. RESTART WITH A LARGER CUTOFF OR SURFACE PADDING.
 NONFATAL WARNING (watershell2_main): DETECTED 2 ATOM(S) OUTSIDE SOLUTE SUPPORT. RESTART WITH A LARGER CUTOFF OR SURFACE PADDING.
 NONFATAL WARNING (watershell2_main): DETECTED 2 ATOM(S) OUTSIDE SOLUTE SUPPORT. RESTART WITH A LARGER CUTOFF OR SURFACE PADDING.
 NONFATAL WARNING (watershell2_main): DETECTED 2 ATOM(S) OUTSIDE SOLUTE SUPPORT. RESTART WITH A LARGER CUTOFF OR SURFACE PADDING.
 NONFATAL WARNING (watershell2_main): DETECTED 2 ATOM(S) OUTSIDE SOLUTE SUPPORT. RESTART WITH A LARGER CUTOFF OR SURFACE PADDING.
 NONFATAL WARNING (watershell2_main): DETECTED 2 ATOM(S) OUTSIDE SOLUTE SUPPORT. RESTART WITH A LARGER CUTOFF OR SURFACE PADDING.
 NONFATAL WARNING (watershell2_main): DETECTED 2 ATOM(S) OUTSIDE SOLUTE SUPPORT. RESTART WITH A LARGER CUTOFF OR SURFACE PADDING.
 NONFATAL WARNING (watershell2_main): DETECTED 2 ATOM(S) OUTSIDE SOLUTE SUPPORT. RESTART WITH A LARGER CUTOFF OR SURFACE PADDING.
 NONFATAL WARNING (watershell2_main): DETECTED 2 ATOM(S) OUTSIDE SOLUTE SUPPORT. RESTART WITH A LARGER CUTOFF OR SURFACE PADDING.
 NONFATAL WARNING (watershell2_main): DETECTED 2 ATOM(S) OUTSIDE SOLUTE SUPPORT. RESTART WITH A LARGER CUTOFF OR SURFACE PADDING.
 NONFATAL WARNING (watershell2_main): DETECTED 2 ATOM(S) OUTSIDE SOLUTE SUPPORT. RESTART WITH A LARGER CUTOFF OR SURFACE PADDING.
 NONFATAL WARNING (watershell2_main): DETECTED 2 ATOM(S) OUTSIDE SOLUTE SUPPORT. RESTART WITH A LARGER CUTOFF OR SURFACE PADDING.
 NONFATAL WARNING (watershell2_main): DETECTED 2 ATOM(S) OUTSIDE SOLUTE SUPPORT. RESTART WITH A LARGER CUTOFF OR SURFACE PADDING.
 NONFATAL WARNING (watershell2_main): DETECTED 2 ATOM(S) OUTSIDE SOLUTE SUPPORT. RESTART WITH A LARGER CUTOFF OR SURFACE PADDING.
 MESSAGE (watershell2_main): OUTER BULK BOUNDARY ( -10.37896682    ) IS TOO CLOSE TO SURFACE BOUNDARY ( -10.87359743    ). WILL RECOMPUTE:
 MESSAGE (watershell2_main): LOCATION OF OUTER BULK BOUNDARY SET TO  -10.37717703     A FROM PROTEIN. CONTOUR VALUE IS  0.1128760947E-03
 MESSAGE (watershell2_main): LOCATION OF INNER BULK BOUNDARY SET TO  -9.877177026     A FROM PROTEIN. CONTOUR VALUE IS  0.2924569876E-03
 NONFATAL WARNING (watershell2_main): DETECTED 2 ATOM(S) OUTSIDE SOLUTE SUPPORT. RESTART WITH A LARGER CUTOFF OR SURFACE PADDING.
 NONFATAL WARNING (watershell2_main): DETECTED 2 ATOM(S) OUTSIDE SOLUTE SUPPORT. RESTART WITH A LARGER CUTOFF OR SURFACE PADDING.
 NONFATAL WARNING (watershell2_main): DETECTED 2 ATOM(S) OUTSIDE SOLUTE SUPPORT. RESTART WITH A LARGER CUTOFF OR SURFACE PADDING.
 NONFATAL WARNING (watershell2_main): DETECTED 2 ATOM(S) OUTSIDE SOLUTE SUPPORT. RESTART WITH A LARGER CUTOFF OR SURFACE PADDING.
 NONFATAL WARNING (watershell2_main): DETECTED 2 ATOM(S) OUTSIDE SOLUTE SUPPORT. RESTART WITH A LARGER CUTOFF OR SURFACE PADDING.
 NONFATAL WARNING (watershell2_main): DETECTED 2 ATOM(S) OUTSIDE SOLUTE SUPPORT. RESTART WITH A LARGER CUTOFF OR SURFACE PADDING.
 NONFATAL WARNING (watershell2_main): DETECTED 2 ATOM(S) OUTSIDE SOLUTE SUPPORT. RESTART WITH A LARGER CUTOFF OR SURFACE PADDING.
 NONFATAL WARNING (watershell2_main): DETECTED 1 ATOM(S) OUTSIDE SOLUTE SUPPORT. RESTART WITH A LARGER CUTOFF OR SURFACE PADDING.
 NONFATAL WARNING (watershell2_main): DETECTED 1 ATOM(S) OUTSIDE SOLUTE SUPPORT. RESTART WITH A LARGER CUTOFF OR SURFACE PADDING.
 NONFATAL WARNING (watershell2_compute_density): DETECTED 1 POSSIBLE NEIGHBOR LIST MISS. NEIGHBOR LIST FACTOR IS   8.222800000
 NONFATAL WARNING (watershell2_main): DETECTED 1 ATOM(S) OUTSIDE SOLUTE SUPPORT. RESTART WITH A LARGER CUTOFF OR SURFACE PADDING.
 NONFATAL WARNING (watershell2_main): DETECTED 1 ATOM(S) OUTSIDE SOLUTE SUPPORT. RESTART WITH A LARGER CUTOFF OR SURFACE PADDING.
 NONFATAL WARNING (watershell2_main): DETECTED 1 ATOM(S) OUTSIDE SOLUTE SUPPORT. RESTART WITH A LARGER CUTOFF OR SURFACE PADDING.
 NONFATAL WARNING (watershell2_main): DETECTED 1 ATOM(S) OUTSIDE SOLUTE SUPPORT. RESTART WITH A LARGER CUTOFF OR SURFACE PADDING.
 NONFATAL WARNING (watershell2_main): DETECTED 1 ATOM(S) OUTSIDE SOLUTE SUPPORT. RESTART WITH A LARGER CUTOFF OR SURFACE PADDING.
 NONFATAL WARNING (watershell2_main): DETECTED 1 ATOM(S) OUTSIDE SOLUTE SUPPORT. RESTART WITH A LARGER CUTOFF OR SURFACE PADDING.
 NONFATAL WARNING (watershell2_main): DETECTED 1 ATOM(S) OUTSIDE SOLUTE SUPPORT. RESTART WITH A LARGER CUTOFF OR SURFACE PADDING.
 NONFATAL WARNING (watershell2_main): DETECTED 1 ATOM(S) OUTSIDE SOLUTE SUPPORT. RESTART WITH A LARGER CUTOFF OR SURFACE PADDING.
 NONFATAL WARNING (watershell2_main): DETECTED 1 ATOM(S) OUTSIDE SOLUTE SUPPORT. RESTART WITH A LARGER CUTOFF OR SURFACE PADDING.
 NONFATAL WARNING (watershell2_main): DETECTED 1 ATOM(S) OUTSIDE SOLUTE SUPPORT. RESTART WITH A LARGER CUTOFF OR SURFACE PADDING.
 NONFATAL WARNING (watershell2_main): DETECTED 1 ATOM(S) OUTSIDE SOLUTE SUPPORT. RESTART WITH A LARGER CUTOFF OR SURFACE PADDING.
 NONFATAL WARNING (watershell2_main): DETECTED 1 ATOM(S) OUTSIDE SOLUTE SUPPORT. RESTART WITH A LARGER CUTOFF OR SURFACE PADDING.
 NONFATAL WARNING (watershell2_main): DETECTED 1 ATOM(S) OUTSIDE SOLUTE SUPPORT. RESTART WITH A LARGER CUTOFF OR SURFACE PADDING.
 NONFATAL WARNING (watershell2_main): DETECTED 1 ATOM(S) OUTSIDE SOLUTE SUPPORT. RESTART WITH A LARGER CUTOFF OR SURFACE PADDING.
 NONFATAL WARNING (watershell2_main): DETECTED 1 ATOM(S) OUTSIDE SOLUTE SUPPORT. RESTART WITH A LARGER CUTOFF OR SURFACE PADDING.
 NONFATAL WARNING (watershell2_main): DETECTED 1 ATOM(S) OUTSIDE SOLUTE SUPPORT. RESTART WITH A LARGER CUTOFF OR SURFACE PADDING.
 NONFATAL WARNING (watershell2_main): DETECTED 1 ATOM(S) OUTSIDE SOLUTE SUPPORT. RESTART WITH A LARGER CUTOFF OR SURFACE PADDING.
 NONFATAL WARNING (watershell2_main): DETECTED 1 ATOM(S) OUTSIDE SOLUTE SUPPORT. RESTART WITH A LARGER CUTOFF OR SURFACE PADDING.
 NONFATAL WARNING (watershell2_main): DETECTED 1 ATOM(S) OUTSIDE SOLUTE SUPPORT. RESTART WITH A LARGER CUTOFF OR SURFACE PADDING.
 NONFATAL WARNING (watershell2_main): DETECTED 1 ATOM(S) OUTSIDE SOLUTE SUPPORT. RESTART WITH A LARGER CUTOFF OR SURFACE PADDING.
 NONFATAL WARNING (watershell2_main): DETECTED 1 ATOM(S) OUTSIDE SOLUTE SUPPORT. RESTART WITH A LARGER CUTOFF OR SURFACE PADDING.
 NONFATAL WARNING (watershell2_main): DETECTED 1 ATOM(S) OUTSIDE SOLUTE SUPPORT. RESTART WITH A LARGER CUTOFF OR SURFACE PADDING.
 NONFATAL WARNING (watershell2_main): DETECTED 1 ATOM(S) OUTSIDE SOLUTE SUPPORT. RESTART WITH A LARGER CUTOFF OR SURFACE PADDING.
 NONFATAL WARNING (watershell2_main): DETECTED 1 ATOM(S) OUTSIDE SOLUTE SUPPORT. RESTART WITH A LARGER CUTOFF OR SURFACE PADDING.
 NONFATAL WARNING (watershell2_main): DETECTED 1 ATOM(S) OUTSIDE SOLUTE SUPPORT. RESTART WITH A LARGER CUTOFF OR SURFACE PADDING.
 NONFATAL WARNING (watershell2_main): DETECTED 1 ATOM(S) OUTSIDE SOLUTE SUPPORT. RESTART WITH A LARGER CUTOFF OR SURFACE PADDING.
 NONFATAL WARNING (watershell2_main): DETECTED 1 ATOM(S) OUTSIDE SOLUTE SUPPORT. RESTART WITH A LARGER CUTOFF OR SURFACE PADDING.
 NONFATAL WARNING (watershell2_main): DETECTED 1 ATOM(S) OUTSIDE SOLUTE SUPPORT. RESTART WITH A LARGER CUTOFF OR SURFACE PADDING.
 NONFATAL WARNING (watershell2_main): DETECTED 1 ATOM(S) OUTSIDE SOLUTE SUPPORT. RESTART WITH A LARGER CUTOFF OR SURFACE PADDING.
 NONFATAL WARNING (watershell2_main): DETECTED 1 ATOM(S) OUTSIDE SOLUTE SUPPORT. RESTART WITH A LARGER CUTOFF OR SURFACE PADDING.
 NONFATAL WARNING (watershell2_main): DETECTED 1 ATOM(S) OUTSIDE SOLUTE SUPPORT. RESTART WITH A LARGER CUTOFF OR SURFACE PADDING.
 MESSAGE (watershell2_main): OUTER BULK BOUNDARY ( -10.37717703    ) IS TOO CLOSE TO SURFACE BOUNDARY ( -10.87202001    ). WILL RECOMPUTE:
 MESSAGE (watershell2_main): LOCATION OF OUTER BULK BOUNDARY SET TO  -10.37545802     A FROM PROTEIN. CONTOUR VALUE IS  0.1132574517E-03
 MESSAGE (watershell2_main): LOCATION OF INNER BULK BOUNDARY SET TO  -9.875458021     A FROM PROTEIN. CONTOUR VALUE IS  0.2933862907E-03
 NONFATAL WARNING (watershell2_main): DETECTED 1 ATOM(S) OUTSIDE SOLUTE SUPPORT. RESTART WITH A LARGER CUTOFF OR SURFACE PADDING.
 NONFATAL WARNING (watershell2_main): DETECTED 1 ATOM(S) OUTSIDE SOLUTE SUPPORT. RESTART WITH A LARGER CUTOFF OR SURFACE PADDING.
 NONFATAL WARNING (watershell2_main): DETECTED 1 ATOM(S) OUTSIDE SOLUTE SUPPORT. RESTART WITH A LARGER CUTOFF OR SURFACE PADDING.
 NONFATAL WARNING (watershell2_main): DETECTED 1 ATOM(S) OUTSIDE SOLUTE SUPPORT. RESTART WITH A LARGER CUTOFF OR SURFACE PADDING.
 NONFATAL WARNING (watershell2_main): DETECTED 1 ATOM(S) OUTSIDE SOLUTE SUPPORT. RESTART WITH A LARGER CUTOFF OR SURFACE PADDING.
 NONFATAL WARNING (watershell2_main): DETECTED 1 ATOM(S) OUTSIDE SOLUTE SUPPORT. RESTART WITH A LARGER CUTOFF OR SURFACE PADDING.
 NONFATAL WARNING (watershell2_main): DETECTED 1 ATOM(S) OUTSIDE SOLUTE SUPPORT. RESTART WITH A LARGER CUTOFF OR SURFACE PADDING.
 NONFATAL WARNING (watershell2_main): DETECTED 1 ATOM(S) OUTSIDE SOLUTE SUPPORT. RESTART WITH A LARGER CUTOFF OR SURFACE PADDING.
 NONFATAL WARNING (watershell2_main): DETECTED 1 ATOM(S) OUTSIDE SOLUTE SUPPORT. RESTART WITH A LARGER CUTOFF OR SURFACE PADDING.
 NONFATAL WARNING (watershell2_main): DETECTED 1 ATOM(S) OUTSIDE SOLUTE SUPPORT. RESTART WITH A LARGER CUTOFF OR SURFACE PADDING.
 NONFATAL WARNING (watershell2_main): DETECTED 1 ATOM(S) OUTSIDE SOLUTE SUPPORT. RESTART WITH A LARGER CUTOFF OR SURFACE PADDING.
 NONFATAL WARNING (watershell2_main): DETECTED 1 ATOM(S) OUTSIDE SOLUTE SUPPORT. RESTART WITH A LARGER CUTOFF OR SURFACE PADDING.
 NONFATAL WARNING (watershell2_main): DETECTED 1 ATOM(S) OUTSIDE SOLUTE SUPPORT. RESTART WITH A LARGER CUTOFF OR SURFACE PADDING.
 NONFATAL WARNING (watershell2_main): DETECTED 1 ATOM(S) OUTSIDE SOLUTE SUPPORT. RESTART WITH A LARGER CUTOFF OR SURFACE PADDING.
 NONFATAL WARNING (watershell2_main): DETECTED 1 ATOM(S) OUTSIDE SOLUTE SUPPORT. RESTART WITH A LARGER CUTOFF OR SURFACE PADDING.
 NONFATAL WARNING (watershell2_main): DETECTED 1 ATOM(S) OUTSIDE SOLUTE SUPPORT. RESTART WITH A LARGER CUTOFF OR SURFACE PADDING.
 NONFATAL WARNING (watershell2_main): DETECTED 1 ATOM(S) OUTSIDE SOLUTE SUPPORT. RESTART WITH A LARGER CUTOFF OR SURFACE PADDING.
 NONFATAL WARNING (watershell2_main): DETECTED 1 ATOM(S) OUTSIDE SOLUTE SUPPORT. RESTART WITH A LARGER CUTOFF OR SURFACE PADDING.
 NONFATAL WARNING (watershell2_main): DETECTED 1 ATOM(S) OUTSIDE SOLUTE SUPPORT. RESTART WITH A LARGER CUTOFF OR SURFACE PADDING.
 NONFATAL WARNING (watershell2_main): DETECTED 1 ATOM(S) OUTSIDE SOLUTE SUPPORT. RESTART WITH A LARGER CUTOFF OR SURFACE PADDING.
 NONFATAL WARNING (watershell2_main): DETECTED 1 ATOM(S) OUTSIDE SOLUTE SUPPORT. RESTART WITH A LARGER CUTOFF OR SURFACE PADDING.
 NONFATAL WARNING (watershell2_main): DETECTED 1 ATOM(S) OUTSIDE SOLUTE SUPPORT. RESTART WITH A LARGER CUTOFF OR SURFACE PADDING.
 NONFATAL WARNING (watershell2_main): DETECTED 1 ATOM(S) OUTSIDE SOLUTE SUPPORT. RESTART WITH A LARGER CUTOFF OR SURFACE PADDING.
 NONFATAL WARNING (watershell2_main): DETECTED 1 ATOM(S) OUTSIDE SOLUTE SUPPORT. RESTART WITH A LARGER CUTOFF OR SURFACE PADDING.
 NONFATAL WARNING (watershell2_main): DETECTED 1 ATOM(S) OUTSIDE SOLUTE SUPPORT. RESTART WITH A LARGER CUTOFF OR SURFACE PADDING.
 NONFATAL WARNING (watershell2_main): DETECTED 1 ATOM(S) OUTSIDE SOLUTE SUPPORT. RESTART WITH A LARGER CUTOFF OR SURFACE PADDING.
 NONFATAL WARNING (watershell2_main): DETECTED 1 ATOM(S) OUTSIDE SOLUTE SUPPORT. RESTART WITH A LARGER CUTOFF OR SURFACE PADDING.
 NONFATAL WARNING (watershell2_main): DETECTED 1 ATOM(S) OUTSIDE SOLUTE SUPPORT. RESTART WITH A LARGER CUTOFF OR SURFACE PADDING.
 NONFATAL WARNING (watershell2_main): DETECTED 1 ATOM(S) OUTSIDE SOLUTE SUPPORT. RESTART WITH A LARGER CUTOFF OR SURFACE PADDING.
 NONFATAL WARNING (watershell2_main): DETECTED 1 ATOM(S) OUTSIDE SOLUTE SUPPORT. RESTART WITH A LARGER CUTOFF OR SURFACE PADDING.
 NONFATAL WARNING (watershell2_main): DETECTED 1 ATOM(S) OUTSIDE SOLUTE SUPPORT. RESTART WITH A LARGER CUTOFF OR SURFACE PADDING.
 NONFATAL WARNING (watershell2_main): DETECTED 1 ATOM(S) OUTSIDE SOLUTE SUPPORT. RESTART WITH A LARGER CUTOFF OR SURFACE PADDING.
 NONFATAL WARNING (watershell2_main): DETECTED 1 ATOM(S) OUTSIDE SOLUTE SUPPORT. RESTART WITH A LARGER CUTOFF OR SURFACE PADDING.
 NONFATAL WARNING (watershell2_main): DETECTED 1 ATOM(S) OUTSIDE SOLUTE SUPPORT. RESTART WITH A LARGER CUTOFF OR SURFACE PADDING.
 NONFATAL WARNING (watershell2_main): DETECTED 1 ATOM(S) OUTSIDE SOLUTE SUPPORT. RESTART WITH A LARGER CUTOFF OR SURFACE PADDING.
 NONFATAL WARNING (watershell2_main): DETECTED 1 ATOM(S) OUTSIDE SOLUTE SUPPORT. RESTART WITH A LARGER CUTOFF OR SURFACE PADDING.
 NONFATAL WARNING (watershell2_main): DETECTED 1 ATOM(S) OUTSIDE SOLUTE SUPPORT. RESTART WITH A LARGER CUTOFF OR SURFACE PADDING.
 NONFATAL WARNING (watershell2_main): DETECTED 1 ATOM(S) OUTSIDE SOLUTE SUPPORT. RESTART WITH A LARGER CUTOFF OR SURFACE PADDING.
 NONFATAL WARNING (watershell2_main): DETECTED 1 ATOM(S) OUTSIDE SOLUTE SUPPORT. RESTART WITH A LARGER CUTOFF OR SURFACE PADDING.
 NONFATAL WARNING (watershell2_main): DETECTED 1 ATOM(S) OUTSIDE SOLUTE SUPPORT. RESTART WITH A LARGER CUTOFF OR SURFACE PADDING.
 MESSAGE (watershell2_main): OUTER BULK BOUNDARY ( -10.37545802    ) IS TOO CLOSE TO SURFACE BOUNDARY ( -10.87044259    ). WILL RECOMPUTE:
 MESSAGE (watershell2_main): LOCATION OF OUTER BULK BOUNDARY SET TO  -10.37378621     A FROM PROTEIN. CONTOUR VALUE IS  0.1136294992E-03
 MESSAGE (watershell2_main): LOCATION OF INNER BULK BOUNDARY SET TO  -9.873786212     A FROM PROTEIN. CONTOUR VALUE IS  0.2942927174E-03
 NONFATAL WARNING (watershell2_main): DETECTED 1 ATOM(S) OUTSIDE SOLUTE SUPPORT. RESTART WITH A LARGER CUTOFF OR SURFACE PADDING.
 NONFATAL WARNING (watershell2_main): DETECTED 1 ATOM(S) OUTSIDE SOLUTE SUPPORT. RESTART WITH A LARGER CUTOFF OR SURFACE PADDING.
 NONFATAL WARNING (watershell2_main): DETECTED 1 ATOM(S) OUTSIDE SOLUTE SUPPORT. RESTART WITH A LARGER CUTOFF OR SURFACE PADDING.
 NONFATAL WARNING (watershell2_main): DETECTED 1 ATOM(S) OUTSIDE SOLUTE SUPPORT. RESTART WITH A LARGER CUTOFF OR SURFACE PADDING.
 NONFATAL WARNING (watershell2_main): DETECTED 1 ATOM(S) OUTSIDE SOLUTE SUPPORT. RESTART WITH A LARGER CUTOFF OR SURFACE PADDING.
 NONFATAL WARNING (watershell2_main): DETECTED 1 ATOM(S) OUTSIDE SOLUTE SUPPORT. RESTART WITH A LARGER CUTOFF OR SURFACE PADDING.
 NONFATAL WARNING (watershell2_main): DETECTED 1 ATOM(S) OUTSIDE SOLUTE SUPPORT. RESTART WITH A LARGER CUTOFF OR SURFACE PADDING.
 NONFATAL WARNING (watershell2_main): DETECTED 1 ATOM(S) OUTSIDE SOLUTE SUPPORT. RESTART WITH A LARGER CUTOFF OR SURFACE PADDING.
 NONFATAL WARNING (watershell2_main): DETECTED 1 ATOM(S) OUTSIDE SOLUTE SUPPORT. RESTART WITH A LARGER CUTOFF OR SURFACE PADDING.
 NONFATAL WARNING (watershell2_main): DETECTED 1 ATOM(S) OUTSIDE SOLUTE SUPPORT. RESTART WITH A LARGER CUTOFF OR SURFACE PADDING.
 NONFATAL WARNING (watershell2_main): DETECTED 1 ATOM(S) OUTSIDE SOLUTE SUPPORT. RESTART WITH A LARGER CUTOFF OR SURFACE PADDING.
 NONFATAL WARNING (watershell2_main): DETECTED 1 ATOM(S) OUTSIDE SOLUTE SUPPORT. RESTART WITH A LARGER CUTOFF OR SURFACE PADDING.
 NONFATAL WARNING (watershell2_main): DETECTED 1 ATOM(S) OUTSIDE SOLUTE SUPPORT. RESTART WITH A LARGER CUTOFF OR SURFACE PADDING.
 NONFATAL WARNING (watershell2_main): DETECTED 1 ATOM(S) OUTSIDE SOLUTE SUPPORT. RESTART WITH A LARGER CUTOFF OR SURFACE PADDING.
 NONFATAL WARNING (watershell2_main): DETECTED 1 ATOM(S) OUTSIDE SOLUTE SUPPORT. RESTART WITH A LARGER CUTOFF OR SURFACE PADDING.
 NONFATAL WARNING (watershell2_main): DETECTED 1 ATOM(S) OUTSIDE SOLUTE SUPPORT. RESTART WITH A LARGER CUTOFF OR SURFACE PADDING.
 NONFATAL WARNING (watershell2_main): DETECTED 1 ATOM(S) OUTSIDE SOLUTE SUPPORT. RESTART WITH A LARGER CUTOFF OR SURFACE PADDING.
 NONFATAL WARNING (watershell2_main): DETECTED 1 ATOM(S) OUTSIDE SOLUTE SUPPORT. RESTART WITH A LARGER CUTOFF OR SURFACE PADDING.
 NONFATAL WARNING (watershell2_main): DETECTED 1 ATOM(S) OUTSIDE SOLUTE SUPPORT. RESTART WITH A LARGER CUTOFF OR SURFACE PADDING.
 NONFATAL WARNING (watershell2_main): DETECTED 1 ATOM(S) OUTSIDE SOLUTE SUPPORT. RESTART WITH A LARGER CUTOFF OR SURFACE PADDING.
 NONFATAL WARNING (watershell2_main): DETECTED 1 ATOM(S) OUTSIDE SOLUTE SUPPORT. RESTART WITH A LARGER CUTOFF OR SURFACE PADDING.
 NONFATAL WARNING (watershell2_main): DETECTED 1 ATOM(S) OUTSIDE SOLUTE SUPPORT. RESTART WITH A LARGER CUTOFF OR SURFACE PADDING.
 NONFATAL WARNING (watershell2_main): DETECTED 1 ATOM(S) OUTSIDE SOLUTE SUPPORT. RESTART WITH A LARGER CUTOFF OR SURFACE PADDING.
 NONFATAL WARNING (watershell2_main): DETECTED 1 ATOM(S) OUTSIDE SOLUTE SUPPORT. RESTART WITH A LARGER CUTOFF OR SURFACE PADDING.
 NONFATAL WARNING (watershell2_main): DETECTED 1 ATOM(S) OUTSIDE SOLUTE SUPPORT. RESTART WITH A LARGER CUTOFF OR SURFACE PADDING.
 NONFATAL WARNING (watershell2_main): DETECTED 1 ATOM(S) OUTSIDE SOLUTE SUPPORT. RESTART WITH A LARGER CUTOFF OR SURFACE PADDING.
 NONFATAL WARNING (watershell2_main): DETECTED 1 ATOM(S) OUTSIDE SOLUTE SUPPORT. RESTART WITH A LARGER CUTOFF OR SURFACE PADDING.
 NONFATAL WARNING (watershell2_main): DETECTED 1 ATOM(S) OUTSIDE SOLUTE SUPPORT. RESTART WITH A LARGER CUTOFF OR SURFACE PADDING.
 NONFATAL WARNING (watershell2_main): DETECTED 1 ATOM(S) OUTSIDE SOLUTE SUPPORT. RESTART WITH A LARGER CUTOFF OR SURFACE PADDING.
 NONFATAL WARNING (watershell2_main): DETECTED 1 ATOM(S) OUTSIDE SOLUTE SUPPORT. RESTART WITH A LARGER CUTOFF OR SURFACE PADDING.
 NONFATAL WARNING (watershell2_main): DETECTED 1 ATOM(S) OUTSIDE SOLUTE SUPPORT. RESTART WITH A LARGER CUTOFF OR SURFACE PADDING.
 NONFATAL WARNING (watershell2_main): DETECTED 1 ATOM(S) OUTSIDE SOLUTE SUPPORT. RESTART WITH A LARGER CUTOFF OR SURFACE PADDING.
 NONFATAL WARNING (watershell2_main): DETECTED 1 ATOM(S) OUTSIDE SOLUTE SUPPORT. RESTART WITH A LARGER CUTOFF OR SURFACE PADDING.
 NONFATAL WARNING (watershell2_main): DETECTED 1 ATOM(S) OUTSIDE SOLUTE SUPPORT. RESTART WITH A LARGER CUTOFF OR SURFACE PADDING.
 NONFATAL WARNING (watershell2_main): DETECTED 1 ATOM(S) OUTSIDE SOLUTE SUPPORT. RESTART WITH A LARGER CUTOFF OR SURFACE PADDING.
 NONFATAL WARNING (watershell2_main): DETECTED 1 ATOM(S) OUTSIDE SOLUTE SUPPORT. RESTART WITH A LARGER CUTOFF OR SURFACE PADDING.
 NONFATAL WARNING (watershell2_main): DETECTED 1 ATOM(S) OUTSIDE SOLUTE SUPPORT. RESTART WITH A LARGER CUTOFF OR SURFACE PADDING.
 NONFATAL WARNING (watershell2_main): DETECTED 1 ATOM(S) OUTSIDE SOLUTE SUPPORT. RESTART WITH A LARGER CUTOFF OR SURFACE PADDING.
 NONFATAL WARNING (watershell2_main): DETECTED 1 ATOM(S) OUTSIDE SOLUTE SUPPORT. RESTART WITH A LARGER CUTOFF OR SURFACE PADDING.
 NONFATAL WARNING (watershell2_main): DETECTED 1 ATOM(S) OUTSIDE SOLUTE SUPPORT. RESTART WITH A LARGER CUTOFF OR SURFACE PADDING.
 NONFATAL WARNING (watershell2_main): DETECTED 1 ATOM(S) OUTSIDE SOLUTE SUPPORT. RESTART WITH A LARGER CUTOFF OR SURFACE PADDING.
 NONFATAL WARNING (watershell2_main): DETECTED 1 ATOM(S) OUTSIDE SOLUTE SUPPORT. RESTART WITH A LARGER CUTOFF OR SURFACE PADDING.
 NONFATAL WARNING (watershell2_main): DETECTED 1 ATOM(S) OUTSIDE SOLUTE SUPPORT. RESTART WITH A LARGER CUTOFF OR SURFACE PADDING.
 NONFATAL WARNING (watershell2_main): DETECTED 1 ATOM(S) OUTSIDE SOLUTE SUPPORT. RESTART WITH A LARGER CUTOFF OR SURFACE PADDING.
 NONFATAL WARNING (watershell2_main): DETECTED 1 ATOM(S) OUTSIDE SOLUTE SUPPORT. RESTART WITH A LARGER CUTOFF OR SURFACE PADDING.
 NONFATAL WARNING (watershell2_main): DETECTED 1 ATOM(S) OUTSIDE SOLUTE SUPPORT. RESTART WITH A LARGER CUTOFF OR SURFACE PADDING.
 NONFATAL WARNING (watershell2_main): DETECTED 1 ATOM(S) OUTSIDE SOLUTE SUPPORT. RESTART WITH A LARGER CUTOFF OR SURFACE PADDING.
 NONFATAL WARNING (watershell2_main): DETECTED 1 ATOM(S) OUTSIDE SOLUTE SUPPORT. RESTART WITH A LARGER CUTOFF OR SURFACE PADDING.
 NONFATAL WARNING (watershell2_main): DETECTED 1 ATOM(S) OUTSIDE SOLUTE SUPPORT. RESTART WITH A LARGER CUTOFF OR SURFACE PADDING.
 NONFATAL WARNING (watershell2_main): DETECTED 1 ATOM(S) OUTSIDE SOLUTE SUPPORT. RESTART WITH A LARGER CUTOFF OR SURFACE PADDING.
 MESSAGE (watershell2_main): OUTER BULK BOUNDARY ( -10.37378621    ) IS TOO CLOSE TO SURFACE BOUNDARY ( -10.86847175    ). WILL RECOMPUTE:
 MESSAGE (watershell2_main): LOCATION OF OUTER BULK BOUNDARY SET TO  -10.37201472     A FROM PROTEIN. CONTOUR VALUE IS  0.1140249822E-03
 MESSAGE (watershell2_main): LOCATION OF INNER BULK BOUNDARY SET TO  -9.872014724     A FROM PROTEIN. CONTOUR VALUE IS  0.2952560339E-03
 NONFATAL WARNING (watershell2_main): DETECTED 1 ATOM(S) OUTSIDE SOLUTE SUPPORT. RESTART WITH A LARGER CUTOFF OR SURFACE PADDING.
 NONFATAL WARNING (watershell2_main): DETECTED 1 ATOM(S) OUTSIDE SOLUTE SUPPORT. RESTART WITH A LARGER CUTOFF OR SURFACE PADDING.
 NONFATAL WARNING (watershell2_main): DETECTED 1 ATOM(S) OUTSIDE SOLUTE SUPPORT. RESTART WITH A LARGER CUTOFF OR SURFACE PADDING.
 NONFATAL WARNING (watershell2_main): DETECTED 1 ATOM(S) OUTSIDE SOLUTE SUPPORT. RESTART WITH A LARGER CUTOFF OR SURFACE PADDING.
 NONFATAL WARNING (watershell2_main): DETECTED 1 ATOM(S) OUTSIDE SOLUTE SUPPORT. RESTART WITH A LARGER CUTOFF OR SURFACE PADDING.
 NONFATAL WARNING (watershell2_main): DETECTED 1 ATOM(S) OUTSIDE SOLUTE SUPPORT. RESTART WITH A LARGER CUTOFF OR SURFACE PADDING.
 NONFATAL WARNING (watershell2_main): DETECTED 1 ATOM(S) OUTSIDE SOLUTE SUPPORT. RESTART WITH A LARGER CUTOFF OR SURFACE PADDING.
 NONFATAL WARNING (watershell2_main): DETECTED 1 ATOM(S) OUTSIDE SOLUTE SUPPORT. RESTART WITH A LARGER CUTOFF OR SURFACE PADDING.
 NONFATAL WARNING (watershell2_main): DETECTED 1 ATOM(S) OUTSIDE SOLUTE SUPPORT. RESTART WITH A LARGER CUTOFF OR SURFACE PADDING.
 NONFATAL WARNING (watershell2_main): DETECTED 1 ATOM(S) OUTSIDE SOLUTE SUPPORT. RESTART WITH A LARGER CUTOFF OR SURFACE PADDING.
 NONFATAL WARNING (watershell2_main): DETECTED 1 ATOM(S) OUTSIDE SOLUTE SUPPORT. RESTART WITH A LARGER CUTOFF OR SURFACE PADDING.
 NONFATAL WARNING (watershell2_main): DETECTED 1 ATOM(S) OUTSIDE SOLUTE SUPPORT. RESTART WITH A LARGER CUTOFF OR SURFACE PADDING.
 NONFATAL WARNING (watershell2_main): DETECTED 1 ATOM(S) OUTSIDE SOLUTE SUPPORT. RESTART WITH A LARGER CUTOFF OR SURFACE PADDING.
 NONFATAL WARNING (watershell2_main): DETECTED 1 ATOM(S) OUTSIDE SOLUTE SUPPORT. RESTART WITH A LARGER CUTOFF OR SURFACE PADDING.
 NONFATAL WARNING (watershell2_main): DETECTED 1 ATOM(S) OUTSIDE SOLUTE SUPPORT. RESTART WITH A LARGER CUTOFF OR SURFACE PADDING.
 NONFATAL WARNING (watershell2_main): DETECTED 1 ATOM(S) OUTSIDE SOLUTE SUPPORT. RESTART WITH A LARGER CUTOFF OR SURFACE PADDING.
 NONFATAL WARNING (watershell2_main): DETECTED 1 ATOM(S) OUTSIDE SOLUTE SUPPORT. RESTART WITH A LARGER CUTOFF OR SURFACE PADDING.
 NONFATAL WARNING (watershell2_main): DETECTED 1 ATOM(S) OUTSIDE SOLUTE SUPPORT. RESTART WITH A LARGER CUTOFF OR SURFACE PADDING.
 NONFATAL WARNING (watershell2_main): DETECTED 1 ATOM(S) OUTSIDE SOLUTE SUPPORT. RESTART WITH A LARGER CUTOFF OR SURFACE PADDING.
 NONFATAL WARNING (watershell2_main): DETECTED 1 ATOM(S) OUTSIDE SOLUTE SUPPORT. RESTART WITH A LARGER CUTOFF OR SURFACE PADDING.
 NONFATAL WARNING (watershell2_main): DETECTED 1 ATOM(S) OUTSIDE SOLUTE SUPPORT. RESTART WITH A LARGER CUTOFF OR SURFACE PADDING.
 NONFATAL WARNING (watershell2_main): DETECTED 1 ATOM(S) OUTSIDE SOLUTE SUPPORT. RESTART WITH A LARGER CUTOFF OR SURFACE PADDING.
 NONFATAL WARNING (watershell2_main): DETECTED 1 ATOM(S) OUTSIDE SOLUTE SUPPORT. RESTART WITH A LARGER CUTOFF OR SURFACE PADDING.
 NONFATAL WARNING (watershell2_main): DETECTED 1 ATOM(S) OUTSIDE SOLUTE SUPPORT. RESTART WITH A LARGER CUTOFF OR SURFACE PADDING.
 NONFATAL WARNING (watershell2_main): DETECTED 1 ATOM(S) OUTSIDE SOLUTE SUPPORT. RESTART WITH A LARGER CUTOFF OR SURFACE PADDING.
 NONFATAL WARNING (watershell2_main): DETECTED 1 ATOM(S) OUTSIDE SOLUTE SUPPORT. RESTART WITH A LARGER CUTOFF OR SURFACE PADDING.
 NONFATAL WARNING (watershell2_main): DETECTED 1 ATOM(S) OUTSIDE SOLUTE SUPPORT. RESTART WITH A LARGER CUTOFF OR SURFACE PADDING.
 NONFATAL WARNING (watershell2_main): DETECTED 1 ATOM(S) OUTSIDE SOLUTE SUPPORT. RESTART WITH A LARGER CUTOFF OR SURFACE PADDING.
 NONFATAL WARNING (watershell2_main): DETECTED 1 ATOM(S) OUTSIDE SOLUTE SUPPORT. RESTART WITH A LARGER CUTOFF OR SURFACE PADDING.
 NONFATAL WARNING (watershell2_main): DETECTED 1 ATOM(S) OUTSIDE SOLUTE SUPPORT. RESTART WITH A LARGER CUTOFF OR SURFACE PADDING.
 NONFATAL WARNING (watershell2_main): DETECTED 1 ATOM(S) OUTSIDE SOLUTE SUPPORT. RESTART WITH A LARGER CUTOFF OR SURFACE PADDING.
 NONFATAL WARNING (watershell2_main): DETECTED 1 ATOM(S) OUTSIDE SOLUTE SUPPORT. RESTART WITH A LARGER CUTOFF OR SURFACE PADDING.
 NONFATAL WARNING (watershell2_main): DETECTED 1 ATOM(S) OUTSIDE SOLUTE SUPPORT. RESTART WITH A LARGER CUTOFF OR SURFACE PADDING.
 NONFATAL WARNING (watershell2_main): DETECTED 1 ATOM(S) OUTSIDE SOLUTE SUPPORT. RESTART WITH A LARGER CUTOFF OR SURFACE PADDING.
 NONFATAL WARNING (watershell2_main): DETECTED 1 ATOM(S) OUTSIDE SOLUTE SUPPORT. RESTART WITH A LARGER CUTOFF OR SURFACE PADDING.
 NONFATAL WARNING (watershell2_main): DETECTED 1 ATOM(S) OUTSIDE SOLUTE SUPPORT. RESTART WITH A LARGER CUTOFF OR SURFACE PADDING.
 NONFATAL WARNING (watershell2_main): DETECTED 1 ATOM(S) OUTSIDE SOLUTE SUPPORT. RESTART WITH A LARGER CUTOFF OR SURFACE PADDING.
 NONFATAL WARNING (watershell2_main): DETECTED 1 ATOM(S) OUTSIDE SOLUTE SUPPORT. RESTART WITH A LARGER CUTOFF OR SURFACE PADDING.
 NONFATAL WARNING (watershell2_main): DETECTED 1 ATOM(S) OUTSIDE SOLUTE SUPPORT. RESTART WITH A LARGER CUTOFF OR SURFACE PADDING.
 NONFATAL WARNING (watershell2_main): DETECTED 1 ATOM(S) OUTSIDE SOLUTE SUPPORT. RESTART WITH A LARGER CUTOFF OR SURFACE PADDING.
 MESSAGE (watershell2_main): OUTER BULK BOUNDARY ( -10.37201472    ) IS TOO CLOSE TO SURFACE BOUNDARY ( -10.86689557    ). WILL RECOMPUTE:
 MESSAGE (watershell2_main): LOCATION OF OUTER BULK BOUNDARY SET TO  -10.37030834     A FROM PROTEIN. CONTOUR VALUE IS  0.1144071536E-03
 MESSAGE (watershell2_main): LOCATION OF INNER BULK BOUNDARY SET TO  -9.870308339     A FROM PROTEIN. CONTOUR VALUE IS  0.2961867248E-03
 NONFATAL WARNING (watershell2_main): DETECTED 1 ATOM(S) OUTSIDE SOLUTE SUPPORT. RESTART WITH A LARGER CUTOFF OR SURFACE PADDING.
 NONFATAL WARNING (watershell2_main): DETECTED 1 ATOM(S) OUTSIDE SOLUTE SUPPORT. RESTART WITH A LARGER CUTOFF OR SURFACE PADDING.
 NONFATAL WARNING (watershell2_main): DETECTED 1 ATOM(S) OUTSIDE SOLUTE SUPPORT. RESTART WITH A LARGER CUTOFF OR SURFACE PADDING.
 NONFATAL WARNING (watershell2_main): DETECTED 1 ATOM(S) OUTSIDE SOLUTE SUPPORT. RESTART WITH A LARGER CUTOFF OR SURFACE PADDING.
 NONFATAL WARNING (watershell2_main): DETECTED 1 ATOM(S) OUTSIDE SOLUTE SUPPORT. RESTART WITH A LARGER CUTOFF OR SURFACE PADDING.
 NONFATAL WARNING (watershell2_main): DETECTED 1 ATOM(S) OUTSIDE SOLUTE SUPPORT. RESTART WITH A LARGER CUTOFF OR SURFACE PADDING.
 NONFATAL WARNING (watershell2_main): DETECTED 1 ATOM(S) OUTSIDE SOLUTE SUPPORT. RESTART WITH A LARGER CUTOFF OR SURFACE PADDING.
 NONFATAL WARNING (watershell2_main): DETECTED 1 ATOM(S) OUTSIDE SOLUTE SUPPORT. RESTART WITH A LARGER CUTOFF OR SURFACE PADDING.
 NONFATAL WARNING (watershell2_main): DETECTED 1 ATOM(S) OUTSIDE SOLUTE SUPPORT. RESTART WITH A LARGER CUTOFF OR SURFACE PADDING.
 NONFATAL WARNING (watershell2_main): DETECTED 1 ATOM(S) OUTSIDE SOLUTE SUPPORT. RESTART WITH A LARGER CUTOFF OR SURFACE PADDING.
 NONFATAL WARNING (watershell2_main): DETECTED 1 ATOM(S) OUTSIDE SOLUTE SUPPORT. RESTART WITH A LARGER CUTOFF OR SURFACE PADDING.
 NONFATAL WARNING (watershell2_main): DETECTED 1 ATOM(S) OUTSIDE SOLUTE SUPPORT. RESTART WITH A LARGER CUTOFF OR SURFACE PADDING.
 NONFATAL WARNING (watershell2_main): DETECTED 1 ATOM(S) OUTSIDE SOLUTE SUPPORT. RESTART WITH A LARGER CUTOFF OR SURFACE PADDING.
 NONFATAL WARNING (watershell2_main): DETECTED 1 ATOM(S) OUTSIDE SOLUTE SUPPORT. RESTART WITH A LARGER CUTOFF OR SURFACE PADDING.
 NONFATAL WARNING (watershell2_main): DETECTED 1 ATOM(S) OUTSIDE SOLUTE SUPPORT. RESTART WITH A LARGER CUTOFF OR SURFACE PADDING.
 NONFATAL WARNING (watershell2_main): DETECTED 1 ATOM(S) OUTSIDE SOLUTE SUPPORT. RESTART WITH A LARGER CUTOFF OR SURFACE PADDING.
 NONFATAL WARNING (watershell2_main): DETECTED 1 ATOM(S) OUTSIDE SOLUTE SUPPORT. RESTART WITH A LARGER CUTOFF OR SURFACE PADDING.
 NONFATAL WARNING (watershell2_main): DETECTED 1 ATOM(S) OUTSIDE SOLUTE SUPPORT. RESTART WITH A LARGER CUTOFF OR SURFACE PADDING.
 NONFATAL WARNING (watershell2_main): DETECTED 1 ATOM(S) OUTSIDE SOLUTE SUPPORT. RESTART WITH A LARGER CUTOFF OR SURFACE PADDING.
 NONFATAL WARNING (watershell2_main): DETECTED 1 ATOM(S) OUTSIDE SOLUTE SUPPORT. RESTART WITH A LARGER CUTOFF OR SURFACE PADDING.
 NONFATAL WARNING (watershell2_main): DETECTED 1 ATOM(S) OUTSIDE SOLUTE SUPPORT. RESTART WITH A LARGER CUTOFF OR SURFACE PADDING.
 NONFATAL WARNING (watershell2_main): DETECTED 1 ATOM(S) OUTSIDE SOLUTE SUPPORT. RESTART WITH A LARGER CUTOFF OR SURFACE PADDING.
 NONFATAL WARNING (watershell2_main): DETECTED 1 ATOM(S) OUTSIDE SOLUTE SUPPORT. RESTART WITH A LARGER CUTOFF OR SURFACE PADDING.
 NONFATAL WARNING (watershell2_main): DETECTED 1 ATOM(S) OUTSIDE SOLUTE SUPPORT. RESTART WITH A LARGER CUTOFF OR SURFACE PADDING.
 NONFATAL WARNING (watershell2_main): DETECTED 1 ATOM(S) OUTSIDE SOLUTE SUPPORT. RESTART WITH A LARGER CUTOFF OR SURFACE PADDING.
 NONFATAL WARNING (watershell2_main): DETECTED 1 ATOM(S) OUTSIDE SOLUTE SUPPORT. RESTART WITH A LARGER CUTOFF OR SURFACE PADDING.
 NONFATAL WARNING (watershell2_main): DETECTED 1 ATOM(S) OUTSIDE SOLUTE SUPPORT. RESTART WITH A LARGER CUTOFF OR SURFACE PADDING.
 NONFATAL WARNING (watershell2_main): DETECTED 1 ATOM(S) OUTSIDE SOLUTE SUPPORT. RESTART WITH A LARGER CUTOFF OR SURFACE PADDING.
 NONFATAL WARNING (watershell2_main): DETECTED 1 ATOM(S) OUTSIDE SOLUTE SUPPORT. RESTART WITH A LARGER CUTOFF OR SURFACE PADDING.
 NONFATAL WARNING (watershell2_main): DETECTED 1 ATOM(S) OUTSIDE SOLUTE SUPPORT. RESTART WITH A LARGER CUTOFF OR SURFACE PADDING.
 NONFATAL WARNING (watershell2_main): DETECTED 1 ATOM(S) OUTSIDE SOLUTE SUPPORT. RESTART WITH A LARGER CUTOFF OR SURFACE PADDING.
 NONFATAL WARNING (watershell2_main): DETECTED 1 ATOM(S) OUTSIDE SOLUTE SUPPORT. RESTART WITH A LARGER CUTOFF OR SURFACE PADDING.
 NONFATAL WARNING (watershell2_main): DETECTED 1 ATOM(S) OUTSIDE SOLUTE SUPPORT. RESTART WITH A LARGER CUTOFF OR SURFACE PADDING.
 NONFATAL WARNING (watershell2_main): DETECTED 1 ATOM(S) OUTSIDE SOLUTE SUPPORT. RESTART WITH A LARGER CUTOFF OR SURFACE PADDING.
 NONFATAL WARNING (watershell2_main): DETECTED 1 ATOM(S) OUTSIDE SOLUTE SUPPORT. RESTART WITH A LARGER CUTOFF OR SURFACE PADDING.
 NONFATAL WARNING (watershell2_main): DETECTED 1 ATOM(S) OUTSIDE SOLUTE SUPPORT. RESTART WITH A LARGER CUTOFF OR SURFACE PADDING.
 NONFATAL WARNING (watershell2_main): DETECTED 1 ATOM(S) OUTSIDE SOLUTE SUPPORT. RESTART WITH A LARGER CUTOFF OR SURFACE PADDING.
 NONFATAL WARNING (watershell2_main): DETECTED 1 ATOM(S) OUTSIDE SOLUTE SUPPORT. RESTART WITH A LARGER CUTOFF OR SURFACE PADDING.
 NONFATAL WARNING (watershell2_main): DETECTED 1 ATOM(S) OUTSIDE SOLUTE SUPPORT. RESTART WITH A LARGER CUTOFF OR SURFACE PADDING.
 NONFATAL WARNING (watershell2_main): DETECTED 1 ATOM(S) OUTSIDE SOLUTE SUPPORT. RESTART WITH A LARGER CUTOFF OR SURFACE PADDING.
 NONFATAL WARNING (watershell2_main): DETECTED 1 ATOM(S) OUTSIDE SOLUTE SUPPORT. RESTART WITH A LARGER CUTOFF OR SURFACE PADDING.
 NONFATAL WARNING (watershell2_main): DETECTED 1 ATOM(S) OUTSIDE SOLUTE SUPPORT. RESTART WITH A LARGER CUTOFF OR SURFACE PADDING.
 NONFATAL WARNING (watershell2_main): DETECTED 1 ATOM(S) OUTSIDE SOLUTE SUPPORT. RESTART WITH A LARGER CUTOFF OR SURFACE PADDING.
 NONFATAL WARNING (watershell2_main): DETECTED 1 ATOM(S) OUTSIDE SOLUTE SUPPORT. RESTART WITH A LARGER CUTOFF OR SURFACE PADDING.
 NONFATAL WARNING (watershell2_main): DETECTED 1 ATOM(S) OUTSIDE SOLUTE SUPPORT. RESTART WITH A LARGER CUTOFF OR SURFACE PADDING.
 NONFATAL WARNING (watershell2_main): DETECTED 1 ATOM(S) OUTSIDE SOLUTE SUPPORT. RESTART WITH A LARGER CUTOFF OR SURFACE PADDING.
 NONFATAL WARNING (watershell2_main): DETECTED 1 ATOM(S) OUTSIDE SOLUTE SUPPORT. RESTART WITH A LARGER CUTOFF OR SURFACE PADDING.
 NONFATAL WARNING (watershell2_main): DETECTED 1 ATOM(S) OUTSIDE SOLUTE SUPPORT. RESTART WITH A LARGER CUTOFF OR SURFACE PADDING.
 NONFATAL WARNING (watershell2_main): DETECTED 1 ATOM(S) OUTSIDE SOLUTE SUPPORT. RESTART WITH A LARGER CUTOFF OR SURFACE PADDING.
 NONFATAL WARNING (watershell2_main): DETECTED 1 ATOM(S) OUTSIDE SOLUTE SUPPORT. RESTART WITH A LARGER CUTOFF OR SURFACE PADDING.
 MESSAGE (watershell2_main): OUTER BULK BOUNDARY ( -10.37030834    ) IS TOO CLOSE TO SURFACE BOUNDARY ( -10.86492435    ). WILL RECOMPUTE:
 MESSAGE (watershell2_main): LOCATION OF OUTER BULK BOUNDARY SET TO  -10.36851368     A FROM PROTEIN. CONTOUR VALUE IS  0.1148103945E-03
 MESSAGE (watershell2_main): LOCATION OF INNER BULK BOUNDARY SET TO  -9.868513675     A FROM PROTEIN. CONTOUR VALUE IS  0.2971685121E-03
 NONFATAL WARNING (watershell2_main): DETECTED 1 ATOM(S) OUTSIDE SOLUTE SUPPORT. RESTART WITH A LARGER CUTOFF OR SURFACE PADDING.
 NONFATAL WARNING (watershell2_main): DETECTED 1 ATOM(S) OUTSIDE SOLUTE SUPPORT. RESTART WITH A LARGER CUTOFF OR SURFACE PADDING.
 NONFATAL WARNING (watershell2_main): DETECTED 1 ATOM(S) OUTSIDE SOLUTE SUPPORT. RESTART WITH A LARGER CUTOFF OR SURFACE PADDING.
 NONFATAL WARNING (watershell2_main): DETECTED 1 ATOM(S) OUTSIDE SOLUTE SUPPORT. RESTART WITH A LARGER CUTOFF OR SURFACE PADDING.
 NONFATAL WARNING (watershell2_main): DETECTED 1 ATOM(S) OUTSIDE SOLUTE SUPPORT. RESTART WITH A LARGER CUTOFF OR SURFACE PADDING.
 NONFATAL WARNING (watershell2_main): DETECTED 1 ATOM(S) OUTSIDE SOLUTE SUPPORT. RESTART WITH A LARGER CUTOFF OR SURFACE PADDING.
 NONFATAL WARNING (watershell2_main): DETECTED 1 ATOM(S) OUTSIDE SOLUTE SUPPORT. RESTART WITH A LARGER CUTOFF OR SURFACE PADDING.
 NONFATAL WARNING (watershell2_main): DETECTED 1 ATOM(S) OUTSIDE SOLUTE SUPPORT. RESTART WITH A LARGER CUTOFF OR SURFACE PADDING.
 NONFATAL WARNING (watershell2_main): DETECTED 1 ATOM(S) OUTSIDE SOLUTE SUPPORT. RESTART WITH A LARGER CUTOFF OR SURFACE PADDING.
 NONFATAL WARNING (watershell2_main): DETECTED 1 ATOM(S) OUTSIDE SOLUTE SUPPORT. RESTART WITH A LARGER CUTOFF OR SURFACE PADDING.
 NONFATAL WARNING (watershell2_main): DETECTED 1 ATOM(S) OUTSIDE SOLUTE SUPPORT. RESTART WITH A LARGER CUTOFF OR SURFACE PADDING.
 NONFATAL WARNING (watershell2_main): DETECTED 1 ATOM(S) OUTSIDE SOLUTE SUPPORT. RESTART WITH A LARGER CUTOFF OR SURFACE PADDING.
 NONFATAL WARNING (watershell2_main): DETECTED 1 ATOM(S) OUTSIDE SOLUTE SUPPORT. RESTART WITH A LARGER CUTOFF OR SURFACE PADDING.
 NONFATAL WARNING (watershell2_main): DETECTED 1 ATOM(S) OUTSIDE SOLUTE SUPPORT. RESTART WITH A LARGER CUTOFF OR SURFACE PADDING.
 NONFATAL WARNING (watershell2_main): DETECTED 1 ATOM(S) OUTSIDE SOLUTE SUPPORT. RESTART WITH A LARGER CUTOFF OR SURFACE PADDING.
 NONFATAL WARNING (watershell2_main): DETECTED 1 ATOM(S) OUTSIDE SOLUTE SUPPORT. RESTART WITH A LARGER CUTOFF OR SURFACE PADDING.
 NONFATAL WARNING (watershell2_main): DETECTED 1 ATOM(S) OUTSIDE SOLUTE SUPPORT. RESTART WITH A LARGER CUTOFF OR SURFACE PADDING.
 NONFATAL WARNING (watershell2_main): DETECTED 1 ATOM(S) OUTSIDE SOLUTE SUPPORT. RESTART WITH A LARGER CUTOFF OR SURFACE PADDING.
 NONFATAL WARNING (watershell2_main): DETECTED 1 ATOM(S) OUTSIDE SOLUTE SUPPORT. RESTART WITH A LARGER CUTOFF OR SURFACE PADDING.
 NONFATAL WARNING (watershell2_main): DETECTED 1 ATOM(S) OUTSIDE SOLUTE SUPPORT. RESTART WITH A LARGER CUTOFF OR SURFACE PADDING.
 NONFATAL WARNING (watershell2_main): DETECTED 1 ATOM(S) OUTSIDE SOLUTE SUPPORT. RESTART WITH A LARGER CUTOFF OR SURFACE PADDING.
 NONFATAL WARNING (watershell2_main): DETECTED 1 ATOM(S) OUTSIDE SOLUTE SUPPORT. RESTART WITH A LARGER CUTOFF OR SURFACE PADDING.
 NONFATAL WARNING (watershell2_main): DETECTED 1 ATOM(S) OUTSIDE SOLUTE SUPPORT. RESTART WITH A LARGER CUTOFF OR SURFACE PADDING.
 NONFATAL WARNING (watershell2_main): DETECTED 1 ATOM(S) OUTSIDE SOLUTE SUPPORT. RESTART WITH A LARGER CUTOFF OR SURFACE PADDING.
 NONFATAL WARNING (watershell2_main): DETECTED 1 ATOM(S) OUTSIDE SOLUTE SUPPORT. RESTART WITH A LARGER CUTOFF OR SURFACE PADDING.
 NONFATAL WARNING (watershell2_main): DETECTED 1 ATOM(S) OUTSIDE SOLUTE SUPPORT. RESTART WITH A LARGER CUTOFF OR SURFACE PADDING.
 NONFATAL WARNING (watershell2_main): DETECTED 1 ATOM(S) OUTSIDE SOLUTE SUPPORT. RESTART WITH A LARGER CUTOFF OR SURFACE PADDING.
 NONFATAL WARNING (watershell2_main): DETECTED 1 ATOM(S) OUTSIDE SOLUTE SUPPORT. RESTART WITH A LARGER CUTOFF OR SURFACE PADDING.
 NONFATAL WARNING (watershell2_main): DETECTED 1 ATOM(S) OUTSIDE SOLUTE SUPPORT. RESTART WITH A LARGER CUTOFF OR SURFACE PADDING.
 NONFATAL WARNING (watershell2_main): DETECTED 1 ATOM(S) OUTSIDE SOLUTE SUPPORT. RESTART WITH A LARGER CUTOFF OR SURFACE PADDING.
 NONFATAL WARNING (watershell2_main): DETECTED 1 ATOM(S) OUTSIDE SOLUTE SUPPORT. RESTART WITH A LARGER CUTOFF OR SURFACE PADDING.
 NONFATAL WARNING (watershell2_main): DETECTED 1 ATOM(S) OUTSIDE SOLUTE SUPPORT. RESTART WITH A LARGER CUTOFF OR SURFACE PADDING.
 NONFATAL WARNING (watershell2_main): DETECTED 1 ATOM(S) OUTSIDE SOLUTE SUPPORT. RESTART WITH A LARGER CUTOFF OR SURFACE PADDING.
 NONFATAL WARNING (watershell2_main): DETECTED 1 ATOM(S) OUTSIDE SOLUTE SUPPORT. RESTART WITH A LARGER CUTOFF OR SURFACE PADDING.
 NONFATAL WARNING (watershell2_main): DETECTED 1 ATOM(S) OUTSIDE SOLUTE SUPPORT. RESTART WITH A LARGER CUTOFF OR SURFACE PADDING.
 NONFATAL WARNING (watershell2_main): DETECTED 1 ATOM(S) OUTSIDE SOLUTE SUPPORT. RESTART WITH A LARGER CUTOFF OR SURFACE PADDING.
 NONFATAL WARNING (watershell2_main): DETECTED 1 ATOM(S) OUTSIDE SOLUTE SUPPORT. RESTART WITH A LARGER CUTOFF OR SURFACE PADDING.
 NONFATAL WARNING (watershell2_main): DETECTED 1 ATOM(S) OUTSIDE SOLUTE SUPPORT. RESTART WITH A LARGER CUTOFF OR SURFACE PADDING.
 NONFATAL WARNING (watershell2_main): DETECTED 1 ATOM(S) OUTSIDE SOLUTE SUPPORT. RESTART WITH A LARGER CUTOFF OR SURFACE PADDING.
 NONFATAL WARNING (watershell2_main): DETECTED 1 ATOM(S) OUTSIDE SOLUTE SUPPORT. RESTART WITH A LARGER CUTOFF OR SURFACE PADDING.
 MESSAGE (watershell2_main): OUTER BULK BOUNDARY ( -10.36851368    ) IS TOO CLOSE TO SURFACE BOUNDARY ( -10.86334617    ). WILL RECOMPUTE:
 MESSAGE (watershell2_main): LOCATION OF OUTER BULK BOUNDARY SET TO  -10.36679117     A FROM PROTEIN. CONTOUR VALUE IS  0.1151986766E-03
 MESSAGE (watershell2_main): LOCATION OF INNER BULK BOUNDARY SET TO  -9.866791175     A FROM PROTEIN. CONTOUR VALUE IS  0.2981136717E-03
 NONFATAL WARNING (watershell2_main): DETECTED 1 ATOM(S) OUTSIDE SOLUTE SUPPORT. RESTART WITH A LARGER CUTOFF OR SURFACE PADDING.
 NONFATAL WARNING (watershell2_main): DETECTED 1 ATOM(S) OUTSIDE SOLUTE SUPPORT. RESTART WITH A LARGER CUTOFF OR SURFACE PADDING.
 NONFATAL WARNING (watershell2_main): DETECTED 1 ATOM(S) OUTSIDE SOLUTE SUPPORT. RESTART WITH A LARGER CUTOFF OR SURFACE PADDING.
 NONFATAL WARNING (watershell2_main): DETECTED 1 ATOM(S) OUTSIDE SOLUTE SUPPORT. RESTART WITH A LARGER CUTOFF OR SURFACE PADDING.
 NONFATAL WARNING (watershell2_main): DETECTED 1 ATOM(S) OUTSIDE SOLUTE SUPPORT. RESTART WITH A LARGER CUTOFF OR SURFACE PADDING.
 NONFATAL WARNING (watershell2_main): DETECTED 1 ATOM(S) OUTSIDE SOLUTE SUPPORT. RESTART WITH A LARGER CUTOFF OR SURFACE PADDING.
 NONFATAL WARNING (watershell2_main): DETECTED 1 ATOM(S) OUTSIDE SOLUTE SUPPORT. RESTART WITH A LARGER CUTOFF OR SURFACE PADDING.
 NONFATAL WARNING (watershell2_main): DETECTED 1 ATOM(S) OUTSIDE SOLUTE SUPPORT. RESTART WITH A LARGER CUTOFF OR SURFACE PADDING.
 NONFATAL WARNING (watershell2_main): DETECTED 1 ATOM(S) OUTSIDE SOLUTE SUPPORT. RESTART WITH A LARGER CUTOFF OR SURFACE PADDING.
 NONFATAL WARNING (watershell2_main): DETECTED 1 ATOM(S) OUTSIDE SOLUTE SUPPORT. RESTART WITH A LARGER CUTOFF OR SURFACE PADDING.
 NONFATAL WARNING (watershell2_main): DETECTED 1 ATOM(S) OUTSIDE SOLUTE SUPPORT. RESTART WITH A LARGER CUTOFF OR SURFACE PADDING.
 NONFATAL WARNING (watershell2_main): DETECTED 1 ATOM(S) OUTSIDE SOLUTE SUPPORT. RESTART WITH A LARGER CUTOFF OR SURFACE PADDING.
 NONFATAL WARNING (watershell2_main): DETECTED 1 ATOM(S) OUTSIDE SOLUTE SUPPORT. RESTART WITH A LARGER CUTOFF OR SURFACE PADDING.
 NONFATAL WARNING (watershell2_main): DETECTED 1 ATOM(S) OUTSIDE SOLUTE SUPPORT. RESTART WITH A LARGER CUTOFF OR SURFACE PADDING.
 NONFATAL WARNING (watershell2_main): DETECTED 1 ATOM(S) OUTSIDE SOLUTE SUPPORT. RESTART WITH A LARGER CUTOFF OR SURFACE PADDING.
 NONFATAL WARNING (watershell2_main): DETECTED 1 ATOM(S) OUTSIDE SOLUTE SUPPORT. RESTART WITH A LARGER CUTOFF OR SURFACE PADDING.
 NONFATAL WARNING (watershell2_main): DETECTED 1 ATOM(S) OUTSIDE SOLUTE SUPPORT. RESTART WITH A LARGER CUTOFF OR SURFACE PADDING.
 NONFATAL WARNING (watershell2_main): DETECTED 1 ATOM(S) OUTSIDE SOLUTE SUPPORT. RESTART WITH A LARGER CUTOFF OR SURFACE PADDING.
 NONFATAL WARNING (watershell2_main): DETECTED 1 ATOM(S) OUTSIDE SOLUTE SUPPORT. RESTART WITH A LARGER CUTOFF OR SURFACE PADDING.
 NONFATAL WARNING (watershell2_main): DETECTED 1 ATOM(S) OUTSIDE SOLUTE SUPPORT. RESTART WITH A LARGER CUTOFF OR SURFACE PADDING.
 NONFATAL WARNING (watershell2_main): DETECTED 1 ATOM(S) OUTSIDE SOLUTE SUPPORT. RESTART WITH A LARGER CUTOFF OR SURFACE PADDING.
 NONFATAL WARNING (watershell2_main): DETECTED 1 ATOM(S) OUTSIDE SOLUTE SUPPORT. RESTART WITH A LARGER CUTOFF OR SURFACE PADDING.
 NONFATAL WARNING (watershell2_main): DETECTED 1 ATOM(S) OUTSIDE SOLUTE SUPPORT. RESTART WITH A LARGER CUTOFF OR SURFACE PADDING.
 NONFATAL WARNING (watershell2_main): DETECTED 1 ATOM(S) OUTSIDE SOLUTE SUPPORT. RESTART WITH A LARGER CUTOFF OR SURFACE PADDING.
 NONFATAL WARNING (watershell2_main): DETECTED 1 ATOM(S) OUTSIDE SOLUTE SUPPORT. RESTART WITH A LARGER CUTOFF OR SURFACE PADDING.
 NONFATAL WARNING (watershell2_main): DETECTED 1 ATOM(S) OUTSIDE SOLUTE SUPPORT. RESTART WITH A LARGER CUTOFF OR SURFACE PADDING.
 NONFATAL WARNING (watershell2_main): DETECTED 1 ATOM(S) OUTSIDE SOLUTE SUPPORT. RESTART WITH A LARGER CUTOFF OR SURFACE PADDING.
 NONFATAL WARNING (watershell2_main): DETECTED 1 ATOM(S) OUTSIDE SOLUTE SUPPORT. RESTART WITH A LARGER CUTOFF OR SURFACE PADDING.
 NONFATAL WARNING (watershell2_main): DETECTED 1 ATOM(S) OUTSIDE SOLUTE SUPPORT. RESTART WITH A LARGER CUTOFF OR SURFACE PADDING.
 NONFATAL WARNING (watershell2_main): DETECTED 1 ATOM(S) OUTSIDE SOLUTE SUPPORT. RESTART WITH A LARGER CUTOFF OR SURFACE PADDING.
 NONFATAL WARNING (watershell2_main): DETECTED 1 ATOM(S) OUTSIDE SOLUTE SUPPORT. RESTART WITH A LARGER CUTOFF OR SURFACE PADDING.
 NONFATAL WARNING (watershell2_main): DETECTED 1 ATOM(S) OUTSIDE SOLUTE SUPPORT. RESTART WITH A LARGER CUTOFF OR SURFACE PADDING.
 NONFATAL WARNING (watershell2_main): DETECTED 1 ATOM(S) OUTSIDE SOLUTE SUPPORT. RESTART WITH A LARGER CUTOFF OR SURFACE PADDING.
 NONFATAL WARNING (watershell2_main): DETECTED 1 ATOM(S) OUTSIDE SOLUTE SUPPORT. RESTART WITH A LARGER CUTOFF OR SURFACE PADDING.
 NONFATAL WARNING (watershell2_main): DETECTED 1 ATOM(S) OUTSIDE SOLUTE SUPPORT. RESTART WITH A LARGER CUTOFF OR SURFACE PADDING.
 NONFATAL WARNING (watershell2_main): DETECTED 1 ATOM(S) OUTSIDE SOLUTE SUPPORT. RESTART WITH A LARGER CUTOFF OR SURFACE PADDING.
 NONFATAL WARNING (watershell2_main): DETECTED 1 ATOM(S) OUTSIDE SOLUTE SUPPORT. RESTART WITH A LARGER CUTOFF OR SURFACE PADDING.
 NONFATAL WARNING (watershell2_main): DETECTED 1 ATOM(S) OUTSIDE SOLUTE SUPPORT. RESTART WITH A LARGER CUTOFF OR SURFACE PADDING.
 NONFATAL WARNING (watershell2_main): DETECTED 1 ATOM(S) OUTSIDE SOLUTE SUPPORT. RESTART WITH A LARGER CUTOFF OR SURFACE PADDING.
 NONFATAL WARNING (watershell2_main): DETECTED 1 ATOM(S) OUTSIDE SOLUTE SUPPORT. RESTART WITH A LARGER CUTOFF OR SURFACE PADDING.
 MESSAGE (watershell2_main): OUTER BULK BOUNDARY ( -10.36679117    ) IS TOO CLOSE TO SURFACE BOUNDARY ( -10.86176800    ). WILL RECOMPUTE:
 MESSAGE (watershell2_main): LOCATION OF OUTER BULK BOUNDARY SET TO  -10.36511678     A FROM PROTEIN. CONTOUR VALUE IS  0.1155772961E-03
 MESSAGE (watershell2_main): LOCATION OF INNER BULK BOUNDARY SET TO  -9.865116784     A FROM PROTEIN. CONTOUR VALUE IS  0.2990351162E-03
 NONFATAL WARNING (watershell2_main): DETECTED 1 ATOM(S) OUTSIDE SOLUTE SUPPORT. RESTART WITH A LARGER CUTOFF OR SURFACE PADDING.
 NONFATAL WARNING (watershell2_main): DETECTED 1 ATOM(S) OUTSIDE SOLUTE SUPPORT. RESTART WITH A LARGER CUTOFF OR SURFACE PADDING.
 NONFATAL WARNING (watershell2_main): DETECTED 1 ATOM(S) OUTSIDE SOLUTE SUPPORT. RESTART WITH A LARGER CUTOFF OR SURFACE PADDING.
 NONFATAL WARNING (watershell2_main): DETECTED 1 ATOM(S) OUTSIDE SOLUTE SUPPORT. RESTART WITH A LARGER CUTOFF OR SURFACE PADDING.
 NONFATAL WARNING (watershell2_main): DETECTED 1 ATOM(S) OUTSIDE SOLUTE SUPPORT. RESTART WITH A LARGER CUTOFF OR SURFACE PADDING.
 NONFATAL WARNING (watershell2_main): DETECTED 1 ATOM(S) OUTSIDE SOLUTE SUPPORT. RESTART WITH A LARGER CUTOFF OR SURFACE PADDING.
 NONFATAL WARNING (watershell2_main): DETECTED 1 ATOM(S) OUTSIDE SOLUTE SUPPORT. RESTART WITH A LARGER CUTOFF OR SURFACE PADDING.
 NONFATAL WARNING (watershell2_main): DETECTED 1 ATOM(S) OUTSIDE SOLUTE SUPPORT. RESTART WITH A LARGER CUTOFF OR SURFACE PADDING.
 NONFATAL WARNING (watershell2_main): DETECTED 1 ATOM(S) OUTSIDE SOLUTE SUPPORT. RESTART WITH A LARGER CUTOFF OR SURFACE PADDING.
 NONFATAL WARNING (watershell2_main): DETECTED 1 ATOM(S) OUTSIDE SOLUTE SUPPORT. RESTART WITH A LARGER CUTOFF OR SURFACE PADDING.
 NONFATAL WARNING (watershell2_main): DETECTED 1 ATOM(S) OUTSIDE SOLUTE SUPPORT. RESTART WITH A LARGER CUTOFF OR SURFACE PADDING.
 NONFATAL WARNING (watershell2_main): DETECTED 1 ATOM(S) OUTSIDE SOLUTE SUPPORT. RESTART WITH A LARGER CUTOFF OR SURFACE PADDING.
 NONFATAL WARNING (watershell2_main): DETECTED 1 ATOM(S) OUTSIDE SOLUTE SUPPORT. RESTART WITH A LARGER CUTOFF OR SURFACE PADDING.
 NONFATAL WARNING (watershell2_main): DETECTED 1 ATOM(S) OUTSIDE SOLUTE SUPPORT. RESTART WITH A LARGER CUTOFF OR SURFACE PADDING.
 NONFATAL WARNING (watershell2_main): DETECTED 1 ATOM(S) OUTSIDE SOLUTE SUPPORT. RESTART WITH A LARGER CUTOFF OR SURFACE PADDING.
 NONFATAL WARNING (watershell2_main): DETECTED 1 ATOM(S) OUTSIDE SOLUTE SUPPORT. RESTART WITH A LARGER CUTOFF OR SURFACE PADDING.
 NONFATAL WARNING (watershell2_main): DETECTED 1 ATOM(S) OUTSIDE SOLUTE SUPPORT. RESTART WITH A LARGER CUTOFF OR SURFACE PADDING.
 NONFATAL WARNING (watershell2_main): DETECTED 1 ATOM(S) OUTSIDE SOLUTE SUPPORT. RESTART WITH A LARGER CUTOFF OR SURFACE PADDING.
 NONFATAL WARNING (watershell2_main): DETECTED 1 ATOM(S) OUTSIDE SOLUTE SUPPORT. RESTART WITH A LARGER CUTOFF OR SURFACE PADDING.
 NONFATAL WARNING (watershell2_main): DETECTED 1 ATOM(S) OUTSIDE SOLUTE SUPPORT. RESTART WITH A LARGER CUTOFF OR SURFACE PADDING.
 NONFATAL WARNING (watershell2_main): DETECTED 1 ATOM(S) OUTSIDE SOLUTE SUPPORT. RESTART WITH A LARGER CUTOFF OR SURFACE PADDING.
 NONFATAL WARNING (watershell2_main): DETECTED 1 ATOM(S) OUTSIDE SOLUTE SUPPORT. RESTART WITH A LARGER CUTOFF OR SURFACE PADDING.
 NONFATAL WARNING (watershell2_main): DETECTED 1 ATOM(S) OUTSIDE SOLUTE SUPPORT. RESTART WITH A LARGER CUTOFF OR SURFACE PADDING.
 NONFATAL WARNING (watershell2_main): DETECTED 1 ATOM(S) OUTSIDE SOLUTE SUPPORT. RESTART WITH A LARGER CUTOFF OR SURFACE PADDING.
 NONFATAL WARNING (watershell2_main): DETECTED 1 ATOM(S) OUTSIDE SOLUTE SUPPORT. RESTART WITH A LARGER CUTOFF OR SURFACE PADDING.
 NONFATAL WARNING (watershell2_main): DETECTED 1 ATOM(S) OUTSIDE SOLUTE SUPPORT. RESTART WITH A LARGER CUTOFF OR SURFACE PADDING.
 NONFATAL WARNING (watershell2_main): DETECTED 1 ATOM(S) OUTSIDE SOLUTE SUPPORT. RESTART WITH A LARGER CUTOFF OR SURFACE PADDING.
 NONFATAL WARNING (watershell2_main): DETECTED 1 ATOM(S) OUTSIDE SOLUTE SUPPORT. RESTART WITH A LARGER CUTOFF OR SURFACE PADDING.
 NONFATAL WARNING (watershell2_main): DETECTED 1 ATOM(S) OUTSIDE SOLUTE SUPPORT. RESTART WITH A LARGER CUTOFF OR SURFACE PADDING.
 NONFATAL WARNING (watershell2_main): DETECTED 1 ATOM(S) OUTSIDE SOLUTE SUPPORT. RESTART WITH A LARGER CUTOFF OR SURFACE PADDING.
 NONFATAL WARNING (watershell2_main): DETECTED 1 ATOM(S) OUTSIDE SOLUTE SUPPORT. RESTART WITH A LARGER CUTOFF OR SURFACE PADDING.
 NONFATAL WARNING (watershell2_main): DETECTED 1 ATOM(S) OUTSIDE SOLUTE SUPPORT. RESTART WITH A LARGER CUTOFF OR SURFACE PADDING.
 NONFATAL WARNING (watershell2_main): DETECTED 1 ATOM(S) OUTSIDE SOLUTE SUPPORT. RESTART WITH A LARGER CUTOFF OR SURFACE PADDING.
 NONFATAL WARNING (watershell2_main): DETECTED 1 ATOM(S) OUTSIDE SOLUTE SUPPORT. RESTART WITH A LARGER CUTOFF OR SURFACE PADDING.
 NONFATAL WARNING (watershell2_main): DETECTED 1 ATOM(S) OUTSIDE SOLUTE SUPPORT. RESTART WITH A LARGER CUTOFF OR SURFACE PADDING.
 NONFATAL WARNING (watershell2_main): DETECTED 1 ATOM(S) OUTSIDE SOLUTE SUPPORT. RESTART WITH A LARGER CUTOFF OR SURFACE PADDING.
 NONFATAL WARNING (watershell2_main): DETECTED 1 ATOM(S) OUTSIDE SOLUTE SUPPORT. RESTART WITH A LARGER CUTOFF OR SURFACE PADDING.
 NONFATAL WARNING (watershell2_main): DETECTED 1 ATOM(S) OUTSIDE SOLUTE SUPPORT. RESTART WITH A LARGER CUTOFF OR SURFACE PADDING.
 NONFATAL WARNING (watershell2_main): DETECTED 1 ATOM(S) OUTSIDE SOLUTE SUPPORT. RESTART WITH A LARGER CUTOFF OR SURFACE PADDING.
 NONFATAL WARNING (watershell2_main): DETECTED 1 ATOM(S) OUTSIDE SOLUTE SUPPORT. RESTART WITH A LARGER CUTOFF OR SURFACE PADDING.
 NONFATAL WARNING (watershell2_main): DETECTED 1 ATOM(S) OUTSIDE SOLUTE SUPPORT. RESTART WITH A LARGER CUTOFF OR SURFACE PADDING.
 NONFATAL WARNING (watershell2_main): DETECTED 1 ATOM(S) OUTSIDE SOLUTE SUPPORT. RESTART WITH A LARGER CUTOFF OR SURFACE PADDING.
 NONFATAL WARNING (watershell2_main): DETECTED 1 ATOM(S) OUTSIDE SOLUTE SUPPORT. RESTART WITH A LARGER CUTOFF OR SURFACE PADDING.
 NONFATAL WARNING (watershell2_main): DETECTED 1 ATOM(S) OUTSIDE SOLUTE SUPPORT. RESTART WITH A LARGER CUTOFF OR SURFACE PADDING.
 NONFATAL WARNING (watershell2_main): DETECTED 1 ATOM(S) OUTSIDE SOLUTE SUPPORT. RESTART WITH A LARGER CUTOFF OR SURFACE PADDING.
 NONFATAL WARNING (watershell2_main): DETECTED 1 ATOM(S) OUTSIDE SOLUTE SUPPORT. RESTART WITH A LARGER CUTOFF OR SURFACE PADDING.
 NONFATAL WARNING (watershell2_main): DETECTED 1 ATOM(S) OUTSIDE SOLUTE SUPPORT. RESTART WITH A LARGER CUTOFF OR SURFACE PADDING.
 NONFATAL WARNING (watershell2_main): DETECTED 1 ATOM(S) OUTSIDE SOLUTE SUPPORT. RESTART WITH A LARGER CUTOFF OR SURFACE PADDING.
 NONFATAL WARNING (watershell2_main): DETECTED 1 ATOM(S) OUTSIDE SOLUTE SUPPORT. RESTART WITH A LARGER CUTOFF OR SURFACE PADDING.
 NONFATAL WARNING (watershell2_main): DETECTED 1 ATOM(S) OUTSIDE SOLUTE SUPPORT. RESTART WITH A LARGER CUTOFF OR SURFACE PADDING.
 MESSAGE (watershell2_main): OUTER BULK BOUNDARY ( -10.36511678    ) IS TOO CLOSE TO SURFACE BOUNDARY ( -10.85978603    ). WILL RECOMPUTE:
 MESSAGE (watershell2_main): LOCATION OF OUTER BULK BOUNDARY SET TO  -10.36333987     A FROM PROTEIN. CONTOUR VALUE IS  0.1159803774E-03
 MESSAGE (watershell2_main): LOCATION OF INNER BULK BOUNDARY SET TO  -9.863339867     A FROM PROTEIN. CONTOUR VALUE IS  0.3000158824E-03
 NONFATAL WARNING (watershell2_main): DETECTED 1 ATOM(S) OUTSIDE SOLUTE SUPPORT. RESTART WITH A LARGER CUTOFF OR SURFACE PADDING.
 NONFATAL WARNING (watershell2_main): DETECTED 1 ATOM(S) OUTSIDE SOLUTE SUPPORT. RESTART WITH A LARGER CUTOFF OR SURFACE PADDING.
 NONFATAL WARNING (watershell2_main): DETECTED 1 ATOM(S) OUTSIDE SOLUTE SUPPORT. RESTART WITH A LARGER CUTOFF OR SURFACE PADDING.
 NONFATAL WARNING (watershell2_main): DETECTED 1 ATOM(S) OUTSIDE SOLUTE SUPPORT. RESTART WITH A LARGER CUTOFF OR SURFACE PADDING.
 NONFATAL WARNING (watershell2_main): DETECTED 1 ATOM(S) OUTSIDE SOLUTE SUPPORT. RESTART WITH A LARGER CUTOFF OR SURFACE PADDING.
 NONFATAL WARNING (watershell2_main): DETECTED 1 ATOM(S) OUTSIDE SOLUTE SUPPORT. RESTART WITH A LARGER CUTOFF OR SURFACE PADDING.
 NONFATAL WARNING (watershell2_main): DETECTED 1 ATOM(S) OUTSIDE SOLUTE SUPPORT. RESTART WITH A LARGER CUTOFF OR SURFACE PADDING.
 NONFATAL WARNING (watershell2_main): DETECTED 1 ATOM(S) OUTSIDE SOLUTE SUPPORT. RESTART WITH A LARGER CUTOFF OR SURFACE PADDING.
 NONFATAL WARNING (watershell2_main): DETECTED 1 ATOM(S) OUTSIDE SOLUTE SUPPORT. RESTART WITH A LARGER CUTOFF OR SURFACE PADDING.
 NONFATAL WARNING (watershell2_main): DETECTED 1 ATOM(S) OUTSIDE SOLUTE SUPPORT. RESTART WITH A LARGER CUTOFF OR SURFACE PADDING.
 NONFATAL WARNING (watershell2_main): DETECTED 1 ATOM(S) OUTSIDE SOLUTE SUPPORT. RESTART WITH A LARGER CUTOFF OR SURFACE PADDING.
 NONFATAL WARNING (watershell2_main): DETECTED 1 ATOM(S) OUTSIDE SOLUTE SUPPORT. RESTART WITH A LARGER CUTOFF OR SURFACE PADDING.
 NONFATAL WARNING (watershell2_main): DETECTED 1 ATOM(S) OUTSIDE SOLUTE SUPPORT. RESTART WITH A LARGER CUTOFF OR SURFACE PADDING.
 NONFATAL WARNING (watershell2_main): DETECTED 1 ATOM(S) OUTSIDE SOLUTE SUPPORT. RESTART WITH A LARGER CUTOFF OR SURFACE PADDING.
 NONFATAL WARNING (watershell2_main): DETECTED 1 ATOM(S) OUTSIDE SOLUTE SUPPORT. RESTART WITH A LARGER CUTOFF OR SURFACE PADDING.
 NONFATAL WARNING (watershell2_main): DETECTED 1 ATOM(S) OUTSIDE SOLUTE SUPPORT. RESTART WITH A LARGER CUTOFF OR SURFACE PADDING.
 NONFATAL WARNING (watershell2_main): DETECTED 1 ATOM(S) OUTSIDE SOLUTE SUPPORT. RESTART WITH A LARGER CUTOFF OR SURFACE PADDING.
 NONFATAL WARNING (watershell2_main): DETECTED 1 ATOM(S) OUTSIDE SOLUTE SUPPORT. RESTART WITH A LARGER CUTOFF OR SURFACE PADDING.
 NONFATAL WARNING (watershell2_main): DETECTED 1 ATOM(S) OUTSIDE SOLUTE SUPPORT. RESTART WITH A LARGER CUTOFF OR SURFACE PADDING.
 NONFATAL WARNING (watershell2_main): DETECTED 1 ATOM(S) OUTSIDE SOLUTE SUPPORT. RESTART WITH A LARGER CUTOFF OR SURFACE PADDING.
 NONFATAL WARNING (watershell2_main): DETECTED 1 ATOM(S) OUTSIDE SOLUTE SUPPORT. RESTART WITH A LARGER CUTOFF OR SURFACE PADDING.
 NONFATAL WARNING (watershell2_main): DETECTED 1 ATOM(S) OUTSIDE SOLUTE SUPPORT. RESTART WITH A LARGER CUTOFF OR SURFACE PADDING.
 NONFATAL WARNING (watershell2_main): DETECTED 1 ATOM(S) OUTSIDE SOLUTE SUPPORT. RESTART WITH A LARGER CUTOFF OR SURFACE PADDING.
 NONFATAL WARNING (watershell2_main): DETECTED 1 ATOM(S) OUTSIDE SOLUTE SUPPORT. RESTART WITH A LARGER CUTOFF OR SURFACE PADDING.
 NONFATAL WARNING (watershell2_main): DETECTED 1 ATOM(S) OUTSIDE SOLUTE SUPPORT. RESTART WITH A LARGER CUTOFF OR SURFACE PADDING.
 NONFATAL WARNING (watershell2_main): DETECTED 1 ATOM(S) OUTSIDE SOLUTE SUPPORT. RESTART WITH A LARGER CUTOFF OR SURFACE PADDING.
 NONFATAL WARNING (watershell2_main): DETECTED 1 ATOM(S) OUTSIDE SOLUTE SUPPORT. RESTART WITH A LARGER CUTOFF OR SURFACE PADDING.
 NONFATAL WARNING (watershell2_main): DETECTED 1 ATOM(S) OUTSIDE SOLUTE SUPPORT. RESTART WITH A LARGER CUTOFF OR SURFACE PADDING.
 NONFATAL WARNING (watershell2_main): DETECTED 1 ATOM(S) OUTSIDE SOLUTE SUPPORT. RESTART WITH A LARGER CUTOFF OR SURFACE PADDING.
 NONFATAL WARNING (watershell2_main): DETECTED 1 ATOM(S) OUTSIDE SOLUTE SUPPORT. RESTART WITH A LARGER CUTOFF OR SURFACE PADDING.
 NONFATAL WARNING (watershell2_main): DETECTED 1 ATOM(S) OUTSIDE SOLUTE SUPPORT. RESTART WITH A LARGER CUTOFF OR SURFACE PADDING.
 NONFATAL WARNING (watershell2_main): DETECTED 1 ATOM(S) OUTSIDE SOLUTE SUPPORT. RESTART WITH A LARGER CUTOFF OR SURFACE PADDING.
 NONFATAL WARNING (watershell2_main): DETECTED 1 ATOM(S) OUTSIDE SOLUTE SUPPORT. RESTART WITH A LARGER CUTOFF OR SURFACE PADDING.
 NONFATAL WARNING (watershell2_main): DETECTED 1 ATOM(S) OUTSIDE SOLUTE SUPPORT. RESTART WITH A LARGER CUTOFF OR SURFACE PADDING.
 NONFATAL WARNING (watershell2_main): DETECTED 1 ATOM(S) OUTSIDE SOLUTE SUPPORT. RESTART WITH A LARGER CUTOFF OR SURFACE PADDING.
 NONFATAL WARNING (watershell2_main): DETECTED 1 ATOM(S) OUTSIDE SOLUTE SUPPORT. RESTART WITH A LARGER CUTOFF OR SURFACE PADDING.
 NONFATAL WARNING (watershell2_main): DETECTED 1 ATOM(S) OUTSIDE SOLUTE SUPPORT. RESTART WITH A LARGER CUTOFF OR SURFACE PADDING.
 NONFATAL WARNING (watershell2_main): DETECTED 1 ATOM(S) OUTSIDE SOLUTE SUPPORT. RESTART WITH A LARGER CUTOFF OR SURFACE PADDING.
 NONFATAL WARNING (watershell2_main): DETECTED 1 ATOM(S) OUTSIDE SOLUTE SUPPORT. RESTART WITH A LARGER CUTOFF OR SURFACE PADDING.
 NONFATAL WARNING (watershell2_main): DETECTED 1 ATOM(S) OUTSIDE SOLUTE SUPPORT. RESTART WITH A LARGER CUTOFF OR SURFACE PADDING.
 MESSAGE (watershell2_main): OUTER BULK BOUNDARY ( -10.36333987    ) IS TOO CLOSE TO SURFACE BOUNDARY ( -10.85820046    ). WILL RECOMPUTE:
 MESSAGE (watershell2_main): LOCATION OF OUTER BULK BOUNDARY SET TO  -10.36162673     A FROM PROTEIN. CONTOUR VALUE IS  0.1163702403E-03
 MESSAGE (watershell2_main): LOCATION OF INNER BULK BOUNDARY SET TO  -9.861626732     A FROM PROTEIN. CONTOUR VALUE IS  0.3009642805E-03
 NONFATAL WARNING (watershell2_main): DETECTED 1 ATOM(S) OUTSIDE SOLUTE SUPPORT. RESTART WITH A LARGER CUTOFF OR SURFACE PADDING.
 NONFATAL WARNING (watershell2_main): DETECTED 1 ATOM(S) OUTSIDE SOLUTE SUPPORT. RESTART WITH A LARGER CUTOFF OR SURFACE PADDING.
 NONFATAL WARNING (watershell2_main): DETECTED 1 ATOM(S) OUTSIDE SOLUTE SUPPORT. RESTART WITH A LARGER CUTOFF OR SURFACE PADDING.
 NONFATAL WARNING (watershell2_main): DETECTED 1 ATOM(S) OUTSIDE SOLUTE SUPPORT. RESTART WITH A LARGER CUTOFF OR SURFACE PADDING.
 NONFATAL WARNING (watershell2_main): DETECTED 1 ATOM(S) OUTSIDE SOLUTE SUPPORT. RESTART WITH A LARGER CUTOFF OR SURFACE PADDING.
 NONFATAL WARNING (watershell2_main): DETECTED 1 ATOM(S) OUTSIDE SOLUTE SUPPORT. RESTART WITH A LARGER CUTOFF OR SURFACE PADDING.
 NONFATAL WARNING (watershell2_main): DETECTED 1 ATOM(S) OUTSIDE SOLUTE SUPPORT. RESTART WITH A LARGER CUTOFF OR SURFACE PADDING.
 NONFATAL WARNING (watershell2_main): DETECTED 1 ATOM(S) OUTSIDE SOLUTE SUPPORT. RESTART WITH A LARGER CUTOFF OR SURFACE PADDING.
 NONFATAL WARNING (watershell2_main): DETECTED 1 ATOM(S) OUTSIDE SOLUTE SUPPORT. RESTART WITH A LARGER CUTOFF OR SURFACE PADDING.
 NONFATAL WARNING (watershell2_main): DETECTED 1 ATOM(S) OUTSIDE SOLUTE SUPPORT. RESTART WITH A LARGER CUTOFF OR SURFACE PADDING.
 NONFATAL WARNING (watershell2_main): DETECTED 1 ATOM(S) OUTSIDE SOLUTE SUPPORT. RESTART WITH A LARGER CUTOFF OR SURFACE PADDING.
 NONFATAL WARNING (watershell2_main): DETECTED 1 ATOM(S) OUTSIDE SOLUTE SUPPORT. RESTART WITH A LARGER CUTOFF OR SURFACE PADDING.
 NONFATAL WARNING (watershell2_main): DETECTED 1 ATOM(S) OUTSIDE SOLUTE SUPPORT. RESTART WITH A LARGER CUTOFF OR SURFACE PADDING.
 NONFATAL WARNING (watershell2_main): DETECTED 1 ATOM(S) OUTSIDE SOLUTE SUPPORT. RESTART WITH A LARGER CUTOFF OR SURFACE PADDING.
 NONFATAL WARNING (watershell2_main): DETECTED 1 ATOM(S) OUTSIDE SOLUTE SUPPORT. RESTART WITH A LARGER CUTOFF OR SURFACE PADDING.
 NONFATAL WARNING (watershell2_main): DETECTED 1 ATOM(S) OUTSIDE SOLUTE SUPPORT. RESTART WITH A LARGER CUTOFF OR SURFACE PADDING.
 NONFATAL WARNING (watershell2_main): DETECTED 1 ATOM(S) OUTSIDE SOLUTE SUPPORT. RESTART WITH A LARGER CUTOFF OR SURFACE PADDING.
 NONFATAL WARNING (watershell2_main): DETECTED 1 ATOM(S) OUTSIDE SOLUTE SUPPORT. RESTART WITH A LARGER CUTOFF OR SURFACE PADDING.
 NONFATAL WARNING (watershell2_main): DETECTED 1 ATOM(S) OUTSIDE SOLUTE SUPPORT. RESTART WITH A LARGER CUTOFF OR SURFACE PADDING.
 NONFATAL WARNING (watershell2_main): DETECTED 1 ATOM(S) OUTSIDE SOLUTE SUPPORT. RESTART WITH A LARGER CUTOFF OR SURFACE PADDING.
 NONFATAL WARNING (watershell2_main): DETECTED 1 ATOM(S) OUTSIDE SOLUTE SUPPORT. RESTART WITH A LARGER CUTOFF OR SURFACE PADDING.
 NONFATAL WARNING (watershell2_main): DETECTED 1 ATOM(S) OUTSIDE SOLUTE SUPPORT. RESTART WITH A LARGER CUTOFF OR SURFACE PADDING.
 NONFATAL WARNING (watershell2_main): DETECTED 1 ATOM(S) OUTSIDE SOLUTE SUPPORT. RESTART WITH A LARGER CUTOFF OR SURFACE PADDING.
 NONFATAL WARNING (watershell2_main): DETECTED 1 ATOM(S) OUTSIDE SOLUTE SUPPORT. RESTART WITH A LARGER CUTOFF OR SURFACE PADDING.
 NONFATAL WARNING (watershell2_main): DETECTED 1 ATOM(S) OUTSIDE SOLUTE SUPPORT. RESTART WITH A LARGER CUTOFF OR SURFACE PADDING.
 NONFATAL WARNING (watershell2_main): DETECTED 1 ATOM(S) OUTSIDE SOLUTE SUPPORT. RESTART WITH A LARGER CUTOFF OR SURFACE PADDING.
 NONFATAL WARNING (watershell2_main): DETECTED 1 ATOM(S) OUTSIDE SOLUTE SUPPORT. RESTART WITH A LARGER CUTOFF OR SURFACE PADDING.
 NONFATAL WARNING (watershell2_main): DETECTED 1 ATOM(S) OUTSIDE SOLUTE SUPPORT. RESTART WITH A LARGER CUTOFF OR SURFACE PADDING.
 NONFATAL WARNING (watershell2_main): DETECTED 1 ATOM(S) OUTSIDE SOLUTE SUPPORT. RESTART WITH A LARGER CUTOFF OR SURFACE PADDING.
 NONFATAL WARNING (watershell2_main): DETECTED 1 ATOM(S) OUTSIDE SOLUTE SUPPORT. RESTART WITH A LARGER CUTOFF OR SURFACE PADDING.
 NONFATAL WARNING (watershell2_main): DETECTED 1 ATOM(S) OUTSIDE SOLUTE SUPPORT. RESTART WITH A LARGER CUTOFF OR SURFACE PADDING.
 NONFATAL WARNING (watershell2_main): DETECTED 1 ATOM(S) OUTSIDE SOLUTE SUPPORT. RESTART WITH A LARGER CUTOFF OR SURFACE PADDING.
 MESSAGE (watershell2_main): OUTER BULK BOUNDARY ( -10.36162673    ) IS TOO CLOSE TO SURFACE BOUNDARY ( -10.85660925    ). WILL RECOMPUTE:
 MESSAGE (watershell2_main): LOCATION OF OUTER BULK BOUNDARY SET TO  -10.35995424     A FROM PROTEIN. CONTOUR VALUE IS  0.1167520418E-03
 MESSAGE (watershell2_main): LOCATION OF INNER BULK BOUNDARY SET TO  -9.859954237     A FROM PROTEIN. CONTOUR VALUE IS  0.3018928725E-03
 MESSAGE (watershell2_main): OUTER BULK BOUNDARY ( -10.35995424    ) IS TOO CLOSE TO SURFACE BOUNDARY ( -10.85461788    ). WILL RECOMPUTE:
 MESSAGE (watershell2_main): LOCATION OF OUTER BULK BOUNDARY SET TO  -10.35817545     A FROM PROTEIN. CONTOUR VALUE IS  0.1171593988E-03
 MESSAGE (watershell2_main): LOCATION OF INNER BULK BOUNDARY SET TO  -9.858175451     A FROM PROTEIN. CONTOUR VALUE IS  0.3028834060E-03
 MESSAGE (watershell2_main): OUTER BULK BOUNDARY ( -10.35817545    ) IS TOO CLOSE TO SURFACE BOUNDARY ( -10.85302145    ). WILL RECOMPUTE:
 MESSAGE (watershell2_main): LOCATION OF OUTER BULK BOUNDARY SET TO  -10.35645745     A FROM PROTEIN. CONTOUR VALUE IS  0.1175541024E-03
 MESSAGE (watershell2_main): LOCATION OF INNER BULK BOUNDARY SET TO  -9.856457451     A FROM PROTEIN. CONTOUR VALUE IS  0.3038429629E-03
 MESSAGE (watershell2_main): OUTER BULK BOUNDARY ( -10.35645745    ) IS TOO CLOSE TO SURFACE BOUNDARY ( -10.85142169    ). WILL RECOMPUTE:
 MESSAGE (watershell2_main): LOCATION OF OUTER BULK BOUNDARY SET TO  -10.35477886     A FROM PROTEIN. CONTOUR VALUE IS  0.1179409573E-03
 MESSAGE (watershell2_main): LOCATION OF INNER BULK BOUNDARY SET TO  -9.854778862     A FROM PROTEIN. CONTOUR VALUE IS  0.3047832403E-03
 MESSAGE (watershell2_main): OUTER BULK BOUNDARY ( -10.35477886    ) IS TOO CLOSE TO SURFACE BOUNDARY ( -10.84942087    ). WILL RECOMPUTE:
 MESSAGE (watershell2_main): LOCATION OF OUTER BULK BOUNDARY SET TO  -10.35299286     A FROM PROTEIN. CONTOUR VALUE IS  0.1183538790E-03
 MESSAGE (watershell2_main): LOCATION OF INNER BULK BOUNDARY SET TO  -9.852992864     A FROM PROTEIN. CONTOUR VALUE IS  0.3057866588E-03
 MESSAGE (watershell2_main): OUTER BULK BOUNDARY ( -10.35299286    ) IS TOO CLOSE TO SURFACE BOUNDARY ( -10.84781666    ). WILL RECOMPUTE:
 MESSAGE (watershell2_main): LOCATION OF OUTER BULK BOUNDARY SET TO  -10.35126746     A FROM PROTEIN. CONTOUR VALUE IS  0.1187540800E-03
 MESSAGE (watershell2_main): LOCATION OF INNER BULK BOUNDARY SET TO  -9.851267463     A FROM PROTEIN. CONTOUR VALUE IS  0.3067589532E-03
 MESSAGE (watershell2_main): OUTER BULK BOUNDARY ( -10.35126746    ) IS TOO CLOSE TO SURFACE BOUNDARY ( -10.84621245    ). WILL RECOMPUTE:
 MESSAGE (watershell2_main): LOCATION OF OUTER BULK BOUNDARY SET TO  -10.34958246     A FROM PROTEIN. CONTOUR VALUE IS  0.1191461374E-03
 MESSAGE (watershell2_main): LOCATION OF INNER BULK BOUNDARY SET TO  -9.849582459     A FROM PROTEIN. CONTOUR VALUE IS  0.3077112604E-03
 MESSAGE (watershell2_main): OUTER BULK BOUNDARY ( -10.34958246    ) IS TOO CLOSE TO SURFACE BOUNDARY ( -10.84420055    ). WILL RECOMPUTE:
 MESSAGE (watershell2_main): LOCATION OF OUTER BULK BOUNDARY SET TO  -10.34778849     A FROM PROTEIN. CONTOUR VALUE IS  0.1195648844E-03
 MESSAGE (watershell2_main): LOCATION OF INNER BULK BOUNDARY SET TO  -9.847788488     A FROM PROTEIN. CONTOUR VALUE IS  0.3087281765E-03
 MESSAGE (watershell2_main): OUTER BULK BOUNDARY ( -10.34778849    ) IS TOO CLOSE TO SURFACE BOUNDARY ( -10.84258970    ). WILL RECOMPUTE:
 MESSAGE (watershell2_main): LOCATION OF OUTER BULK BOUNDARY SET TO  -10.34605556     A FROM PROTEIN. CONTOUR VALUE IS  0.1199706955E-03
 MESSAGE (watershell2_main): LOCATION OF INNER BULK BOUNDARY SET TO  -9.846055558     A FROM PROTEIN. CONTOUR VALUE IS  0.3097134622E-03
 MESSAGE (watershell2_main): OUTER BULK BOUNDARY ( -10.34605556    ) IS TOO CLOSE TO SURFACE BOUNDARY ( -10.84097639    ). WILL RECOMPUTE:
 MESSAGE (watershell2_main): LOCATION OF OUTER BULK BOUNDARY SET TO  -10.34436250     A FROM PROTEIN. CONTOUR VALUE IS  0.1203684178E-03
 MESSAGE (watershell2_main): LOCATION OF INNER BULK BOUNDARY SET TO  -9.844362502     A FROM PROTEIN. CONTOUR VALUE IS  0.3106789030E-03
 MESSAGE (watershell2_main): OUTER BULK BOUNDARY ( -10.34436250    ) IS TOO CLOSE TO SURFACE BOUNDARY ( -10.83936063    ). WILL RECOMPUTE:
 MESSAGE (watershell2_main): LOCATION OF OUTER BULK BOUNDARY SET TO  -10.34269521     A FROM PROTEIN. CONTOUR VALUE IS  0.1207612973E-03
 MESSAGE (watershell2_main): LOCATION OF INNER BULK BOUNDARY SET TO  -9.842695211     A FROM PROTEIN. CONTOUR VALUE IS  0.3116323891E-03
 MESSAGE (watershell2_main): OUTER BULK BOUNDARY ( -10.34269521    ) IS TOO CLOSE TO SURFACE BOUNDARY ( -10.83733999    ). WILL RECOMPUTE:
 MESSAGE (watershell2_main): LOCATION OF OUTER BULK BOUNDARY SET TO  -10.34091014     A FROM PROTEIN. CONTOUR VALUE IS  0.1211832662E-03
 MESSAGE (watershell2_main): LOCATION OF INNER BULK BOUNDARY SET TO  -9.840910136     A FROM PROTEIN. CONTOUR VALUE IS  0.3126562527E-03
 MESSAGE (watershell2_main): OUTER BULK BOUNDARY ( -10.34091014    ) IS TOO CLOSE TO SURFACE BOUNDARY ( -10.83572045    ). WILL RECOMPUTE:
 MESSAGE (watershell2_main): LOCATION OF OUTER BULK BOUNDARY SET TO  -10.33918024     A FROM PROTEIN. CONTOUR VALUE IS  0.1215935116E-03
 MESSAGE (watershell2_main): LOCATION OF INNER BULK BOUNDARY SET TO  -9.839180242     A FROM PROTEIN. CONTOUR VALUE IS  0.3136514530E-03
 MESSAGE (watershell2_main): OUTER BULK BOUNDARY ( -10.33918024    ) IS TOO CLOSE TO SURFACE BOUNDARY ( -10.83410092    ). WILL RECOMPUTE:
 MESSAGE (watershell2_main): LOCATION OF OUTER BULK BOUNDARY SET TO  -10.33748714     A FROM PROTEIN. CONTOUR VALUE IS  0.1219962954E-03
 MESSAGE (watershell2_main): LOCATION OF INNER BULK BOUNDARY SET TO  -9.837487135     A FROM PROTEIN. CONTOUR VALUE IS  0.3146283444E-03
 MESSAGE (watershell2_main): OUTER BULK BOUNDARY ( -10.33748714    ) IS TOO CLOSE TO SURFACE BOUNDARY ( -10.83247839    ). WILL RECOMPUTE:
 MESSAGE (watershell2_main): LOCATION OF OUTER BULK BOUNDARY SET TO  -10.33581755     A FROM PROTEIN. CONTOUR VALUE IS  0.1223947096E-03
 MESSAGE (watershell2_main): LOCATION OF INNER BULK BOUNDARY SET TO  -9.835817552     A FROM PROTEIN. CONTOUR VALUE IS  0.3155944361E-03
 MESSAGE (watershell2_main): OUTER BULK BOUNDARY ( -10.33581755    ) IS TOO CLOSE TO SURFACE BOUNDARY ( -10.83044896    ). WILL RECOMPUTE:
 MESSAGE (watershell2_main): LOCATION OF OUTER BULK BOUNDARY SET TO  -10.33402802     A FROM PROTEIN. CONTOUR VALUE IS  0.1228231031E-03
 MESSAGE (watershell2_main): LOCATION OF INNER BULK BOUNDARY SET TO  -9.834028022     A FROM PROTEIN. CONTOUR VALUE IS  0.3166329993E-03
 MESSAGE (watershell2_main): OUTER BULK BOUNDARY ( -10.33402802    ) IS TOO CLOSE TO SURFACE BOUNDARY ( -10.82882331    ). WILL RECOMPUTE:
 MESSAGE (watershell2_main): LOCATION OF OUTER BULK BOUNDARY SET TO  -10.33229312     A FROM PROTEIN. CONTOUR VALUE IS  0.1232397635E-03
 MESSAGE (watershell2_main): LOCATION OF INNER BULK BOUNDARY SET TO  -9.832293118     A FROM PROTEIN. CONTOUR VALUE IS  0.3176428964E-03
 MESSAGE (watershell2_main): OUTER BULK BOUNDARY ( -10.33229312    ) IS TOO CLOSE TO SURFACE BOUNDARY ( -10.82719554    ). WILL RECOMPUTE:
 MESSAGE (watershell2_main): LOCATION OF OUTER BULK BOUNDARY SET TO  -10.33059393     A FROM PROTEIN. CONTOUR VALUE IS  0.1236491333E-03
 MESSAGE (watershell2_main): LOCATION OF INNER BULK BOUNDARY SET TO  -9.830593926     A FROM PROTEIN. CONTOUR VALUE IS  0.3186349107E-03
 MESSAGE (watershell2_main): OUTER BULK BOUNDARY ( -10.33059393    ) IS TOO CLOSE TO SURFACE BOUNDARY ( -10.82556777    ). WILL RECOMPUTE:
 MESSAGE (watershell2_main): LOCATION OF OUTER BULK BOUNDARY SET TO  -10.32891854     A FROM PROTEIN. CONTOUR VALUE IS  0.1240540170E-03
 MESSAGE (watershell2_main): LOCATION OF INNER BULK BOUNDARY SET TO  -9.828918542     A FROM PROTEIN. CONTOUR VALUE IS  0.3196158479E-03
 MESSAGE (watershell2_main): OUTER BULK BOUNDARY ( -10.32891854    ) IS TOO CLOSE TO SURFACE BOUNDARY ( -10.82352913    ). WILL RECOMPUTE:
 MESSAGE (watershell2_main): LOCATION OF OUTER BULK BOUNDARY SET TO  -10.32712207     A FROM PROTEIN. CONTOUR VALUE IS  0.1244895457E-03
 MESSAGE (watershell2_main): LOCATION OF INNER BULK BOUNDARY SET TO  -9.827122072     A FROM PROTEIN. CONTOUR VALUE IS  0.3206708031E-03
 MESSAGE (watershell2_main): OUTER BULK BOUNDARY ( -10.32712207    ) IS TOO CLOSE TO SURFACE BOUNDARY ( -10.82189822    ). WILL RECOMPUTE:
 MESSAGE (watershell2_main): LOCATION OF OUTER BULK BOUNDARY SET TO  -10.32538079     A FROM PROTEIN. CONTOUR VALUE IS  0.1249130653E-03
 MESSAGE (watershell2_main): LOCATION OF INNER BULK BOUNDARY SET TO  -9.825380788     A FROM PROTEIN. CONTOUR VALUE IS  0.3216964433E-03
 MESSAGE (watershell2_main): OUTER BULK BOUNDARY ( -10.32538079    ) IS TOO CLOSE TO SURFACE BOUNDARY ( -10.82026731    ). WILL RECOMPUTE:
 MESSAGE (watershell2_main): LOCATION OF OUTER BULK BOUNDARY SET TO  -10.32367629     A FROM PROTEIN. CONTOUR VALUE IS  0.1253289461E-03
 MESSAGE (watershell2_main): LOCATION OF INNER BULK BOUNDARY SET TO  -9.823676295     A FROM PROTEIN. CONTOUR VALUE IS  0.3227033689E-03
 MESSAGE (watershell2_main): OUTER BULK BOUNDARY ( -10.32367629    ) IS TOO CLOSE TO SURFACE BOUNDARY ( -10.81863640    ). WILL RECOMPUTE:
 MESSAGE (watershell2_main): LOCATION OF OUTER BULK BOUNDARY SET TO  -10.32199633     A FROM PROTEIN. CONTOUR VALUE IS  0.1257401139E-03
 MESSAGE (watershell2_main): LOCATION OF INNER BULK BOUNDARY SET TO  -9.821996330     A FROM PROTEIN. CONTOUR VALUE IS  0.3236986740E-03
 MESSAGE (watershell2_main): OUTER BULK BOUNDARY ( -10.32199633    ) IS TOO CLOSE TO SURFACE BOUNDARY ( -10.81659937    ). WILL RECOMPUTE:
 MESSAGE (watershell2_main): LOCATION OF OUTER BULK BOUNDARY SET TO  -10.32019734     A FROM PROTEIN. CONTOUR VALUE IS  0.1261818155E-03
 MESSAGE (watershell2_main): LOCATION OF INNER BULK BOUNDARY SET TO  -9.820197345     A FROM PROTEIN. CONTOUR VALUE IS  0.3247676604E-03
 MESSAGE (watershell2_main): OUTER BULK BOUNDARY ( -10.32019734    ) IS TOO CLOSE TO SURFACE BOUNDARY ( -10.81497169    ). WILL RECOMPUTE:
 MESSAGE (watershell2_main): LOCATION OF OUTER BULK BOUNDARY SET TO  -10.31845546     A FROM PROTEIN. CONTOUR VALUE IS  0.1266108854E-03
 MESSAGE (watershell2_main): LOCATION OF INNER BULK BOUNDARY SET TO  -9.818455458     A FROM PROTEIN. CONTOUR VALUE IS  0.3258058471E-03
 MESSAGE (watershell2_main): OUTER BULK BOUNDARY ( -10.31845546    ) IS TOO CLOSE TO SURFACE BOUNDARY ( -10.81334400    ). WILL RECOMPUTE:
 MESSAGE (watershell2_main): LOCATION OF OUTER BULK BOUNDARY SET TO  -10.31675164     A FROM PROTEIN. CONTOUR VALUE IS  0.1270319033E-03
 MESSAGE (watershell2_main): LOCATION OF INNER BULK BOUNDARY SET TO  -9.816751638     A FROM PROTEIN. CONTOUR VALUE IS  0.3268243329E-03
 MESSAGE (watershell2_main): OUTER BULK BOUNDARY ( -10.31675164    ) IS TOO CLOSE TO SURFACE BOUNDARY ( -10.81172051    ). WILL RECOMPUTE:
 MESSAGE (watershell2_main): LOCATION OF OUTER BULK BOUNDARY SET TO  -10.31507459     A FROM PROTEIN. CONTOUR VALUE IS  0.1274475876E-03
 MESSAGE (watershell2_main): LOCATION OF INNER BULK BOUNDARY SET TO  -9.815074595     A FROM PROTEIN. CONTOUR VALUE IS  0.3278297045E-03
 MESSAGE (watershell2_main): OUTER BULK BOUNDARY ( -10.31507459    ) IS TOO CLOSE TO SURFACE BOUNDARY ( -10.80969115    ). WILL RECOMPUTE:
 MESSAGE (watershell2_main): LOCATION OF OUTER BULK BOUNDARY SET TO  -10.31328011     A FROM PROTEIN. CONTOUR VALUE IS  0.1278937949E-03
 MESSAGE (watershell2_main): LOCATION OF INNER BULK BOUNDARY SET TO  -9.813280112     A FROM PROTEIN. CONTOUR VALUE IS  0.3289086661E-03
 MESSAGE (watershell2_main): OUTER BULK BOUNDARY ( -10.31328011    ) IS TOO CLOSE TO SURFACE BOUNDARY ( -10.80806668    ). WILL RECOMPUTE:
 MESSAGE (watershell2_main): LOCATION OF OUTER BULK BOUNDARY SET TO  -10.31154230     A FROM PROTEIN. CONTOUR VALUE IS  0.1283273079E-03
 MESSAGE (watershell2_main): LOCATION OF INNER BULK BOUNDARY SET TO  -9.811542302     A FROM PROTEIN. CONTOUR VALUE IS  0.3299567013E-03
 MESSAGE (watershell2_main): OUTER BULK BOUNDARY ( -10.31154230    ) IS TOO CLOSE TO SURFACE BOUNDARY ( -10.80644189    ). WILL RECOMPUTE:
 MESSAGE (watershell2_main): LOCATION OF OUTER BULK BOUNDARY SET TO  -10.30984216     A FROM PROTEIN. CONTOUR VALUE IS  0.1287527575E-03
 MESSAGE (watershell2_main): LOCATION OF INNER BULK BOUNDARY SET TO  -9.809842163     A FROM PROTEIN. CONTOUR VALUE IS  0.3309850233E-03
 MESSAGE (watershell2_main): OUTER BULK BOUNDARY ( -10.30984216    ) IS TOO CLOSE TO SURFACE BOUNDARY ( -10.80481685    ). WILL RECOMPUTE:
 MESSAGE (watershell2_main): LOCATION OF OUTER BULK BOUNDARY SET TO  -10.30816706     A FROM PROTEIN. CONTOUR VALUE IS  0.1291732370E-03
 MESSAGE (watershell2_main): LOCATION OF INNER BULK BOUNDARY SET TO  -9.808167059     A FROM PROTEIN. CONTOUR VALUE IS  0.3320011190E-03
 MESSAGE (watershell2_main): OUTER BULK BOUNDARY ( -10.30816706    ) IS TOO CLOSE TO SURFACE BOUNDARY ( -10.80278464    ). WILL RECOMPUTE:
 MESSAGE (watershell2_main): LOCATION OF OUTER BULK BOUNDARY SET TO  -10.30637292     A FROM PROTEIN. CONTOUR VALUE IS  0.1296250254E-03
 MESSAGE (watershell2_main): LOCATION OF INNER BULK BOUNDARY SET TO  -9.806372920     A FROM PROTEIN. CONTOUR VALUE IS  0.3330926374E-03
 MESSAGE (watershell2_main): OUTER BULK BOUNDARY ( -10.30637292    ) IS TOO CLOSE TO SURFACE BOUNDARY ( -10.80115888    ). WILL RECOMPUTE:
 MESSAGE (watershell2_main): LOCATION OF OUTER BULK BOUNDARY SET TO  -10.30463491     A FROM PROTEIN. CONTOUR VALUE IS  0.1300640947E-03
 MESSAGE (watershell2_main): LOCATION OF INNER BULK BOUNDARY SET TO  -9.804634905     A FROM PROTEIN. CONTOUR VALUE IS  0.3341531934E-03
 MESSAGE (watershell2_main): OUTER BULK BOUNDARY ( -10.30463491    ) IS TOO CLOSE TO SURFACE BOUNDARY ( -10.79953649    ). WILL RECOMPUTE:
 MESSAGE (watershell2_main): LOCATION OF OUTER BULK BOUNDARY SET TO  -10.30293543     A FROM PROTEIN. CONTOUR VALUE IS  0.1304947765E-03
 MESSAGE (watershell2_main): LOCATION OF INNER BULK BOUNDARY SET TO  -9.802935433     A FROM PROTEIN. CONTOUR VALUE IS  0.3351932675E-03
 MESSAGE (watershell2_main): OUTER BULK BOUNDARY ( -10.30293543    ) IS TOO CLOSE TO SURFACE BOUNDARY ( -10.79791410    ). WILL RECOMPUTE:
 MESSAGE (watershell2_main): LOCATION OF OUTER BULK BOUNDARY SET TO  -10.30126166     A FROM PROTEIN. CONTOUR VALUE IS  0.1309202546E-03
 MESSAGE (watershell2_main): LOCATION OF INNER BULK BOUNDARY SET TO  -9.801261655     A FROM PROTEIN. CONTOUR VALUE IS  0.3362205593E-03
 MESSAGE (watershell2_main): OUTER BULK BOUNDARY ( -10.30126166    ) IS TOO CLOSE TO SURFACE BOUNDARY ( -10.79588693    ). WILL RECOMPUTE:
 MESSAGE (watershell2_main): LOCATION OF OUTER BULK BOUNDARY SET TO  -10.29947008     A FROM PROTEIN. CONTOUR VALUE IS  0.1313771191E-03
 MESSAGE (watershell2_main): LOCATION OF INNER BULK BOUNDARY SET TO  -9.799470081     A FROM PROTEIN. CONTOUR VALUE IS  0.3373233939E-03
 MESSAGE (watershell2_main): OUTER BULK BOUNDARY ( -10.29947008    ) IS TOO CLOSE TO SURFACE BOUNDARY ( -10.79426564    ). WILL RECOMPUTE:
 MESSAGE (watershell2_main): LOCATION OF OUTER BULK BOUNDARY SET TO  -10.29773527     A FROM PROTEIN. CONTOUR VALUE IS  0.1318209351E-03
 MESSAGE (watershell2_main): LOCATION OF INNER BULK BOUNDARY SET TO  -9.797735266     A FROM PROTEIN. CONTOUR VALUE IS  0.3383944952E-03
 MESSAGE (watershell2_main): OUTER BULK BOUNDARY ( -10.29773527    ) IS TOO CLOSE TO SURFACE BOUNDARY ( -10.79264533    ). WILL RECOMPUTE:
 MESSAGE (watershell2_main): LOCATION OF OUTER BULK BOUNDARY SET TO  -10.29603862     A FROM PROTEIN. CONTOUR VALUE IS  0.1322563469E-03
 MESSAGE (watershell2_main): LOCATION OF INNER BULK BOUNDARY SET TO  -9.796038620     A FROM PROTEIN. CONTOUR VALUE IS  0.3394450896E-03
 NONFATAL WARNING (watershell2_compute_density): DETECTED 1 POSSIBLE NEIGHBOR LIST MISS. NEIGHBOR LIST FACTOR IS   8.317600000
 MESSAGE (watershell2_main): OUTER BULK BOUNDARY ( -10.29603862    ) IS TOO CLOSE TO SURFACE BOUNDARY ( -10.79102798    ). WILL RECOMPUTE:
 MESSAGE (watershell2_main): LOCATION OF OUTER BULK BOUNDARY SET TO  -10.29436841     A FROM PROTEIN. CONTOUR VALUE IS  0.1326862929E-03
 MESSAGE (watershell2_main): LOCATION OF INNER BULK BOUNDARY SET TO  -9.794368407     A FROM PROTEIN. CONTOUR VALUE IS  0.3404822786E-03
 MESSAGE (watershell2_main): OUTER BULK BOUNDARY ( -10.29436841    ) IS TOO CLOSE TO SURFACE BOUNDARY ( -10.78900630    ). WILL RECOMPUTE:
 MESSAGE (watershell2_main): LOCATION OF OUTER BULK BOUNDARY SET TO  -10.29258104     A FROM PROTEIN. CONTOUR VALUE IS  0.1331478498E-03
 MESSAGE (watershell2_main): LOCATION OF INNER BULK BOUNDARY SET TO  -9.792581037     A FROM PROTEIN. CONTOUR VALUE IS  0.3415954854E-03
 MESSAGE (watershell2_main): OUTER BULK BOUNDARY ( -10.29258104    ) IS TOO CLOSE TO SURFACE BOUNDARY ( -10.78738868    ). WILL RECOMPUTE:
 MESSAGE (watershell2_main): LOCATION OF OUTER BULK BOUNDARY SET TO  -10.29085025     A FROM PROTEIN. CONTOUR VALUE IS  0.1335962306E-03
 MESSAGE (watershell2_main): LOCATION OF INNER BULK BOUNDARY SET TO  -9.790850251     A FROM PROTEIN. CONTOUR VALUE IS  0.3426766764E-03
 MESSAGE (watershell2_main): OUTER BULK BOUNDARY ( -10.29085025    ) IS TOO CLOSE TO SURFACE BOUNDARY ( -10.78577106    ). WILL RECOMPUTE:
 MESSAGE (watershell2_main): LOCATION OF OUTER BULK BOUNDARY SET TO  -10.28915719     A FROM PROTEIN. CONTOUR VALUE IS  0.1340362095E-03
 MESSAGE (watershell2_main): LOCATION OF INNER BULK BOUNDARY SET TO  -9.789157186     A FROM PROTEIN. CONTOUR VALUE IS  0.3437373817E-03
 MESSAGE (watershell2_main): OUTER BULK BOUNDARY ( -10.28915719    ) IS TOO CLOSE TO SURFACE BOUNDARY ( -10.78415479    ). WILL RECOMPUTE:
 MESSAGE (watershell2_main): LOCATION OF OUTER BULK BOUNDARY SET TO  -10.28748972     A FROM PROTEIN. CONTOUR VALUE IS  0.1344708642E-03
 MESSAGE (watershell2_main): LOCATION OF INNER BULK BOUNDARY SET TO  -9.787489721     A FROM PROTEIN. CONTOUR VALUE IS  0.3447850325E-03
 NONFATAL WARNING (watershell2_compute_density): DETECTED 1 POSSIBLE NEIGHBOR LIST MISS. NEIGHBOR LIST FACTOR IS   8.417200000
 MESSAGE (watershell2_main): OUTER BULK BOUNDARY ( -10.28748972    ) IS TOO CLOSE TO SURFACE BOUNDARY ( -10.78213616    ). WILL RECOMPUTE:
 MESSAGE (watershell2_main): LOCATION OF OUTER BULK BOUNDARY SET TO  -10.28570520     A FROM PROTEIN. CONTOUR VALUE IS  0.1349374968E-03
 MESSAGE (watershell2_main): LOCATION OF INNER BULK BOUNDARY SET TO  -9.785705200     A FROM PROTEIN. CONTOUR VALUE IS  0.3459095181E-03
 MESSAGE (watershell2_main): OUTER BULK BOUNDARY ( -10.28570520    ) IS TOO CLOSE TO SURFACE BOUNDARY ( -10.78052173    ). WILL RECOMPUTE:
 MESSAGE (watershell2_main): LOCATION OF OUTER BULK BOUNDARY SET TO  -10.28397738     A FROM PROTEIN. CONTOUR VALUE IS  0.1353907506E-03
 MESSAGE (watershell2_main): LOCATION OF INNER BULK BOUNDARY SET TO  -9.783977376     A FROM PROTEIN. CONTOUR VALUE IS  0.3470015251E-03
 NONFATAL WARNING (watershell2_compute_density): DETECTED 1 POSSIBLE NEIGHBOR LIST MISS. NEIGHBOR LIST FACTOR IS   8.517200000
 MESSAGE (watershell2_main): OUTER BULK BOUNDARY ( -10.28397738    ) IS TOO CLOSE TO SURFACE BOUNDARY ( -10.77890874    ). WILL RECOMPUTE:
 MESSAGE (watershell2_main): LOCATION OF OUTER BULK BOUNDARY SET TO  -10.28228783     A FROM PROTEIN. CONTOUR VALUE IS  0.1358353435E-03
 MESSAGE (watershell2_main): LOCATION OF INNER BULK BOUNDARY SET TO  -9.782287832     A FROM PROTEIN. CONTOUR VALUE IS  0.3480724378E-03
 MESSAGE (watershell2_main): OUTER BULK BOUNDARY ( -10.28228783    ) IS TOO CLOSE TO SURFACE BOUNDARY ( -10.77689251    ). WILL RECOMPUTE:
 MESSAGE (watershell2_main): LOCATION OF OUTER BULK BOUNDARY SET TO  -10.28048939     A FROM PROTEIN. CONTOUR VALUE IS  0.1363100961E-03
 MESSAGE (watershell2_main): LOCATION OF INNER BULK BOUNDARY SET TO  -9.780489393     A FROM PROTEIN. CONTOUR VALUE IS  0.3492157496E-03
 MESSAGE (watershell2_main): OUTER BULK BOUNDARY ( -10.28048939    ) IS TOO CLOSE TO SURFACE BOUNDARY ( -10.77528405    ). WILL RECOMPUTE:
 MESSAGE (watershell2_main): LOCATION OF OUTER BULK BOUNDARY SET TO  -10.27875428     A FROM PROTEIN. CONTOUR VALUE IS  0.1367696076E-03
 MESSAGE (watershell2_main): LOCATION OF INNER BULK BOUNDARY SET TO  -9.778754277     A FROM PROTEIN. CONTOUR VALUE IS  0.3503221139E-03
 MESSAGE (watershell2_main): OUTER BULK BOUNDARY ( -10.27875428    ) IS TOO CLOSE TO SURFACE BOUNDARY ( -10.77367558    ). WILL RECOMPUTE:
 MESSAGE (watershell2_main): LOCATION OF OUTER BULK BOUNDARY SET TO  -10.27706138     A FROM PROTEIN. CONTOUR VALUE IS  0.1372193393E-03
 MESSAGE (watershell2_main): LOCATION OF INNER BULK BOUNDARY SET TO  -9.777061377     A FROM PROTEIN. CONTOUR VALUE IS  0.3514047006E-03
 MESSAGE (watershell2_main): OUTER BULK BOUNDARY ( -10.27706138    ) IS TOO CLOSE TO SURFACE BOUNDARY ( -10.77166607    ). WILL RECOMPUTE:
 MESSAGE (watershell2_main): LOCATION OF OUTER BULK BOUNDARY SET TO  -10.27526294     A FROM PROTEIN. CONTOUR VALUE IS  0.1376986266E-03
 MESSAGE (watershell2_main): LOCATION OF INNER BULK BOUNDARY SET TO  -9.775262942     A FROM PROTEIN. CONTOUR VALUE IS  0.3525581823E-03
 MESSAGE (watershell2_main): OUTER BULK BOUNDARY ( -10.27526294    ) IS TOO CLOSE TO SURFACE BOUNDARY ( -10.77005904    ). WILL RECOMPUTE:
 MESSAGE (watershell2_main): LOCATION OF OUTER BULK BOUNDARY SET TO  -10.27352831     A FROM PROTEIN. CONTOUR VALUE IS  0.1381623977E-03
 MESSAGE (watershell2_main): LOCATION OF INNER BULK BOUNDARY SET TO  -9.773528310     A FROM PROTEIN. CONTOUR VALUE IS  0.3536740766E-03
 MESSAGE (watershell2_main): OUTER BULK BOUNDARY ( -10.27352831    ) IS TOO CLOSE TO SURFACE BOUNDARY ( -10.76845198    ). WILL RECOMPUTE:
 MESSAGE (watershell2_main): LOCATION OF OUTER BULK BOUNDARY SET TO  -10.27183620     A FROM PROTEIN. CONTOUR VALUE IS  0.1386162115E-03
 MESSAGE (watershell2_main): LOCATION OF INNER BULK BOUNDARY SET TO  -9.771836200     A FROM PROTEIN. CONTOUR VALUE IS  0.3547657792E-03
 NONFATAL WARNING (watershell2_compute_density): DETECTED 1 POSSIBLE NEIGHBOR LIST MISS. NEIGHBOR LIST FACTOR IS   8.616600000
 MESSAGE (watershell2_main): OUTER BULK BOUNDARY ( -10.27183620    ) IS TOO CLOSE TO SURFACE BOUNDARY ( -10.76644301    ). WILL RECOMPUTE:
 MESSAGE (watershell2_main): LOCATION OF OUTER BULK BOUNDARY SET TO  -10.27003847     A FROM PROTEIN. CONTOUR VALUE IS  0.1390998835E-03
 MESSAGE (watershell2_main): LOCATION OF INNER BULK BOUNDARY SET TO  -9.770038469     A FROM PROTEIN. CONTOUR VALUE IS  0.3559290568E-03
 MESSAGE (watershell2_main): OUTER BULK BOUNDARY ( -10.27003847    ) IS TOO CLOSE TO SURFACE BOUNDARY ( -10.76483583    ). WILL RECOMPUTE:
 MESSAGE (watershell2_main): LOCATION OF OUTER BULK BOUNDARY SET TO  -10.26830426     A FROM PROTEIN. CONTOUR VALUE IS  0.1395679661E-03
 MESSAGE (watershell2_main): LOCATION OF INNER BULK BOUNDARY SET TO  -9.768304257     A FROM PROTEIN. CONTOUR VALUE IS  0.3570545927E-03
 NONFATAL WARNING (watershell2_compute_density): DETECTED 2 POSSIBLE NEIGHBOR LIST MISSES. NEIGHBOR LIST FACTOR IS   8.716600000
 MESSAGE (watershell2_main): OUTER BULK BOUNDARY ( -10.26830426    ) IS TOO CLOSE TO SURFACE BOUNDARY ( -10.76322683    ). WILL RECOMPUTE:
 MESSAGE (watershell2_main): LOCATION OF OUTER BULK BOUNDARY SET TO  -10.26661178     A FROM PROTEIN. CONTOUR VALUE IS  0.1400262076E-03
 MESSAGE (watershell2_main): LOCATION OF INNER BULK BOUNDARY SET TO  -9.766611781     A FROM PROTEIN. CONTOUR VALUE IS  0.3581562302E-03
 MESSAGE (watershell2_main): OUTER BULK BOUNDARY ( -10.26661178    ) IS TOO CLOSE TO SURFACE BOUNDARY ( -10.76121558    ). WILL RECOMPUTE:
 MESSAGE (watershell2_main): LOCATION OF OUTER BULK BOUNDARY SET TO  -10.26481305     A FROM PROTEIN. CONTOUR VALUE IS  0.1405147655E-03
 MESSAGE (watershell2_main): LOCATION OF INNER BULK BOUNDARY SET TO  -9.764813046     A FROM PROTEIN. CONTOUR VALUE IS  0.3593304949E-03
 MESSAGE (watershell2_main): OUTER BULK BOUNDARY ( -10.26481305    ) IS TOO CLOSE TO SURFACE BOUNDARY ( -10.75960760    ). WILL RECOMPUTE:
 MESSAGE (watershell2_main): LOCATION OF OUTER BULK BOUNDARY SET TO  -10.26307790     A FROM PROTEIN. CONTOUR VALUE IS  0.1409875666E-03
 MESSAGE (watershell2_main): LOCATION OF INNER BULK BOUNDARY SET TO  -9.763077899     A FROM PROTEIN. CONTOUR VALUE IS  0.3604666378E-03
 MESSAGE (watershell2_main): OUTER BULK BOUNDARY ( -10.26307790    ) IS TOO CLOSE TO SURFACE BOUNDARY ( -10.75799998    ). WILL RECOMPUTE:
 MESSAGE (watershell2_main): LOCATION OF OUTER BULK BOUNDARY SET TO  -10.26138526     A FROM PROTEIN. CONTOUR VALUE IS  0.1414502226E-03
 MESSAGE (watershell2_main): LOCATION OF INNER BULK BOUNDARY SET TO  -9.761385259     A FROM PROTEIN. CONTOUR VALUE IS  0.3615781644E-03
 MESSAGE (watershell2_main): OUTER BULK BOUNDARY ( -10.26138526    ) IS TOO CLOSE TO SURFACE BOUNDARY ( -10.75599188    ). WILL RECOMPUTE:
 MESSAGE (watershell2_main): LOCATION OF OUTER BULK BOUNDARY SET TO  -10.25958747     A FROM PROTEIN. CONTOUR VALUE IS  0.1419431795E-03
 MESSAGE (watershell2_main): LOCATION OF INNER BULK BOUNDARY SET TO  -9.759587465     A FROM PROTEIN. CONTOUR VALUE IS  0.3627622317E-03
 NONFATAL WARNING (watershell2_compute_density): DETECTED 1 POSSIBLE NEIGHBOR LIST MISS. NEIGHBOR LIST FACTOR IS   8.816200000
 MESSAGE (watershell2_main): OUTER BULK BOUNDARY ( -10.25958747    ) IS TOO CLOSE TO SURFACE BOUNDARY ( -10.75438712    ). WILL RECOMPUTE:
 MESSAGE (watershell2_main): LOCATION OF OUTER BULK BOUNDARY SET TO  -10.25785402     A FROM PROTEIN. CONTOUR VALUE IS  0.1424200184E-03
 MESSAGE (watershell2_main): LOCATION OF INNER BULK BOUNDARY SET TO  -9.757854016     A FROM PROTEIN. CONTOUR VALUE IS  0.3639073324E-03
 MESSAGE (watershell2_main): OUTER BULK BOUNDARY ( -10.25785402    ) IS TOO CLOSE TO SURFACE BOUNDARY ( -10.75278236    ). WILL RECOMPUTE:
 MESSAGE (watershell2_main): LOCATION OF OUTER BULK BOUNDARY SET TO  -10.25616346     A FROM PROTEIN. CONTOUR VALUE IS  0.1428865040E-03
 MESSAGE (watershell2_main): LOCATION OF INNER BULK BOUNDARY SET TO  -9.756163463     A FROM PROTEIN. CONTOUR VALUE IS  0.3650273314E-03
 NONFATAL WARNING (watershell2_compute_density): DETECTED 1 POSSIBLE NEIGHBOR LIST MISS. NEIGHBOR LIST FACTOR IS   8.916200000
 MESSAGE (watershell2_main): OUTER BULK BOUNDARY ( -10.25616346    ) IS TOO CLOSE TO SURFACE BOUNDARY ( -10.75077794    ). WILL RECOMPUTE:
 MESSAGE (watershell2_main): LOCATION OF OUTER BULK BOUNDARY SET TO  -10.25436829     A FROM PROTEIN. CONTOUR VALUE IS  0.1433834271E-03
 MESSAGE (watershell2_main): LOCATION OF INNER BULK BOUNDARY SET TO  -9.754368287     A FROM PROTEIN. CONTOUR VALUE IS  0.3662201500E-03
 MESSAGE (watershell2_main): OUTER BULK BOUNDARY ( -10.25436829    ) IS TOO CLOSE TO SURFACE BOUNDARY ( -10.74917440    ). WILL RECOMPUTE:
 MESSAGE (watershell2_main): LOCATION OF OUTER BULK BOUNDARY SET TO  -10.25263699     A FROM PROTEIN. CONTOUR VALUE IS  0.1438642024E-03
 MESSAGE (watershell2_main): LOCATION OF INNER BULK BOUNDARY SET TO  -9.752636991     A FROM PROTEIN. CONTOUR VALUE IS  0.3673739536E-03
 MESSAGE (watershell2_main): OUTER BULK BOUNDARY ( -10.25263699    ) IS TOO CLOSE TO SURFACE BOUNDARY ( -10.74757222    ). WILL RECOMPUTE:
 MESSAGE (watershell2_main): LOCATION OF OUTER BULK BOUNDARY SET TO  -10.25094873     A FROM PROTEIN. CONTOUR VALUE IS  0.1443344811E-03
 MESSAGE (watershell2_main): LOCATION OF INNER BULK BOUNDARY SET TO  -9.750948734     A FROM PROTEIN. CONTOUR VALUE IS  0.3685023268E-03
 MESSAGE (watershell2_main): OUTER BULK BOUNDARY ( -10.25094873    ) IS TOO CLOSE TO SURFACE BOUNDARY ( -10.74557006    ). WILL RECOMPUTE:
 MESSAGE (watershell2_main): LOCATION OF OUTER BULK BOUNDARY SET TO  -10.24915584     A FROM PROTEIN. CONTOUR VALUE IS  0.1448354844E-03
 MESSAGE (watershell2_main): LOCATION OF INNER BULK BOUNDARY SET TO  -9.749155844     A FROM PROTEIN. CONTOUR VALUE IS  0.3697041592E-03
 MESSAGE (watershell2_main): OUTER BULK BOUNDARY ( -10.24915584    ) IS TOO CLOSE TO SURFACE BOUNDARY ( -10.74396929    ). WILL RECOMPUTE:
 MESSAGE (watershell2_main): LOCATION OF OUTER BULK BOUNDARY SET TO  -10.24742699     A FROM PROTEIN. CONTOUR VALUE IS  0.1453201369E-03
 MESSAGE (watershell2_main): LOCATION OF INNER BULK BOUNDARY SET TO  -9.747426992     A FROM PROTEIN. CONTOUR VALUE IS  0.3708665137E-03
 NONFATAL WARNING (watershell2_compute_density): DETECTED 1 POSSIBLE NEIGHBOR LIST MISS. NEIGHBOR LIST FACTOR IS   9.015800000
 MESSAGE (watershell2_main): OUTER BULK BOUNDARY ( -10.24742699    ) IS TOO CLOSE TO SURFACE BOUNDARY ( -10.74236946    ). WILL RECOMPUTE:
 MESSAGE (watershell2_main): LOCATION OF OUTER BULK BOUNDARY SET TO  -10.24574115     A FROM PROTEIN. CONTOUR VALUE IS  0.1457941969E-03
 MESSAGE (watershell2_main): LOCATION OF INNER BULK BOUNDARY SET TO  -9.745741147     A FROM PROTEIN. CONTOUR VALUE IS  0.3720032220E-03
 MESSAGE (watershell2_main): OUTER BULK BOUNDARY ( -10.24574115    ) IS TOO CLOSE TO SURFACE BOUNDARY ( -10.74036953    ). WILL RECOMPUTE:
 MESSAGE (watershell2_main): LOCATION OF OUTER BULK BOUNDARY SET TO  -10.24395061     A FROM PROTEIN. CONTOUR VALUE IS  0.1462992844E-03
 MESSAGE (watershell2_main): LOCATION OF INNER BULK BOUNDARY SET TO  -9.743950609     A FROM PROTEIN. CONTOUR VALUE IS  0.3732140667E-03
 MESSAGE (watershell2_main): OUTER BULK BOUNDARY ( -10.24395061    ) IS TOO CLOSE TO SURFACE BOUNDARY ( -10.73876913    ). WILL RECOMPUTE:
 MESSAGE (watershell2_main): LOCATION OF OUTER BULK BOUNDARY SET TO  -10.24222345     A FROM PROTEIN. CONTOUR VALUE IS  0.1467880472E-03
 MESSAGE (watershell2_main): LOCATION OF INNER BULK BOUNDARY SET TO  -9.742223451     A FROM PROTEIN. CONTOUR VALUE IS  0.3743855195E-03
 NONFATAL WARNING (watershell2_compute_density): DETECTED 1 POSSIBLE NEIGHBOR LIST MISS. NEIGHBOR LIST FACTOR IS   9.115600000
 MESSAGE (watershell2_main): OUTER BULK BOUNDARY ( -10.24222345    ) IS TOO CLOSE TO SURFACE BOUNDARY ( -10.73716874    ). WILL RECOMPUTE:
 MESSAGE (watershell2_main): LOCATION OF OUTER BULK BOUNDARY SET TO  -10.24053855     A FROM PROTEIN. CONTOUR VALUE IS  0.1472663275E-03
 MESSAGE (watershell2_main): LOCATION OF INNER BULK BOUNDARY SET TO  -9.740538546     A FROM PROTEIN. CONTOUR VALUE IS  0.3755316048E-03
 MESSAGE (watershell2_main): OUTER BULK BOUNDARY ( -10.24053855    ) IS TOO CLOSE TO SURFACE BOUNDARY ( -10.73516946    ). WILL RECOMPUTE:
 MESSAGE (watershell2_main): LOCATION OF OUTER BULK BOUNDARY SET TO  -10.23874885     A FROM PROTEIN. CONTOUR VALUE IS  0.1477759539E-03
 MESSAGE (watershell2_main): LOCATION OF INNER BULK BOUNDARY SET TO  -9.738748851     A FROM PROTEIN. CONTOUR VALUE IS  0.3767525396E-03
 MESSAGE (watershell2_main): OUTER BULK BOUNDARY ( -10.23874885    ) IS TOO CLOSE TO SURFACE BOUNDARY ( -10.73357028    ). WILL RECOMPUTE:
 MESSAGE (watershell2_main): LOCATION OF OUTER BULK BOUNDARY SET TO  -10.23702266     A FROM PROTEIN. CONTOUR VALUE IS  0.1482690628E-03
 MESSAGE (watershell2_main): LOCATION OF INNER BULK BOUNDARY SET TO  -9.737022661     A FROM PROTEIN. CONTOUR VALUE IS  0.3779336440E-03
 MESSAGE (watershell2_main): OUTER BULK BOUNDARY ( -10.23702266    ) IS TOO CLOSE TO SURFACE BOUNDARY ( -10.73197146    ). WILL RECOMPUTE:
 MESSAGE (watershell2_main): LOCATION OF OUTER BULK BOUNDARY SET TO  -10.23533893     A FROM PROTEIN. CONTOUR VALUE IS  0.1487515290E-03
 MESSAGE (watershell2_main): LOCATION OF INNER BULK BOUNDARY SET TO  -9.735338928     A FROM PROTEIN. CONTOUR VALUE IS  0.3790890115E-03
 NONFATAL WARNING (watershell2_compute_density): DETECTED 1 POSSIBLE NEIGHBOR LIST MISS. NEIGHBOR LIST FACTOR IS   9.215400000
 MESSAGE (watershell2_main): OUTER BULK BOUNDARY ( -10.23533893    ) IS TOO CLOSE TO SURFACE BOUNDARY ( -10.72997339    ). WILL RECOMPUTE:
 MESSAGE (watershell2_main): LOCATION OF OUTER BULK BOUNDARY SET TO  -10.23355041     A FROM PROTEIN. CONTOUR VALUE IS  0.1492656311E-03
 MESSAGE (watershell2_main): LOCATION OF INNER BULK BOUNDARY SET TO  -9.733550414     A FROM PROTEIN. CONTOUR VALUE IS  0.3803198717E-03
 MESSAGE (watershell2_main): OUTER BULK BOUNDARY ( -10.23355041    ) IS TOO CLOSE TO SURFACE BOUNDARY ( -10.72837547    ). WILL RECOMPUTE:
 MESSAGE (watershell2_main): LOCATION OF OUTER BULK BOUNDARY SET TO  -10.23182543     A FROM PROTEIN. CONTOUR VALUE IS  0.1497630486E-03
 MESSAGE (watershell2_main): LOCATION OF INNER BULK BOUNDARY SET TO  -9.731825433     A FROM PROTEIN. CONTOUR VALUE IS  0.3815105255E-03
 MESSAGE (watershell2_main): OUTER BULK BOUNDARY ( -10.23182543    ) IS TOO CLOSE TO SURFACE BOUNDARY ( -10.72677917    ). WILL RECOMPUTE:
 MESSAGE (watershell2_main): LOCATION OF OUTER BULK BOUNDARY SET TO  -10.23014335     A FROM PROTEIN. CONTOUR VALUE IS  0.1502495928E-03
 MESSAGE (watershell2_main): LOCATION OF INNER BULK BOUNDARY SET TO  -9.730143347     A FROM PROTEIN. CONTOUR VALUE IS  0.3826749050E-03
 MESSAGE (watershell2_main): OUTER BULK BOUNDARY ( -10.23014335    ) IS TOO CLOSE TO SURFACE BOUNDARY ( -10.72478380    ). WILL RECOMPUTE:
 MESSAGE (watershell2_main): LOCATION OF OUTER BULK BOUNDARY SET TO  -10.22835683     A FROM PROTEIN. CONTOUR VALUE IS  0.1507679650E-03
 MESSAGE (watershell2_main): LOCATION OF INNER BULK BOUNDARY SET TO  -9.728356833     A FROM PROTEIN. CONTOUR VALUE IS  0.3839151862E-03
 MESSAGE (watershell2_main): OUTER BULK BOUNDARY ( -10.22835683    ) IS TOO CLOSE TO SURFACE BOUNDARY ( -10.72318749    ). WILL RECOMPUTE:
 MESSAGE (watershell2_main): LOCATION OF OUTER BULK BOUNDARY SET TO  -10.22663372     A FROM PROTEIN. CONTOUR VALUE IS  0.1512695285E-03
 MESSAGE (watershell2_main): LOCATION OF INNER BULK BOUNDARY SET TO  -9.726633720     A FROM PROTEIN. CONTOUR VALUE IS  0.3851149882E-03
 MESSAGE (watershell2_main): OUTER BULK BOUNDARY ( -10.22663372    ) IS TOO CLOSE TO SURFACE BOUNDARY ( -10.72159118    ). WILL RECOMPUTE:
 MESSAGE (watershell2_main): LOCATION OF OUTER BULK BOUNDARY SET TO  -10.22495287     A FROM PROTEIN. CONTOUR VALUE IS  0.1517602954E-03
 MESSAGE (watershell2_main): LOCATION OF INNER BULK BOUNDARY SET TO  -9.724952874     A FROM PROTEIN. CONTOUR VALUE IS  0.3862887143E-03
 MESSAGE (watershell2_main): OUTER BULK BOUNDARY ( -10.22495287    ) IS TOO CLOSE TO SURFACE BOUNDARY ( -10.71959649    ). WILL RECOMPUTE:
 MESSAGE (watershell2_main): LOCATION OF OUTER BULK BOUNDARY SET TO  -10.22316741     A FROM PROTEIN. CONTOUR VALUE IS  0.1522832418E-03
 MESSAGE (watershell2_main): LOCATION OF INNER BULK BOUNDARY SET TO  -9.723167413     A FROM PROTEIN. CONTOUR VALUE IS  0.3875391318E-03
 MESSAGE (watershell2_main): OUTER BULK BOUNDARY ( -10.22316741    ) IS TOO CLOSE TO SURFACE BOUNDARY ( -10.71800111    ). WILL RECOMPUTE:
 MESSAGE (watershell2_main): LOCATION OF OUTER BULK BOUNDARY SET TO  -10.22144531     A FROM PROTEIN. CONTOUR VALUE IS  0.1527892306E-03
 MESSAGE (watershell2_main): LOCATION OF INNER BULK BOUNDARY SET TO  -9.721445310     A FROM PROTEIN. CONTOUR VALUE IS  0.3887487375E-03
 MESSAGE (watershell2_main): OUTER BULK BOUNDARY ( -10.22144531    ) IS TOO CLOSE TO SURFACE BOUNDARY ( -10.71640586    ). WILL RECOMPUTE:
 MESSAGE (watershell2_main): LOCATION OF OUTER BULK BOUNDARY SET TO  -10.21976549     A FROM PROTEIN. CONTOUR VALUE IS  0.1532843130E-03
 MESSAGE (watershell2_main): LOCATION OF INNER BULK BOUNDARY SET TO  -9.719765493     A FROM PROTEIN. CONTOUR VALUE IS  0.3899320202E-03
 MESSAGE (watershell2_main): OUTER BULK BOUNDARY ( -10.21976549    ) IS TOO CLOSE TO SURFACE BOUNDARY ( -10.71441230    ). WILL RECOMPUTE:
 MESSAGE (watershell2_main): LOCATION OF OUTER BULK BOUNDARY SET TO  -10.21798110     A FROM PROTEIN. CONTOUR VALUE IS  0.1538118639E-03
 MESSAGE (watershell2_main): LOCATION OF INNER BULK BOUNDARY SET TO  -9.717981096     A FROM PROTEIN. CONTOUR VALUE IS  0.3911926329E-03
 MESSAGE (watershell2_main): OUTER BULK BOUNDARY ( -10.21798110    ) IS TOO CLOSE TO SURFACE BOUNDARY ( -10.71281746    ). WILL RECOMPUTE:
 MESSAGE (watershell2_main): LOCATION OF OUTER BULK BOUNDARY SET TO  -10.21625988     A FROM PROTEIN. CONTOUR VALUE IS  0.1543223464E-03
 MESSAGE (watershell2_main): LOCATION OF INNER BULK BOUNDARY SET TO  -9.716259883     A FROM PROTEIN. CONTOUR VALUE IS  0.3924121934E-03
 MESSAGE (watershell2_main): OUTER BULK BOUNDARY ( -10.21625988    ) IS TOO CLOSE TO SURFACE BOUNDARY ( -10.71122409    ). WILL RECOMPUTE:
 MESSAGE (watershell2_main): LOCATION OF OUTER BULK BOUNDARY SET TO  -10.21458128     A FROM PROTEIN. CONTOUR VALUE IS  0.1548217193E-03
 MESSAGE (watershell2_main): LOCATION OF INNER BULK BOUNDARY SET TO  -9.714581284     A FROM PROTEIN. CONTOUR VALUE IS  0.3936049601E-03
 MESSAGE (watershell2_main): OUTER BULK BOUNDARY ( -10.21458128    ) IS TOO CLOSE TO SURFACE BOUNDARY ( -10.70923237    ). WILL RECOMPUTE:
 MESSAGE (watershell2_main): LOCATION OF OUTER BULK BOUNDARY SET TO  -10.21279831     A FROM PROTEIN. CONTOUR VALUE IS  0.1553538003E-03
 MESSAGE (watershell2_main): LOCATION OF INNER BULK BOUNDARY SET TO  -9.712798313     A FROM PROTEIN. CONTOUR VALUE IS  0.3948755773E-03
 MESSAGE (watershell2_main): OUTER BULK BOUNDARY ( -10.21279831    ) IS TOO CLOSE TO SURFACE BOUNDARY ( -10.70764060    ). WILL RECOMPUTE:
 MESSAGE (watershell2_main): LOCATION OF OUTER BULK BOUNDARY SET TO  -10.21107907     A FROM PROTEIN. CONTOUR VALUE IS  0.1558684844E-03
 MESSAGE (watershell2_main): LOCATION OF INNER BULK BOUNDARY SET TO  -9.711079075     A FROM PROTEIN. CONTOUR VALUE IS  0.3961043823E-03
 MESSAGE (watershell2_main): OUTER BULK BOUNDARY ( -10.21107907    ) IS TOO CLOSE TO SURFACE BOUNDARY ( -10.70604936    ). WILL RECOMPUTE:
 MESSAGE (watershell2_main): LOCATION OF OUTER BULK BOUNDARY SET TO  -10.20940250     A FROM PROTEIN. CONTOUR VALUE IS  0.1563719341E-03
 MESSAGE (watershell2_main): LOCATION OF INNER BULK BOUNDARY SET TO  -9.709402502     A FROM PROTEIN. CONTOUR VALUE IS  0.3973061113E-03
 MESSAGE (watershell2_main): OUTER BULK BOUNDARY ( -10.20940250    ) IS TOO CLOSE TO SURFACE BOUNDARY ( -10.70406122    ). WILL RECOMPUTE:
 MESSAGE (watershell2_main): LOCATION OF OUTER BULK BOUNDARY SET TO  -10.20762207     A FROM PROTEIN. CONTOUR VALUE IS  0.1569082381E-03
 MESSAGE (watershell2_main): LOCATION OF INNER BULK BOUNDARY SET TO  -9.707622074     A FROM PROTEIN. CONTOUR VALUE IS  0.3985859873E-03
 MESSAGE (watershell2_main): OUTER BULK BOUNDARY ( -10.20762207    ) IS TOO CLOSE TO SURFACE BOUNDARY ( -10.70247180    ). WILL RECOMPUTE:
 MESSAGE (watershell2_main): LOCATION OF OUTER BULK BOUNDARY SET TO  -10.20590532     A FROM PROTEIN. CONTOUR VALUE IS  0.1574269948E-03
 MESSAGE (watershell2_main): LOCATION OF INNER BULK BOUNDARY SET TO  -9.705905317     A FROM PROTEIN. CONTOUR VALUE IS  0.3998237178E-03
 NONFATAL WARNING (watershell2_compute_density): DETECTED 1 POSSIBLE NEIGHBOR LIST MISS. NEIGHBOR LIST FACTOR IS   9.313600000
 MESSAGE (watershell2_main): OUTER BULK BOUNDARY ( -10.20590532    ) IS TOO CLOSE TO SURFACE BOUNDARY ( -10.70088238    ). WILL RECOMPUTE:
 MESSAGE (watershell2_main): LOCATION OF OUTER BULK BOUNDARY SET TO  -10.20423101     A FROM PROTEIN. CONTOUR VALUE IS  0.1579344727E-03
 MESSAGE (watershell2_main): LOCATION OF INNER BULK BOUNDARY SET TO  -9.704231006     A FROM PROTEIN. CONTOUR VALUE IS  0.4010342818E-03
 MESSAGE (watershell2_main): OUTER BULK BOUNDARY ( -10.20423101    ) IS TOO CLOSE TO SURFACE BOUNDARY ( -10.69889670    ). WILL RECOMPUTE:
 MESSAGE (watershell2_main): LOCATION OF OUTER BULK BOUNDARY SET TO  -10.20245290     A FROM PROTEIN. CONTOUR VALUE IS  0.1584750872E-03
 MESSAGE (watershell2_main): LOCATION OF INNER BULK BOUNDARY SET TO  -9.702452904     A FROM PROTEIN. CONTOUR VALUE IS  0.4023236145E-03
 MESSAGE (watershell2_main): OUTER BULK BOUNDARY ( -10.20245290    ) IS TOO CLOSE TO SURFACE BOUNDARY ( -10.69730815    ). WILL RECOMPUTE:
 MESSAGE (watershell2_main): LOCATION OF OUTER BULK BOUNDARY SET TO  -10.20073799     A FROM PROTEIN. CONTOUR VALUE IS  0.1589981331E-03
 MESSAGE (watershell2_main): LOCATION OF INNER BULK BOUNDARY SET TO  -9.700737987     A FROM PROTEIN. CONTOUR VALUE IS  0.4035707757E-03
 MESSAGE (watershell2_main): OUTER BULK BOUNDARY ( -10.20073799    ) IS TOO CLOSE TO SURFACE BOUNDARY ( -10.69572009    ). WILL RECOMPUTE:
 MESSAGE (watershell2_main): LOCATION OF OUTER BULK BOUNDARY SET TO  -10.19906535     A FROM PROTEIN. CONTOUR VALUE IS  0.1595098401E-03
 MESSAGE (watershell2_main): LOCATION OF INNER BULK BOUNDARY SET TO  -9.699065354     A FROM PROTEIN. CONTOUR VALUE IS  0.4047906427E-03
 MESSAGE (watershell2_main): OUTER BULK BOUNDARY ( -10.19906535    ) IS TOO CLOSE TO SURFACE BOUNDARY ( -10.69373521    ). WILL RECOMPUTE:
 MESSAGE (watershell2_main): LOCATION OF OUTER BULK BOUNDARY SET TO  -10.19728864     A FROM PROTEIN. CONTOUR VALUE IS  0.1600550784E-03
 MESSAGE (watershell2_main): LOCATION OF INNER BULK BOUNDARY SET TO  -9.697288639     A FROM PROTEIN. CONTOUR VALUE IS  0.4060901666E-03
 MESSAGE (watershell2_main): OUTER BULK BOUNDARY ( -10.19728864    ) IS TOO CLOSE TO SURFACE BOUNDARY ( -10.69214798    ). WILL RECOMPUTE:
 MESSAGE (watershell2_main): LOCATION OF OUTER BULK BOUNDARY SET TO  -10.19557509     A FROM PROTEIN. CONTOUR VALUE IS  0.1605825868E-03
 MESSAGE (watershell2_main): LOCATION OF INNER BULK BOUNDARY SET TO  -9.695575087     A FROM PROTEIN. CONTOUR VALUE IS  0.4073471597E-03
 MESSAGE (watershell2_main): OUTER BULK BOUNDARY ( -10.19557509    ) IS TOO CLOSE TO SURFACE BOUNDARY ( -10.69056143    ). WILL RECOMPUTE:
 MESSAGE (watershell2_main): LOCATION OF OUTER BULK BOUNDARY SET TO  -10.19390387     A FROM PROTEIN. CONTOUR VALUE IS  0.1610986312E-03
 MESSAGE (watershell2_main): LOCATION OF INNER BULK BOUNDARY SET TO  -9.693903869     A FROM PROTEIN. CONTOUR VALUE IS  0.4085765760E-03
 MESSAGE (watershell2_main): OUTER BULK BOUNDARY ( -10.19390387    ) IS TOO CLOSE TO SURFACE BOUNDARY ( -10.68857920    ). WILL RECOMPUTE:
 MESSAGE (watershell2_main): LOCATION OF OUTER BULK BOUNDARY SET TO  -10.19212898     A FROM PROTEIN. CONTOUR VALUE IS  0.1616483881E-03
 MESSAGE (watershell2_main): LOCATION OF INNER BULK BOUNDARY SET TO  -9.692128981     A FROM PROTEIN. CONTOUR VALUE IS  0.4098860275E-03
 MESSAGE (watershell2_main): OUTER BULK BOUNDARY ( -10.19212898    ) IS TOO CLOSE TO SURFACE BOUNDARY ( -10.68699648    ). WILL RECOMPUTE:
 MESSAGE (watershell2_main): LOCATION OF OUTER BULK BOUNDARY SET TO  -10.19041815     A FROM PROTEIN. CONTOUR VALUE IS  0.1621799675E-03
 MESSAGE (watershell2_main): LOCATION OF INNER BULK BOUNDARY SET TO  -9.690418147     A FROM PROTEIN. CONTOUR VALUE IS  0.4111519078E-03
 MESSAGE (watershell2_main): OUTER BULK BOUNDARY ( -10.19041815    ) IS TOO CLOSE TO SURFACE BOUNDARY ( -10.68541376    ). WILL RECOMPUTE:
 MESSAGE (watershell2_main): LOCATION OF OUTER BULK BOUNDARY SET TO  -10.18875002     A FROM PROTEIN. CONTOUR VALUE IS  0.1626998549E-03
 MESSAGE (watershell2_main): LOCATION OF INNER BULK BOUNDARY SET TO  -9.688750017     A FROM PROTEIN. CONTOUR VALUE IS  0.4123896845E-03
 MESSAGE (watershell2_main): OUTER BULK BOUNDARY ( -10.18875002    ) IS TOO CLOSE TO SURFACE BOUNDARY ( -10.68343909    ). WILL RECOMPUTE:
 MESSAGE (watershell2_main): LOCATION OF OUTER BULK BOUNDARY SET TO  -10.18697971     A FROM PROTEIN. CONTOUR VALUE IS  0.1632532946E-03
 MESSAGE (watershell2_main): LOCATION OF INNER BULK BOUNDARY SET TO  -9.686979707     A FROM PROTEIN. CONTOUR VALUE IS  0.4137070623E-03
 MESSAGE (watershell2_main): OUTER BULK BOUNDARY ( -10.18697971    ) IS TOO CLOSE TO SURFACE BOUNDARY ( -10.68186010    ). WILL RECOMPUTE:
 MESSAGE (watershell2_main): LOCATION OF OUTER BULK BOUNDARY SET TO  -10.18527317     A FROM PROTEIN. CONTOUR VALUE IS  0.1637884658E-03
 MESSAGE (watershell2_main): LOCATION OF INNER BULK BOUNDARY SET TO  -9.685273171     A FROM PROTEIN. CONTOUR VALUE IS  0.4149806790E-03
 NONFATAL WARNING (watershell2_compute_density): DETECTED 1 POSSIBLE NEIGHBOR LIST MISS. NEIGHBOR LIST FACTOR IS   9.412400000
 MESSAGE (watershell2_main): OUTER BULK BOUNDARY ( -10.18527317    ) IS TOO CLOSE TO SURFACE BOUNDARY ( -10.67988614    ). WILL RECOMPUTE:
 MESSAGE (watershell2_main): LOCATION OF OUTER BULK BOUNDARY SET TO  -10.18347749     A FROM PROTEIN. CONTOUR VALUE IS  0.1643533660E-03
 MESSAGE (watershell2_main): LOCATION OF INNER BULK BOUNDARY SET TO  -9.683477493     A FROM PROTEIN. CONTOUR VALUE IS  0.4163247524E-03
 MESSAGE (watershell2_main): OUTER BULK BOUNDARY ( -10.18347749    ) IS TOO CLOSE TO SURFACE BOUNDARY ( -10.67830684    ). WILL RECOMPUTE:
 MESSAGE (watershell2_main): LOCATION OF OUTER BULK BOUNDARY SET TO  -10.18175394     A FROM PROTEIN. CONTOUR VALUE IS  0.1648972911E-03
 MESSAGE (watershell2_main): LOCATION OF INNER BULK BOUNDARY SET TO  -9.681753944     A FROM PROTEIN. CONTOUR VALUE IS  0.4176186359E-03
 MESSAGE (watershell2_main): OUTER BULK BOUNDARY ( -10.18175394    ) IS TOO CLOSE TO SURFACE BOUNDARY ( -10.67672785    ). WILL RECOMPUTE:
 MESSAGE (watershell2_main): LOCATION OF OUTER BULK BOUNDARY SET TO  -10.18007858     A FROM PROTEIN. CONTOUR VALUE IS  0.1654276253E-03
 MESSAGE (watershell2_main): LOCATION OF INNER BULK BOUNDARY SET TO  -9.680078579     A FROM PROTEIN. CONTOUR VALUE IS  0.4188799225E-03
 MESSAGE (watershell2_main): OUTER BULK BOUNDARY ( -10.18007858    ) IS TOO CLOSE TO SURFACE BOUNDARY ( -10.67475522    ). WILL RECOMPUTE:
 MESSAGE (watershell2_main): LOCATION OF OUTER BULK BOUNDARY SET TO  -10.17830413     A FROM PROTEIN. CONTOUR VALUE IS  0.1659910674E-03
 MESSAGE (watershell2_main): LOCATION OF INNER BULK BOUNDARY SET TO  -9.678304127     A FROM PROTEIN. CONTOUR VALUE IS  0.4202196612E-03
 MESSAGE (watershell2_main): OUTER BULK BOUNDARY ( -10.17830413    ) IS TOO CLOSE TO SURFACE BOUNDARY ( -10.67317712    ). WILL RECOMPUTE:
 MESSAGE (watershell2_main): LOCATION OF OUTER BULK BOUNDARY SET TO  -10.17659512     A FROM PROTEIN. CONTOUR VALUE IS  0.1665354258E-03
 MESSAGE (watershell2_main): LOCATION OF INNER BULK BOUNDARY SET TO  -9.676595124     A FROM PROTEIN. CONTOUR VALUE IS  0.4215137424E-03
 MESSAGE (watershell2_main): OUTER BULK BOUNDARY ( -10.17659512    ) IS TOO CLOSE TO SURFACE BOUNDARY ( -10.67120515    ). WILL RECOMPUTE:
 MESSAGE (watershell2_main): LOCATION OF OUTER BULK BOUNDARY SET TO  -10.17479846     A FROM PROTEIN. CONTOUR VALUE IS  0.1671095074E-03
 MESSAGE (watershell2_main): LOCATION OF INNER BULK BOUNDARY SET TO  -9.674798464     A FROM PROTEIN. CONTOUR VALUE IS  0.4228781852E-03
 MESSAGE (watershell2_main): OUTER BULK BOUNDARY ( -10.17479846    ) IS TOO CLOSE TO SURFACE BOUNDARY ( -10.66962757    ). WILL RECOMPUTE:
 MESSAGE (watershell2_main): LOCATION OF OUTER BULK BOUNDARY SET TO  -10.17307483     A FROM PROTEIN. CONTOUR VALUE IS  0.1676619961E-03
 MESSAGE (watershell2_main): LOCATION OF INNER BULK BOUNDARY SET TO  -9.673074832     A FROM PROTEIN. CONTOUR VALUE IS  0.4241910196E-03
 MESSAGE (watershell2_main): OUTER BULK BOUNDARY ( -10.17307483    ) IS TOO CLOSE TO SURFACE BOUNDARY ( -10.66805216    ). WILL RECOMPUTE:
 MESSAGE (watershell2_main): LOCATION OF OUTER BULK BOUNDARY SET TO  -10.17140061     A FROM PROTEIN. CONTOUR VALUE IS  0.1682002854E-03
 MESSAGE (watershell2_main): LOCATION OF INNER BULK BOUNDARY SET TO  -9.671400607     A FROM PROTEIN. CONTOUR VALUE IS  0.4254698422E-03
 MESSAGE (watershell2_main): OUTER BULK BOUNDARY ( -10.17140061    ) IS TOO CLOSE TO SURFACE BOUNDARY ( -10.66608379    ). WILL RECOMPUTE:
 MESSAGE (watershell2_main): LOCATION OF OUTER BULK BOUNDARY SET TO  -10.16962834     A FROM PROTEIN. CONTOUR VALUE IS  0.1687718606E-03
 MESSAGE (watershell2_main): LOCATION OF INNER BULK BOUNDARY SET TO  -9.669628336     A FROM PROTEIN. CONTOUR VALUE IS  0.4268274515E-03
 MESSAGE (watershell2_main): OUTER BULK BOUNDARY ( -10.16962834    ) IS TOO CLOSE TO SURFACE BOUNDARY ( -10.66451070    ). WILL RECOMPUTE:
 MESSAGE (watershell2_main): LOCATION OF OUTER BULK BOUNDARY SET TO  -10.16792246     A FROM PROTEIN. CONTOUR VALUE IS  0.1693237414E-03
 MESSAGE (watershell2_main): LOCATION OF INNER BULK BOUNDARY SET TO  -9.667922456     A FROM PROTEIN. CONTOUR VALUE IS  0.4281379983E-03
 MESSAGE (watershell2_main): OUTER BULK BOUNDARY ( -10.16792246    ) IS TOO CLOSE TO SURFACE BOUNDARY ( -10.66254632    ). WILL RECOMPUTE:
 MESSAGE (watershell2_main): LOCATION OF OUTER BULK BOUNDARY SET TO  -10.16613041     A FROM PROTEIN. CONTOUR VALUE IS  0.1699053184E-03
 MESSAGE (watershell2_main): LOCATION OF INNER BULK BOUNDARY SET TO  -9.666130410     A FROM PROTEIN. CONTOUR VALUE IS  0.4295187635E-03
 MESSAGE (watershell2_main): OUTER BULK BOUNDARY ( -10.16613041    ) IS TOO CLOSE TO SURFACE BOUNDARY ( -10.66097527    ). WILL RECOMPUTE:
 MESSAGE (watershell2_main): LOCATION OF OUTER BULK BOUNDARY SET TO  -10.16441203     A FROM PROTEIN. CONTOUR VALUE IS  0.1704647447E-03
 MESSAGE (watershell2_main): LOCATION OF INNER BULK BOUNDARY SET TO  -9.664412029     A FROM PROTEIN. CONTOUR VALUE IS  0.4308466487E-03
 MESSAGE (watershell2_main): OUTER BULK BOUNDARY ( -10.16441203    ) IS TOO CLOSE TO SURFACE BOUNDARY ( -10.65940558    ). WILL RECOMPUTE:
 MESSAGE (watershell2_main): LOCATION OF OUTER BULK BOUNDARY SET TO  -10.16274321     A FROM PROTEIN. CONTOUR VALUE IS  0.1710096854E-03
 MESSAGE (watershell2_main): LOCATION OF INNER BULK BOUNDARY SET TO  -9.662743212     A FROM PROTEIN. CONTOUR VALUE IS  0.4321398772E-03
 MESSAGE (watershell2_main): OUTER BULK BOUNDARY ( -10.16274321    ) IS TOO CLOSE TO SURFACE BOUNDARY ( -10.65744347    ). WILL RECOMPUTE:
 MESSAGE (watershell2_main): LOCATION OF OUTER BULK BOUNDARY SET TO  -10.16097663     A FROM PROTEIN. CONTOUR VALUE IS  0.1715883273E-03
 MESSAGE (watershell2_main): LOCATION OF INNER BULK BOUNDARY SET TO  -9.660976631     A FROM PROTEIN. CONTOUR VALUE IS  0.4335127900E-03
 MESSAGE (watershell2_main): OUTER BULK BOUNDARY ( -10.16097663    ) IS TOO CLOSE TO SURFACE BOUNDARY ( -10.65587562    ). WILL RECOMPUTE:
 MESSAGE (watershell2_main): LOCATION OF OUTER BULK BOUNDARY SET TO  -10.15927630     A FROM PROTEIN. CONTOUR VALUE IS  0.1721470015E-03
 MESSAGE (watershell2_main): LOCATION OF INNER BULK BOUNDARY SET TO  -9.659276296     A FROM PROTEIN. CONTOUR VALUE IS  0.4348380403E-03
 MESSAGE (watershell2_main): OUTER BULK BOUNDARY ( -10.15927630    ) IS TOO CLOSE TO SURFACE BOUNDARY ( -10.65391582    ). WILL RECOMPUTE:
 MESSAGE (watershell2_main): LOCATION OF OUTER BULK BOUNDARY SET TO  -10.15748947     A FROM PROTEIN. CONTOUR VALUE IS  0.1727359284E-03
 MESSAGE (watershell2_main): LOCATION OF INNER BULK BOUNDARY SET TO  -9.657489470     A FROM PROTEIN. CONTOUR VALUE IS  0.4362347505E-03
 MESSAGE (watershell2_main): OUTER BULK BOUNDARY ( -10.15748947    ) IS TOO CLOSE TO SURFACE BOUNDARY ( -10.65234970    ). WILL RECOMPUTE:
 MESSAGE (watershell2_main): LOCATION OF OUTER BULK BOUNDARY SET TO  -10.15577621     A FROM PROTEIN. CONTOUR VALUE IS  0.1733023785E-03
 MESSAGE (watershell2_main): LOCATION OF INNER BULK BOUNDARY SET TO  -9.655776212     A FROM PROTEIN. CONTOUR VALUE IS  0.4375778615E-03
 MESSAGE (watershell2_main): OUTER BULK BOUNDARY ( -10.15577621    ) IS TOO CLOSE TO SURFACE BOUNDARY ( -10.65039276    ). WILL RECOMPUTE:
 MESSAGE (watershell2_main): LOCATION OF OUTER BULK BOUNDARY SET TO  -10.15398173     A FROM PROTEIN. CONTOUR VALUE IS  0.1738975482E-03
 MESSAGE (watershell2_main): LOCATION OF INNER BULK BOUNDARY SET TO  -9.653981729     A FROM PROTEIN. CONTOUR VALUE IS  0.4389887610E-03
 MESSAGE (watershell2_main): OUTER BULK BOUNDARY ( -10.15398173    ) IS TOO CLOSE TO SURFACE BOUNDARY ( -10.64882754    ). WILL RECOMPUTE:
 MESSAGE (watershell2_main): LOCATION OF OUTER BULK BOUNDARY SET TO  -10.15226367     A FROM PROTEIN. CONTOUR VALUE IS  0.1744691643E-03
 MESSAGE (watershell2_main): LOCATION OF INNER BULK BOUNDARY SET TO  -9.652263666     A FROM PROTEIN. CONTOUR VALUE IS  0.4403435284E-03
 MESSAGE (watershell2_main): OUTER BULK BOUNDARY ( -10.15226367    ) IS TOO CLOSE TO SURFACE BOUNDARY ( -10.64726264    ). WILL RECOMPUTE:
 MESSAGE (watershell2_main): LOCATION OF OUTER BULK BOUNDARY SET TO  -10.15059666     A FROM PROTEIN. CONTOUR VALUE IS  0.1750254748E-03
 MESSAGE (watershell2_main): LOCATION OF INNER BULK BOUNDARY SET TO  -9.650596658     A FROM PROTEIN. CONTOUR VALUE IS  0.4416617426E-03
 MESSAGE (watershell2_main): OUTER BULK BOUNDARY ( -10.15059666    ) IS TOO CLOSE TO SURFACE BOUNDARY ( -10.64530699    ). WILL RECOMPUTE:
 MESSAGE (watershell2_main): LOCATION OF OUTER BULK BOUNDARY SET TO  -10.14883344     A FROM PROTEIN. CONTOUR VALUE IS  0.1756157006E-03
 MESSAGE (watershell2_main): LOCATION OF INNER BULK BOUNDARY SET TO  -9.648833435     A FROM PROTEIN. CONTOUR VALUE IS  0.4430600225E-03
 MESSAGE (watershell2_main): OUTER BULK BOUNDARY ( -10.14883344    ) IS TOO CLOSE TO SURFACE BOUNDARY ( -10.64374397    ). WILL RECOMPUTE:
 MESSAGE (watershell2_main): LOCATION OF OUTER BULK BOUNDARY SET TO  -10.14713695     A FROM PROTEIN. CONTOUR VALUE IS  0.1761853457E-03
 MESSAGE (watershell2_main): LOCATION OF INNER BULK BOUNDARY SET TO  -9.647136947     A FROM PROTEIN. CONTOUR VALUE IS  0.4444092544E-03
 MESSAGE (watershell2_main): OUTER BULK BOUNDARY ( -10.14713695    ) IS TOO CLOSE TO SURFACE BOUNDARY ( -10.64179020    ). WILL RECOMPUTE:
 MESSAGE (watershell2_main): LOCATION OF OUTER BULK BOUNDARY SET TO  -10.14535470     A FROM PROTEIN. CONTOUR VALUE IS  0.1767856503E-03
 MESSAGE (watershell2_main): LOCATION OF INNER BULK BOUNDARY SET TO  -9.645354698     A FROM PROTEIN. CONTOUR VALUE IS  0.4458307967E-03
 MESSAGE (watershell2_main): OUTER BULK BOUNDARY ( -10.14535470    ) IS TOO CLOSE TO SURFACE BOUNDARY ( -10.64022757    ). WILL RECOMPUTE:
 MESSAGE (watershell2_main): LOCATION OF OUTER BULK BOUNDARY SET TO  -10.14364566     A FROM PROTEIN. CONTOUR VALUE IS  0.1773630942E-03
 MESSAGE (watershell2_main): LOCATION OF INNER BULK BOUNDARY SET TO  -9.643645657     A FROM PROTEIN. CONTOUR VALUE IS  0.4471979068E-03
 MESSAGE (watershell2_main): OUTER BULK BOUNDARY ( -10.14364566    ) IS TOO CLOSE TO SURFACE BOUNDARY ( -10.63827429    ). WILL RECOMPUTE:
 MESSAGE (watershell2_main): LOCATION OF OUTER BULK BOUNDARY SET TO  -10.14185520     A FROM PROTEIN. CONTOUR VALUE IS  0.1779699388E-03
 MESSAGE (watershell2_main): LOCATION OF INNER BULK BOUNDARY SET TO  -9.641855203     A FROM PROTEIN. CONTOUR VALUE IS  0.4486343105E-03
 MESSAGE (watershell2_main): OUTER BULK BOUNDARY ( -10.14185520    ) IS TOO CLOSE TO SURFACE BOUNDARY ( -10.63671114    ). WILL RECOMPUTE:
 MESSAGE (watershell2_main): LOCATION OF OUTER BULK BOUNDARY SET TO  -10.14014052     A FROM PROTEIN. CONTOUR VALUE IS  0.1785529246E-03
 MESSAGE (watershell2_main): LOCATION OF INNER BULK BOUNDARY SET TO  -9.640140516     A FROM PROTEIN. CONTOUR VALUE IS  0.4500139387E-03
 MESSAGE (watershell2_main): OUTER BULK BOUNDARY ( -10.14014052    ) IS TOO CLOSE TO SURFACE BOUNDARY ( -10.63475698    ). WILL RECOMPUTE:
 MESSAGE (watershell2_main): LOCATION OF OUTER BULK BOUNDARY SET TO  -10.13834600     A FROM PROTEIN. CONTOUR VALUE IS  0.1791649640E-03
 MESSAGE (watershell2_main): LOCATION OF INNER BULK BOUNDARY SET TO  -9.638346005     A FROM PROTEIN. CONTOUR VALUE IS  0.4514620054E-03
 MESSAGE (watershell2_main): OUTER BULK BOUNDARY ( -10.13834600    ) IS TOO CLOSE TO SURFACE BOUNDARY ( -10.63319341    ). WILL RECOMPUTE:
 MESSAGE (watershell2_main): LOCATION OF OUTER BULK BOUNDARY SET TO  -10.13662847     A FROM PROTEIN. CONTOUR VALUE IS  0.1797525871E-03
 MESSAGE (watershell2_main): LOCATION OF INNER BULK BOUNDARY SET TO  -9.636628473     A FROM PROTEIN. CONTOUR VALUE IS  0.4528519996E-03
 MESSAGE (watershell2_main): OUTER BULK BOUNDARY ( -10.13662847    ) IS TOO CLOSE TO SURFACE BOUNDARY ( -10.63123864    ). WILL RECOMPUTE:
 MESSAGE (watershell2_main): LOCATION OF OUTER BULK BOUNDARY SET TO  -10.13483186     A FROM PROTEIN. CONTOUR VALUE IS  0.1803691961E-03
 MESSAGE (watershell2_main): LOCATION OF INNER BULK BOUNDARY SET TO  -9.634831860     A FROM PROTEIN. CONTOUR VALUE IS  0.4543102392E-03
 MESSAGE (watershell2_main): OUTER BULK BOUNDARY ( -10.13483186    ) IS TOO CLOSE TO SURFACE BOUNDARY ( -10.62967538    ). WILL RECOMPUTE:
 MESSAGE (watershell2_main): LOCATION OF OUTER BULK BOUNDARY SET TO  -10.13311304     A FROM PROTEIN. CONTOUR VALUE IS  0.1809609602E-03
 MESSAGE (watershell2_main): LOCATION OF INNER BULK BOUNDARY SET TO  -9.633113035     A FROM PROTEIN. CONTOUR VALUE IS  0.4557094159E-03
 MESSAGE (watershell2_main): OUTER BULK BOUNDARY ( -10.13311304    ) IS TOO CLOSE TO SURFACE BOUNDARY ( -10.62772345    ). WILL RECOMPUTE:
 MESSAGE (watershell2_main): LOCATION OF OUTER BULK BOUNDARY SET TO  -10.13131651     A FROM PROTEIN. CONTOUR VALUE IS  0.1815814176E-03
 MESSAGE (watershell2_main): LOCATION OF INNER BULK BOUNDARY SET TO  -9.631316508     A FROM PROTEIN. CONTOUR VALUE IS  0.4571761138E-03
 MESSAGE (watershell2_main): OUTER BULK BOUNDARY ( -10.13131651    ) IS TOO CLOSE TO SURFACE BOUNDARY ( -10.62616191    ). WILL RECOMPUTE:
 MESSAGE (watershell2_main): LOCATION OF OUTER BULK BOUNDARY SET TO  -10.12959831     A FROM PROTEIN. CONTOUR VALUE IS  0.1821766853E-03
 MESSAGE (watershell2_main): LOCATION OF INNER BULK BOUNDARY SET TO  -9.629598308     A FROM PROTEIN. CONTOUR VALUE IS  0.4585829580E-03
 MESSAGE (watershell2_main): OUTER BULK BOUNDARY ( -10.12959831    ) IS TOO CLOSE TO SURFACE BOUNDARY ( -10.62421019    ). WILL RECOMPUTE:
 MESSAGE (watershell2_main): LOCATION OF OUTER BULK BOUNDARY SET TO  -10.12780227     A FROM PROTEIN. CONTOUR VALUE IS  0.1828008723E-03
 MESSAGE (watershell2_main): LOCATION OF INNER BULK BOUNDARY SET TO  -9.627802267     A FROM PROTEIN. CONTOUR VALUE IS  0.4600578264E-03
 MESSAGE (watershell2_main): OUTER BULK BOUNDARY ( -10.12780227    ) IS TOO CLOSE TO SURFACE BOUNDARY ( -10.62264881    ). WILL RECOMPUTE:
 MESSAGE (watershell2_main): LOCATION OF OUTER BULK BOUNDARY SET TO  -10.12608445     A FROM PROTEIN. CONTOUR VALUE IS  0.1833997465E-03
 MESSAGE (watershell2_main): LOCATION OF INNER BULK BOUNDARY SET TO  -9.626084448     A FROM PROTEIN. CONTOUR VALUE IS  0.4614725743E-03
 NONFATAL WARNING (watershell2_compute_density): DETECTED 1 POSSIBLE NEIGHBOR LIST MISS. NEIGHBOR LIST FACTOR IS   9.508600000
 MESSAGE (watershell2_main): OUTER BULK BOUNDARY ( -10.12608445    ) IS TOO CLOSE TO SURFACE BOUNDARY ( -10.62069924    ). WILL RECOMPUTE:
 MESSAGE (watershell2_main): LOCATION OF OUTER BULK BOUNDARY SET TO  -10.12428938     A FROM PROTEIN. CONTOUR VALUE IS  0.1840275133E-03
 MESSAGE (watershell2_main): LOCATION OF INNER BULK BOUNDARY SET TO  -9.624289379     A FROM PROTEIN. CONTOUR VALUE IS  0.4629552521E-03
 MESSAGE (watershell2_main): OUTER BULK BOUNDARY ( -10.12428938    ) IS TOO CLOSE TO SURFACE BOUNDARY ( -10.61914001    ). WILL RECOMPUTE:
 MESSAGE (watershell2_main): LOCATION OF OUTER BULK BOUNDARY SET TO  -10.12257292     A FROM PROTEIN. CONTOUR VALUE IS  0.1846296674E-03
 MESSAGE (watershell2_main): LOCATION OF INNER BULK BOUNDARY SET TO  -9.622572923     A FROM PROTEIN. CONTOUR VALUE IS  0.4643771256E-03
 MESSAGE (watershell2_main): OUTER BULK BOUNDARY ( -10.12257292    ) IS TOO CLOSE TO SURFACE BOUNDARY ( -10.61719170    ). WILL RECOMPUTE:
 MESSAGE (watershell2_main): LOCATION OF OUTER BULK BOUNDARY SET TO  -10.12077918     A FROM PROTEIN. CONTOUR VALUE IS  0.1852609037E-03
 MESSAGE (watershell2_main): LOCATION OF INNER BULK BOUNDARY SET TO  -9.620779182     A FROM PROTEIN. CONTOUR VALUE IS  0.4658673454E-03
 MESSAGE (watershell2_main): OUTER BULK BOUNDARY ( -10.12077918    ) IS TOO CLOSE TO SURFACE BOUNDARY ( -10.61563343    ). WILL RECOMPUTE:
 MESSAGE (watershell2_main): LOCATION OF OUTER BULK BOUNDARY SET TO  -10.11906393     A FROM PROTEIN. CONTOUR VALUE IS  0.1858664059E-03
 MESSAGE (watershell2_main): LOCATION OF INNER BULK BOUNDARY SET TO  -9.619063933     A FROM PROTEIN. CONTOUR VALUE IS  0.4672964998E-03
 MESSAGE (watershell2_main): OUTER BULK BOUNDARY ( -10.11906393    ) IS TOO CLOSE TO SURFACE BOUNDARY ( -10.61368626    ). WILL RECOMPUTE:
 MESSAGE (watershell2_main): LOCATION OF OUTER BULK BOUNDARY SET TO  -10.11727138     A FROM PROTEIN. CONTOUR VALUE IS  0.1865011770E-03
 MESSAGE (watershell2_main): LOCATION OF INNER BULK BOUNDARY SET TO  -9.617271376     A FROM PROTEIN. CONTOUR VALUE IS  0.4687944093E-03
 NONFATAL WARNING (watershell2_compute_density): DETECTED 1 POSSIBLE NEIGHBOR LIST MISS. NEIGHBOR LIST FACTOR IS   9.608200000
 MESSAGE (watershell2_main): OUTER BULK BOUNDARY ( -10.11727138    ) IS TOO CLOSE TO SURFACE BOUNDARY ( -10.61212931    ). WILL RECOMPUTE:
 MESSAGE (watershell2_main): LOCATION OF OUTER BULK BOUNDARY SET TO  -10.11555735     A FROM PROTEIN. CONTOUR VALUE IS  0.1871100336E-03
 MESSAGE (watershell2_main): LOCATION OF INNER BULK BOUNDARY SET TO  -9.615557355     A FROM PROTEIN. CONTOUR VALUE IS  0.4702308529E-03
 MESSAGE (watershell2_main): OUTER BULK BOUNDARY ( -10.11555735    ) IS TOO CLOSE TO SURFACE BOUNDARY ( -10.61018345    ). WILL RECOMPUTE:
 MESSAGE (watershell2_main): LOCATION OF OUTER BULK BOUNDARY SET TO  -10.11376605     A FROM PROTEIN. CONTOUR VALUE IS  0.1877483290E-03
 MESSAGE (watershell2_main): LOCATION OF INNER BULK BOUNDARY SET TO  -9.613766052     A FROM PROTEIN. CONTOUR VALUE IS  0.4717364209E-03
 MESSAGE (watershell2_main): OUTER BULK BOUNDARY ( -10.11376605    ) IS TOO CLOSE TO SURFACE BOUNDARY ( -10.60862778    ). WILL RECOMPUTE:
 MESSAGE (watershell2_main): LOCATION OF OUTER BULK BOUNDARY SET TO  -10.11205330     A FROM PROTEIN. CONTOUR VALUE IS  0.1883605406E-03
 MESSAGE (watershell2_main): LOCATION OF INNER BULK BOUNDARY SET TO  -9.612053296     A FROM PROTEIN. CONTOUR VALUE IS  0.4731801489E-03
 MESSAGE (watershell2_main): OUTER BULK BOUNDARY ( -10.11205330    ) IS TOO CLOSE TO SURFACE BOUNDARY ( -10.60668320    ). WILL RECOMPUTE:
 MESSAGE (watershell2_main): LOCATION OF OUTER BULK BOUNDARY SET TO  -10.11026326     A FROM PROTEIN. CONTOUR VALUE IS  0.1890023688E-03
 MESSAGE (watershell2_main): LOCATION OF INNER BULK BOUNDARY SET TO  -9.610263264     A FROM PROTEIN. CONTOUR VALUE IS  0.4746933891E-03
 MESSAGE (watershell2_main): OUTER BULK BOUNDARY ( -10.11026326    ) IS TOO CLOSE TO SURFACE BOUNDARY ( -10.60512729    ). WILL RECOMPUTE:
 MESSAGE (watershell2_main): LOCATION OF OUTER BULK BOUNDARY SET TO  -10.10855127     A FROM PROTEIN. CONTOUR VALUE IS  0.1896181283E-03
 MESSAGE (watershell2_main): LOCATION OF INNER BULK BOUNDARY SET TO  -9.608551274     A FROM PROTEIN. CONTOUR VALUE IS  0.4761448500E-03
 MESSAGE (watershell2_main): OUTER BULK BOUNDARY ( -10.10855127    ) IS TOO CLOSE TO SURFACE BOUNDARY ( -10.60318241    ). WILL RECOMPUTE:
 MESSAGE (watershell2_main): LOCATION OF OUTER BULK BOUNDARY SET TO  -10.10676165     A FROM PROTEIN. CONTOUR VALUE IS  0.1902638156E-03
 MESSAGE (watershell2_main): LOCATION OF INNER BULK BOUNDARY SET TO  -9.606761652     A FROM PROTEIN. CONTOUR VALUE IS  0.4776665243E-03
 MESSAGE (watershell2_main): OUTER BULK BOUNDARY ( -10.10676165    ) IS TOO CLOSE TO SURFACE BOUNDARY ( -10.60162851    ). WILL RECOMPUTE:
 MESSAGE (watershell2_main): LOCATION OF OUTER BULK BOUNDARY SET TO  -10.10505060     A FROM PROTEIN. CONTOUR VALUE IS  0.1908830767E-03
 MESSAGE (watershell2_main): LOCATION OF INNER BULK BOUNDARY SET TO  -9.605050604     A FROM PROTEIN. CONTOUR VALUE IS  0.4791256023E-03
 MESSAGE (watershell2_main): OUTER BULK BOUNDARY ( -10.10505060    ) IS TOO CLOSE TO SURFACE BOUNDARY ( -10.59968696    ). WILL RECOMPUTE:
 MESSAGE (watershell2_main): LOCATION OF OUTER BULK BOUNDARY SET TO  -10.10326272     A FROM PROTEIN. CONTOUR VALUE IS  0.1915321582E-03
 MESSAGE (watershell2_main): LOCATION OF INNER BULK BOUNDARY SET TO  -9.603262724     A FROM PROTEIN. CONTOUR VALUE IS  0.4806546085E-03
 MESSAGE (watershell2_main): OUTER BULK BOUNDARY ( -10.10326272    ) IS TOO CLOSE TO SURFACE BOUNDARY ( -10.59813427    ). WILL RECOMPUTE:
 MESSAGE (watershell2_main): LOCATION OF OUTER BULK BOUNDARY SET TO  -10.10155324     A FROM PROTEIN. CONTOUR VALUE IS  0.1921547090E-03
 MESSAGE (watershell2_main): LOCATION OF INNER BULK BOUNDARY SET TO  -9.601553239     A FROM PROTEIN. CONTOUR VALUE IS  0.4821207981E-03
 MESSAGE (watershell2_main): OUTER BULK BOUNDARY ( -10.10155324    ) IS TOO CLOSE TO SURFACE BOUNDARY ( -10.59619407    ). WILL RECOMPUTE:
 MESSAGE (watershell2_main): LOCATION OF OUTER BULK BOUNDARY SET TO  -10.09976685     A FROM PROTEIN. CONTOUR VALUE IS  0.1928072882E-03
 MESSAGE (watershell2_main): LOCATION OF INNER BULK BOUNDARY SET TO  -9.599766850     A FROM PROTEIN. CONTOUR VALUE IS  0.4836573738E-03
 NONFATAL WARNING (watershell2_compute_density): DETECTED 1 POSSIBLE NEIGHBOR LIST MISS. NEIGHBOR LIST FACTOR IS   9.707200000
 MESSAGE (watershell2_main): OUTER BULK BOUNDARY ( -10.09976685    ) IS TOO CLOSE TO SURFACE BOUNDARY ( -10.59464243    ). WILL RECOMPUTE:
 MESSAGE (watershell2_main): LOCATION OF OUTER BULK BOUNDARY SET TO  -10.09805871     A FROM PROTEIN. CONTOUR VALUE IS  0.1934332202E-03
 MESSAGE (watershell2_main): LOCATION OF INNER BULK BOUNDARY SET TO  -9.598058711     A FROM PROTEIN. CONTOUR VALUE IS  0.4851308842E-03
 MESSAGE (watershell2_main): OUTER BULK BOUNDARY ( -10.09805871    ) IS TOO CLOSE TO SURFACE BOUNDARY ( -10.59270483    ). WILL RECOMPUTE:
 MESSAGE (watershell2_main): LOCATION OF OUTER BULK BOUNDARY SET TO  -10.09627409     A FROM PROTEIN. CONTOUR VALUE IS  0.1940892095E-03
 MESSAGE (watershell2_main): LOCATION OF INNER BULK BOUNDARY SET TO  -9.596274085     A FROM PROTEIN. CONTOUR VALUE IS  0.4866748169E-03
 MESSAGE (watershell2_main): OUTER BULK BOUNDARY ( -10.09627409    ) IS TOO CLOSE TO SURFACE BOUNDARY ( -10.59115476    ). WILL RECOMPUTE:
 MESSAGE (watershell2_main): LOCATION OF OUTER BULK BOUNDARY SET TO  -10.09456764     A FROM PROTEIN. CONTOUR VALUE IS  0.1947184061E-03
 MESSAGE (watershell2_main): LOCATION OF INNER BULK BOUNDARY SET TO  -9.594567642     A FROM PROTEIN. CONTOUR VALUE IS  0.4881553681E-03
 NONFATAL WARNING (watershell2_compute_density): DETECTED 1 POSSIBLE NEIGHBOR LIST MISS. NEIGHBOR LIST FACTOR IS   9.807000000
 MESSAGE (watershell2_main): OUTER BULK BOUNDARY ( -10.09456764    ) IS TOO CLOSE TO SURFACE BOUNDARY ( -10.58921822    ). WILL RECOMPUTE:
 MESSAGE (watershell2_main): LOCATION OF OUTER BULK BOUNDARY SET TO  -10.09278450     A FROM PROTEIN. CONTOUR VALUE IS  0.1953779203E-03
 MESSAGE (watershell2_main): LOCATION OF INNER BULK BOUNDARY SET TO  -9.592784501     A FROM PROTEIN. CONTOUR VALUE IS  0.4897069215E-03
 MESSAGE (watershell2_main): OUTER BULK BOUNDARY ( -10.09278450    ) IS TOO CLOSE TO SURFACE BOUNDARY ( -10.58766899    ). WILL RECOMPUTE:
 MESSAGE (watershell2_main): LOCATION OF OUTER BULK BOUNDARY SET TO  -10.09107933     A FROM PROTEIN. CONTOUR VALUE IS  0.1960105495E-03
 MESSAGE (watershell2_main): LOCATION OF INNER BULK BOUNDARY SET TO  -9.591079330     A FROM PROTEIN. CONTOUR VALUE IS  0.4911949027E-03
 MESSAGE (watershell2_main): OUTER BULK BOUNDARY ( -10.09107933    ) IS TOO CLOSE TO SURFACE BOUNDARY ( -10.58573486    ). WILL RECOMPUTE:
 MESSAGE (watershell2_main): LOCATION OF OUTER BULK BOUNDARY SET TO  -10.08929784     A FROM PROTEIN. CONTOUR VALUE IS  0.1966735391E-03
 MESSAGE (watershell2_main): LOCATION OF INNER BULK BOUNDARY SET TO  -9.589297841     A FROM PROTEIN. CONTOUR VALUE IS  0.4927539544E-03
 MESSAGE (watershell2_main): OUTER BULK BOUNDARY ( -10.08929784    ) IS TOO CLOSE TO SURFACE BOUNDARY ( -10.58418805    ). WILL RECOMPUTE:
 MESSAGE (watershell2_main): LOCATION OF OUTER BULK BOUNDARY SET TO  -10.08759458     A FROM PROTEIN. CONTOUR VALUE IS  0.1973093778E-03
 MESSAGE (watershell2_main): LOCATION OF INNER BULK BOUNDARY SET TO  -9.587594576     A FROM PROTEIN. CONTOUR VALUE IS  0.4942488347E-03
 MESSAGE (watershell2_main): OUTER BULK BOUNDARY ( -10.08759458    ) IS TOO CLOSE TO SURFACE BOUNDARY ( -10.58225480    ). WILL RECOMPUTE:
 MESSAGE (watershell2_main): LOCATION OF OUTER BULK BOUNDARY SET TO  -10.08581465     A FROM PROTEIN. CONTOUR VALUE IS  0.1979758876E-03
 MESSAGE (watershell2_main): LOCATION OF INNER BULK BOUNDARY SET TO  -9.585814651     A FROM PROTEIN. CONTOUR VALUE IS  0.4958154835E-03
 MESSAGE (watershell2_main): OUTER BULK BOUNDARY ( -10.08581465    ) IS TOO CLOSE TO SURFACE BOUNDARY ( -10.58070835    ). WILL RECOMPUTE:
 MESSAGE (watershell2_main): LOCATION OF OUTER BULK BOUNDARY SET TO  -10.08411255     A FROM PROTEIN. CONTOUR VALUE IS  0.1986152233E-03
 MESSAGE (watershell2_main): LOCATION OF INNER BULK BOUNDARY SET TO  -9.584112552     A FROM PROTEIN. CONTOUR VALUE IS  0.4973179330E-03
 MESSAGE (watershell2_main): OUTER BULK BOUNDARY ( -10.08411255    ) IS TOO CLOSE TO SURFACE BOUNDARY ( -10.57877659    ). WILL RECOMPUTE:
 MESSAGE (watershell2_main): LOCATION OF OUTER BULK BOUNDARY SET TO  -10.08233390     A FROM PROTEIN. CONTOUR VALUE IS  0.1992853769E-03
 MESSAGE (watershell2_main): LOCATION OF INNER BULK BOUNDARY SET TO  -9.582333897     A FROM PROTEIN. CONTOUR VALUE IS  0.4988924632E-03
 MESSAGE (watershell2_main): OUTER BULK BOUNDARY ( -10.08233390    ) IS TOO CLOSE TO SURFACE BOUNDARY ( -10.57723272    ). WILL RECOMPUTE:
 MESSAGE (watershell2_main): LOCATION OF OUTER BULK BOUNDARY SET TO  -10.08063351     A FROM PROTEIN. CONTOUR VALUE IS  0.1999280185E-03
 MESSAGE (watershell2_main): LOCATION OF INNER BULK BOUNDARY SET TO  -9.580633506     A FROM PROTEIN. CONTOUR VALUE IS  0.5004020266E-03
 MESSAGE (watershell2_main): OUTER BULK BOUNDARY ( -10.08063351    ) IS TOO CLOSE TO SURFACE BOUNDARY ( -10.57530314    ). WILL RECOMPUTE:
 MESSAGE (watershell2_main): LOCATION OF OUTER BULK BOUNDARY SET TO  -10.07885672     A FROM PROTEIN. CONTOUR VALUE IS  0.2006016033E-03
 MESSAGE (watershell2_main): LOCATION OF INNER BULK BOUNDARY SET TO  -9.578856718     A FROM PROTEIN. CONTOUR VALUE IS  0.5019839324E-03
 MESSAGE (watershell2_main): OUTER BULK BOUNDARY ( -10.07885672    ) IS TOO CLOSE TO SURFACE BOUNDARY ( -10.57376026    ). WILL RECOMPUTE:
 MESSAGE (watershell2_main): LOCATION OF OUTER BULK BOUNDARY SET TO  -10.07715790     A FROM PROTEIN. CONTOUR VALUE IS  0.2012476136E-03
 MESSAGE (watershell2_main): LOCATION OF INNER BULK BOUNDARY SET TO  -9.577157899     A FROM PROTEIN. CONTOUR VALUE IS  0.5035007512E-03
 MESSAGE (watershell2_main): OUTER BULK BOUNDARY ( -10.07715790    ) IS TOO CLOSE TO SURFACE BOUNDARY ( -10.57183166    ). WILL RECOMPUTE:
 MESSAGE (watershell2_main): LOCATION OF OUTER BULK BOUNDARY SET TO  -10.07538248     A FROM PROTEIN. CONTOUR VALUE IS  0.2019248287E-03
 MESSAGE (watershell2_main): LOCATION OF INNER BULK BOUNDARY SET TO  -9.575382485     A FROM PROTEIN. CONTOUR VALUE IS  0.5050904937E-03
 MESSAGE (watershell2_main): OUTER BULK BOUNDARY ( -10.07538248    ) IS TOO CLOSE TO SURFACE BOUNDARY ( -10.57029231    ). WILL RECOMPUTE:
 MESSAGE (watershell2_main): LOCATION OF OUTER BULK BOUNDARY SET TO  -10.07368576     A FROM PROTEIN. CONTOUR VALUE IS  0.2025740187E-03
 MESSAGE (watershell2_main): LOCATION OF INNER BULK BOUNDARY SET TO  -9.573685760     A FROM PROTEIN. CONTOUR VALUE IS  0.5066141184E-03
 MESSAGE (watershell2_main): OUTER BULK BOUNDARY ( -10.07368576    ) IS TOO CLOSE TO SURFACE BOUNDARY ( -10.56836813    ). WILL RECOMPUTE:
 MESSAGE (watershell2_main): LOCATION OF OUTER BULK BOUNDARY SET TO  -10.07191322     A FROM PROTEIN. CONTOUR VALUE IS  0.2032543016E-03
 MESSAGE (watershell2_main): LOCATION OF INNER BULK BOUNDARY SET TO  -9.571913217     A FROM PROTEIN. CONTOUR VALUE IS  0.5082103717E-03
 MESSAGE (watershell2_main): OUTER BULK BOUNDARY ( -10.07191322    ) IS TOO CLOSE TO SURFACE BOUNDARY ( -10.56683061    ). WILL RECOMPUTE:
 MESSAGE (watershell2_main): LOCATION OF OUTER BULK BOUNDARY SET TO  -10.07021901     A FROM PROTEIN. CONTOUR VALUE IS  0.2039065137E-03
 MESSAGE (watershell2_main): LOCATION OF INNER BULK BOUNDARY SET TO  -9.570219014     A FROM PROTEIN. CONTOUR VALUE IS  0.5097404274E-03
 MESSAGE (watershell2_main): OUTER BULK BOUNDARY ( -10.07021901    ) IS TOO CLOSE TO SURFACE BOUNDARY ( -10.56490947    ). WILL RECOMPUTE:
 MESSAGE (watershell2_main): LOCATION OF OUTER BULK BOUNDARY SET TO  -10.06844917     A FROM PROTEIN. CONTOUR VALUE IS  0.2045899360E-03
 MESSAGE (watershell2_main): LOCATION OF INNER BULK BOUNDARY SET TO  -9.568449166     A FROM PROTEIN. CONTOUR VALUE IS  0.5113433545E-03
 MESSAGE (watershell2_main): OUTER BULK BOUNDARY ( -10.06844917    ) IS TOO CLOSE TO SURFACE BOUNDARY ( -10.56337347    ). WILL RECOMPUTE:
 MESSAGE (watershell2_main): LOCATION OF OUTER BULK BOUNDARY SET TO  -10.06675727     A FROM PROTEIN. CONTOUR VALUE IS  0.2052452597E-03
 MESSAGE (watershell2_main): LOCATION OF INNER BULK BOUNDARY SET TO  -9.566757267     A FROM PROTEIN. CONTOUR VALUE IS  0.5128800462E-03
 MESSAGE (watershell2_main): OUTER BULK BOUNDARY ( -10.06675727    ) IS TOO CLOSE TO SURFACE BOUNDARY ( -10.56145461    ). WILL RECOMPUTE:
 MESSAGE (watershell2_main): LOCATION OF OUTER BULK BOUNDARY SET TO  -10.06498971     A FROM PROTEIN. CONTOUR VALUE IS  0.2059319817E-03
 MESSAGE (watershell2_main): LOCATION OF INNER BULK BOUNDARY SET TO  -9.564989713     A FROM PROTEIN. CONTOUR VALUE IS  0.5144900177E-03
 MESSAGE (watershell2_main): OUTER BULK BOUNDARY ( -10.06498971    ) IS TOO CLOSE TO SURFACE BOUNDARY ( -10.55991990    ). WILL RECOMPUTE:
 MESSAGE (watershell2_main): LOCATION OF OUTER BULK BOUNDARY SET TO  -10.06329978     A FROM PROTEIN. CONTOUR VALUE IS  0.2065905562E-03
 MESSAGE (watershell2_main): LOCATION OF INNER BULK BOUNDARY SET TO  -9.563299776     A FROM PROTEIN. CONTOUR VALUE IS  0.5160336666E-03
 MESSAGE (watershell2_main): OUTER BULK BOUNDARY ( -10.06329978    ) IS TOO CLOSE TO SURFACE BOUNDARY ( -10.55800297    ). WILL RECOMPUTE:
 MESSAGE (watershell2_main): LOCATION OF OUTER BULK BOUNDARY SET TO  -10.06153417     A FROM PROTEIN. CONTOUR VALUE IS  0.2072807205E-03
 MESSAGE (watershell2_main): LOCATION OF INNER BULK BOUNDARY SET TO  -9.561534173     A FROM PROTEIN. CONTOUR VALUE IS  0.5176510110E-03
 MESSAGE (watershell2_main): OUTER BULK BOUNDARY ( -10.06153417    ) IS TOO CLOSE TO SURFACE BOUNDARY ( -10.55646942    ). WILL RECOMPUTE:
 MESSAGE (watershell2_main): LOCATION OF OUTER BULK BOUNDARY SET TO  -10.05984592     A FROM PROTEIN. CONTOUR VALUE IS  0.2079426633E-03
 MESSAGE (watershell2_main): LOCATION OF INNER BULK BOUNDARY SET TO  -9.559845922     A FROM PROTEIN. CONTOUR VALUE IS  0.5192018866E-03
 MESSAGE (watershell2_main): OUTER BULK BOUNDARY ( -10.05984592    ) IS TOO CLOSE TO SURFACE BOUNDARY ( -10.55455356    ). WILL RECOMPUTE:
 MESSAGE (watershell2_main): LOCATION OF OUTER BULK BOUNDARY SET TO  -10.05808180     A FROM PROTEIN. CONTOUR VALUE IS  0.2086364646E-03
 MESSAGE (watershell2_main): LOCATION OF INNER BULK BOUNDARY SET TO  -9.558081800     A FROM PROTEIN. CONTOUR VALUE IS  0.5208270542E-03
 MESSAGE (watershell2_main): OUTER BULK BOUNDARY ( -10.05808180    ) IS TOO CLOSE TO SURFACE BOUNDARY ( -10.55302087    ). WILL RECOMPUTE:
 MESSAGE (watershell2_main): LOCATION OF OUTER BULK BOUNDARY SET TO  -10.05639482     A FROM PROTEIN. CONTOUR VALUE IS  0.2093019496E-03
 MESSAGE (watershell2_main): LOCATION OF INNER BULK BOUNDARY SET TO  -9.556394822     A FROM PROTEIN. CONTOUR VALUE IS  0.5223855580E-03
 MESSAGE (watershell2_main): OUTER BULK BOUNDARY ( -10.05639482    ) IS TOO CLOSE TO SURFACE BOUNDARY ( -10.55110552    ). WILL RECOMPUTE:
 MESSAGE (watershell2_main): LOCATION OF OUTER BULK BOUNDARY SET TO  -10.05463172     A FROM PROTEIN. CONTOUR VALUE IS  0.2099995831E-03
 MESSAGE (watershell2_main): LOCATION OF INNER BULK BOUNDARY SET TO  -9.554631721     A FROM PROTEIN. CONTOUR VALUE IS  0.5240189993E-03
 MESSAGE (watershell2_main): OUTER BULK BOUNDARY ( -10.05463172    ) IS TOO CLOSE TO SURFACE BOUNDARY ( -10.54957335    ). WILL RECOMPUTE:
 MESSAGE (watershell2_main): LOCATION OF OUTER BULK BOUNDARY SET TO  -10.05294560     A FROM PROTEIN. CONTOUR VALUE IS  0.2106687907E-03
 MESSAGE (watershell2_main): LOCATION OF INNER BULK BOUNDARY SET TO  -9.552945597     A FROM PROTEIN. CONTOUR VALUE IS  0.5255855469E-03
 MESSAGE (watershell2_main): OUTER BULK BOUNDARY ( -10.05294560    ) IS TOO CLOSE TO SURFACE BOUNDARY ( -10.54765938    ). WILL RECOMPUTE:
 MESSAGE (watershell2_main): LOCATION OF OUTER BULK BOUNDARY SET TO  -10.05118353     A FROM PROTEIN. CONTOUR VALUE IS  0.2113702703E-03
 MESSAGE (watershell2_main): LOCATION OF INNER BULK BOUNDARY SET TO  -9.551183525     A FROM PROTEIN. CONTOUR VALUE IS  0.5272272873E-03
 MESSAGE (watershell2_main): OUTER BULK BOUNDARY ( -10.05118353    ) IS TOO CLOSE TO SURFACE BOUNDARY ( -10.54612887    ). WILL RECOMPUTE:
 MESSAGE (watershell2_main): LOCATION OF OUTER BULK BOUNDARY SET TO  -10.04949864     A FROM PROTEIN. CONTOUR VALUE IS  0.2120430624E-03
 MESSAGE (watershell2_main): LOCATION OF INNER BULK BOUNDARY SET TO  -9.549498641     A FROM PROTEIN. CONTOUR VALUE IS  0.5288015490E-03
 MESSAGE (watershell2_main): OUTER BULK BOUNDARY ( -10.04949864    ) IS TOO CLOSE TO SURFACE BOUNDARY ( -10.54421613    ). WILL RECOMPUTE:
 MESSAGE (watershell2_main): LOCATION OF OUTER BULK BOUNDARY SET TO  -10.04773780     A FROM PROTEIN. CONTOUR VALUE IS  0.2127483215E-03
 MESSAGE (watershell2_main): LOCATION OF INNER BULK BOUNDARY SET TO  -9.547737804     A FROM PROTEIN. CONTOUR VALUE IS  0.5304514256E-03
 MESSAGE (watershell2_main): OUTER BULK BOUNDARY ( -10.04773780    ) IS TOO CLOSE TO SURFACE BOUNDARY ( -10.54268640    ). WILL RECOMPUTE:
 MESSAGE (watershell2_main): LOCATION OF OUTER BULK BOUNDARY SET TO  -10.04605400     A FROM PROTEIN. CONTOUR VALUE IS  0.2134247748E-03
 MESSAGE (watershell2_main): LOCATION OF INNER BULK BOUNDARY SET TO  -9.546054004     A FROM PROTEIN. CONTOUR VALUE IS  0.5320335743E-03
 MESSAGE (watershell2_main): OUTER BULK BOUNDARY ( -10.04605400    ) IS TOO CLOSE TO SURFACE BOUNDARY ( -10.54077431    ). WILL RECOMPUTE:
 MESSAGE (watershell2_main): LOCATION OF OUTER BULK BOUNDARY SET TO  -10.04429411     A FROM PROTEIN. CONTOUR VALUE IS  0.2141339469E-03
 MESSAGE (watershell2_main): LOCATION OF INNER BULK BOUNDARY SET TO  -9.544294107     A FROM PROTEIN. CONTOUR VALUE IS  0.5336918924E-03
 MESSAGE (watershell2_main): OUTER BULK BOUNDARY ( -10.04429411    ) IS TOO CLOSE TO SURFACE BOUNDARY ( -10.53924486    ). WILL RECOMPUTE:
 MESSAGE (watershell2_main): LOCATION OF OUTER BULK BOUNDARY SET TO  -10.04261102     A FROM PROTEIN. CONTOUR VALUE IS  0.2148142250E-03
 MESSAGE (watershell2_main): LOCATION OF INNER BULK BOUNDARY SET TO  -9.542611025     A FROM PROTEIN. CONTOUR VALUE IS  0.5352823039E-03
 MESSAGE (watershell2_main): OUTER BULK BOUNDARY ( -10.04261102    ) IS TOO CLOSE TO SURFACE BOUNDARY ( -10.53733304    ). WILL RECOMPUTE:
 MESSAGE (watershell2_main): LOCATION OF OUTER BULK BOUNDARY SET TO  -10.04085170     A FROM PROTEIN. CONTOUR VALUE IS  0.2155274786E-03
 MESSAGE (watershell2_main): LOCATION OF INNER BULK BOUNDARY SET TO  -9.540851697     A FROM PROTEIN. CONTOUR VALUE IS  0.5369494503E-03
 MESSAGE (watershell2_main): OUTER BULK BOUNDARY ( -10.04085170    ) IS TOO CLOSE TO SURFACE BOUNDARY ( -10.53580616    ). WILL RECOMPUTE:
 MESSAGE (watershell2_main): LOCATION OF OUTER BULK BOUNDARY SET TO  -10.03916985     A FROM PROTEIN. CONTOUR VALUE IS  0.2162113876E-03
 MESSAGE (watershell2_main): LOCATION OF INNER BULK BOUNDARY SET TO  -9.539169852     A FROM PROTEIN. CONTOUR VALUE IS  0.5385476641E-03
 NONFATAL WARNING (watershell2_compute_density): DETECTED 1 POSSIBLE NEIGHBOR LIST MISS. NEIGHBOR LIST FACTOR IS   9.903400000
 MESSAGE (watershell2_main): OUTER BULK BOUNDARY ( -10.03916985    ) IS TOO CLOSE TO SURFACE BOUNDARY ( -10.53389757    ). WILL RECOMPUTE:
 MESSAGE (watershell2_main): LOCATION OF OUTER BULK BOUNDARY SET TO  -10.03741242     A FROM PROTEIN. CONTOUR VALUE IS  0.2169281982E-03
 MESSAGE (watershell2_main): LOCATION OF INNER BULK BOUNDARY SET TO  -9.537412423     A FROM PROTEIN. CONTOUR VALUE IS  0.5402224058E-03
 MESSAGE (watershell2_main): OUTER BULK BOUNDARY ( -10.03741242    ) IS TOO CLOSE TO SURFACE BOUNDARY ( -10.53237191    ). WILL RECOMPUTE:
 MESSAGE (watershell2_main): LOCATION OF OUTER BULK BOUNDARY SET TO  -10.03573225     A FROM PROTEIN. CONTOUR VALUE IS  0.2176155734E-03
 MESSAGE (watershell2_main): LOCATION OF INNER BULK BOUNDARY SET TO  -9.535732251     A FROM PROTEIN. CONTOUR VALUE IS  0.5418280312E-03
 MESSAGE (watershell2_main): OUTER BULK BOUNDARY ( -10.03573225    ) IS TOO CLOSE TO SURFACE BOUNDARY ( -10.53046534    ). WILL RECOMPUTE:
 MESSAGE (watershell2_main): LOCATION OF OUTER BULK BOUNDARY SET TO  -10.03397661     A FROM PROTEIN. CONTOUR VALUE IS  0.2183359958E-03
 MESSAGE (watershell2_main): LOCATION OF INNER BULK BOUNDARY SET TO  -9.533976613     A FROM PROTEIN. CONTOUR VALUE IS  0.5435104902E-03
 MESSAGE (watershell2_main): OUTER BULK BOUNDARY ( -10.03397661    ) IS TOO CLOSE TO SURFACE BOUNDARY ( -10.52894127    ). WILL RECOMPUTE:
 MESSAGE (watershell2_main): LOCATION OF OUTER BULK BOUNDARY SET TO  -10.03229817     A FROM PROTEIN. CONTOUR VALUE IS  0.2190268255E-03
 MESSAGE (watershell2_main): LOCATION OF INNER BULK BOUNDARY SET TO  -9.532298166     A FROM PROTEIN. CONTOUR VALUE IS  0.5451234938E-03
 MESSAGE (watershell2_main): OUTER BULK BOUNDARY ( -10.03229817    ) IS TOO CLOSE TO SURFACE BOUNDARY ( -10.52703768    ). WILL RECOMPUTE:
 MESSAGE (watershell2_main): LOCATION OF OUTER BULK BOUNDARY SET TO  -10.03054467     A FROM PROTEIN. CONTOUR VALUE IS  0.2197507247E-03
 MESSAGE (watershell2_main): LOCATION OF INNER BULK BOUNDARY SET TO  -9.530544671     A FROM PROTEIN. CONTOUR VALUE IS  0.5468133487E-03
 MESSAGE (watershell2_main): OUTER BULK BOUNDARY ( -10.03054467    ) IS TOO CLOSE TO SURFACE BOUNDARY ( -10.52551482    ). WILL RECOMPUTE:
 MESSAGE (watershell2_main): LOCATION OF OUTER BULK BOUNDARY SET TO  -10.02886805     A FROM PROTEIN. CONTOUR VALUE IS  0.2204449756E-03
 MESSAGE (watershell2_main): LOCATION OF INNER BULK BOUNDARY SET TO  -9.528868055     A FROM PROTEIN. CONTOUR VALUE IS  0.5484336467E-03
 MESSAGE (watershell2_main): OUTER BULK BOUNDARY ( -10.02886805    ) IS TOO CLOSE TO SURFACE BOUNDARY ( -10.52361130    ). WILL RECOMPUTE:
 MESSAGE (watershell2_main): LOCATION OF OUTER BULK BOUNDARY SET TO  -10.02711580     A FROM PROTEIN. CONTOUR VALUE IS  0.2211727351E-03
 MESSAGE (watershell2_main): LOCATION OF INNER BULK BOUNDARY SET TO  -9.527115802     A FROM PROTEIN. CONTOUR VALUE IS  0.5501317868E-03
 MESSAGE (watershell2_main): OUTER BULK BOUNDARY ( -10.02711580    ) IS TOO CLOSE TO SURFACE BOUNDARY ( -10.52208847    ). WILL RECOMPUTE:
 MESSAGE (watershell2_main): LOCATION OF OUTER BULK BOUNDARY SET TO  -10.02544003     A FROM PROTEIN. CONTOUR VALUE IS  0.2218708304E-03
 MESSAGE (watershell2_main): LOCATION OF INNER BULK BOUNDARY SET TO  -9.525440026     A FROM PROTEIN. CONTOUR VALUE IS  0.5517603605E-03
 MESSAGE (watershell2_main): OUTER BULK BOUNDARY ( -10.02544003    ) IS TOO CLOSE TO SURFACE BOUNDARY ( -10.52018676    ). WILL RECOMPUTE:
 MESSAGE (watershell2_main): LOCATION OF OUTER BULK BOUNDARY SET TO  -10.02368894     A FROM PROTEIN. CONTOUR VALUE IS  0.2226024982E-03
 MESSAGE (watershell2_main): LOCATION OF INNER BULK BOUNDARY SET TO  -9.523688937     A FROM PROTEIN. CONTOUR VALUE IS  0.5534668903E-03
 MESSAGE (watershell2_main): OUTER BULK BOUNDARY ( -10.02368894    ) IS TOO CLOSE TO SURFACE BOUNDARY ( -10.51866539    ). WILL RECOMPUTE:
 MESSAGE (watershell2_main): LOCATION OF OUTER BULK BOUNDARY SET TO  -10.02201442     A FROM PROTEIN. CONTOUR VALUE IS  0.2233042787E-03
 MESSAGE (watershell2_main): LOCATION OF INNER BULK BOUNDARY SET TO  -9.522014421     A FROM PROTEIN. CONTOUR VALUE IS  0.5551033619E-03
 MESSAGE (watershell2_main): OUTER BULK BOUNDARY ( -10.02201442    ) IS TOO CLOSE TO SURFACE BOUNDARY ( -10.51676594    ). WILL RECOMPUTE:
 MESSAGE (watershell2_main): LOCATION OF OUTER BULK BOUNDARY SET TO  -10.02026493     A FROM PROTEIN. CONTOUR VALUE IS  0.2240396882E-03
 MESSAGE (watershell2_main): LOCATION OF INNER BULK BOUNDARY SET TO  -9.520264928     A FROM PROTEIN. CONTOUR VALUE IS  0.5568178861E-03
 MESSAGE (watershell2_main): OUTER BULK BOUNDARY ( -10.02026493    ) IS TOO CLOSE TO SURFACE BOUNDARY ( -10.51524684    ). WILL RECOMPUTE:
 MESSAGE (watershell2_main): LOCATION OF OUTER BULK BOUNDARY SET TO  -10.01859223     A FROM PROTEIN. CONTOUR VALUE IS  0.2247449302E-03
 MESSAGE (watershell2_main): LOCATION OF INNER BULK BOUNDARY SET TO  -9.518592233     A FROM PROTEIN. CONTOUR VALUE IS  0.5584617274E-03
 NONFATAL WARNING (watershell2_compute_density): DETECTED 1 POSSIBLE NEIGHBOR LIST MISS. NEIGHBOR LIST FACTOR IS   10.00220000
 ==========================================================================================
 Iteration:                10000
 Surface boundary distance:         -10.514108018651740      (contour value:   8.6091563579582253E-005 )
 Current avg. solvent contour val:  0.21712933609170151
 Surface energy:                     46.236510402533241
 Curvature energy:                   2.3127045589563124
 Surface curvature at solvent (min:ave:max): (  -7.8887952182267296E-002 :  -1.2501245264454867E-002 :  0.51417957824341409      )
 ======= FORCE STATISTICS ==============
 Total force applied to surface atoms:     2.2516340409485136       0.31653587214983864      -0.53715336189117613
 RMS of surface atom forces:               4.5937741976357471E-002
 Largest force acting on a surface atom:   8.6936002989993363E-002
 Total force applied to solvent atoms:    0.81046619904756256        7.6094470511285479        4.9615594561083549
 RMS of solvent atom forces:              0.13240470888491923
 Largest force acting on a solvent atom:   2.2045791947395288
 Rotational restraint energy:           2.4025968862654037
 Translational restraint energy:       0.27292922734533931
 Total rigid-body restraint energy:     2.6755261136107431
 =======================================
 Solute neighbor list search depth (min:ave:max): (          10 :   81.696045736064789      :         159 )
 ======= DENSITY STATISTICS ============
 # Solute atoms used for density:           159
 Target density (g/mL):             0.99700000000000000
 Simulation density (g/mL):         0.23845473775540443
 Instantaneous density (g/mL):      0.33798471583392942
 Volume of bulk solvent (Ang^3):     5312.0000000000000
 Mass of bulk solvent (amu):         1081.1999999999898
 Outer bulk boundary distance:      -10.018592232746268      (contour value:   2.2474493015212094E-004 )
 Inner bulk boundary distance:      -9.5185922327462684      (contour value:   5.5846172739393296E-004 )
 ======================================
 MESSAGE (watershell2_main): WRITING RESTART FILE TO ("watershell0.restart.txt")
 MESSAGE (FILES_OPEN): Opening FORMATTED file "watershell0.restart.txt" for writing.
 MESSAGE (watershell2_main): OUTER BULK BOUNDARY ( -10.01859223    ) IS TOO CLOSE TO SURFACE BOUNDARY ( -10.51334947    ). WILL RECOMPUTE:
 MESSAGE (watershell2_main): LOCATION OF OUTER BULK BOUNDARY SET TO  -10.01684465     A FROM PROTEIN. CONTOUR VALUE IS  0.2254839620E-03
 MESSAGE (watershell2_main): LOCATION OF INNER BULK BOUNDARY SET TO  -9.516844646     A FROM PROTEIN. CONTOUR VALUE IS  0.5601839617E-03
 MESSAGE (watershell2_main): OUTER BULK BOUNDARY ( -10.01684465    ) IS TOO CLOSE TO SURFACE BOUNDARY ( -10.51183238    ). WILL RECOMPUTE:
 MESSAGE (watershell2_main): LOCATION OF OUTER BULK BOUNDARY SET TO  -10.01517389     A FROM PROTEIN. CONTOUR VALUE IS  0.2261926240E-03
 MESSAGE (watershell2_main): LOCATION OF INNER BULK BOUNDARY SET TO  -9.515173892     A FROM PROTEIN. CONTOUR VALUE IS  0.5618350705E-03
 MESSAGE (watershell2_main): OUTER BULK BOUNDARY ( -10.01517389    ) IS TOO CLOSE TO SURFACE BOUNDARY ( -10.50993761    ). WILL RECOMPUTE:
 MESSAGE (watershell2_main): LOCATION OF OUTER BULK BOUNDARY SET TO  -10.01342847     A FROM PROTEIN. CONTOUR VALUE IS  0.2269351800E-03
 MESSAGE (watershell2_main): LOCATION OF INNER BULK BOUNDARY SET TO  -9.513428465     A FROM PROTEIN. CONTOUR VALUE IS  0.5635647799E-03
 MESSAGE (watershell2_main): OUTER BULK BOUNDARY ( -10.01342847    ) IS TOO CLOSE TO SURFACE BOUNDARY ( -10.50842370    ). WILL RECOMPUTE:
 MESSAGE (watershell2_main): LOCATION OF OUTER BULK BOUNDARY SET TO  -10.01176021     A FROM PROTEIN. CONTOUR VALUE IS  0.2276470313E-03
 MESSAGE (watershell2_main): LOCATION OF INNER BULK BOUNDARY SET TO  -9.511760211     A FROM PROTEIN. CONTOUR VALUE IS  0.5652226130E-03
 MESSAGE (watershell2_main): OUTER BULK BOUNDARY ( -10.01176021    ) IS TOO CLOSE TO SURFACE BOUNDARY ( -10.50653205    ). WILL RECOMPUTE:
 MESSAGE (watershell2_main): LOCATION OF OUTER BULK BOUNDARY SET TO  -10.01001749     A FROM PROTEIN. CONTOUR VALUE IS  0.2283928838E-03
 MESSAGE (watershell2_main): LOCATION OF INNER BULK BOUNDARY SET TO  -9.510017493     A FROM PROTEIN. CONTOUR VALUE IS  0.5669592619E-03
 MESSAGE (watershell2_main): OUTER BULK BOUNDARY ( -10.01001749    ) IS TOO CLOSE TO SURFACE BOUNDARY ( -10.50464334    ). WILL RECOMPUTE:
 MESSAGE (watershell2_main): LOCATION OF OUTER BULK BOUNDARY SET TO  -10.00822611     A FROM PROTEIN. CONTOUR VALUE IS  0.2291619416E-03
 MESSAGE (watershell2_main): LOCATION OF INNER BULK BOUNDARY SET TO  -9.508226109     A FROM PROTEIN. CONTOUR VALUE IS  0.5687495479E-03
 MESSAGE (watershell2_main): OUTER BULK BOUNDARY ( -10.00822611    ) IS TOO CLOSE TO SURFACE BOUNDARY ( -10.50313237    ). WILL RECOMPUTE:
 MESSAGE (watershell2_main): LOCATION OF OUTER BULK BOUNDARY SET TO  -10.00652820     A FROM PROTEIN. CONTOUR VALUE IS  0.2298931029E-03
 MESSAGE (watershell2_main): LOCATION OF INNER BULK BOUNDARY SET TO  -9.506528197     A FROM PROTEIN. CONTOUR VALUE IS  0.5704512444E-03
 MESSAGE (watershell2_main): OUTER BULK BOUNDARY ( -10.00652820    ) IS TOO CLOSE TO SURFACE BOUNDARY ( -10.50124550    ). WILL RECOMPUTE:
 MESSAGE (watershell2_main): LOCATION OF OUTER BULK BOUNDARY SET TO  -10.00476730     A FROM PROTEIN. CONTOUR VALUE IS  0.2306536884E-03
 MESSAGE (watershell2_main): LOCATION OF INNER BULK BOUNDARY SET TO  -9.504767298     A FROM PROTEIN. CONTOUR VALUE IS  0.5722210404E-03
 MESSAGE (watershell2_main): OUTER BULK BOUNDARY ( -10.00476730    ) IS TOO CLOSE TO SURFACE BOUNDARY ( -10.49973600    ). WILL RECOMPUTE:
 MESSAGE (watershell2_main): LOCATION OF OUTER BULK BOUNDARY SET TO  -10.00309020     A FROM PROTEIN. CONTOUR VALUE IS  0.2313802619E-03
 MESSAGE (watershell2_main): LOCATION OF INNER BULK BOUNDARY SET TO  -9.503090199     A FROM PROTEIN. CONTOUR VALUE IS  0.5739113319E-03
 MESSAGE (watershell2_main): OUTER BULK BOUNDARY ( -10.00309020    ) IS TOO CLOSE TO SURFACE BOUNDARY ( -10.49785157    ). WILL RECOMPUTE:
 MESSAGE (watershell2_main): LOCATION OF OUTER BULK BOUNDARY SET TO  -10.00134399     A FROM PROTEIN. CONTOUR VALUE IS  0.2321390470E-03
 MESSAGE (watershell2_main): LOCATION OF INNER BULK BOUNDARY SET TO  -9.501343990     A FROM PROTEIN. CONTOUR VALUE IS  0.5756761833E-03
 MESSAGE (watershell2_main): OUTER BULK BOUNDARY ( -10.00134399    ) IS TOO CLOSE TO SURFACE BOUNDARY ( -10.49596775    ). WILL RECOMPUTE:
 MESSAGE (watershell2_main): LOCATION OF OUTER BULK BOUNDARY SET TO  -9.999551909     A FROM PROTEIN. CONTOUR VALUE IS  0.2329201795E-03
 MESSAGE (watershell2_main): LOCATION OF INNER BULK BOUNDARY SET TO  -9.499551909     A FROM PROTEIN. CONTOUR VALUE IS  0.5774926113E-03
 MESSAGE (watershell2_main): OUTER BULK BOUNDARY ( -9.999551909    ) IS TOO CLOSE TO SURFACE BOUNDARY ( -10.49446171    ). WILL RECOMPUTE:
 MESSAGE (watershell2_main): LOCATION OF OUTER BULK BOUNDARY SET TO  -9.997855176     A FROM PROTEIN. CONTOUR VALUE IS  0.2336620131E-03
 MESSAGE (watershell2_main): LOCATION OF INNER BULK BOUNDARY SET TO  -9.497855176     A FROM PROTEIN. CONTOUR VALUE IS  0.5792172792E-03
 MESSAGE (watershell2_main): OUTER BULK BOUNDARY ( -9.997855176    ) IS TOO CLOSE TO SURFACE BOUNDARY ( -10.49257958    ). WILL RECOMPUTE:
 MESSAGE (watershell2_main): LOCATION OF OUTER BULK BOUNDARY SET TO  -9.996096645     A FROM PROTEIN. CONTOUR VALUE IS  0.2344331926E-03
 MESSAGE (watershell2_main): LOCATION OF INNER BULK BOUNDARY SET TO  -9.496096645     A FROM PROTEIN. CONTOUR VALUE IS  0.5810097860E-03
 MESSAGE (watershell2_main): OUTER BULK BOUNDARY ( -9.996096645    ) IS TOO CLOSE TO SURFACE BOUNDARY ( -10.49107458    ). WILL RECOMPUTE:
 MESSAGE (watershell2_main): LOCATION OF OUTER BULK BOUNDARY SET TO  -9.994422623     A FROM PROTEIN. CONTOUR VALUE IS  0.2351695192E-03
 MESSAGE (watershell2_main): LOCATION OF INNER BULK BOUNDARY SET TO  -9.494422623     A FROM PROTEIN. CONTOUR VALUE IS  0.5827209156E-03
 MESSAGE (watershell2_main): OUTER BULK BOUNDARY ( -9.994422623    ) IS TOO CLOSE TO SURFACE BOUNDARY ( -10.48919419    ). WILL RECOMPUTE:
 MESSAGE (watershell2_main): LOCATION OF OUTER BULK BOUNDARY SET TO  -9.992679810     A FROM PROTEIN. CONTOUR VALUE IS  0.2359383967E-03
 MESSAGE (watershell2_main): LOCATION OF INNER BULK BOUNDARY SET TO  -9.492679810     A FROM PROTEIN. CONTOUR VALUE IS  0.5845073086E-03
 MESSAGE (watershell2_main): OUTER BULK BOUNDARY ( -9.992679810    ) IS TOO CLOSE TO SURFACE BOUNDARY ( -10.48731498    ). WILL RECOMPUTE:
 MESSAGE (watershell2_main): LOCATION OF OUTER BULK BOUNDARY SET TO  -9.990891533     A FROM PROTEIN. CONTOUR VALUE IS  0.2367297710E-03
 MESSAGE (watershell2_main): LOCATION OF INNER BULK BOUNDARY SET TO  -9.490891533     A FROM PROTEIN. CONTOUR VALUE IS  0.5863455650E-03
 MESSAGE (watershell2_main): OUTER BULK BOUNDARY ( -9.990891533    ) IS TOO CLOSE TO SURFACE BOUNDARY ( -10.48581303    ). WILL RECOMPUTE:
 MESSAGE (watershell2_main): LOCATION OF OUTER BULK BOUNDARY SET TO  -9.989198699     A FROM PROTEIN. CONTOUR VALUE IS  0.2374811902E-03
 MESSAGE (watershell2_main): LOCATION OF INNER BULK BOUNDARY SET TO  -9.489198699     A FROM PROTEIN. CONTOUR VALUE IS  0.5880906324E-03
 MESSAGE (watershell2_main): OUTER BULK BOUNDARY ( -9.989198699    ) IS TOO CLOSE TO SURFACE BOUNDARY ( -10.48393676    ). WILL RECOMPUTE:
 MESSAGE (watershell2_main): LOCATION OF OUTER BULK BOUNDARY SET TO  -9.987444718     A FROM PROTEIN. CONTOUR VALUE IS  0.2382621001E-03
 MESSAGE (watershell2_main): LOCATION OF INNER BULK BOUNDARY SET TO  -9.487444718     A FROM PROTEIN. CONTOUR VALUE IS  0.5899037977E-03
 MESSAGE (watershell2_main): OUTER BULK BOUNDARY ( -9.987444718    ) IS TOO CLOSE TO SURFACE BOUNDARY ( -10.48243943    ). WILL RECOMPUTE:
 MESSAGE (watershell2_main): LOCATION OF OUTER BULK BOUNDARY SET TO  -9.985776288     A FROM PROTEIN. CONTOUR VALUE IS  0.2390071446E-03
 MESSAGE (watershell2_main): LOCATION OF INNER BULK BOUNDARY SET TO  -9.485776288     A FROM PROTEIN. CONTOUR VALUE IS  0.5916333195E-03
 MESSAGE (watershell2_main): OUTER BULK BOUNDARY ( -9.985776288    ) IS TOO CLOSE TO SURFACE BOUNDARY ( -10.48056777    ). WILL RECOMPUTE:
 MESSAGE (watershell2_main): LOCATION OF OUTER BULK BOUNDARY SET TO  -9.984040114     A FROM PROTEIN. CONTOUR VALUE IS  0.2397847487E-03
 MESSAGE (watershell2_main): LOCATION OF INNER BULK BOUNDARY SET TO  -9.484040114     A FROM PROTEIN. CONTOUR VALUE IS  0.5934380404E-03
 MESSAGE (watershell2_main): OUTER BULK BOUNDARY ( -9.984040114    ) IS TOO CLOSE TO SURFACE BOUNDARY ( -10.47870012    ). WILL RECOMPUTE:
 MESSAGE (watershell2_main): LOCATION OF OUTER BULK BOUNDARY SET TO  -9.982260116     A FROM PROTEIN. CONTOUR VALUE IS  0.2405844319E-03
 MESSAGE (watershell2_main): LOCATION OF INNER BULK BOUNDARY SET TO  -9.482260116     A FROM PROTEIN. CONTOUR VALUE IS  0.5952935973E-03
 MESSAGE (watershell2_main): OUTER BULK BOUNDARY ( -9.982260116    ) IS TOO CLOSE TO SURFACE BOUNDARY ( -10.47720600    ). WILL RECOMPUTE:
 MESSAGE (watershell2_main): LOCATION OF OUTER BULK BOUNDARY SET TO  -9.980575411     A FROM PROTEIN. CONTOUR VALUE IS  0.2413435956E-03
 MESSAGE (watershell2_main): LOCATION OF INNER BULK BOUNDARY SET TO  -9.480575411     A FROM PROTEIN. CONTOUR VALUE IS  0.5970547535E-03
 MESSAGE (watershell2_main): OUTER BULK BOUNDARY ( -9.980575411    ) IS TOO CLOSE TO SURFACE BOUNDARY ( -10.47534189    ). WILL RECOMPUTE:
 MESSAGE (watershell2_main): LOCATION OF OUTER BULK BOUNDARY SET TO  -9.978830903     A FROM PROTEIN. CONTOUR VALUE IS  0.2421320640E-03
 MESSAGE (watershell2_main): LOCATION OF INNER BULK BOUNDARY SET TO  -9.478830903     A FROM PROTEIN. CONTOUR VALUE IS  0.5988835012E-03
 MESSAGE (watershell2_main): OUTER BULK BOUNDARY ( -9.978830903    ) IS TOO CLOSE TO SURFACE BOUNDARY ( -10.47347865    ). WILL RECOMPUTE:
 MESSAGE (watershell2_main): LOCATION OF OUTER BULK BOUNDARY SET TO  -9.977046819     A FROM PROTEIN. CONTOUR VALUE IS  0.2429409050E-03
 MESSAGE (watershell2_main): LOCATION OF INNER BULK BOUNDARY SET TO  -9.477046819     A FROM PROTEIN. CONTOUR VALUE IS  0.6007590878E-03
 MESSAGE (watershell2_main): OUTER BULK BOUNDARY ( -9.977046819    ) IS TOO CLOSE TO SURFACE BOUNDARY ( -10.47199038    ). WILL RECOMPUTE:
 MESSAGE (watershell2_main): LOCATION OF OUTER BULK BOUNDARY SET TO  -9.975361341     A FROM PROTEIN. CONTOUR VALUE IS  0.2437073578E-03
 MESSAGE (watershell2_main): LOCATION OF INNER BULK BOUNDARY SET TO  -9.475361341     A FROM PROTEIN. CONTOUR VALUE IS  0.6025359974E-03
 MESSAGE (watershell2_main): OUTER BULK BOUNDARY ( -9.975361341    ) IS TOO CLOSE TO SURFACE BOUNDARY ( -10.47013101    ). WILL RECOMPUTE:
 MESSAGE (watershell2_main): LOCATION OF OUTER BULK BOUNDARY SET TO  -9.973617898     A FROM PROTEIN. CONTOUR VALUE IS  0.2445025431E-03
 MESSAGE (watershell2_main): LOCATION OF INNER BULK BOUNDARY SET TO  -9.473617898     A FROM PROTEIN. CONTOUR VALUE IS  0.6043791248E-03
 MESSAGE (watershell2_main): OUTER BULK BOUNDARY ( -9.973617898    ) IS TOO CLOSE TO SURFACE BOUNDARY ( -10.46827275    ). WILL RECOMPUTE:
 MESSAGE (watershell2_main): LOCATION OF OUTER BULK BOUNDARY SET TO  -9.971836183     A FROM PROTEIN. CONTOUR VALUE IS  0.2453176857E-03
 MESSAGE (watershell2_main): LOCATION OF INNER BULK BOUNDARY SET TO  -9.471836183     A FROM PROTEIN. CONTOUR VALUE IS  0.6062680949E-03
 MESSAGE (watershell2_main): OUTER BULK BOUNDARY ( -9.971836183    ) IS TOO CLOSE TO SURFACE BOUNDARY ( -10.46678673    ). WILL RECOMPUTE:
 MESSAGE (watershell2_main): LOCATION OF OUTER BULK BOUNDARY SET TO  -9.970153033     A FROM PROTEIN. CONTOUR VALUE IS  0.2460900626E-03
 MESSAGE (watershell2_main): LOCATION OF INNER BULK BOUNDARY SET TO  -9.470153033     A FROM PROTEIN. CONTOUR VALUE IS  0.6080575753E-03
 MESSAGE (watershell2_main): OUTER BULK BOUNDARY ( -9.970153033    ) IS TOO CLOSE TO SURFACE BOUNDARY ( -10.46492994    ). WILL RECOMPUTE:
 MESSAGE (watershell2_main): LOCATION OF OUTER BULK BOUNDARY SET TO  -9.968412001     A FROM PROTEIN. CONTOUR VALUE IS  0.2468913881E-03
 MESSAGE (watershell2_main): LOCATION OF INNER BULK BOUNDARY SET TO  -9.468412001     A FROM PROTEIN. CONTOUR VALUE IS  0.6099137286E-03
 MESSAGE (watershell2_main): OUTER BULK BOUNDARY ( -9.968412001    ) IS TOO CLOSE TO SURFACE BOUNDARY ( -10.46307423    ). WILL RECOMPUTE:
 MESSAGE (watershell2_main): LOCATION OF OUTER BULK BOUNDARY SET TO  -9.966632744     A FROM PROTEIN. CONTOUR VALUE IS  0.2477128223E-03
 MESSAGE (watershell2_main): LOCATION OF INNER BULK BOUNDARY SET TO  -9.466632744     A FROM PROTEIN. CONTOUR VALUE IS  0.6118160428E-03
 NONFATAL WARNING (watershell2_compute_density): DETECTED 1 POSSIBLE NEIGHBOR LIST MISS. NEIGHBOR LIST FACTOR IS   10.09860000
 MESSAGE (watershell2_main): OUTER BULK BOUNDARY ( -9.966632744    ) IS TOO CLOSE TO SURFACE BOUNDARY ( -10.46159026    ). WILL RECOMPUTE:
 MESSAGE (watershell2_main): LOCATION OF OUTER BULK BOUNDARY SET TO  -9.964951915     A FROM PROTEIN. CONTOUR VALUE IS  0.2484911567E-03
 MESSAGE (watershell2_main): LOCATION OF INNER BULK BOUNDARY SET TO  -9.464951915     A FROM PROTEIN. CONTOUR VALUE IS  0.6136181557E-03
 MESSAGE (watershell2_main): OUTER BULK BOUNDARY ( -9.964951915    ) IS TOO CLOSE TO SURFACE BOUNDARY ( -10.45973751    ). WILL RECOMPUTE:
 MESSAGE (watershell2_main): LOCATION OF OUTER BULK BOUNDARY SET TO  -9.963213780     A FROM PROTEIN. CONTOUR VALUE IS  0.2492984266E-03
 MESSAGE (watershell2_main): LOCATION OF INNER BULK BOUNDARY SET TO  -9.463213780     A FROM PROTEIN. CONTOUR VALUE IS  0.6154868655E-03
 MESSAGE (watershell2_main): OUTER BULK BOUNDARY ( -9.963213780    ) IS TOO CLOSE TO SURFACE BOUNDARY ( -10.45788529    ). WILL RECOMPUTE:
 MESSAGE (watershell2_main): LOCATION OF OUTER BULK BOUNDARY SET TO  -9.961437616     A FROM PROTEIN. CONTOUR VALUE IS  0.2501258862E-03
 MESSAGE (watershell2_main): LOCATION OF INNER BULK BOUNDARY SET TO  -9.461437616     A FROM PROTEIN. CONTOUR VALUE IS  0.6174018916E-03
 MESSAGE (watershell2_main): OUTER BULK BOUNDARY ( -9.961437616    ) IS TOO CLOSE TO SURFACE BOUNDARY ( -10.45640518    ). WILL RECOMPUTE:
 MESSAGE (watershell2_main): LOCATION OF OUTER BULK BOUNDARY SET TO  -9.959760139     A FROM PROTEIN. CONTOUR VALUE IS  0.2509097231E-03
 MESSAGE (watershell2_main): LOCATION OF INNER BULK BOUNDARY SET TO  -9.459760139     A FROM PROTEIN. CONTOUR VALUE IS  0.6192155688E-03
 MESSAGE (watershell2_main): OUTER BULK BOUNDARY ( -9.959760139    ) IS TOO CLOSE TO SURFACE BOUNDARY ( -10.45455505    ). WILL RECOMPUTE:
 MESSAGE (watershell2_main): LOCATION OF OUTER BULK BOUNDARY SET TO  -9.958025110     A FROM PROTEIN. CONTOUR VALUE IS  0.2517228625E-03
 MESSAGE (watershell2_main): LOCATION OF INNER BULK BOUNDARY SET TO  -9.458025110     A FROM PROTEIN. CONTOUR VALUE IS  0.6210966470E-03
 MESSAGE (watershell2_main): OUTER BULK BOUNDARY ( -9.958025110    ) IS TOO CLOSE TO SURFACE BOUNDARY ( -10.45270908    ). WILL RECOMPUTE:
 MESSAGE (watershell2_main): LOCATION OF OUTER BULK BOUNDARY SET TO  -9.956253101     A FROM PROTEIN. CONTOUR VALUE IS  0.2525558704E-03
 MESSAGE (watershell2_main): LOCATION OF INNER BULK BOUNDARY SET TO  -9.456253101     A FROM PROTEIN. CONTOUR VALUE IS  0.6230232664E-03
 MESSAGE (watershell2_main): OUTER BULK BOUNDARY ( -9.956253101    ) IS TOO CLOSE TO SURFACE BOUNDARY ( -10.45123231    ). WILL RECOMPUTE:
 MESSAGE (watershell2_main): LOCATION OF OUTER BULK BOUNDARY SET TO  -9.954579502     A FROM PROTEIN. CONTOUR VALUE IS  0.2533449767E-03
 MESSAGE (watershell2_main): LOCATION OF INNER BULK BOUNDARY SET TO  -9.454579502     A FROM PROTEIN. CONTOUR VALUE IS  0.6248479560E-03
 MESSAGE (watershell2_main): OUTER BULK BOUNDARY ( -9.954579502    ) IS TOO CLOSE TO SURFACE BOUNDARY ( -10.44938913    ). WILL RECOMPUTE:
 MESSAGE (watershell2_main): LOCATION OF OUTER BULK BOUNDARY SET TO  -9.952849380     A FROM PROTEIN. CONTOUR VALUE IS  0.2541631519E-03
 MESSAGE (watershell2_main): LOCATION OF INNER BULK BOUNDARY SET TO  -9.452849380     A FROM PROTEIN. CONTOUR VALUE IS  0.6267394610E-03
 MESSAGE (watershell2_main): OUTER BULK BOUNDARY ( -9.952849380    ) IS TOO CLOSE TO SURFACE BOUNDARY ( -10.44754666    ). WILL RECOMPUTE:
 MESSAGE (watershell2_main): LOCATION OF OUTER BULK BOUNDARY SET TO  -9.951081807     A FROM PROTEIN. CONTOUR VALUE IS  0.2550015818E-03
 MESSAGE (watershell2_main): LOCATION OF INNER BULK BOUNDARY SET TO  -9.451081807     A FROM PROTEIN. CONTOUR VALUE IS  0.6286773693E-03
 MESSAGE (watershell2_main): OUTER BULK BOUNDARY ( -9.951081807    ) IS TOO CLOSE TO SURFACE BOUNDARY ( -10.44607455    ). WILL RECOMPUTE:
 MESSAGE (watershell2_main): LOCATION OF OUTER BULK BOUNDARY SET TO  -9.949412720     A FROM PROTEIN. CONTOUR VALUE IS  0.2557956639E-03
 MESSAGE (watershell2_main): LOCATION OF INNER BULK BOUNDARY SET TO  -9.449412720     A FROM PROTEIN. CONTOUR VALUE IS  0.6305123806E-03
 MESSAGE (watershell2_main): OUTER BULK BOUNDARY ( -9.949412720    ) IS TOO CLOSE TO SURFACE BOUNDARY ( -10.44423518    ). WILL RECOMPUTE:
 MESSAGE (watershell2_main): LOCATION OF OUTER BULK BOUNDARY SET TO  -9.947686872     A FROM PROTEIN. CONTOUR VALUE IS  0.2566191757E-03
 MESSAGE (watershell2_main): LOCATION OF INNER BULK BOUNDARY SET TO  -9.447686872     A FROM PROTEIN. CONTOUR VALUE IS  0.6324149966E-03
 MESSAGE (watershell2_main): OUTER BULK BOUNDARY ( -9.947686872    ) IS TOO CLOSE TO SURFACE BOUNDARY ( -10.44239834    ). WILL RECOMPUTE:
 MESSAGE (watershell2_main): LOCATION OF OUTER BULK BOUNDARY SET TO  -9.945924029     A FROM PROTEIN. CONTOUR VALUE IS  0.2574628929E-03
 MESSAGE (watershell2_main): LOCATION OF INNER BULK BOUNDARY SET TO  -9.445924029     A FROM PROTEIN. CONTOUR VALUE IS  0.6343638704E-03
 MESSAGE (watershell2_main): OUTER BULK BOUNDARY ( -9.945924029    ) IS TOO CLOSE TO SURFACE BOUNDARY ( -10.44056320    ). WILL RECOMPUTE:
 MESSAGE (watershell2_main): LOCATION OF OUTER BULK BOUNDARY SET TO  -9.944137084     A FROM PROTEIN. CONTOUR VALUE IS  0.2583207850E-03
 MESSAGE (watershell2_main): LOCATION OF INNER BULK BOUNDARY SET TO  -9.444137084     A FROM PROTEIN. CONTOUR VALUE IS  0.6363450473E-03
 MESSAGE (watershell2_main): OUTER BULK BOUNDARY ( -9.944137084    ) IS TOO CLOSE TO SURFACE BOUNDARY ( -10.43909593    ). WILL RECOMPUTE:
 MESSAGE (watershell2_main): LOCATION OF OUTER BULK BOUNDARY SET TO  -9.942456700     A FROM PROTEIN. CONTOUR VALUE IS  0.2591299505E-03
 MESSAGE (watershell2_main): LOCATION OF INNER BULK BOUNDARY SET TO  -9.442456700     A FROM PROTEIN. CONTOUR VALUE IS  0.6382132931E-03
 MESSAGE (watershell2_main): OUTER BULK BOUNDARY ( -9.942456700    ) IS TOO CLOSE TO SURFACE BOUNDARY ( -10.43726292    ). WILL RECOMPUTE:
 MESSAGE (watershell2_main): LOCATION OF OUTER BULK BOUNDARY SET TO  -9.940725439     A FROM PROTEIN. CONTOUR VALUE IS  0.2599660870E-03
 MESSAGE (watershell2_main): LOCATION OF INNER BULK BOUNDARY SET TO  -9.440725439     A FROM PROTEIN. CONTOUR VALUE IS  0.6401434001E-03
 MESSAGE (watershell2_main): OUTER BULK BOUNDARY ( -9.940725439    ) IS TOO CLOSE TO SURFACE BOUNDARY ( -10.43543049    ). WILL RECOMPUTE:
 MESSAGE (watershell2_main): LOCATION OF OUTER BULK BOUNDARY SET TO  -9.938960456     A FROM PROTEIN. CONTOUR VALUE IS  0.2608210997E-03
 MESSAGE (watershell2_main): LOCATION OF INNER BULK BOUNDARY SET TO  -9.438960456     A FROM PROTEIN. CONTOUR VALUE IS  0.6421166496E-03
 MESSAGE (watershell2_main): OUTER BULK BOUNDARY ( -9.938960456    ) IS TOO CLOSE TO SURFACE BOUNDARY ( -10.43359895    ). WILL RECOMPUTE:
 MESSAGE (watershell2_main): LOCATION OF OUTER BULK BOUNDARY SET TO  -9.937173286     A FROM PROTEIN. CONTOUR VALUE IS  0.2616895321E-03
 MESSAGE (watershell2_main): LOCATION OF INNER BULK BOUNDARY SET TO  -9.437173286     A FROM PROTEIN. CONTOUR VALUE IS  0.6441204260E-03
 MESSAGE (watershell2_main): OUTER BULK BOUNDARY ( -9.937173286    ) IS TOO CLOSE TO SURFACE BOUNDARY ( -10.43213444    ). WILL RECOMPUTE:
 MESSAGE (watershell2_main): LOCATION OF OUTER BULK BOUNDARY SET TO  -9.935493670     A FROM PROTEIN. CONTOUR VALUE IS  0.2625081585E-03
 MESSAGE (watershell2_main): LOCATION OF INNER BULK BOUNDARY SET TO  -9.435493670     A FROM PROTEIN. CONTOUR VALUE IS  0.6460088736E-03
 MESSAGE (watershell2_main): OUTER BULK BOUNDARY ( -9.935493670    ) IS TOO CLOSE TO SURFACE BOUNDARY ( -10.43030654    ). WILL RECOMPUTE:
 MESSAGE (watershell2_main): LOCATION OF OUTER BULK BOUNDARY SET TO  -9.933764626     A FROM PROTEIN. CONTOUR VALUE IS  0.2633533697E-03
 MESSAGE (watershell2_main): LOCATION OF INNER BULK BOUNDARY SET TO  -9.433764626     A FROM PROTEIN. CONTOUR VALUE IS  0.6479582340E-03
 MESSAGE (watershell2_main): OUTER BULK BOUNDARY ( -9.933764626    ) IS TOO CLOSE TO SURFACE BOUNDARY ( -10.42847926    ). WILL RECOMPUTE:
 MESSAGE (watershell2_main): LOCATION OF OUTER BULK BOUNDARY SET TO  -9.932002838     A FROM PROTEIN. CONTOUR VALUE IS  0.2642171965E-03
 MESSAGE (watershell2_main): LOCATION OF INNER BULK BOUNDARY SET TO  -9.432002838     A FROM PROTEIN. CONTOUR VALUE IS  0.6499500946E-03
 MESSAGE (watershell2_main): OUTER BULK BOUNDARY ( -9.932002838    ) IS TOO CLOSE TO SURFACE BOUNDARY ( -10.42665450    ). WILL RECOMPUTE:
 MESSAGE (watershell2_main): LOCATION OF OUTER BULK BOUNDARY SET TO  -9.930220059     A FROM PROTEIN. CONTOUR VALUE IS  0.2650940049E-03
 MESSAGE (watershell2_main): LOCATION OF INNER BULK BOUNDARY SET TO  -9.430220059     A FROM PROTEIN. CONTOUR VALUE IS  0.6519714418E-03
 MESSAGE (watershell2_main): OUTER BULK BOUNDARY ( -9.930220059    ) IS TOO CLOSE TO SURFACE BOUNDARY ( -10.42519469    ). WILL RECOMPUTE:
 MESSAGE (watershell2_main): LOCATION OF OUTER BULK BOUNDARY SET TO  -9.928544935     A FROM PROTEIN. CONTOUR VALUE IS  0.2659203374E-03
 MESSAGE (watershell2_main): LOCATION OF INNER BULK BOUNDARY SET TO  -9.428544935     A FROM PROTEIN. CONTOUR VALUE IS  0.6538760135E-03
 MESSAGE (watershell2_main): OUTER BULK BOUNDARY ( -9.928544935    ) IS TOO CLOSE TO SURFACE BOUNDARY ( -10.42337179    ). WILL RECOMPUTE:
 MESSAGE (watershell2_main): LOCATION OF OUTER BULK BOUNDARY SET TO  -9.926820552     A FROM PROTEIN. CONTOUR VALUE IS  0.2667734779E-03
 MESSAGE (watershell2_main): LOCATION OF INNER BULK BOUNDARY SET TO  -9.426820552     A FROM PROTEIN. CONTOUR VALUE IS  0.6558419564E-03
 MESSAGE (watershell2_main): OUTER BULK BOUNDARY ( -9.926820552    ) IS TOO CLOSE TO SURFACE BOUNDARY ( -10.42154888    ). WILL RECOMPUTE:
 MESSAGE (watershell2_main): LOCATION OF OUTER BULK BOUNDARY SET TO  -9.925063329     A FROM PROTEIN. CONTOUR VALUE IS  0.2676454908E-03
 MESSAGE (watershell2_main): LOCATION OF INNER BULK BOUNDARY SET TO  -9.425063329     A FROM PROTEIN. CONTOUR VALUE IS  0.6578509517E-03
 MESSAGE (watershell2_main): OUTER BULK BOUNDARY ( -9.925063329    ) IS TOO CLOSE TO SURFACE BOUNDARY ( -10.41972834    ). WILL RECOMPUTE:
 MESSAGE (watershell2_main): LOCATION OF OUTER BULK BOUNDARY SET TO  -9.923284998     A FROM PROTEIN. CONTOUR VALUE IS  0.2685306834E-03
 MESSAGE (watershell2_main): LOCATION OF INNER BULK BOUNDARY SET TO  -9.423284998     A FROM PROTEIN. CONTOUR VALUE IS  0.6598898615E-03
 MESSAGE (watershell2_main): OUTER BULK BOUNDARY ( -9.923284998    ) IS TOO CLOSE TO SURFACE BOUNDARY ( -10.41827190    ). WILL RECOMPUTE:
 MESSAGE (watershell2_main): LOCATION OF OUTER BULK BOUNDARY SET TO  -9.921613965     A FROM PROTEIN. CONTOUR VALUE IS  0.2693649536E-03
 MESSAGE (watershell2_main): LOCATION OF INNER BULK BOUNDARY SET TO  -9.421613965     A FROM PROTEIN. CONTOUR VALUE IS  0.6618110653E-03
 MESSAGE (watershell2_main): OUTER BULK BOUNDARY ( -9.921613965    ) IS TOO CLOSE TO SURFACE BOUNDARY ( -10.41645150    ). WILL RECOMPUTE:
 MESSAGE (watershell2_main): LOCATION OF OUTER BULK BOUNDARY SET TO  -9.919893144     A FROM PROTEIN. CONTOUR VALUE IS  0.2702266057E-03
 MESSAGE (watershell2_main): LOCATION OF INNER BULK BOUNDARY SET TO  -9.419893144     A FROM PROTEIN. CONTOUR VALUE IS  0.6637949057E-03
 MESSAGE (watershell2_main): OUTER BULK BOUNDARY ( -9.919893144    ) IS TOO CLOSE TO SURFACE BOUNDARY ( -10.41463114    ). WILL RECOMPUTE:
 MESSAGE (watershell2_main): LOCATION OF OUTER BULK BOUNDARY SET TO  -9.918139143     A FROM PROTEIN. CONTOUR VALUE IS  0.2711075154E-03
 MESSAGE (watershell2_main): LOCATION OF INNER BULK BOUNDARY SET TO  -9.418139143     A FROM PROTEIN. CONTOUR VALUE IS  0.6658226444E-03
 MESSAGE (watershell2_main): OUTER BULK BOUNDARY ( -9.918139143    ) IS TOO CLOSE TO SURFACE BOUNDARY ( -10.41281242    ). WILL RECOMPUTE:
 MESSAGE (watershell2_main): LOCATION OF OUTER BULK BOUNDARY SET TO  -9.916363569     A FROM PROTEIN. CONTOUR VALUE IS  0.2720019858E-03
 MESSAGE (watershell2_main): LOCATION OF INNER BULK BOUNDARY SET TO  -9.416363569     A FROM PROTEIN. CONTOUR VALUE IS  0.6678811446E-03
 MESSAGE (watershell2_main): OUTER BULK BOUNDARY ( -9.916363569    ) IS TOO CLOSE TO SURFACE BOUNDARY ( -10.41135777    ). WILL RECOMPUTE:
 MESSAGE (watershell2_main): LOCATION OF OUTER BULK BOUNDARY SET TO  -9.914694971     A FROM PROTEIN. CONTOUR VALUE IS  0.2728450727E-03
 MESSAGE (watershell2_main): LOCATION OF INNER BULK BOUNDARY SET TO  -9.414694971     A FROM PROTEIN. CONTOUR VALUE IS  0.6698209758E-03
 MESSAGE (watershell2_main): OUTER BULK BOUNDARY ( -9.914694971    ) IS TOO CLOSE TO SURFACE BOUNDARY ( -10.40953996    ). WILL RECOMPUTE:
 MESSAGE (watershell2_main): LOCATION OF OUTER BULK BOUNDARY SET TO  -9.912976634     A FROM PROTEIN. CONTOUR VALUE IS  0.2737158363E-03
 MESSAGE (watershell2_main): LOCATION OF INNER BULK BOUNDARY SET TO  -9.412976634     A FROM PROTEIN. CONTOUR VALUE IS  0.6718240642E-03
 MESSAGE (watershell2_main): OUTER BULK BOUNDARY ( -9.912976634    ) IS TOO CLOSE TO SURFACE BOUNDARY ( -10.40772247    ). WILL RECOMPUTE:
 MESSAGE (watershell2_main): LOCATION OF OUTER BULK BOUNDARY SET TO  -9.911225247     A FROM PROTEIN. CONTOUR VALUE IS  0.2746060127E-03
 MESSAGE (watershell2_main): LOCATION OF INNER BULK BOUNDARY SET TO  -9.411225247     A FROM PROTEIN. CONTOUR VALUE IS  0.6738713657E-03
 MESSAGE (watershell2_main): OUTER BULK BOUNDARY ( -9.911225247    ) IS TOO CLOSE TO SURFACE BOUNDARY ( -10.40590655    ). WILL RECOMPUTE:
 MESSAGE (watershell2_main): LOCATION OF OUTER BULK BOUNDARY SET TO  -9.909452349     A FROM PROTEIN. CONTOUR VALUE IS  0.2755098707E-03
 MESSAGE (watershell2_main): LOCATION OF INNER BULK BOUNDARY SET TO  -9.409452349     A FROM PROTEIN. CONTOUR VALUE IS  0.6759496763E-03
 MESSAGE (watershell2_main): OUTER BULK BOUNDARY ( -9.909452349    ) IS TOO CLOSE TO SURFACE BOUNDARY ( -10.40409167    ). WILL RECOMPUTE:
 MESSAGE (watershell2_main): LOCATION OF OUTER BULK BOUNDARY SET TO  -9.907665457     A FROM PROTEIN. CONTOUR VALUE IS  0.2764236684E-03
 MESSAGE (watershell2_main): LOCATION OF INNER BULK BOUNDARY SET TO  -9.407665457     A FROM PROTEIN. CONTOUR VALUE IS  0.6780503752E-03
 MESSAGE (watershell2_main): OUTER BULK BOUNDARY ( -9.907665457    ) IS TOO CLOSE TO SURFACE BOUNDARY ( -10.40264030    ). WILL RECOMPUTE:
 MESSAGE (watershell2_main): LOCATION OF OUTER BULK BOUNDARY SET TO  -9.905990405     A FROM PROTEIN. CONTOUR VALUE IS  0.2772828367E-03
 MESSAGE (watershell2_main): LOCATION OF INNER BULK BOUNDARY SET TO  -9.405990405     A FROM PROTEIN. CONTOUR VALUE IS  0.6800250620E-03
 MESSAGE (watershell2_main): OUTER BULK BOUNDARY ( -9.905990405    ) IS TOO CLOSE TO SURFACE BOUNDARY ( -10.40082675    ). WILL RECOMPUTE:
 MESSAGE (watershell2_main): LOCATION OF OUTER BULK BOUNDARY SET TO  -9.904269187     A FROM PROTEIN. CONTOUR VALUE IS  0.2781682768E-03
 MESSAGE (watershell2_main): LOCATION OF INNER BULK BOUNDARY SET TO  -9.404269187     A FROM PROTEIN. CONTOUR VALUE IS  0.6820596995E-03
 MESSAGE (watershell2_main): OUTER BULK BOUNDARY ( -9.904269187    ) IS TOO CLOSE TO SURFACE BOUNDARY ( -10.39901319    ). WILL RECOMPUTE:
 MESSAGE (watershell2_main): LOCATION OF OUTER BULK BOUNDARY SET TO  -9.902517186     A FROM PROTEIN. CONTOUR VALUE IS  0.2790722579E-03
 MESSAGE (watershell2_main): LOCATION OF INNER BULK BOUNDARY SET TO  -9.402517186     A FROM PROTEIN. CONTOUR VALUE IS  0.6841364918E-03
 MESSAGE (watershell2_main): OUTER BULK BOUNDARY ( -9.902517186    ) IS TOO CLOSE TO SURFACE BOUNDARY ( -10.39719960    ). WILL RECOMPUTE:
 MESSAGE (watershell2_main): LOCATION OF OUTER BULK BOUNDARY SET TO  -9.900744657     A FROM PROTEIN. CONTOUR VALUE IS  0.2799896168E-03
 MESSAGE (watershell2_main): LOCATION OF INNER BULK BOUNDARY SET TO  -9.400744657     A FROM PROTEIN. CONTOUR VALUE IS  0.6862435547E-03
 MESSAGE (watershell2_main): OUTER BULK BOUNDARY ( -9.900744657    ) IS TOO CLOSE TO SURFACE BOUNDARY ( -10.39538733    ). WILL RECOMPUTE:
 MESSAGE (watershell2_main): LOCATION OF OUTER BULK BOUNDARY SET TO  -9.898958880     A FROM PROTEIN. CONTOUR VALUE IS  0.2809166734E-03
 MESSAGE (watershell2_main): LOCATION OF INNER BULK BOUNDARY SET TO  -9.398958880     A FROM PROTEIN. CONTOUR VALUE IS  0.6883724190E-03
 MESSAGE (watershell2_main): OUTER BULK BOUNDARY ( -9.898958880    ) IS TOO CLOSE TO SURFACE BOUNDARY ( -10.39393908    ). WILL RECOMPUTE:
 MESSAGE (watershell2_main): LOCATION OF OUTER BULK BOUNDARY SET TO  -9.897285615     A FROM PROTEIN. CONTOUR VALUE IS  0.2817879165E-03
 MESSAGE (watershell2_main): LOCATION OF INNER BULK BOUNDARY SET TO  -9.397285615     A FROM PROTEIN. CONTOUR VALUE IS  0.6903726830E-03
 MESSAGE (watershell2_main): OUTER BULK BOUNDARY ( -9.897285615    ) IS TOO CLOSE TO SURFACE BOUNDARY ( -10.39212895    ). WILL RECOMPUTE:
 MESSAGE (watershell2_main): LOCATION OF OUTER BULK BOUNDARY SET TO  -9.895566727     A FROM PROTEIN. CONTOUR VALUE IS  0.2826855356E-03
 MESSAGE (watershell2_main): LOCATION OF INNER BULK BOUNDARY SET TO  -9.395566727     A FROM PROTEIN. CONTOUR VALUE IS  0.6924330668E-03
 MESSAGE (watershell2_main): OUTER BULK BOUNDARY ( -9.895566727    ) IS TOO CLOSE TO SURFACE BOUNDARY ( -10.39031951    ). WILL RECOMPUTE:
 MESSAGE (watershell2_main): LOCATION OF OUTER BULK BOUNDARY SET TO  -9.893817654     A FROM PROTEIN. CONTOUR VALUE IS  0.2836016528E-03
 MESSAGE (watershell2_main): LOCATION OF INNER BULK BOUNDARY SET TO  -9.393817654     A FROM PROTEIN. CONTOUR VALUE IS  0.6945354558E-03
 MESSAGE (watershell2_main): OUTER BULK BOUNDARY ( -9.893817654    ) IS TOO CLOSE TO SURFACE BOUNDARY ( -10.38851058    ). WILL RECOMPUTE:
 MESSAGE (watershell2_main): LOCATION OF OUTER BULK BOUNDARY SET TO  -9.892048629     A FROM PROTEIN. CONTOUR VALUE IS  0.2845310335E-03
 MESSAGE (watershell2_main): LOCATION OF INNER BULK BOUNDARY SET TO  -9.392048629     A FROM PROTEIN. CONTOUR VALUE IS  0.6966678149E-03
 MESSAGE (watershell2_main): OUTER BULK BOUNDARY ( -9.892048629    ) IS TOO CLOSE TO SURFACE BOUNDARY ( -10.38670372    ). WILL RECOMPUTE:
 MESSAGE (watershell2_main): LOCATION OF OUTER BULK BOUNDARY SET TO  -9.890266993     A FROM PROTEIN. CONTOUR VALUE IS  0.2854699070E-03
 MESSAGE (watershell2_main): LOCATION OF INNER BULK BOUNDARY SET TO  -9.390266993     A FROM PROTEIN. CONTOUR VALUE IS  0.6988214766E-03
 MESSAGE (watershell2_main): OUTER BULK BOUNDARY ( -9.890266993    ) IS TOO CLOSE TO SURFACE BOUNDARY ( -10.38525824    ). WILL RECOMPUTE:
 MESSAGE (watershell2_main): LOCATION OF OUTER BULK BOUNDARY SET TO  -9.888597408     A FROM PROTEIN. CONTOUR VALUE IS  0.2863523523E-03
 MESSAGE (watershell2_main): LOCATION OF INNER BULK BOUNDARY SET TO  -9.388597408     A FROM PROTEIN. CONTOUR VALUE IS  0.7008452631E-03
 MESSAGE (watershell2_main): OUTER BULK BOUNDARY ( -9.888597408    ) IS TOO CLOSE TO SURFACE BOUNDARY ( -10.38345146    ). WILL RECOMPUTE:
 MESSAGE (watershell2_main): LOCATION OF OUTER BULK BOUNDARY SET TO  -9.886882092     A FROM PROTEIN. CONTOUR VALUE IS  0.2872616146E-03
 MESSAGE (watershell2_main): LOCATION OF INNER BULK BOUNDARY SET TO  -9.386882092     A FROM PROTEIN. CONTOUR VALUE IS  0.7029301107E-03
 MESSAGE (watershell2_main): OUTER BULK BOUNDARY ( -9.886882092    ) IS TOO CLOSE TO SURFACE BOUNDARY ( -10.38164468    ). WILL RECOMPUTE:
 MESSAGE (watershell2_main): LOCATION OF OUTER BULK BOUNDARY SET TO  -9.885136289     A FROM PROTEIN. CONTOUR VALUE IS  0.2881897993E-03
 MESSAGE (watershell2_main): LOCATION OF INNER BULK BOUNDARY SET TO  -9.385136289     A FROM PROTEIN. CONTOUR VALUE IS  0.7050578856E-03
 MESSAGE (watershell2_main): OUTER BULK BOUNDARY ( -9.885136289    ) IS TOO CLOSE TO SURFACE BOUNDARY ( -10.37983899    ). WILL RECOMPUTE:
 MESSAGE (watershell2_main): LOCATION OF OUTER BULK BOUNDARY SET TO  -9.883370522     A FROM PROTEIN. CONTOUR VALUE IS  0.2891314394E-03
 MESSAGE (watershell2_main): LOCATION OF INNER BULK BOUNDARY SET TO  -9.383370522     A FROM PROTEIN. CONTOUR VALUE IS  0.7072160328E-03
 MESSAGE (watershell2_main): OUTER BULK BOUNDARY ( -9.883370522    ) IS TOO CLOSE TO SURFACE BOUNDARY ( -10.37803330    ). WILL RECOMPUTE:
 MESSAGE (watershell2_main): LOCATION OF OUTER BULK BOUNDARY SET TO  -9.881591447     A FROM PROTEIN. CONTOUR VALUE IS  0.2900830751E-03
 MESSAGE (watershell2_main): LOCATION OF INNER BULK BOUNDARY SET TO  -9.381591447     A FROM PROTEIN. CONTOUR VALUE IS  0.7093966063E-03
 MESSAGE (watershell2_main): OUTER BULK BOUNDARY ( -9.881591447    ) IS TOO CLOSE TO SURFACE BOUNDARY ( -10.37658984    ). WILL RECOMPUTE:
 MESSAGE (watershell2_main): LOCATION OF OUTER BULK BOUNDARY SET TO  -9.879924245     A FROM PROTEIN. CONTOUR VALUE IS  0.2909775170E-03
 MESSAGE (watershell2_main): LOCATION OF INNER BULK BOUNDARY SET TO  -9.379924245     A FROM PROTEIN. CONTOUR VALUE IS  0.7114456855E-03
 MESSAGE (watershell2_main): OUTER BULK BOUNDARY ( -9.879924245    ) IS TOO CLOSE TO SURFACE BOUNDARY ( -10.37478552    ). WILL RECOMPUTE:
 MESSAGE (watershell2_main): LOCATION OF OUTER BULK BOUNDARY SET TO  -9.878211337     A FROM PROTEIN. CONTOUR VALUE IS  0.2918991552E-03
 MESSAGE (watershell2_main): LOCATION OF INNER BULK BOUNDARY SET TO  -9.378211337     A FROM PROTEIN. CONTOUR VALUE IS  0.7135566232E-03
 MESSAGE (watershell2_main): OUTER BULK BOUNDARY ( -9.878211337    ) IS TOO CLOSE TO SURFACE BOUNDARY ( -10.37298193    ). WILL RECOMPUTE:
 MESSAGE (watershell2_main): LOCATION OF OUTER BULK BOUNDARY SET TO  -9.876468202     A FROM PROTEIN. CONTOUR VALUE IS  0.2928398485E-03
 MESSAGE (watershell2_main): LOCATION OF INNER BULK BOUNDARY SET TO  -9.376468202     A FROM PROTEIN. CONTOUR VALUE IS  0.7157107405E-03
 MESSAGE (watershell2_main): OUTER BULK BOUNDARY ( -9.876468202    ) IS TOO CLOSE TO SURFACE BOUNDARY ( -10.37117852    ). WILL RECOMPUTE:
 MESSAGE (watershell2_main): LOCATION OF OUTER BULK BOUNDARY SET TO  -9.874704976     A FROM PROTEIN. CONTOUR VALUE IS  0.2937942563E-03
 MESSAGE (watershell2_main): LOCATION OF INNER BULK BOUNDARY SET TO  -9.374704976     A FROM PROTEIN. CONTOUR VALUE IS  0.7178957846E-03
 MESSAGE (watershell2_main): OUTER BULK BOUNDARY ( -9.874704976    ) IS TOO CLOSE TO SURFACE BOUNDARY ( -10.36937734    ). WILL RECOMPUTE:
 MESSAGE (watershell2_main): LOCATION OF OUTER BULK BOUNDARY SET TO  -9.872929097     A FROM PROTEIN. CONTOUR VALUE IS  0.2947584414E-03
 MESSAGE (watershell2_main): LOCATION OF INNER BULK BOUNDARY SET TO  -9.372929097     A FROM PROTEIN. CONTOUR VALUE IS  0.7201027255E-03
 MESSAGE (watershell2_main): OUTER BULK BOUNDARY ( -9.872929097    ) IS TOO CLOSE TO SURFACE BOUNDARY ( -10.36757671    ). WILL RECOMPUTE:
 MESSAGE (watershell2_main): LOCATION OF OUTER BULK BOUNDARY SET TO  -9.871144966     A FROM PROTEIN. CONTOUR VALUE IS  0.2957300735E-03
 MESSAGE (watershell2_main): LOCATION OF INNER BULK BOUNDARY SET TO  -9.371144966     A FROM PROTEIN. CONTOUR VALUE IS  0.7223262176E-03
 MESSAGE (watershell2_main): OUTER BULK BOUNDARY ( -9.871144966    ) IS TOO CLOSE TO SURFACE BOUNDARY ( -10.36613715    ). WILL RECOMPUTE:
 MESSAGE (watershell2_main): LOCATION OF OUTER BULK BOUNDARY SET TO  -9.869475695     A FROM PROTEIN. CONTOUR VALUE IS  0.2966418539E-03
 MESSAGE (watershell2_main): LOCATION OF INNER BULK BOUNDARY SET TO  -9.369475695     A FROM PROTEIN. CONTOUR VALUE IS  0.7244122949E-03
 MESSAGE (watershell2_main): OUTER BULK BOUNDARY ( -9.869475695    ) IS TOO CLOSE TO SURFACE BOUNDARY ( -10.36433811    ). WILL RECOMPUTE:
 MESSAGE (watershell2_main): LOCATION OF OUTER BULK BOUNDARY SET TO  -9.867763168     A FROM PROTEIN. CONTOUR VALUE IS  0.2975799824E-03
 MESSAGE (watershell2_main): LOCATION OF INNER BULK BOUNDARY SET TO  -9.367763168     A FROM PROTEIN. CONTOUR VALUE IS  0.7265582013E-03
 MESSAGE (watershell2_main): OUTER BULK BOUNDARY ( -9.867763168    ) IS TOO CLOSE TO SURFACE BOUNDARY ( -10.36253935    ). WILL RECOMPUTE:
 MESSAGE (watershell2_main): LOCATION OF OUTER BULK BOUNDARY SET TO  -9.866021897     A FROM PROTEIN. CONTOUR VALUE IS  0.2985366891E-03
 MESSAGE (watershell2_main): LOCATION OF INNER BULK BOUNDARY SET TO  -9.366021897     A FROM PROTEIN. CONTOUR VALUE IS  0.7287461325E-03
 MESSAGE (watershell2_main): OUTER BULK BOUNDARY ( -9.866021897    ) IS TOO CLOSE TO SURFACE BOUNDARY ( -10.36074079    ). WILL RECOMPUTE:
 MESSAGE (watershell2_main): LOCATION OF OUTER BULK BOUNDARY SET TO  -9.864261526     A FROM PROTEIN. CONTOUR VALUE IS  0.2995068007E-03
 MESSAGE (watershell2_main): LOCATION OF INNER BULK BOUNDARY SET TO  -9.364261526     A FROM PROTEIN. CONTOUR VALUE IS  0.7309642349E-03
 MESSAGE (watershell2_main): OUTER BULK BOUNDARY ( -9.864261526    ) IS TOO CLOSE TO SURFACE BOUNDARY ( -10.35894407    ). WILL RECOMPUTE:
 MESSAGE (watershell2_main): LOCATION OF OUTER BULK BOUNDARY SET TO  -9.862489040     A FROM PROTEIN. CONTOUR VALUE IS  0.3004865550E-03
 MESSAGE (watershell2_main): LOCATION OF INNER BULK BOUNDARY SET TO  -9.362489040     A FROM PROTEIN. CONTOUR VALUE IS  0.7332038908E-03
 MESSAGE (watershell2_main): OUTER BULK BOUNDARY ( -9.862489040    ) IS TOO CLOSE TO SURFACE BOUNDARY ( -10.35714858    ). WILL RECOMPUTE:
 MESSAGE (watershell2_main): LOCATION OF OUTER BULK BOUNDARY SET TO  -9.860708887     A FROM PROTEIN. CONTOUR VALUE IS  0.3014735506E-03
 MESSAGE (watershell2_main): LOCATION OF INNER BULK BOUNDARY SET TO  -9.360708887     A FROM PROTEIN. CONTOUR VALUE IS  0.7354595995E-03
 MESSAGE (watershell2_main): OUTER BULK BOUNDARY ( -9.860708887    ) IS TOO CLOSE TO SURFACE BOUNDARY ( -10.35535294    ). WILL RECOMPUTE:
 MESSAGE (watershell2_main): LOCATION OF OUTER BULK BOUNDARY SET TO  -9.858923571     A FROM PROTEIN. CONTOUR VALUE IS  0.3024664400E-03
 MESSAGE (watershell2_main): LOCATION OF INNER BULK BOUNDARY SET TO  -9.358923571     A FROM PROTEIN. CONTOUR VALUE IS  0.7377282732E-03
 MESSAGE (watershell2_main): OUTER BULK BOUNDARY ( -9.858923571    ) IS TOO CLOSE TO SURFACE BOUNDARY ( -10.35391634    ). WILL RECOMPUTE:
 MESSAGE (watershell2_main): LOCATION OF OUTER BULK BOUNDARY SET TO  -9.857254496     A FROM PROTEIN. CONTOUR VALUE IS  0.3033974368E-03
 MESSAGE (watershell2_main): LOCATION OF INNER BULK BOUNDARY SET TO  -9.357254496     A FROM PROTEIN. CONTOUR VALUE IS  0.7398550683E-03
 MESSAGE (watershell2_main): OUTER BULK BOUNDARY ( -9.857254496    ) IS TOO CLOSE TO SURFACE BOUNDARY ( -10.35212115    ). WILL RECOMPUTE:
 MESSAGE (watershell2_main): LOCATION OF OUTER BULK BOUNDARY SET TO  -9.855543379     A FROM PROTEIN. CONTOUR VALUE IS  0.3043546532E-03
 MESSAGE (watershell2_main): LOCATION OF INNER BULK BOUNDARY SET TO  -9.355543379     A FROM PROTEIN. CONTOUR VALUE IS  0.7420412989E-03
 MESSAGE (watershell2_main): OUTER BULK BOUNDARY ( -9.855543379    ) IS TOO CLOSE TO SURFACE BOUNDARY ( -10.35032677    ). WILL RECOMPUTE:
 MESSAGE (watershell2_main): LOCATION OF OUTER BULK BOUNDARY SET TO  -9.853804509     A FROM PROTEIN. CONTOUR VALUE IS  0.3053302758E-03
 MESSAGE (watershell2_main): LOCATION OF INNER BULK BOUNDARY SET TO  -9.353804509     A FROM PROTEIN. CONTOUR VALUE IS  0.7442690885E-03
 MESSAGE (watershell2_main): OUTER BULK BOUNDARY ( -9.853804509    ) IS TOO CLOSE TO SURFACE BOUNDARY ( -10.34853301    ). WILL RECOMPUTE:
 MESSAGE (watershell2_main): LOCATION OF OUTER BULK BOUNDARY SET TO  -9.852047343     A FROM PROTEIN. CONTOUR VALUE IS  0.3063191207E-03
 MESSAGE (watershell2_main): LOCATION OF INNER BULK BOUNDARY SET TO  -9.352047343     A FROM PROTEIN. CONTOUR VALUE IS  0.7465265777E-03
 MESSAGE (watershell2_main): OUTER BULK BOUNDARY ( -9.852047343    ) IS TOO CLOSE TO SURFACE BOUNDARY ( -10.34674019    ). WILL RECOMPUTE:
 MESSAGE (watershell2_main): LOCATION OF OUTER BULK BOUNDARY SET TO  -9.850278293     A FROM PROTEIN. CONTOUR VALUE IS  0.3073176653E-03
 MESSAGE (watershell2_main): LOCATION OF INNER BULK BOUNDARY SET TO  -9.350278293     A FROM PROTEIN. CONTOUR VALUE IS  0.7488057092E-03
 MESSAGE (watershell2_main): OUTER BULK BOUNDARY ( -9.850278293    ) IS TOO CLOSE TO SURFACE BOUNDARY ( -10.34494809    ). WILL RECOMPUTE:
 MESSAGE (watershell2_main): LOCATION OF OUTER BULK BOUNDARY SET TO  -9.848501559     A FROM PROTEIN. CONTOUR VALUE IS  0.3083235968E-03
 MESSAGE (watershell2_main): LOCATION OF INNER BULK BOUNDARY SET TO  -9.348501559     A FROM PROTEIN. CONTOUR VALUE IS  0.7511011927E-03
 MESSAGE (watershell2_main): OUTER BULK BOUNDARY ( -9.848501559    ) IS TOO CLOSE TO SURFACE BOUNDARY ( -10.34315707    ). WILL RECOMPUTE:
 MESSAGE (watershell2_main): LOCATION OF OUTER BULK BOUNDARY SET TO  -9.846720062     A FROM PROTEIN. CONTOUR VALUE IS  0.3093353022E-03
 MESSAGE (watershell2_main): LOCATION OF INNER BULK BOUNDARY SET TO  -9.346720062     A FROM PROTEIN. CONTOUR VALUE IS  0.7534093391E-03
 MESSAGE (watershell2_main): OUTER BULK BOUNDARY ( -9.846720062    ) IS TOO CLOSE TO SURFACE BOUNDARY ( -10.34136658    ). WILL RECOMPUTE:
 MESSAGE (watershell2_main): LOCATION OF OUTER BULK BOUNDARY SET TO  -9.844935566     A FROM PROTEIN. CONTOUR VALUE IS  0.3103518080E-03
 MESSAGE (watershell2_main): LOCATION OF INNER BULK BOUNDARY SET TO  -9.344935566     A FROM PROTEIN. CONTOUR VALUE IS  0.7557279213E-03
 MESSAGE (watershell2_main): OUTER BULK BOUNDARY ( -9.844935566    ) IS TOO CLOSE TO SURFACE BOUNDARY ( -10.33993482    ). WILL RECOMPUTE:
 MESSAGE (watershell2_main): LOCATION OF OUTER BULK BOUNDARY SET TO  -9.843268650     A FROM PROTEIN. CONTOUR VALUE IS  0.3113041451E-03
 MESSAGE (watershell2_main): LOCATION OF INNER BULK BOUNDARY SET TO  -9.343268650     A FROM PROTEIN. CONTOUR VALUE IS  0.7578996708E-03
 MESSAGE (watershell2_main): OUTER BULK BOUNDARY ( -9.843268650    ) IS TOO CLOSE TO SURFACE BOUNDARY ( -10.33814529    ). WILL RECOMPUTE:
 MESSAGE (watershell2_main): LOCATION OF OUTER BULK BOUNDARY SET TO  -9.841560865     A FROM PROTEIN. CONTOUR VALUE IS  0.3122826525E-03
 MESSAGE (watershell2_main): LOCATION OF INNER BULK BOUNDARY SET TO  -9.341560865     A FROM PROTEIN. CONTOUR VALUE IS  0.7601306301E-03
 MESSAGE (watershell2_main): OUTER BULK BOUNDARY ( -9.841560865    ) IS TOO CLOSE TO SURFACE BOUNDARY ( -10.33635645    ). WILL RECOMPUTE:
 MESSAGE (watershell2_main): LOCATION OF OUTER BULK BOUNDARY SET TO  -9.839826061     A FROM PROTEIN. CONTOUR VALUE IS  0.3132795718E-03
 MESSAGE (watershell2_main): LOCATION OF INNER BULK BOUNDARY SET TO  -9.339826061     A FROM PROTEIN. CONTOUR VALUE IS  0.7624030793E-03
 MESSAGE (watershell2_main): OUTER BULK BOUNDARY ( -9.839826061    ) IS TOO CLOSE TO SURFACE BOUNDARY ( -10.33456801    ). WILL RECOMPUTE:
 MESSAGE (watershell2_main): LOCATION OF OUTER BULK BOUNDARY SET TO  -9.838073377     A FROM PROTEIN. CONTOUR VALUE IS  0.3142897736E-03
 MESSAGE (watershell2_main): LOCATION OF INNER BULK BOUNDARY SET TO  -9.338073377     A FROM PROTEIN. CONTOUR VALUE IS  0.7647053044E-03
 MESSAGE (watershell2_main): OUTER BULK BOUNDARY ( -9.838073377    ) IS TOO CLOSE TO SURFACE BOUNDARY ( -10.33278116    ). WILL RECOMPUTE:
 MESSAGE (watershell2_main): LOCATION OF OUTER BULK BOUNDARY SET TO  -9.836309304     A FROM PROTEIN. CONTOUR VALUE IS  0.3153096009E-03
 MESSAGE (watershell2_main): LOCATION OF INNER BULK BOUNDARY SET TO  -9.336309304     A FROM PROTEIN. CONTOUR VALUE IS  0.7670289552E-03
 MESSAGE (watershell2_main): OUTER BULK BOUNDARY ( -9.836309304    ) IS TOO CLOSE TO SURFACE BOUNDARY ( -10.33099468    ). WILL RECOMPUTE:
 MESSAGE (watershell2_main): LOCATION OF OUTER BULK BOUNDARY SET TO  -9.834537763     A FROM PROTEIN. CONTOUR VALUE IS  0.3163368448E-03
 MESSAGE (watershell2_main): LOCATION OF INNER BULK BOUNDARY SET TO  -9.334537763     A FROM PROTEIN. CONTOUR VALUE IS  0.7693689882E-03
 MESSAGE (watershell2_main): OUTER BULK BOUNDARY ( -9.834537763    ) IS TOO CLOSE TO SURFACE BOUNDARY ( -10.32920969    ). WILL RECOMPUTE:
 MESSAGE (watershell2_main): LOCATION OF OUTER BULK BOUNDARY SET TO  -9.832761739     A FROM PROTEIN. CONTOUR VALUE IS  0.3173698142E-03
 MESSAGE (watershell2_main): LOCATION OF INNER BULK BOUNDARY SET TO  -9.332761739     A FROM PROTEIN. CONTOUR VALUE IS  0.7717215426E-03
 MESSAGE (watershell2_main): OUTER BULK BOUNDARY ( -9.832761739    ) IS TOO CLOSE TO SURFACE BOUNDARY ( -10.32742521    ). WILL RECOMPUTE:
 MESSAGE (watershell2_main): LOCATION OF OUTER BULK BOUNDARY SET TO  -9.830982898     A FROM PROTEIN. CONTOUR VALUE IS  0.3184075687E-03
 MESSAGE (watershell2_main): LOCATION OF INNER BULK BOUNDARY SET TO  -9.330982898     A FROM PROTEIN. CONTOUR VALUE IS  0.7740844704E-03
 MESSAGE (watershell2_main): OUTER BULK BOUNDARY ( -9.830982898    ) IS TOO CLOSE TO SURFACE BOUNDARY ( -10.32564279    ). WILL RECOMPUTE:
 MESSAGE (watershell2_main): LOCATION OF OUTER BULK BOUNDARY SET TO  -9.829202861     A FROM PROTEIN. CONTOUR VALUE IS  0.3194491817E-03
 MESSAGE (watershell2_main): LOCATION OF INNER BULK BOUNDARY SET TO  -9.329202861     A FROM PROTEIN. CONTOUR VALUE IS  0.7764556567E-03
 MESSAGE (watershell2_main): OUTER BULK BOUNDARY ( -9.829202861    ) IS TOO CLOSE TO SURFACE BOUNDARY ( -10.32386074    ). WILL RECOMPUTE:
 MESSAGE (watershell2_main): LOCATION OF OUTER BULK BOUNDARY SET TO  -9.827422154     A FROM PROTEIN. CONTOUR VALUE IS  0.3204943588E-03
 MESSAGE (watershell2_main): LOCATION OF INNER BULK BOUNDARY SET TO  -9.327422154     A FROM PROTEIN. CONTOUR VALUE IS  0.7788344279E-03
 MESSAGE (watershell2_main): OUTER BULK BOUNDARY ( -9.827422154    ) IS TOO CLOSE TO SURFACE BOUNDARY ( -10.32208022    ). WILL RECOMPUTE:
 MESSAGE (watershell2_main): LOCATION OF OUTER BULK BOUNDARY SET TO  -9.825641510     A FROM PROTEIN. CONTOUR VALUE IS  0.3215426801E-03
 MESSAGE (watershell2_main): LOCATION OF INNER BULK BOUNDARY SET TO  -9.325641510     A FROM PROTEIN. CONTOUR VALUE IS  0.7812198244E-03
 MESSAGE (watershell2_main): OUTER BULK BOUNDARY ( -9.825641510    ) IS TOO CLOSE TO SURFACE BOUNDARY ( -10.32030005    ). WILL RECOMPUTE:
 MESSAGE (watershell2_main): LOCATION OF OUTER BULK BOUNDARY SET TO  -9.823861023     A FROM PROTEIN. CONTOUR VALUE IS  0.3225940998E-03
 MESSAGE (watershell2_main): LOCATION OF INNER BULK BOUNDARY SET TO  -9.323861023     A FROM PROTEIN. CONTOUR VALUE IS  0.7836117394E-03
 MESSAGE (watershell2_main): OUTER BULK BOUNDARY ( -9.823861023    ) IS TOO CLOSE TO SURFACE BOUNDARY ( -10.31852123    ). WILL RECOMPUTE:
 MESSAGE (watershell2_main): LOCATION OF OUTER BULK BOUNDARY SET TO  -9.822081090     A FROM PROTEIN. CONTOUR VALUE IS  0.3236483890E-03
 MESSAGE (watershell2_main): LOCATION OF INNER BULK BOUNDARY SET TO  -9.322081090     A FROM PROTEIN. CONTOUR VALUE IS  0.7860096492E-03
 MESSAGE (watershell2_main): OUTER BULK BOUNDARY ( -9.822081090    ) IS TOO CLOSE TO SURFACE BOUNDARY ( -10.31674300    ). WILL RECOMPUTE:
 MESSAGE (watershell2_main): LOCATION OF OUTER BULK BOUNDARY SET TO  -9.820301728     A FROM PROTEIN. CONTOUR VALUE IS  0.3247055446E-03
 MESSAGE (watershell2_main): LOCATION OF INNER BULK BOUNDARY SET TO  -9.320301728     A FROM PROTEIN. CONTOUR VALUE IS  0.7884135440E-03
 MESSAGE (watershell2_main): OUTER BULK BOUNDARY ( -9.820301728    ) IS TOO CLOSE TO SURFACE BOUNDARY ( -10.31496718    ). WILL RECOMPUTE:
 MESSAGE (watershell2_main): LOCATION OF OUTER BULK BOUNDARY SET TO  -9.818523546     A FROM PROTEIN. CONTOUR VALUE IS  0.3257652080E-03
 MESSAGE (watershell2_main): LOCATION OF INNER BULK BOUNDARY SET TO  -9.318523546     A FROM PROTEIN. CONTOUR VALUE IS  0.7908226064E-03
 MESSAGE (watershell2_main): OUTER BULK BOUNDARY ( -9.818523546    ) IS TOO CLOSE TO SURFACE BOUNDARY ( -10.31319163    ). WILL RECOMPUTE:
 MESSAGE (watershell2_main): LOCATION OF OUTER BULK BOUNDARY SET TO  -9.816746242     A FROM PROTEIN. CONTOUR VALUE IS  0.3268275631E-03
 MESSAGE (watershell2_main): LOCATION OF INNER BULK BOUNDARY SET TO  -9.316746242     A FROM PROTEIN. CONTOUR VALUE IS  0.7932372519E-03
 MESSAGE (watershell2_main): OUTER BULK BOUNDARY ( -9.816746242    ) IS TOO CLOSE TO SURFACE BOUNDARY ( -10.31141718    ). WILL RECOMPUTE:
 MESSAGE (watershell2_main): LOCATION OF OUTER BULK BOUNDARY SET TO  -9.814969886     A FROM PROTEIN. CONTOUR VALUE IS  0.3278925714E-03
 MESSAGE (watershell2_main): LOCATION OF INNER BULK BOUNDARY SET TO  -9.314969886     A FROM PROTEIN. CONTOUR VALUE IS  0.7956573908E-03
 MESSAGE (watershell2_main): OUTER BULK BOUNDARY ( -9.814969886    ) IS TOO CLOSE TO SURFACE BOUNDARY ( -10.30964329    ). WILL RECOMPUTE:
 MESSAGE (watershell2_main): LOCATION OF OUTER BULK BOUNDARY SET TO  -9.813194354     A FROM PROTEIN. CONTOUR VALUE IS  0.3289603123E-03
 MESSAGE (watershell2_main): LOCATION OF INNER BULK BOUNDARY SET TO  -9.313194354     A FROM PROTEIN. CONTOUR VALUE IS  0.7980832012E-03
 MESSAGE (watershell2_main): OUTER BULK BOUNDARY ( -9.813194354    ) IS TOO CLOSE TO SURFACE BOUNDARY ( -10.30787169    ). WILL RECOMPUTE:
 MESSAGE (watershell2_main): LOCATION OF OUTER BULK BOUNDARY SET TO  -9.811420134     A FROM PROTEIN. CONTOUR VALUE IS  0.3300304949E-03
 MESSAGE (watershell2_main): LOCATION OF INNER BULK BOUNDARY SET TO  -9.311420134     A FROM PROTEIN. CONTOUR VALUE IS  0.8005140202E-03
 MESSAGE (watershell2_main): OUTER BULK BOUNDARY ( -9.811420134    ) IS TOO CLOSE TO SURFACE BOUNDARY ( -10.30610052    ). WILL RECOMPUTE:
 MESSAGE (watershell2_main): LOCATION OF OUTER BULK BOUNDARY SET TO  -9.809646929     A FROM PROTEIN. CONTOUR VALUE IS  0.3311033007E-03
 MESSAGE (watershell2_main): LOCATION OF INNER BULK BOUNDARY SET TO  -9.309646929     A FROM PROTEIN. CONTOUR VALUE IS  0.8029502577E-03
 MESSAGE (watershell2_main): OUTER BULK BOUNDARY ( -9.809646929    ) IS TOO CLOSE TO SURFACE BOUNDARY ( -10.30433103    ). WILL RECOMPUTE:
 MESSAGE (watershell2_main): LOCATION OF OUTER BULK BOUNDARY SET TO  -9.807874964     A FROM PROTEIN. CONTOUR VALUE IS  0.3321785965E-03
 MESSAGE (watershell2_main): LOCATION OF INNER BULK BOUNDARY SET TO  -9.307874964     A FROM PROTEIN. CONTOUR VALUE IS  0.8053916095E-03
 MESSAGE (watershell2_main): OUTER BULK BOUNDARY ( -9.807874964    ) IS TOO CLOSE TO SURFACE BOUNDARY ( -10.30256231    ). WILL RECOMPUTE:
 MESSAGE (watershell2_main): LOCATION OF OUTER BULK BOUNDARY SET TO  -9.806104078     A FROM PROTEIN. CONTOUR VALUE IS  0.3332564829E-03
 MESSAGE (watershell2_main): LOCATION OF INNER BULK BOUNDARY SET TO  -9.306104078     A FROM PROTEIN. CONTOUR VALUE IS  0.8078383013E-03
 MESSAGE (watershell2_main): OUTER BULK BOUNDARY ( -9.806104078    ) IS TOO CLOSE TO SURFACE BOUNDARY ( -10.30079660    ). WILL RECOMPUTE:
 MESSAGE (watershell2_main): LOCATION OF OUTER BULK BOUNDARY SET TO  -9.804334919     A FROM PROTEIN. CONTOUR VALUE IS  0.3343365660E-03
 MESSAGE (watershell2_main): LOCATION OF INNER BULK BOUNDARY SET TO  -9.304334919     A FROM PROTEIN. CONTOUR VALUE IS  0.8102894377E-03
 MESSAGE (watershell2_main): OUTER BULK BOUNDARY ( -9.804334919    ) IS TOO CLOSE TO SURFACE BOUNDARY ( -10.29903128    ). WILL RECOMPUTE:
 MESSAGE (watershell2_main): LOCATION OF OUTER BULK BOUNDARY SET TO  -9.802567039     A FROM PROTEIN. CONTOUR VALUE IS  0.3354191206E-03
 MESSAGE (watershell2_main): LOCATION OF INNER BULK BOUNDARY SET TO  -9.302567039     A FROM PROTEIN. CONTOUR VALUE IS  0.8127456403E-03
 MESSAGE (watershell2_main): OUTER BULK BOUNDARY ( -9.802567039    ) IS TOO CLOSE TO SURFACE BOUNDARY ( -10.29726748    ). WILL RECOMPUTE:
 MESSAGE (watershell2_main): LOCATION OF OUTER BULK BOUNDARY SET TO  -9.800800520     A FROM PROTEIN. CONTOUR VALUE IS  0.3365040979E-03
 MESSAGE (watershell2_main): LOCATION OF INNER BULK BOUNDARY SET TO  -9.300800520     A FROM PROTEIN. CONTOUR VALUE IS  0.8152067966E-03
 MESSAGE (watershell2_main): OUTER BULK BOUNDARY ( -9.800800520    ) IS TOO CLOSE TO SURFACE BOUNDARY ( -10.29550449    ). WILL RECOMPUTE:
 MESSAGE (watershell2_main): LOCATION OF OUTER BULK BOUNDARY SET TO  -9.799035178     A FROM PROTEIN. CONTOUR VALUE IS  0.3375916132E-03
 MESSAGE (watershell2_main): LOCATION OF INNER BULK BOUNDARY SET TO  -9.299035178     A FROM PROTEIN. CONTOUR VALUE IS  0.8176731659E-03
 MESSAGE (watershell2_main): OUTER BULK BOUNDARY ( -9.799035178    ) IS TOO CLOSE TO SURFACE BOUNDARY ( -10.29374474    ). WILL RECOMPUTE:
 MESSAGE (watershell2_main): LOCATION OF OUTER BULK BOUNDARY SET TO  -9.797271698     A FROM PROTEIN. CONTOUR VALUE IS  0.3386812446E-03
 MESSAGE (watershell2_main): LOCATION OF INNER BULK BOUNDARY SET TO  -9.297271698     A FROM PROTEIN. CONTOUR VALUE IS  0.8201437900E-03
 MESSAGE (watershell2_main): OUTER BULK BOUNDARY ( -9.797271698    ) IS TOO CLOSE TO SURFACE BOUNDARY ( -10.29198572    ). WILL RECOMPUTE:
 MESSAGE (watershell2_main): LOCATION OF OUTER BULK BOUNDARY SET TO  -9.795509705     A FROM PROTEIN. CONTOUR VALUE IS  0.3397732231E-03
 MESSAGE (watershell2_main): LOCATION OF INNER BULK BOUNDARY SET TO  -9.295509705     A FROM PROTEIN. CONTOUR VALUE IS  0.8226191907E-03
 MESSAGE (watershell2_main): OUTER BULK BOUNDARY ( -9.795509705    ) IS TOO CLOSE TO SURFACE BOUNDARY ( -10.29022966    ). WILL RECOMPUTE:
 MESSAGE (watershell2_main): LOCATION OF OUTER BULK BOUNDARY SET TO  -9.793749690     A FROM PROTEIN. CONTOUR VALUE IS  0.3408672444E-03
 MESSAGE (watershell2_main): LOCATION OF INNER BULK BOUNDARY SET TO  -9.293749690     A FROM PROTEIN. CONTOUR VALUE IS  0.8250986768E-03
 MESSAGE (watershell2_main): OUTER BULK BOUNDARY ( -9.793749690    ) IS TOO CLOSE TO SURFACE BOUNDARY ( -10.28847439    ). WILL RECOMPUTE:
 MESSAGE (watershell2_main): LOCATION OF OUTER BULK BOUNDARY SET TO  -9.791991256     A FROM PROTEIN. CONTOUR VALUE IS  0.3419635542E-03
 MESSAGE (watershell2_main): LOCATION OF INNER BULK BOUNDARY SET TO  -9.291991256     A FROM PROTEIN. CONTOUR VALUE IS  0.8275828037E-03
 MESSAGE (watershell2_main): OUTER BULK BOUNDARY ( -9.791991256    ) IS TOO CLOSE TO SURFACE BOUNDARY ( -10.28672226    ). WILL RECOMPUTE:
 MESSAGE (watershell2_main): LOCATION OF OUTER BULK BOUNDARY SET TO  -9.790234925     A FROM PROTEIN. CONTOUR VALUE IS  0.3430618257E-03
 MESSAGE (watershell2_main): LOCATION OF INNER BULK BOUNDARY SET TO  -9.290234925     A FROM PROTEIN. CONTOUR VALUE IS  0.8300708297E-03
 MESSAGE (watershell2_main): OUTER BULK BOUNDARY ( -9.790234925    ) IS TOO CLOSE TO SURFACE BOUNDARY ( -10.28497059    ). WILL RECOMPUTE:
 MESSAGE (watershell2_main): LOCATION OF OUTER BULK BOUNDARY SET TO  -9.788480146     A FROM PROTEIN. CONTOUR VALUE IS  0.3441624015E-03
 MESSAGE (watershell2_main): LOCATION OF INNER BULK BOUNDARY SET TO  -9.288480146     A FROM PROTEIN. CONTOUR VALUE IS  0.8325635290E-03
 MESSAGE (watershell2_main): OUTER BULK BOUNDARY ( -9.788480146    ) IS TOO CLOSE TO SURFACE BOUNDARY ( -10.28322073    ). WILL RECOMPUTE:
 MESSAGE (watershell2_main): LOCATION OF OUTER BULK BOUNDARY SET TO  -9.786727007     A FROM PROTEIN. CONTOUR VALUE IS  0.3452652270E-03
 MESSAGE (watershell2_main): LOCATION OF INNER BULK BOUNDARY SET TO  -9.286727007     A FROM PROTEIN. CONTOUR VALUE IS  0.8350607766E-03
 MESSAGE (watershell2_main): OUTER BULK BOUNDARY ( -9.786727007    ) IS TOO CLOSE TO SURFACE BOUNDARY ( -10.28147128    ). WILL RECOMPUTE:
 MESSAGE (watershell2_main): LOCATION OF OUTER BULK BOUNDARY SET TO  -9.784975098     A FROM PROTEIN. CONTOUR VALUE IS  0.3463705610E-03
 MESSAGE (watershell2_main): LOCATION OF INNER BULK BOUNDARY SET TO  -9.284975098     A FROM PROTEIN. CONTOUR VALUE IS  0.8375631566E-03
 MESSAGE (watershell2_main): OUTER BULK BOUNDARY ( -9.784975098    ) IS TOO CLOSE TO SURFACE BOUNDARY ( -10.27972347    ). WILL RECOMPUTE:
 MESSAGE (watershell2_main): LOCATION OF OUTER BULK BOUNDARY SET TO  -9.783224555     A FROM PROTEIN. CONTOUR VALUE IS  0.3474783191E-03
 MESSAGE (watershell2_main): LOCATION OF INNER BULK BOUNDARY SET TO  -9.283224555     A FROM PROTEIN. CONTOUR VALUE IS  0.8400704760E-03
 MESSAGE (watershell2_main): OUTER BULK BOUNDARY ( -9.783224555    ) IS TOO CLOSE TO SURFACE BOUNDARY ( -10.27797614    ). WILL RECOMPUTE:
 MESSAGE (watershell2_main): LOCATION OF OUTER BULK BOUNDARY SET TO  -9.781475083     A FROM PROTEIN. CONTOUR VALUE IS  0.3485886907E-03
 MESSAGE (watershell2_main): LOCATION OF INNER BULK BOUNDARY SET TO  -9.281475083     A FROM PROTEIN. CONTOUR VALUE IS  0.8425831616E-03
 MESSAGE (watershell2_main): OUTER BULK BOUNDARY ( -9.781475083    ) IS TOO CLOSE TO SURFACE BOUNDARY ( -10.27623072    ). WILL RECOMPUTE:
 MESSAGE (watershell2_main): LOCATION OF OUTER BULK BOUNDARY SET TO  -9.779726961     A FROM PROTEIN. CONTOUR VALUE IS  0.3497014996E-03
 MESSAGE (watershell2_main): LOCATION OF INNER BULK BOUNDARY SET TO  -9.279726961     A FROM PROTEIN. CONTOUR VALUE IS  0.8451008128E-03
 MESSAGE (watershell2_main): OUTER BULK BOUNDARY ( -9.779726961    ) IS TOO CLOSE TO SURFACE BOUNDARY ( -10.27448567    ). WILL RECOMPUTE:
 MESSAGE (watershell2_main): LOCATION OF OUTER BULK BOUNDARY SET TO  -9.777979865     A FROM PROTEIN. CONTOUR VALUE IS  0.3508169547E-03
 MESSAGE (watershell2_main): LOCATION OF INNER BULK BOUNDARY SET TO  -9.277979865     A FROM PROTEIN. CONTOUR VALUE IS  0.8476239000E-03
 NONFATAL WARNING (watershell2_compute_density): DETECTED 1 POSSIBLE NEIGHBOR LIST MISS. NEIGHBOR LIST FACTOR IS   10.18480000
 MESSAGE (watershell2_main): OUTER BULK BOUNDARY ( -9.777979865    ) IS TOO CLOSE TO SURFACE BOUNDARY ( -10.27274214    ). WILL RECOMPUTE:
 MESSAGE (watershell2_main): LOCATION OF OUTER BULK BOUNDARY SET TO  -9.776233955     A FROM PROTEIN. CONTOUR VALUE IS  0.3519349565E-03
 MESSAGE (watershell2_main): LOCATION OF INNER BULK BOUNDARY SET TO  -9.276233955     A FROM PROTEIN. CONTOUR VALUE IS  0.8501521959E-03
 MESSAGE (watershell2_main): OUTER BULK BOUNDARY ( -9.776233955    ) IS TOO CLOSE TO SURFACE BOUNDARY ( -10.27099921    ). WILL RECOMPUTE:
 MESSAGE (watershell2_main): LOCATION OF OUTER BULK BOUNDARY SET TO  -9.774489041     A FROM PROTEIN. CONTOUR VALUE IS  0.3530556301E-03
 MESSAGE (watershell2_main): LOCATION OF INNER BULK BOUNDARY SET TO  -9.274489041     A FROM PROTEIN. CONTOUR VALUE IS  0.8526859817E-03
 MESSAGE (watershell2_main): OUTER BULK BOUNDARY ( -9.774489041    ) IS TOO CLOSE TO SURFACE BOUNDARY ( -10.26925874    ). WILL RECOMPUTE:
 MESSAGE (watershell2_main): LOCATION OF OUTER BULK BOUNDARY SET TO  -9.772745606     A FROM PROTEIN. CONTOUR VALUE IS  0.3541786663E-03
 MESSAGE (watershell2_main): LOCATION OF INNER BULK BOUNDARY SET TO  -9.272745606     A FROM PROTEIN. CONTOUR VALUE IS  0.8552245559E-03
 MESSAGE (watershell2_main): OUTER BULK BOUNDARY ( -9.772745606    ) IS TOO CLOSE TO SURFACE BOUNDARY ( -10.26751859    ). WILL RECOMPUTE:
 MESSAGE (watershell2_main): LOCATION OF OUTER BULK BOUNDARY SET TO  -9.771003269     A FROM PROTEIN. CONTOUR VALUE IS  0.3553043129E-03
 MESSAGE (watershell2_main): LOCATION OF INNER BULK BOUNDARY SET TO  -9.271003269     A FROM PROTEIN. CONTOUR VALUE IS  0.8577684770E-03
 MESSAGE (watershell2_main): OUTER BULK BOUNDARY ( -9.771003269    ) IS TOO CLOSE TO SURFACE BOUNDARY ( -10.26577978    ). WILL RECOMPUTE:
 MESSAGE (watershell2_main): LOCATION OF OUTER BULK BOUNDARY SET TO  -9.769262106     A FROM PROTEIN. CONTOUR VALUE IS  0.3564325224E-03
 MESSAGE (watershell2_main): LOCATION OF INNER BULK BOUNDARY SET TO  -9.269262106     A FROM PROTEIN. CONTOUR VALUE IS  0.8603176354E-03
 MESSAGE (watershell2_main): OUTER BULK BOUNDARY ( -9.769262106    ) IS TOO CLOSE TO SURFACE BOUNDARY ( -10.26404121    ). WILL RECOMPUTE:
 MESSAGE (watershell2_main): LOCATION OF OUTER BULK BOUNDARY SET TO  -9.767521809     A FROM PROTEIN. CONTOUR VALUE IS  0.3575634981E-03
 MESSAGE (watershell2_main): LOCATION OF INNER BULK BOUNDARY SET TO  -9.267521809     A FROM PROTEIN. CONTOUR VALUE IS  0.8628724886E-03
 MESSAGE (watershell2_main): OUTER BULK BOUNDARY ( -9.767521809    ) IS TOO CLOSE TO SURFACE BOUNDARY ( -10.26230364    ). WILL RECOMPUTE:
 MESSAGE (watershell2_main): LOCATION OF OUTER BULK BOUNDARY SET TO  -9.765782419     A FROM PROTEIN. CONTOUR VALUE IS  0.3586972172E-03
 MESSAGE (watershell2_main): LOCATION OF INNER BULK BOUNDARY SET TO  -9.265782419     A FROM PROTEIN. CONTOUR VALUE IS  0.8654329823E-03
 MESSAGE (watershell2_main): OUTER BULK BOUNDARY ( -9.765782419    ) IS TOO CLOSE TO SURFACE BOUNDARY ( -10.26056666    ). WILL RECOMPUTE:
 MESSAGE (watershell2_main): LOCATION OF OUTER BULK BOUNDARY SET TO  -9.764043832     A FROM PROTEIN. CONTOUR VALUE IS  0.3598337506E-03
 MESSAGE (watershell2_main): LOCATION OF INNER BULK BOUNDARY SET TO  -9.264043832     A FROM PROTEIN. CONTOUR VALUE IS  0.8679992748E-03
 MESSAGE (watershell2_main): OUTER BULK BOUNDARY ( -9.764043832    ) IS TOO CLOSE TO SURFACE BOUNDARY ( -10.25883208    ). WILL RECOMPUTE:
 MESSAGE (watershell2_main): LOCATION OF OUTER BULK BOUNDARY SET TO  -9.762306580     A FROM PROTEIN. CONTOUR VALUE IS  0.3609727546E-03
 MESSAGE (watershell2_main): LOCATION OF INNER BULK BOUNDARY SET TO  -9.262306580     A FROM PROTEIN. CONTOUR VALUE IS  0.8705705874E-03
 MESSAGE (watershell2_main): OUTER BULK BOUNDARY ( -9.762306580    ) IS TOO CLOSE TO SURFACE BOUNDARY ( -10.25709809    ). WILL RECOMPUTE:
 MESSAGE (watershell2_main): LOCATION OF OUTER BULK BOUNDARY SET TO  -9.760570417     A FROM PROTEIN. CONTOUR VALUE IS  0.3621143918E-03
 MESSAGE (watershell2_main): LOCATION OF INNER BULK BOUNDARY SET TO  -9.260570417     A FROM PROTEIN. CONTOUR VALUE IS  0.8731472855E-03
 MESSAGE (watershell2_main): OUTER BULK BOUNDARY ( -9.760570417    ) IS TOO CLOSE TO SURFACE BOUNDARY ( -10.25536650    ). WILL RECOMPUTE:
 MESSAGE (watershell2_main): LOCATION OF OUTER BULK BOUNDARY SET TO  -9.758835779     A FROM PROTEIN. CONTOUR VALUE IS  0.3632583769E-03
 MESSAGE (watershell2_main): LOCATION OF INNER BULK BOUNDARY SET TO  -9.258835779     A FROM PROTEIN. CONTOUR VALUE IS  0.8757287234E-03
 MESSAGE (watershell2_main): OUTER BULK BOUNDARY ( -9.758835779    ) IS TOO CLOSE TO SURFACE BOUNDARY ( -10.25363583    ). WILL RECOMPUTE:
 MESSAGE (watershell2_main): LOCATION OF OUTER BULK BOUNDARY SET TO  -9.757102463     A FROM PROTEIN. CONTOUR VALUE IS  0.3644048449E-03
 MESSAGE (watershell2_main): LOCATION OF INNER BULK BOUNDARY SET TO  -9.257102463     A FROM PROTEIN. CONTOUR VALUE IS  0.8783152036E-03
 MESSAGE (watershell2_main): OUTER BULK BOUNDARY ( -9.757102463    ) IS TOO CLOSE TO SURFACE BOUNDARY ( -10.25190882    ). WILL RECOMPUTE:
 MESSAGE (watershell2_main): LOCATION OF OUTER BULK BOUNDARY SET TO  -9.755371248     A FROM PROTEIN. CONTOUR VALUE IS  0.3655532793E-03
 MESSAGE (watershell2_main): LOCATION OF INNER BULK BOUNDARY SET TO  -9.255371248     A FROM PROTEIN. CONTOUR VALUE IS  0.8809055595E-03
 MESSAGE (watershell2_main): OUTER BULK BOUNDARY ( -9.755371248    ) IS TOO CLOSE TO SURFACE BOUNDARY ( -10.25018207    ). WILL RECOMPUTE:
 MESSAGE (watershell2_main): LOCATION OF OUTER BULK BOUNDARY SET TO  -9.753641521     A FROM PROTEIN. CONTOUR VALUE IS  0.3667040848E-03
 MESSAGE (watershell2_main): LOCATION OF INNER BULK BOUNDARY SET TO  -9.253641521     A FROM PROTEIN. CONTOUR VALUE IS  0.8835007023E-03
 MESSAGE (watershell2_main): OUTER BULK BOUNDARY ( -9.753641521    ) IS TOO CLOSE TO SURFACE BOUNDARY ( -10.24845638    ). WILL RECOMPUTE:
 MESSAGE (watershell2_main): LOCATION OF OUTER BULK BOUNDARY SET TO  -9.751913140     A FROM PROTEIN. CONTOUR VALUE IS  0.3678573573E-03
 MESSAGE (watershell2_main): LOCATION OF INNER BULK BOUNDARY SET TO  -9.251913140     A FROM PROTEIN. CONTOUR VALUE IS  0.8861008469E-03
 MESSAGE (watershell2_main): OUTER BULK BOUNDARY ( -9.751913140    ) IS TOO CLOSE TO SURFACE BOUNDARY ( -10.24673155    ). WILL RECOMPUTE:
 MESSAGE (watershell2_main): LOCATION OF OUTER BULK BOUNDARY SET TO  -9.750185942     A FROM PROTEIN. CONTOUR VALUE IS  0.3690132066E-03
 MESSAGE (watershell2_main): LOCATION OF INNER BULK BOUNDARY SET TO  -9.250185942     A FROM PROTEIN. CONTOUR VALUE IS  0.8887062386E-03
 MESSAGE (watershell2_main): OUTER BULK BOUNDARY ( -9.750185942    ) IS TOO CLOSE TO SURFACE BOUNDARY ( -10.24501015    ). WILL RECOMPUTE:
 MESSAGE (watershell2_main): LOCATION OF OUTER BULK BOUNDARY SET TO  -9.748460680     A FROM PROTEIN. CONTOUR VALUE IS  0.3701711295E-03
 MESSAGE (watershell2_main): LOCATION OF INNER BULK BOUNDARY SET TO  -9.248460680     A FROM PROTEIN. CONTOUR VALUE IS  0.8913157418E-03
 MESSAGE (watershell2_main): OUTER BULK BOUNDARY ( -9.748460680    ) IS TOO CLOSE TO SURFACE BOUNDARY ( -10.24328892    ). WILL RECOMPUTE:
 MESSAGE (watershell2_main): LOCATION OF OUTER BULK BOUNDARY SET TO  -9.746736761     A FROM PROTEIN. CONTOUR VALUE IS  0.3713315225E-03
 MESSAGE (watershell2_main): LOCATION OF INNER BULK BOUNDARY SET TO  -9.246736761     A FROM PROTEIN. CONTOUR VALUE IS  0.8939302482E-03
 MESSAGE (watershell2_main): OUTER BULK BOUNDARY ( -9.746736761    ) IS TOO CLOSE TO SURFACE BOUNDARY ( -10.24156833    ). WILL RECOMPUTE:
 MESSAGE (watershell2_main): LOCATION OF OUTER BULK BOUNDARY SET TO  -9.745013951     A FROM PROTEIN. CONTOUR VALUE IS  0.3724945449E-03
 MESSAGE (watershell2_main): LOCATION OF INNER BULK BOUNDARY SET TO  -9.245013951     A FROM PROTEIN. CONTOUR VALUE IS  0.8965501149E-03
 MESSAGE (watershell2_main): OUTER BULK BOUNDARY ( -9.745013951    ) IS TOO CLOSE TO SURFACE BOUNDARY ( -10.23984807    ). WILL RECOMPUTE:
 MESSAGE (watershell2_main): LOCATION OF OUTER BULK BOUNDARY SET TO  -9.743291989     A FROM PROTEIN. CONTOUR VALUE IS  0.3736603760E-03
 MESSAGE (watershell2_main): LOCATION OF INNER BULK BOUNDARY SET TO  -9.243291989     A FROM PROTEIN. CONTOUR VALUE IS  0.8991757434E-03
 MESSAGE (watershell2_main): OUTER BULK BOUNDARY ( -9.743291989    ) IS TOO CLOSE TO SURFACE BOUNDARY ( -10.23812911    ). WILL RECOMPUTE:
 MESSAGE (watershell2_main): LOCATION OF OUTER BULK BOUNDARY SET TO  -9.741571030     A FROM PROTEIN. CONTOUR VALUE IS  0.3748289154E-03
 MESSAGE (watershell2_main): LOCATION OF INNER BULK BOUNDARY SET TO  -9.241571030     A FROM PROTEIN. CONTOUR VALUE IS  0.9018069056E-03
 MESSAGE (watershell2_main): OUTER BULK BOUNDARY ( -9.741571030    ) IS TOO CLOSE TO SURFACE BOUNDARY ( -10.23641067    ). WILL RECOMPUTE:
 MESSAGE (watershell2_main): LOCATION OF OUTER BULK BOUNDARY SET TO  -9.739850910     A FROM PROTEIN. CONTOUR VALUE IS  0.3760002766E-03
 MESSAGE (watershell2_main): LOCATION OF INNER BULK BOUNDARY SET TO  -9.239850910     A FROM PROTEIN. CONTOUR VALUE IS  0.9044438547E-03
 MESSAGE (watershell2_main): OUTER BULK BOUNDARY ( -9.739850910    ) IS TOO CLOSE TO SURFACE BOUNDARY ( -10.23469430    ). WILL RECOMPUTE:
 MESSAGE (watershell2_main): LOCATION OF OUTER BULK BOUNDARY SET TO  -9.738132039     A FROM PROTEIN. CONTOUR VALUE IS  0.3771741841E-03
 MESSAGE (watershell2_main): LOCATION OF INNER BULK BOUNDARY SET TO  -9.238132039     A FROM PROTEIN. CONTOUR VALUE IS  0.9070859686E-03
 MESSAGE (watershell2_main): OUTER BULK BOUNDARY ( -9.738132039    ) IS TOO CLOSE TO SURFACE BOUNDARY ( -10.23297825    ). WILL RECOMPUTE:
 MESSAGE (watershell2_main): LOCATION OF OUTER BULK BOUNDARY SET TO  -9.736414108     A FROM PROTEIN. CONTOUR VALUE IS  0.3783508510E-03
 MESSAGE (watershell2_main): LOCATION OF INNER BULK BOUNDARY SET TO  -9.236414108     A FROM PROTEIN. CONTOUR VALUE IS  0.9097337242E-03
 MESSAGE (watershell2_main): OUTER BULK BOUNDARY ( -9.736414108    ) IS TOO CLOSE TO SURFACE BOUNDARY ( -10.23126349    ). WILL RECOMPUTE:
 MESSAGE (watershell2_main): LOCATION OF OUTER BULK BOUNDARY SET TO  -9.734697237     A FROM PROTEIN. CONTOUR VALUE IS  0.3795301985E-03
 MESSAGE (watershell2_main): LOCATION OF INNER BULK BOUNDARY SET TO  -9.234697237     A FROM PROTEIN. CONTOUR VALUE IS  0.9123869427E-03
 MESSAGE (watershell2_main): OUTER BULK BOUNDARY ( -9.734697237    ) IS TOO CLOSE TO SURFACE BOUNDARY ( -10.22954924    ). WILL RECOMPUTE:
 MESSAGE (watershell2_main): LOCATION OF OUTER BULK BOUNDARY SET TO  -9.732981239     A FROM PROTEIN. CONTOUR VALUE IS  0.3807123577E-03
 MESSAGE (watershell2_main): LOCATION OF INNER BULK BOUNDARY SET TO  -9.232981239     A FROM PROTEIN. CONTOUR VALUE IS  0.9150459166E-03
 MESSAGE (watershell2_main): OUTER BULK BOUNDARY ( -9.732981239    ) IS TOO CLOSE TO SURFACE BOUNDARY ( -10.22783700    ). WILL RECOMPUTE:
 MESSAGE (watershell2_main): LOCATION OF OUTER BULK BOUNDARY SET TO  -9.731266493     A FROM PROTEIN. CONTOUR VALUE IS  0.3818970712E-03
 MESSAGE (watershell2_main): LOCATION OF INNER BULK BOUNDARY SET TO  -9.231266493     A FROM PROTEIN. CONTOUR VALUE IS  0.9177100646E-03
 MESSAGE (watershell2_main): OUTER BULK BOUNDARY ( -9.731266493    ) IS TOO CLOSE TO SURFACE BOUNDARY ( -10.22612549    ). WILL RECOMPUTE:
 MESSAGE (watershell2_main): LOCATION OF OUTER BULK BOUNDARY SET TO  -9.729552826     A FROM PROTEIN. CONTOUR VALUE IS  0.3830844598E-03
 MESSAGE (watershell2_main): LOCATION OF INNER BULK BOUNDARY SET TO  -9.229552826     A FROM PROTEIN. CONTOUR VALUE IS  0.9203796565E-03
 MESSAGE (watershell2_main): OUTER BULK BOUNDARY ( -9.729552826    ) IS TOO CLOSE TO SURFACE BOUNDARY ( -10.22441692    ). WILL RECOMPUTE:
 MESSAGE (watershell2_main): LOCATION OF OUTER BULK BOUNDARY SET TO  -9.727840858     A FROM PROTEIN. CONTOUR VALUE IS  0.3842740942E-03
 MESSAGE (watershell2_main): LOCATION OF INNER BULK BOUNDARY SET TO  -9.227840858     A FROM PROTEIN. CONTOUR VALUE IS  0.9230537254E-03
 MESSAGE (watershell2_main): OUTER BULK BOUNDARY ( -9.727840858    ) IS TOO CLOSE TO SURFACE BOUNDARY ( -10.22270873    ). WILL RECOMPUTE:
 MESSAGE (watershell2_main): LOCATION OF OUTER BULK BOUNDARY SET TO  -9.726130149     A FROM PROTEIN. CONTOUR VALUE IS  0.3854662809E-03
 MESSAGE (watershell2_main): LOCATION OF INNER BULK BOUNDARY SET TO  -9.226130149     A FROM PROTEIN. CONTOUR VALUE IS  0.9257329585E-03
 NONFATAL WARNING (watershell2_compute_density): DETECTED 1 POSSIBLE NEIGHBOR LIST MISS. NEIGHBOR LIST FACTOR IS   10.28100000
 MESSAGE (watershell2_main): OUTER BULK BOUNDARY ( -9.726130149    ) IS TOO CLOSE TO SURFACE BOUNDARY ( -10.22100205    ). WILL RECOMPUTE:
 MESSAGE (watershell2_main): LOCATION OF OUTER BULK BOUNDARY SET TO  -9.724420782     A FROM PROTEIN. CONTOUR VALUE IS  0.3866609631E-03
 MESSAGE (watershell2_main): LOCATION OF INNER BULK BOUNDARY SET TO  -9.224420782     A FROM PROTEIN. CONTOUR VALUE IS  0.9284172263E-03
 MESSAGE (watershell2_main): OUTER BULK BOUNDARY ( -9.724420782    ) IS TOO CLOSE TO SURFACE BOUNDARY ( -10.21929592    ). WILL RECOMPUTE:
 MESSAGE (watershell2_main): LOCATION OF OUTER BULK BOUNDARY SET TO  -9.722712496     A FROM PROTEIN. CONTOUR VALUE IS  0.3878583252E-03
 MESSAGE (watershell2_main): LOCATION OF INNER BULK BOUNDARY SET TO  -9.222712496     A FROM PROTEIN. CONTOUR VALUE IS  0.9311069410E-03
 MESSAGE (watershell2_main): OUTER BULK BOUNDARY ( -9.722712496    ) IS TOO CLOSE TO SURFACE BOUNDARY ( -10.21759203    ). WILL RECOMPUTE:
 MESSAGE (watershell2_main): LOCATION OF OUTER BULK BOUNDARY SET TO  -9.721005674     A FROM PROTEIN. CONTOUR VALUE IS  0.3890580996E-03
 MESSAGE (watershell2_main): LOCATION OF INNER BULK BOUNDARY SET TO  -9.221005674     A FROM PROTEIN. CONTOUR VALUE IS  0.9338014996E-03
 MESSAGE (watershell2_main): OUTER BULK BOUNDARY ( -9.721005674    ) IS TOO CLOSE TO SURFACE BOUNDARY ( -10.21588821    ). WILL RECOMPUTE:
 MESSAGE (watershell2_main): LOCATION OF OUTER BULK BOUNDARY SET TO  -9.719299853     A FROM PROTEIN. CONTOUR VALUE IS  0.3902606134E-03
 MESSAGE (watershell2_main): LOCATION OF INNER BULK BOUNDARY SET TO  -9.219299853     A FROM PROTEIN. CONTOUR VALUE IS  0.9365016351E-03
 MESSAGE (watershell2_main): OUTER BULK BOUNDARY ( -9.719299853    ) IS TOO CLOSE TO SURFACE BOUNDARY ( -10.21418469    ). WILL RECOMPUTE:
 MESSAGE (watershell2_main): LOCATION OF OUTER BULK BOUNDARY SET TO  -9.717594799     A FROM PROTEIN. CONTOUR VALUE IS  0.3914660354E-03
 MESSAGE (watershell2_main): LOCATION OF INNER BULK BOUNDARY SET TO  -9.217594799     A FROM PROTEIN. CONTOUR VALUE IS  0.9392077241E-03
 MESSAGE (watershell2_main): OUTER BULK BOUNDARY ( -9.717594799    ) IS TOO CLOSE TO SURFACE BOUNDARY ( -10.21248163    ). WILL RECOMPUTE:
 MESSAGE (watershell2_main): LOCATION OF OUTER BULK BOUNDARY SET TO  -9.715890409     A FROM PROTEIN. CONTOUR VALUE IS  0.3926744430E-03
 MESSAGE (watershell2_main): LOCATION OF INNER BULK BOUNDARY SET TO  -9.215890409     A FROM PROTEIN. CONTOUR VALUE IS  0.9419199378E-03
 MESSAGE (watershell2_main): OUTER BULK BOUNDARY ( -9.715890409    ) IS TOO CLOSE TO SURFACE BOUNDARY ( -10.21078040    ). WILL RECOMPUTE:
 MESSAGE (watershell2_main): LOCATION OF OUTER BULK BOUNDARY SET TO  -9.714187073     A FROM PROTEIN. CONTOUR VALUE IS  0.3938855637E-03
 MESSAGE (watershell2_main): LOCATION OF INNER BULK BOUNDARY SET TO  -9.214187073     A FROM PROTEIN. CONTOUR VALUE IS  0.9446376621E-03
 MESSAGE (watershell2_main): OUTER BULK BOUNDARY ( -9.714187073    ) IS TOO CLOSE TO SURFACE BOUNDARY ( -10.20907967    ). WILL RECOMPUTE:
 MESSAGE (watershell2_main): LOCATION OF OUTER BULK BOUNDARY SET TO  -9.712484607     A FROM PROTEIN. CONTOUR VALUE IS  0.3950995308E-03
 MESSAGE (watershell2_main): LOCATION OF INNER BULK BOUNDARY SET TO  -9.212484607     A FROM PROTEIN. CONTOUR VALUE IS  0.9473611944E-03
 MESSAGE (watershell2_main): OUTER BULK BOUNDARY ( -9.712484607    ) IS TOO CLOSE TO SURFACE BOUNDARY ( -10.20738096    ). WILL RECOMPUTE:
 MESSAGE (watershell2_main): LOCATION OF OUTER BULK BOUNDARY SET TO  -9.710783392     A FROM PROTEIN. CONTOUR VALUE IS  0.3963160753E-03
 MESSAGE (watershell2_main): LOCATION OF INNER BULK BOUNDARY SET TO  -9.210783392     A FROM PROTEIN. CONTOUR VALUE IS  0.9500899287E-03
 MESSAGE (watershell2_main): OUTER BULK BOUNDARY ( -9.710783392    ) IS TOO CLOSE TO SURFACE BOUNDARY ( -10.20568250    ). WILL RECOMPUTE:
 MESSAGE (watershell2_main): LOCATION OF OUTER BULK BOUNDARY SET TO  -9.709083096     A FROM PROTEIN. CONTOUR VALUE IS  0.3975354380E-03
 MESSAGE (watershell2_main): LOCATION OF INNER BULK BOUNDARY SET TO  -9.209083096     A FROM PROTEIN. CONTOUR VALUE IS  0.9528244032E-03
 MESSAGE (watershell2_main): OUTER BULK BOUNDARY ( -9.709083096    ) IS TOO CLOSE TO SURFACE BOUNDARY ( -10.20398505    ). WILL RECOMPUTE:
 MESSAGE (watershell2_main): LOCATION OF OUTER BULK BOUNDARY SET TO  -9.707383746     A FROM PROTEIN. CONTOUR VALUE IS  0.3987576019E-03
 MESSAGE (watershell2_main): LOCATION OF INNER BULK BOUNDARY SET TO  -9.207383746     A FROM PROTEIN. CONTOUR VALUE IS  0.9555645773E-03
 MESSAGE (watershell2_main): OUTER BULK BOUNDARY ( -9.707383746    ) IS TOO CLOSE TO SURFACE BOUNDARY ( -10.20228799    ). WILL RECOMPUTE:
 MESSAGE (watershell2_main): LOCATION OF OUTER BULK BOUNDARY SET TO  -9.705685159     A FROM PROTEIN. CONTOUR VALUE IS  0.3999827025E-03
 MESSAGE (watershell2_main): LOCATION OF INNER BULK BOUNDARY SET TO  -9.205685159     A FROM PROTEIN. CONTOUR VALUE IS  0.9583107528E-03
 MESSAGE (watershell2_main): OUTER BULK BOUNDARY ( -9.705685159    ) IS TOO CLOSE TO SURFACE BOUNDARY ( -10.20059251    ). WILL RECOMPUTE:
 MESSAGE (watershell2_main): LOCATION OF OUTER BULK BOUNDARY SET TO  -9.703987610     A FROM PROTEIN. CONTOUR VALUE IS  0.4012105456E-03
 MESSAGE (watershell2_main): LOCATION OF INNER BULK BOUNDARY SET TO  -9.203987610     A FROM PROTEIN. CONTOUR VALUE IS  0.9610624920E-03
 MESSAGE (watershell2_main): OUTER BULK BOUNDARY ( -9.703987610    ) IS TOO CLOSE TO SURFACE BOUNDARY ( -10.19889744    ). WILL RECOMPUTE:
 MESSAGE (watershell2_main): LOCATION OF OUTER BULK BOUNDARY SET TO  -9.702290886     A FROM PROTEIN. CONTOUR VALUE IS  0.4024412876E-03
 MESSAGE (watershell2_main): LOCATION OF INNER BULK BOUNDARY SET TO  -9.202290886     A FROM PROTEIN. CONTOUR VALUE IS  0.9638201433E-03
 MESSAGE (watershell2_main): OUTER BULK BOUNDARY ( -9.702290886    ) IS TOO CLOSE TO SURFACE BOUNDARY ( -10.19720398    ). WILL RECOMPUTE:
 MESSAGE (watershell2_main): LOCATION OF OUTER BULK BOUNDARY SET TO  -9.700595249     A FROM PROTEIN. CONTOUR VALUE IS  0.4036747422E-03
 MESSAGE (watershell2_main): LOCATION OF INNER BULK BOUNDARY SET TO  -9.200595249     A FROM PROTEIN. CONTOUR VALUE IS  0.9665832867E-03
 MESSAGE (watershell2_main): OUTER BULK BOUNDARY ( -9.700595249    ) IS TOO CLOSE TO SURFACE BOUNDARY ( -10.19551087    ). WILL RECOMPUTE:
 MESSAGE (watershell2_main): LOCATION OF OUTER BULK BOUNDARY SET TO  -9.698900456     A FROM PROTEIN. CONTOUR VALUE IS  0.4049110892E-03
 MESSAGE (watershell2_main): LOCATION OF INNER BULK BOUNDARY SET TO  -9.198900456     A FROM PROTEIN. CONTOUR VALUE IS  0.9693523230E-03
 MESSAGE (watershell2_main): OUTER BULK BOUNDARY ( -9.698900456    ) IS TOO CLOSE TO SURFACE BOUNDARY ( -10.19381920    ). WILL RECOMPUTE:
 MESSAGE (watershell2_main): LOCATION OF OUTER BULK BOUNDARY SET TO  -9.697206704     A FROM PROTEIN. CONTOUR VALUE IS  0.4061501888E-03
 MESSAGE (watershell2_main): LOCATION OF INNER BULK BOUNDARY SET TO  -9.197206704     A FROM PROTEIN. CONTOUR VALUE IS  0.9721269368E-03
 MESSAGE (watershell2_main): OUTER BULK BOUNDARY ( -9.697206704    ) IS TOO CLOSE TO SURFACE BOUNDARY ( -10.19212832    ). WILL RECOMPUTE:
 MESSAGE (watershell2_main): LOCATION OF OUTER BULK BOUNDARY SET TO  -9.695513908     A FROM PROTEIN. CONTOUR VALUE IS  0.4073921044E-03
 MESSAGE (watershell2_main): LOCATION OF INNER BULK BOUNDARY SET TO  -9.195513908     A FROM PROTEIN. CONTOUR VALUE IS  0.9749072680E-03
 MESSAGE (watershell2_main): OUTER BULK BOUNDARY ( -9.695513908    ) IS TOO CLOSE TO SURFACE BOUNDARY ( -10.19044060    ). WILL RECOMPUTE:
 MESSAGE (watershell2_main): LOCATION OF OUTER BULK BOUNDARY SET TO  -9.693822806     A FROM PROTEIN. CONTOUR VALUE IS  0.4086362967E-03
 MESSAGE (watershell2_main): LOCATION OF INNER BULK BOUNDARY SET TO  -9.193822806     A FROM PROTEIN. CONTOUR VALUE IS  0.9776921072E-03
 MESSAGE (watershell2_main): OUTER BULK BOUNDARY ( -9.693822806    ) IS TOO CLOSE TO SURFACE BOUNDARY ( -10.18875321    ). WILL RECOMPUTE:
 MESSAGE (watershell2_main): LOCATION OF OUTER BULK BOUNDARY SET TO  -9.692132941     A FROM PROTEIN. CONTOUR VALUE IS  0.4098831019E-03
 MESSAGE (watershell2_main): LOCATION OF INNER BULK BOUNDARY SET TO  -9.192132941     A FROM PROTEIN. CONTOUR VALUE IS  0.9804822054E-03
 MESSAGE (watershell2_main): OUTER BULK BOUNDARY ( -9.692132941    ) IS TOO CLOSE TO SURFACE BOUNDARY ( -10.18706710    ). WILL RECOMPUTE:
 MESSAGE (watershell2_main): LOCATION OF OUTER BULK BOUNDARY SET TO  -9.690444328     A FROM PROTEIN. CONTOUR VALUE IS  0.4111325087E-03
 MESSAGE (watershell2_main): LOCATION OF INNER BULK BOUNDARY SET TO  -9.190444328     A FROM PROTEIN. CONTOUR VALUE IS  0.9832775356E-03
 MESSAGE (watershell2_main): OUTER BULK BOUNDARY ( -9.690444328    ) IS TOO CLOSE TO SURFACE BOUNDARY ( -10.18538194    ). WILL RECOMPUTE:
 MESSAGE (watershell2_main): LOCATION OF OUTER BULK BOUNDARY SET TO  -9.688756866     A FROM PROTEIN. CONTOUR VALUE IS  0.4123845958E-03
 MESSAGE (watershell2_main): LOCATION OF INNER BULK BOUNDARY SET TO  -9.188756866     A FROM PROTEIN. CONTOUR VALUE IS  0.9860782715E-03
 MESSAGE (watershell2_main): OUTER BULK BOUNDARY ( -9.688756866    ) IS TOO CLOSE TO SURFACE BOUNDARY ( -10.18370054    ). WILL RECOMPUTE:
 MESSAGE (watershell2_main): LOCATION OF OUTER BULK BOUNDARY SET TO  -9.687071424     A FROM PROTEIN. CONTOUR VALUE IS  0.4136387152E-03
 MESSAGE (watershell2_main): LOCATION OF INNER BULK BOUNDARY SET TO  -9.187071424     A FROM PROTEIN. CONTOUR VALUE IS  0.9888829624E-03
 MESSAGE (watershell2_main): OUTER BULK BOUNDARY ( -9.687071424    ) IS TOO CLOSE TO SURFACE BOUNDARY ( -10.18201969    ). WILL RECOMPUTE:
 MESSAGE (watershell2_main): LOCATION OF OUTER BULK BOUNDARY SET TO  -9.685387514     A FROM PROTEIN. CONTOUR VALUE IS  0.4148952294E-03
 MESSAGE (watershell2_main): LOCATION OF INNER BULK BOUNDARY SET TO  -9.185387514     A FROM PROTEIN. CONTOUR VALUE IS  0.9916924173E-03
 MESSAGE (watershell2_main): OUTER BULK BOUNDARY ( -9.685387514    ) IS TOO CLOSE TO SURFACE BOUNDARY ( -10.18034105    ). WILL RECOMPUTE:
 MESSAGE (watershell2_main): LOCATION OF OUTER BULK BOUNDARY SET TO  -9.683705361     A FROM PROTEIN. CONTOUR VALUE IS  0.4161539685E-03
 MESSAGE (watershell2_main): LOCATION OF INNER BULK BOUNDARY SET TO  -9.183705361     A FROM PROTEIN. CONTOUR VALUE IS  0.9945062554E-03
 MESSAGE (watershell2_main): OUTER BULK BOUNDARY ( -9.683705361    ) IS TOO CLOSE TO SURFACE BOUNDARY ( -10.17866263    ). WILL RECOMPUTE:
 MESSAGE (watershell2_main): LOCATION OF OUTER BULK BOUNDARY SET TO  -9.682024452     A FROM PROTEIN. CONTOUR VALUE IS  0.4174153161E-03
 MESSAGE (watershell2_main): LOCATION OF INNER BULK BOUNDARY SET TO  -9.182024452     A FROM PROTEIN. CONTOUR VALUE IS  0.9973253321E-03
 MESSAGE (watershell2_main): OUTER BULK BOUNDARY ( -9.682024452    ) IS TOO CLOSE TO SURFACE BOUNDARY ( -10.17698509    ). WILL RECOMPUTE:
 MESSAGE (watershell2_main): LOCATION OF OUTER BULK BOUNDARY SET TO  -9.680344664     A FROM PROTEIN. CONTOUR VALUE IS  0.4186793666E-03
 MESSAGE (watershell2_main): LOCATION OF INNER BULK BOUNDARY SET TO  -9.180344664     A FROM PROTEIN. CONTOUR VALUE IS  0.1000149856E-02
 MESSAGE (watershell2_main): OUTER BULK BOUNDARY ( -9.680344664    ) IS TOO CLOSE TO SURFACE BOUNDARY ( -10.17530794    ). WILL RECOMPUTE:
 MESSAGE (watershell2_main): LOCATION OF OUTER BULK BOUNDARY SET TO  -9.678665757     A FROM PROTEIN. CONTOUR VALUE IS  0.4199463023E-03
 MESSAGE (watershell2_main): LOCATION OF INNER BULK BOUNDARY SET TO  -9.178665757     A FROM PROTEIN. CONTOUR VALUE IS  0.1002980234E-02
 MESSAGE (watershell2_main): OUTER BULK BOUNDARY ( -9.678665757    ) IS TOO CLOSE TO SURFACE BOUNDARY ( -10.17363242    ). WILL RECOMPUTE:
 MESSAGE (watershell2_main): LOCATION OF OUTER BULK BOUNDARY SET TO  -9.676987977     A FROM PROTEIN. CONTOUR VALUE IS  0.4212159412E-03
 MESSAGE (watershell2_main): LOCATION OF INNER BULK BOUNDARY SET TO  -9.176987977     A FROM PROTEIN. CONTOUR VALUE IS  0.1005816055E-02
 MESSAGE (watershell2_main): OUTER BULK BOUNDARY ( -9.676987977    ) IS TOO CLOSE TO SURFACE BOUNDARY ( -10.17195744    ). WILL RECOMPUTE:
 MESSAGE (watershell2_main): LOCATION OF OUTER BULK BOUNDARY SET TO  -9.675311131     A FROM PROTEIN. CONTOUR VALUE IS  0.4224884321E-03
 MESSAGE (watershell2_main): LOCATION OF INNER BULK BOUNDARY SET TO  -9.175311131     A FROM PROTEIN. CONTOUR VALUE IS  0.1008657651E-02
 MESSAGE (watershell2_main): OUTER BULK BOUNDARY ( -9.675311131    ) IS TOO CLOSE TO SURFACE BOUNDARY ( -10.17028464    ). WILL RECOMPUTE:
 MESSAGE (watershell2_main): LOCATION OF OUTER BULK BOUNDARY SET TO  -9.673635635     A FROM PROTEIN. CONTOUR VALUE IS  0.4237634599E-03
 MESSAGE (watershell2_main): LOCATION OF INNER BULK BOUNDARY SET TO  -9.173635635     A FROM PROTEIN. CONTOUR VALUE IS  0.1011504317E-02
 MESSAGE (watershell2_main): OUTER BULK BOUNDARY ( -9.673635635    ) IS TOO CLOSE TO SURFACE BOUNDARY ( -10.16861278    ). WILL RECOMPUTE:
 MESSAGE (watershell2_main): LOCATION OF OUTER BULK BOUNDARY SET TO  -9.671961350     A FROM PROTEIN. CONTOUR VALUE IS  0.4250411322E-03
 MESSAGE (watershell2_main): LOCATION OF INNER BULK BOUNDARY SET TO  -9.171961350     A FROM PROTEIN. CONTOUR VALUE IS  0.1014356289E-02
 MESSAGE (watershell2_main): OUTER BULK BOUNDARY ( -9.671961350    ) IS TOO CLOSE TO SURFACE BOUNDARY ( -10.16694464    ). WILL RECOMPUTE:
 MESSAGE (watershell2_main): LOCATION OF OUTER BULK BOUNDARY SET TO  -9.670289114     A FROM PROTEIN. CONTOUR VALUE IS  0.4263208079E-03
 MESSAGE (watershell2_main): LOCATION OF INNER BULK BOUNDARY SET TO  -9.170289114     A FROM PROTEIN. CONTOUR VALUE IS  0.1017212135E-02
 MESSAGE (watershell2_main): OUTER BULK BOUNDARY ( -9.670289114    ) IS TOO CLOSE TO SURFACE BOUNDARY ( -10.16527706    ). WILL RECOMPUTE:
 MESSAGE (watershell2_main): LOCATION OF OUTER BULK BOUNDARY SET TO  -9.668618430     A FROM PROTEIN. CONTOUR VALUE IS  0.4276028646E-03
 MESSAGE (watershell2_main): LOCATION OF INNER BULK BOUNDARY SET TO  -9.168618430     A FROM PROTEIN. CONTOUR VALUE IS  0.1020072698E-02
 MESSAGE (watershell2_main): OUTER BULK BOUNDARY ( -9.668618430    ) IS TOO CLOSE TO SURFACE BOUNDARY ( -10.16361172    ). WILL RECOMPUTE:
 MESSAGE (watershell2_main): LOCATION OF OUTER BULK BOUNDARY SET TO  -9.666949526     A FROM PROTEIN. CONTOUR VALUE IS  0.4288871254E-03
 MESSAGE (watershell2_main): LOCATION OF INNER BULK BOUNDARY SET TO  -9.166949526     A FROM PROTEIN. CONTOUR VALUE IS  0.1022937581E-02
 MESSAGE (watershell2_main): OUTER BULK BOUNDARY ( -9.666949526    ) IS TOO CLOSE TO SURFACE BOUNDARY ( -10.16194695    ). WILL RECOMPUTE:
 MESSAGE (watershell2_main): LOCATION OF OUTER BULK BOUNDARY SET TO  -9.665282002     A FROM PROTEIN. CONTOUR VALUE IS  0.4301738987E-03
 MESSAGE (watershell2_main): LOCATION OF INNER BULK BOUNDARY SET TO  -9.165282002     A FROM PROTEIN. CONTOUR VALUE IS  0.1025807471E-02
 MESSAGE (watershell2_main): OUTER BULK BOUNDARY ( -9.665282002    ) IS TOO CLOSE TO SURFACE BOUNDARY ( -10.15995199    ). WILL RECOMPUTE:
 MESSAGE (watershell2_main): LOCATION OF OUTER BULK BOUNDARY SET TO  -9.663505330     A FROM PROTEIN. CONTOUR VALUE IS  0.4315488376E-03
 MESSAGE (watershell2_main): LOCATION OF INNER BULK BOUNDARY SET TO  -9.163505330     A FROM PROTEIN. CONTOUR VALUE IS  0.1028873336E-02
 ==========================================================================================
 Iteration:                20000
 Surface boundary distance:         -10.158622973627146      (contour value:   1.7236211409654700E-004 )
 Current avg. solvent contour val:  0.21876908581978743
 Surface energy:                     53.598234039345982
 Curvature energy:                   3.4265314075974409
 Surface curvature at solvent (min:ave:max): (  -8.1795832649769210E-002 :  -1.4301029940549936E-002 :  0.53765779197969177      )
 ======= FORCE STATISTICS ==============
 Total force applied to surface atoms:    -1.7312209994787819       -1.2590578250602074       -1.7172577348376035
 RMS of surface atom forces:               4.3104964337375748E-002
 Largest force acting on a surface atom:   9.1819759998211417E-002
 Total force applied to solvent atoms:    -1.7011670176305167       -5.0343004556588804        6.0911060675942075
 RMS of solvent atom forces:              0.19784761252106012
 Largest force acting on a solvent atom:   3.2886656337472391
 Rotational restraint energy:           2.0035056994094118
 Translational restraint energy:       0.37656634418706131
 Total rigid-body restraint energy:     2.3800720435964733
 =======================================
 Solute neighbor list search depth (min:ave:max): (          10 :   83.488804192472600      :         159 )
 ======= DENSITY STATISTICS ============
 # Solute atoms used for density:           159
 Target density (g/mL):             0.99700000000000000
 Simulation density (g/mL):         0.33394080897170270
 Instantaneous density (g/mL):      0.52496339488592436
 Volume of bulk solvent (Ang^3):     5130.0000000000000
 Mass of bulk solvent (amu):         1621.8000000000102
 Outer bulk boundary distance:      -9.6635053299597260      (contour value:   4.3154883758445006E-004 )
 Inner bulk boundary distance:      -9.1635053299597260      (contour value:   1.0288733361126789E-003 )
 ======================================
 MESSAGE (watershell2_main): WRITING RESTART FILE TO ("watershell0.restart.txt")
 MESSAGE (FILES_OPEN): Opening FORMATTED file "watershell0.restart.txt" for writing.
 MESSAGE (watershell2_main): OUTER BULK BOUNDARY ( -9.663505330    ) IS TOO CLOSE TO SURFACE BOUNDARY ( -10.15829144    ). WILL RECOMPUTE:
 MESSAGE (watershell2_main): LOCATION OF OUTER BULK BOUNDARY SET TO  -9.661767368     A FROM PROTEIN. CONTOUR VALUE IS  0.4328977632E-03
 MESSAGE (watershell2_main): LOCATION OF INNER BULK BOUNDARY SET TO  -9.161767368     A FROM PROTEIN. CONTOUR VALUE IS  0.1031880536E-02
 MESSAGE (watershell2_main): OUTER BULK BOUNDARY ( -9.661767368    ) IS TOO CLOSE TO SURFACE BOUNDARY ( -10.15663380    ). WILL RECOMPUTE:
 MESSAGE (watershell2_main): LOCATION OF OUTER BULK BOUNDARY SET TO  -9.660056177     A FROM PROTEIN. CONTOUR VALUE IS  0.4342297307E-03
 MESSAGE (watershell2_main): LOCATION OF INNER BULK BOUNDARY SET TO  -9.160056177     A FROM PROTEIN. CONTOUR VALUE IS  0.1034849291E-02
 MESSAGE (watershell2_main): OUTER BULK BOUNDARY ( -9.660056177    ) IS TOO CLOSE TO SURFACE BOUNDARY ( -10.15497722    ). WILL RECOMPUTE:
 MESSAGE (watershell2_main): LOCATION OF OUTER BULK BOUNDARY SET TO  -9.658363190     A FROM PROTEIN. CONTOUR VALUE IS  0.4355512691E-03
 MESSAGE (watershell2_main): LOCATION OF INNER BULK BOUNDARY SET TO  -9.158363190     A FROM PROTEIN. CONTOUR VALUE IS  0.1037794174E-02
 MESSAGE (watershell2_main): OUTER BULK BOUNDARY ( -9.658363190    ) IS TOO CLOSE TO SURFACE BOUNDARY ( -10.15332224    ). WILL RECOMPUTE:
 MESSAGE (watershell2_main): LOCATION OF OUTER BULK BOUNDARY SET TO  -9.656682874     A FROM PROTEIN. CONTOUR VALUE IS  0.4368666054E-03
 MESSAGE (watershell2_main): LOCATION OF INNER BULK BOUNDARY SET TO  -9.156682874     A FROM PROTEIN. CONTOUR VALUE IS  0.1040724619E-02
 MESSAGE (watershell2_main): OUTER BULK BOUNDARY ( -9.656682874    ) IS TOO CLOSE TO SURFACE BOUNDARY ( -10.15166814    ). WILL RECOMPUTE:
 MESSAGE (watershell2_main): LOCATION OF OUTER BULK BOUNDARY SET TO  -9.655011297     A FROM PROTEIN. CONTOUR VALUE IS  0.4381787554E-03
 MESSAGE (watershell2_main): LOCATION OF INNER BULK BOUNDARY SET TO  -9.155011297     A FROM PROTEIN. CONTOUR VALUE IS  0.1043647353E-02
 MESSAGE (watershell2_main): OUTER BULK BOUNDARY ( -9.655011297    ) IS TOO CLOSE TO SURFACE BOUNDARY ( -10.14968481    ). WILL RECOMPUTE:
 MESSAGE (watershell2_main): LOCATION OF OUTER BULK BOUNDARY SET TO  -9.653235800     A FROM PROTEIN. CONTOUR VALUE IS  0.4395764828E-03
 MESSAGE (watershell2_main): LOCATION OF INNER BULK BOUNDARY SET TO  -9.153235800     A FROM PROTEIN. CONTOUR VALUE IS  0.1046760035E-02
 MESSAGE (watershell2_main): OUTER BULK BOUNDARY ( -9.653235800    ) IS TOO CLOSE TO SURFACE BOUNDARY ( -10.14803324    ). WILL RECOMPUTE:
 MESSAGE (watershell2_main): LOCATION OF OUTER BULK BOUNDARY SET TO  -9.651501614     A FROM PROTEIN. CONTOUR VALUE IS  0.4409456805E-03
 MESSAGE (watershell2_main): LOCATION OF INNER BULK BOUNDARY SET TO  -9.151501614     A FROM PROTEIN. CONTOUR VALUE IS  0.1049808514E-02
 MESSAGE (watershell2_main): OUTER BULK BOUNDARY ( -9.651501614    ) IS TOO CLOSE TO SURFACE BOUNDARY ( -10.14638248    ). WILL RECOMPUTE:
 MESSAGE (watershell2_main): LOCATION OF OUTER BULK BOUNDARY SET TO  -9.649795237     A FROM PROTEIN. CONTOUR VALUE IS  0.4422967815E-03
 MESSAGE (watershell2_main): LOCATION OF INNER BULK BOUNDARY SET TO  -9.149795237     A FROM PROTEIN. CONTOUR VALUE IS  0.1052816054E-02
 MESSAGE (watershell2_main): OUTER BULK BOUNDARY ( -9.649795237    ) IS TOO CLOSE TO SURFACE BOUNDARY ( -10.14473282    ). WILL RECOMPUTE:
 MESSAGE (watershell2_main): LOCATION OF OUTER BULK BOUNDARY SET TO  -9.648107764     A FROM PROTEIN. CONTOUR VALUE IS  0.4436366897E-03
 MESSAGE (watershell2_main): LOCATION OF INNER BULK BOUNDARY SET TO  -9.148107764     A FROM PROTEIN. CONTOUR VALUE IS  0.1055798047E-02
 MESSAGE (watershell2_main): OUTER BULK BOUNDARY ( -9.648107764    ) IS TOO CLOSE TO SURFACE BOUNDARY ( -10.14308388    ). WILL RECOMPUTE:
 MESSAGE (watershell2_main): LOCATION OF OUTER BULK BOUNDARY SET TO  -9.646433136     A FROM PROTEIN. CONTOUR VALUE IS  0.4449701196E-03
 MESSAGE (watershell2_main): LOCATION OF INNER BULK BOUNDARY SET TO  -9.146433136     A FROM PROTEIN. CONTOUR VALUE IS  0.1058764999E-02
 MESSAGE (watershell2_main): OUTER BULK BOUNDARY ( -9.646433136    ) IS TOO CLOSE TO SURFACE BOUNDARY ( -10.14110902    ). WILL RECOMPUTE:
 MESSAGE (watershell2_main): LOCATION OF OUTER BULK BOUNDARY SET TO  -9.644658429     A FROM PROTEIN. CONTOUR VALUE IS  0.4463872934E-03
 MESSAGE (watershell2_main): LOCATION OF INNER BULK BOUNDARY SET TO  -9.144658429     A FROM PROTEIN. CONTOUR VALUE IS  0.1061917606E-02
 MESSAGE (watershell2_main): OUTER BULK BOUNDARY ( -9.644658429    ) IS TOO CLOSE TO SURFACE BOUNDARY ( -10.13946490    ). WILL RECOMPUTE:
 MESSAGE (watershell2_main): LOCATION OF OUTER BULK BOUNDARY SET TO  -9.642927254     A FROM PROTEIN. CONTOUR VALUE IS  0.4477737369E-03
 MESSAGE (watershell2_main): LOCATION OF INNER BULK BOUNDARY SET TO  -9.142927254     A FROM PROTEIN. CONTOUR VALUE IS  0.1065001176E-02
 MESSAGE (watershell2_main): OUTER BULK BOUNDARY ( -9.642927254    ) IS TOO CLOSE TO SURFACE BOUNDARY ( -10.13782141    ). WILL RECOMPUTE:
 MESSAGE (watershell2_main): LOCATION OF OUTER BULK BOUNDARY SET TO  -9.641225305     A FROM PROTEIN. CONTOUR VALUE IS  0.4491406666E-03
 MESSAGE (watershell2_main): LOCATION OF INNER BULK BOUNDARY SET TO  -9.141225305     A FROM PROTEIN. CONTOUR VALUE IS  0.1068040693E-02
 MESSAGE (watershell2_main): OUTER BULK BOUNDARY ( -9.641225305    ) IS TOO CLOSE TO SURFACE BOUNDARY ( -10.13617806    ). WILL RECOMPUTE:
 MESSAGE (watershell2_main): LOCATION OF OUTER BULK BOUNDARY SET TO  -9.639542890     A FROM PROTEIN. CONTOUR VALUE IS  0.4504957093E-03
 MESSAGE (watershell2_main): LOCATION OF INNER BULK BOUNDARY SET TO  -9.139542890     A FROM PROTEIN. CONTOUR VALUE IS  0.1071053141E-02
 MESSAGE (watershell2_main): OUTER BULK BOUNDARY ( -9.639542890    ) IS TOO CLOSE TO SURFACE BOUNDARY ( -10.13453624    ). WILL RECOMPUTE:
 MESSAGE (watershell2_main): LOCATION OF OUTER BULK BOUNDARY SET TO  -9.637874006     A FROM PROTEIN. CONTOUR VALUE IS  0.4518435976E-03
 MESSAGE (watershell2_main): LOCATION OF INNER BULK BOUNDARY SET TO  -9.137874006     A FROM PROTEIN. CONTOUR VALUE IS  0.1074049056E-02
 MESSAGE (watershell2_main): OUTER BULK BOUNDARY ( -9.637874006    ) IS TOO CLOSE TO SURFACE BOUNDARY ( -10.13256651    ). WILL RECOMPUTE:
 MESSAGE (watershell2_main): LOCATION OF OUTER BULK BOUNDARY SET TO  -9.636104842     A FROM PROTEIN. CONTOUR VALUE IS  0.4532765611E-03
 MESSAGE (watershell2_main): LOCATION OF INNER BULK BOUNDARY SET TO  -9.136104842     A FROM PROTEIN. CONTOUR VALUE IS  0.1077233381E-02
 MESSAGE (watershell2_main): OUTER BULK BOUNDARY ( -9.636104842    ) IS TOO CLOSE TO SURFACE BOUNDARY ( -10.13092870    ). WILL RECOMPUTE:
 MESSAGE (watershell2_main): LOCATION OF OUTER BULK BOUNDARY SET TO  -9.634379463     A FROM PROTEIN. CONTOUR VALUE IS  0.4546781178E-03
 MESSAGE (watershell2_main): LOCATION OF INNER BULK BOUNDARY SET TO  -9.134379463     A FROM PROTEIN. CONTOUR VALUE IS  0.1080347235E-02
 MESSAGE (watershell2_main): OUTER BULK BOUNDARY ( -9.634379463    ) IS TOO CLOSE TO SURFACE BOUNDARY ( -10.12929089    ). WILL RECOMPUTE:
 MESSAGE (watershell2_main): LOCATION OF OUTER BULK BOUNDARY SET TO  -9.632683273     A FROM PROTEIN. CONTOUR VALUE IS  0.4560598789E-03
 MESSAGE (watershell2_main): LOCATION OF INNER BULK BOUNDARY SET TO  -9.132683273     A FROM PROTEIN. CONTOUR VALUE IS  0.1083416451E-02
 MESSAGE (watershell2_main): OUTER BULK BOUNDARY ( -9.632683273    ) IS TOO CLOSE TO SURFACE BOUNDARY ( -10.12765657    ). WILL RECOMPUTE:
 MESSAGE (watershell2_main): LOCATION OF OUTER BULK BOUNDARY SET TO  -9.631007704     A FROM PROTEIN. CONTOUR VALUE IS  0.4574286636E-03
 MESSAGE (watershell2_main): LOCATION OF INNER BULK BOUNDARY SET TO  -9.131007704     A FROM PROTEIN. CONTOUR VALUE IS  0.1086456204E-02
 MESSAGE (watershell2_main): OUTER BULK BOUNDARY ( -9.631007704    ) IS TOO CLOSE TO SURFACE BOUNDARY ( -10.12569611    ). WILL RECOMPUTE:
 MESSAGE (watershell2_main): LOCATION OF OUTER BULK BOUNDARY SET TO  -9.629237172     A FROM PROTEIN. CONTOUR VALUE IS  0.4588791618E-03
 MESSAGE (watershell2_main): LOCATION OF INNER BULK BOUNDARY SET TO  -9.129237172     A FROM PROTEIN. CONTOUR VALUE IS  0.1089676730E-02
 MESSAGE (watershell2_main): OUTER BULK BOUNDARY ( -9.629237172    ) IS TOO CLOSE TO SURFACE BOUNDARY ( -10.12406547    ). WILL RECOMPUTE:
 MESSAGE (watershell2_main): LOCATION OF OUTER BULK BOUNDARY SET TO  -9.627513271     A FROM PROTEIN. CONTOUR VALUE IS  0.4602955541E-03
 MESSAGE (watershell2_main): LOCATION OF INNER BULK BOUNDARY SET TO  -9.127513271     A FROM PROTEIN. CONTOUR VALUE IS  0.1092820844E-02
 MESSAGE (watershell2_main): OUTER BULK BOUNDARY ( -9.627513271    ) IS TOO CLOSE TO SURFACE BOUNDARY ( -10.12243484    ). WILL RECOMPUTE:
 MESSAGE (watershell2_main): LOCATION OF OUTER BULK BOUNDARY SET TO  -9.625820462     A FROM PROTEIN. CONTOUR VALUE IS  0.4616903436E-03
 MESSAGE (watershell2_main): LOCATION OF INNER BULK BOUNDARY SET TO  -9.125820462     A FROM PROTEIN. CONTOUR VALUE IS  0.1095916343E-02
 MESSAGE (watershell2_main): OUTER BULK BOUNDARY ( -9.625820462    ) IS TOO CLOSE TO SURFACE BOUNDARY ( -10.12080428    ). WILL RECOMPUTE:
 MESSAGE (watershell2_main): LOCATION OF OUTER BULK BOUNDARY SET TO  -9.624148401     A FROM PROTEIN. CONTOUR VALUE IS  0.4630718826E-03
 MESSAGE (watershell2_main): LOCATION OF INNER BULK BOUNDARY SET TO  -9.124148401     A FROM PROTEIN. CONTOUR VALUE IS  0.1098981790E-02
 MESSAGE (watershell2_main): OUTER BULK BOUNDARY ( -9.624148401    ) IS TOO CLOSE TO SURFACE BOUNDARY ( -10.11884849    ). WILL RECOMPUTE:
 MESSAGE (watershell2_main): LOCATION OF OUTER BULK BOUNDARY SET TO  -9.622381765     A FROM PROTEIN. CONTOUR VALUE IS  0.4645357269E-03
 MESSAGE (watershell2_main): LOCATION OF INNER BULK BOUNDARY SET TO  -9.122381765     A FROM PROTEIN. CONTOUR VALUE IS  0.1102229164E-02
 MESSAGE (watershell2_main): OUTER BULK BOUNDARY ( -9.622381765    ) IS TOO CLOSE TO SURFACE BOUNDARY ( -10.11722016    ). WILL RECOMPUTE:
 MESSAGE (watershell2_main): LOCATION OF OUTER BULK BOUNDARY SET TO  -9.620661229     A FROM PROTEIN. CONTOUR VALUE IS  0.4659654947E-03
 MESSAGE (watershell2_main): LOCATION OF INNER BULK BOUNDARY SET TO  -9.120661229     A FROM PROTEIN. CONTOUR VALUE IS  0.1105400251E-02
 MESSAGE (watershell2_main): OUTER BULK BOUNDARY ( -9.620661229    ) IS TOO CLOSE TO SURFACE BOUNDARY ( -10.11559148    ). WILL RECOMPUTE:
 MESSAGE (watershell2_main): LOCATION OF OUTER BULK BOUNDARY SET TO  -9.618971314     A FROM PROTEIN. CONTOUR VALUE IS  0.4673737861E-03
 MESSAGE (watershell2_main): LOCATION OF INNER BULK BOUNDARY SET TO  -9.118971314     A FROM PROTEIN. CONTOUR VALUE IS  0.1108523041E-02
 MESSAGE (watershell2_main): OUTER BULK BOUNDARY ( -9.618971314    ) IS TOO CLOSE TO SURFACE BOUNDARY ( -10.11396231    ). WILL RECOMPUTE:
 MESSAGE (watershell2_main): LOCATION OF OUTER BULK BOUNDARY SET TO  -9.617301645     A FROM PROTEIN. CONTOUR VALUE IS  0.4687690786E-03
 MESSAGE (watershell2_main): LOCATION OF INNER BULK BOUNDARY SET TO  -9.117301645     A FROM PROTEIN. CONTOUR VALUE IS  0.1111616356E-02
 MESSAGE (watershell2_main): OUTER BULK BOUNDARY ( -9.617301645    ) IS TOO CLOSE TO SURFACE BOUNDARY ( -10.11200888    ). WILL RECOMPUTE:
 MESSAGE (watershell2_main): LOCATION OF OUTER BULK BOUNDARY SET TO  -9.615537391     A FROM PROTEIN. CONTOUR VALUE IS  0.4702476074E-03
 MESSAGE (watershell2_main): LOCATION OF INNER BULK BOUNDARY SET TO  -9.115537391     A FROM PROTEIN. CONTOUR VALUE IS  0.1114893501E-02
 MESSAGE (watershell2_main): OUTER BULK BOUNDARY ( -9.615537391    ) IS TOO CLOSE TO SURFACE BOUNDARY ( -10.11038235    ). WILL RECOMPUTE:
 MESSAGE (watershell2_main): LOCATION OF OUTER BULK BOUNDARY SET TO  -9.613819044     A FROM PROTEIN. CONTOUR VALUE IS  0.4716918174E-03
 MESSAGE (watershell2_main): LOCATION OF INNER BULK BOUNDARY SET TO  -9.113819044     A FROM PROTEIN. CONTOUR VALUE IS  0.1118093881E-02
 MESSAGE (watershell2_main): OUTER BULK BOUNDARY ( -9.613819044    ) IS TOO CLOSE TO SURFACE BOUNDARY ( -10.10875663    ). WILL RECOMPUTE:
 MESSAGE (watershell2_main): LOCATION OF OUTER BULK BOUNDARY SET TO  -9.612131574     A FROM PROTEIN. CONTOUR VALUE IS  0.4731140769E-03
 MESSAGE (watershell2_main): LOCATION OF INNER BULK BOUNDARY SET TO  -9.112131574     A FROM PROTEIN. CONTOUR VALUE IS  0.1121244948E-02
 NONFATAL WARNING (watershell2_compute_density): DETECTED 1 POSSIBLE NEIGHBOR LIST MISS. NEIGHBOR LIST FACTOR IS   10.37220000
 MESSAGE (watershell2_main): OUTER BULK BOUNDARY ( -9.612131574    ) IS TOO CLOSE TO SURFACE BOUNDARY ( -10.10713146    ). WILL RECOMPUTE:
 MESSAGE (watershell2_main): LOCATION OF OUTER BULK BOUNDARY SET TO  -9.610464868     A FROM PROTEIN. CONTOUR VALUE IS  0.4745227355E-03
 MESSAGE (watershell2_main): LOCATION OF INNER BULK BOUNDARY SET TO  -9.110464868     A FROM PROTEIN. CONTOUR VALUE IS  0.1124365228E-02
 MESSAGE (watershell2_main): OUTER BULK BOUNDARY ( -9.610464868    ) IS TOO CLOSE TO SURFACE BOUNDARY ( -10.10518346    ). WILL RECOMPUTE:
 MESSAGE (watershell2_main): LOCATION OF OUTER BULK BOUNDARY SET TO  -9.608704400     A FROM PROTEIN. CONTOUR VALUE IS  0.4760148592E-03
 MESSAGE (watershell2_main): LOCATION OF INNER BULK BOUNDARY SET TO  -9.108704400     A FROM PROTEIN. CONTOUR VALUE IS  0.1127669681E-02
 MESSAGE (watershell2_main): OUTER BULK BOUNDARY ( -9.608704400    ) IS TOO CLOSE TO SURFACE BOUNDARY ( -10.10356107    ). WILL RECOMPUTE:
 MESSAGE (watershell2_main): LOCATION OF OUTER BULK BOUNDARY SET TO  -9.606989955     A FROM PROTEIN. CONTOUR VALUE IS  0.4774721531E-03
 MESSAGE (watershell2_main): LOCATION OF INNER BULK BOUNDARY SET TO  -9.106989955     A FROM PROTEIN. CONTOUR VALUE IS  0.1130896300E-02
 MESSAGE (watershell2_main): OUTER BULK BOUNDARY ( -9.606989955    ) IS TOO CLOSE TO SURFACE BOUNDARY ( -10.10193886    ). WILL RECOMPUTE:
 MESSAGE (watershell2_main): LOCATION OF OUTER BULK BOUNDARY SET TO  -9.605306258     A FROM PROTEIN. CONTOUR VALUE IS  0.4789073339E-03
 MESSAGE (watershell2_main): LOCATION OF INNER BULK BOUNDARY SET TO  -9.105306258     A FROM PROTEIN. CONTOUR VALUE IS  0.1134073282E-02
 MESSAGE (watershell2_main): OUTER BULK BOUNDARY ( -9.605306258    ) IS TOO CLOSE TO SURFACE BOUNDARY ( -10.09999228    ). WILL RECOMPUTE:
 MESSAGE (watershell2_main): LOCATION OF OUTER BULK BOUNDARY SET TO  -9.603534932     A FROM PROTEIN. CONTOUR VALUE IS  0.4804215232E-03
 MESSAGE (watershell2_main): LOCATION OF INNER BULK BOUNDARY SET TO  -9.103534932     A FROM PROTEIN. CONTOUR VALUE IS  0.1137424438E-02
 MESSAGE (watershell2_main): OUTER BULK BOUNDARY ( -9.603534932    ) IS TOO CLOSE TO SURFACE BOUNDARY ( -10.09837254    ). WILL RECOMPUTE:
 MESSAGE (watershell2_main): LOCATION OF OUTER BULK BOUNDARY SET TO  -9.601814135     A FROM PROTEIN. CONTOUR VALUE IS  0.4818967651E-03
 MESSAGE (watershell2_main): LOCATION OF INNER BULK BOUNDARY SET TO  -9.101814135     A FROM PROTEIN. CONTOUR VALUE IS  0.1140688684E-02
 MESSAGE (watershell2_main): OUTER BULK BOUNDARY ( -9.601814135    ) IS TOO CLOSE TO SURFACE BOUNDARY ( -10.09675280    ). WILL RECOMPUTE:
 MESSAGE (watershell2_main): LOCATION OF OUTER BULK BOUNDARY SET TO  -9.600127025     A FROM PROTEIN. CONTOUR VALUE IS  0.4833472015E-03
 MESSAGE (watershell2_main): LOCATION OF INNER BULK BOUNDARY SET TO  -9.100127025     A FROM PROTEIN. CONTOUR VALUE IS  0.1143897360E-02
 MESSAGE (watershell2_main): OUTER BULK BOUNDARY ( -9.600127025    ) IS TOO CLOSE TO SURFACE BOUNDARY ( -10.09481099    ). WILL RECOMPUTE:
 MESSAGE (watershell2_main): LOCATION OF OUTER BULK BOUNDARY SET TO  -9.598355012     A FROM PROTEIN. CONTOUR VALUE IS  0.4848749850E-03
 MESSAGE (watershell2_main): LOCATION OF INNER BULK BOUNDARY SET TO  -9.098355012     A FROM PROTEIN. CONTOUR VALUE IS  0.1147276414E-02
 MESSAGE (watershell2_main): OUTER BULK BOUNDARY ( -9.598355012    ) IS TOO CLOSE TO SURFACE BOUNDARY ( -10.09319372    ). WILL RECOMPUTE:
 MESSAGE (watershell2_main): LOCATION OF OUTER BULK BOUNDARY SET TO  -9.596634581     A FROM PROTEIN. CONTOUR VALUE IS  0.4863625747E-03
 MESSAGE (watershell2_main): LOCATION OF INNER BULK BOUNDARY SET TO  -9.096634581     A FROM PROTEIN. CONTOUR VALUE IS  0.1150565852E-02
 MESSAGE (watershell2_main): OUTER BULK BOUNDARY ( -9.596634581    ) IS TOO CLOSE TO SURFACE BOUNDARY ( -10.09158013    ). WILL RECOMPUTE:
 MESSAGE (watershell2_main): LOCATION OF OUTER BULK BOUNDARY SET TO  -9.594949763     A FROM PROTEIN. CONTOUR VALUE IS  0.4878234683E-03
 MESSAGE (watershell2_main): LOCATION OF INNER BULK BOUNDARY SET TO  -9.094949763     A FROM PROTEIN. CONTOUR VALUE IS  0.1153795570E-02
 MESSAGE (watershell2_main): OUTER BULK BOUNDARY ( -9.594949763    ) IS TOO CLOSE TO SURFACE BOUNDARY ( -10.08964458    ). WILL RECOMPUTE:
 MESSAGE (watershell2_main): LOCATION OF OUTER BULK BOUNDARY SET TO  -9.593181369     A FROM PROTEIN. CONTOUR VALUE IS  0.4893612029E-03
 MESSAGE (watershell2_main): LOCATION OF INNER BULK BOUNDARY SET TO  -9.093181369     A FROM PROTEIN. CONTOUR VALUE IS  0.1157194433E-02
 MESSAGE (watershell2_main): OUTER BULK BOUNDARY ( -9.593181369    ) IS TOO CLOSE TO SURFACE BOUNDARY ( -10.08803289    ). WILL RECOMPUTE:
 MESSAGE (watershell2_main): LOCATION OF OUTER BULK BOUNDARY SET TO  -9.591465209     A FROM PROTEIN. CONTOUR VALUE IS  0.4908578076E-03
 MESSAGE (watershell2_main): LOCATION OF INNER BULK BOUNDARY SET TO  -9.091465209     A FROM PROTEIN. CONTOUR VALUE IS  0.1160501667E-02
 MESSAGE (watershell2_main): OUTER BULK BOUNDARY ( -9.591465209    ) IS TOO CLOSE TO SURFACE BOUNDARY ( -10.08642202    ). WILL RECOMPUTE:
 MESSAGE (watershell2_main): LOCATION OF OUTER BULK BOUNDARY SET TO  -9.589784145     A FROM PROTEIN. CONTOUR VALUE IS  0.4923279164E-03
 MESSAGE (watershell2_main): LOCATION OF INNER BULK BOUNDARY SET TO  -9.089784145     A FROM PROTEIN. CONTOUR VALUE IS  0.1163749659E-02
 MESSAGE (watershell2_main): OUTER BULK BOUNDARY ( -9.589784145    ) IS TOO CLOSE TO SURFACE BOUNDARY ( -10.08449044    ). WILL RECOMPUTE:
 MESSAGE (watershell2_main): LOCATION OF OUTER BULK BOUNDARY SET TO  -9.588019577     A FROM PROTEIN. CONTOUR VALUE IS  0.4938754377E-03
 MESSAGE (watershell2_main): LOCATION OF INNER BULK BOUNDARY SET TO  -9.088019577     A FROM PROTEIN. CONTOUR VALUE IS  0.1167167947E-02
 MESSAGE (watershell2_main): OUTER BULK BOUNDARY ( -9.588019577    ) IS TOO CLOSE TO SURFACE BOUNDARY ( -10.08288284    ). WILL RECOMPUTE:
 MESSAGE (watershell2_main): LOCATION OF OUTER BULK BOUNDARY SET TO  -9.586307330     A FROM PROTEIN. CONTOUR VALUE IS  0.4953813787E-03
 MESSAGE (watershell2_main): LOCATION OF INNER BULK BOUNDARY SET TO  -9.086307330     A FROM PROTEIN. CONTOUR VALUE IS  0.1170493667E-02
 MESSAGE (watershell2_main): OUTER BULK BOUNDARY ( -9.586307330    ) IS TOO CLOSE TO SURFACE BOUNDARY ( -10.08127660    ). WILL RECOMPUTE:
 MESSAGE (watershell2_main): LOCATION OF OUTER BULK BOUNDARY SET TO  -9.584630420     A FROM PROTEIN. CONTOUR VALUE IS  0.4968603626E-03
 MESSAGE (watershell2_main): LOCATION OF INNER BULK BOUNDARY SET TO  -9.084630420     A FROM PROTEIN. CONTOUR VALUE IS  0.1173759162E-02
 MESSAGE (watershell2_main): OUTER BULK BOUNDARY ( -9.584630420    ) IS TOO CLOSE TO SURFACE BOUNDARY ( -10.07935021    ). WILL RECOMPUTE:
 MESSAGE (watershell2_main): LOCATION OF OUTER BULK BOUNDARY SET TO  -9.582870349     A FROM PROTEIN. CONTOUR VALUE IS  0.4984170902E-03
 MESSAGE (watershell2_main): LOCATION OF INNER BULK BOUNDARY SET TO  -9.082870349     A FROM PROTEIN. CONTOUR VALUE IS  0.1177195572E-02
 MESSAGE (watershell2_main): OUTER BULK BOUNDARY ( -9.582870349    ) IS TOO CLOSE TO SURFACE BOUNDARY ( -10.07774533    ). WILL RECOMPUTE:
 MESSAGE (watershell2_main): LOCATION OF OUTER BULK BOUNDARY SET TO  -9.581162011     A FROM PROTEIN. CONTOUR VALUE IS  0.4999323808E-03
 MESSAGE (watershell2_main): LOCATION OF INNER BULK BOUNDARY SET TO  -9.081162011     A FROM PROTEIN. CONTOUR VALUE IS  0.1180539787E-02
 MESSAGE (watershell2_main): OUTER BULK BOUNDARY ( -9.581162011    ) IS TOO CLOSE TO SURFACE BOUNDARY ( -10.07614286    ). WILL RECOMPUTE:
 MESSAGE (watershell2_main): LOCATION OF OUTER BULK BOUNDARY SET TO  -9.579488961     A FROM PROTEIN. CONTOUR VALUE IS  0.5014205053E-03
 MESSAGE (watershell2_main): LOCATION OF INNER BULK BOUNDARY SET TO  -9.079488961     A FROM PROTEIN. CONTOUR VALUE IS  0.1183823353E-02
 MESSAGE (watershell2_main): OUTER BULK BOUNDARY ( -9.579488961    ) IS TOO CLOSE TO SURFACE BOUNDARY ( -10.07422061    ). WILL RECOMPUTE:
 MESSAGE (watershell2_main): LOCATION OF OUTER BULK BOUNDARY SET TO  -9.577732844     A FROM PROTEIN. CONTOUR VALUE IS  0.5029869270E-03
 MESSAGE (watershell2_main): LOCATION OF INNER BULK BOUNDARY SET TO  -9.077732844     A FROM PROTEIN. CONTOUR VALUE IS  0.1187278941E-02
 MESSAGE (watershell2_main): OUTER BULK BOUNDARY ( -9.577732844    ) IS TOO CLOSE TO SURFACE BOUNDARY ( -10.07262190    ). WILL RECOMPUTE:
 MESSAGE (watershell2_main): LOCATION OF OUTER BULK BOUNDARY SET TO  -9.576029195     A FROM PROTEIN. CONTOUR VALUE IS  0.5045108779E-03
 MESSAGE (watershell2_main): LOCATION OF INNER BULK BOUNDARY SET TO  -9.076029195     A FROM PROTEIN. CONTOUR VALUE IS  0.1190640110E-02
 MESSAGE (watershell2_main): OUTER BULK BOUNDARY ( -9.576029195    ) IS TOO CLOSE TO SURFACE BOUNDARY ( -10.07102319    ). WILL RECOMPUTE:
 MESSAGE (watershell2_main): LOCATION OF OUTER BULK BOUNDARY SET TO  -9.574360525     A FROM PROTEIN. CONTOUR VALUE IS  0.5060076837E-03
 MESSAGE (watershell2_main): LOCATION OF INNER BULK BOUNDARY SET TO  -9.074360525     A FROM PROTEIN. CONTOUR VALUE IS  0.1193940714E-02
 MESSAGE (watershell2_main): OUTER BULK BOUNDARY ( -9.574360525    ) IS TOO CLOSE TO SURFACE BOUNDARY ( -10.06910704    ). WILL RECOMPUTE:
 MESSAGE (watershell2_main): LOCATION OF OUTER BULK BOUNDARY SET TO  -9.572609363     A FROM PROTEIN. CONTOUR VALUE IS  0.5075829065E-03
 MESSAGE (watershell2_main): LOCATION OF INNER BULK BOUNDARY SET TO  -9.072609363     A FROM PROTEIN. CONTOUR VALUE IS  0.1197413492E-02
 MESSAGE (watershell2_main): OUTER BULK BOUNDARY ( -9.572609363    ) IS TOO CLOSE TO SURFACE BOUNDARY ( -10.06751075    ). WILL RECOMPUTE:
 MESSAGE (watershell2_main): LOCATION OF OUTER BULK BOUNDARY SET TO  -9.570909825     A FROM PROTEIN. CONTOUR VALUE IS  0.5091160336E-03
 MESSAGE (watershell2_main): LOCATION OF INNER BULK BOUNDARY SET TO  -9.070909825     A FROM PROTEIN. CONTOUR VALUE IS  0.1200792736E-02
 MESSAGE (watershell2_main): OUTER BULK BOUNDARY ( -9.570909825    ) IS TOO CLOSE TO SURFACE BOUNDARY ( -10.06559758    ). WILL RECOMPUTE:
 MESSAGE (watershell2_main): LOCATION OF OUTER BULK BOUNDARY SET TO  -9.569139076     A FROM PROTEIN. CONTOUR VALUE IS  0.5107179584E-03
 MESSAGE (watershell2_main): LOCATION OF INNER BULK BOUNDARY SET TO  -9.069139076     A FROM PROTEIN. CONTOUR VALUE IS  0.1204322855E-02
 MESSAGE (watershell2_main): OUTER BULK BOUNDARY ( -9.569139076    ) IS TOO CLOSE TO SURFACE BOUNDARY ( -10.06400397    ). WILL RECOMPUTE:
 MESSAGE (watershell2_main): LOCATION OF OUTER BULK BOUNDARY SET TO  -9.567427373     A FROM PROTEIN. CONTOUR VALUE IS  0.5122709018E-03
 MESSAGE (watershell2_main): LOCATION OF INNER BULK BOUNDARY SET TO  -9.067427373     A FROM PROTEIN. CONTOUR VALUE IS  0.1207744290E-02
 MESSAGE (watershell2_main): OUTER BULK BOUNDARY ( -9.567427373    ) IS TOO CLOSE TO SURFACE BOUNDARY ( -10.06241140    ). WILL RECOMPUTE:
 MESSAGE (watershell2_main): LOCATION OF OUTER BULK BOUNDARY SET TO  -9.565755383     A FROM PROTEIN. CONTOUR VALUE IS  0.5137920361E-03
 MESSAGE (watershell2_main): LOCATION OF INNER BULK BOUNDARY SET TO  -9.065755383     A FROM PROTEIN. CONTOUR VALUE IS  0.1211094935E-02
 MESSAGE (watershell2_main): OUTER BULK BOUNDARY ( -9.565755383    ) IS TOO CLOSE TO SURFACE BOUNDARY ( -10.06050190    ). WILL RECOMPUTE:
 MESSAGE (watershell2_main): LOCATION OF OUTER BULK BOUNDARY SET TO  -9.564004221     A FROM PROTEIN. CONTOUR VALUE IS  0.5153896817E-03
 MESSAGE (watershell2_main): LOCATION OF INNER BULK BOUNDARY SET TO  -9.064004221     A FROM PROTEIN. CONTOUR VALUE IS  0.1214613360E-02
 MESSAGE (watershell2_main): OUTER BULK BOUNDARY ( -9.564004221    ) IS TOO CLOSE TO SURFACE BOUNDARY ( -10.05891195    ). WILL RECOMPUTE:
 MESSAGE (watershell2_main): LOCATION OF OUTER BULK BOUNDARY SET TO  -9.562306798     A FROM PROTEIN. CONTOUR VALUE IS  0.5169426875E-03
 MESSAGE (watershell2_main): LOCATION OF INNER BULK BOUNDARY SET TO  -9.062306798     A FROM PROTEIN. CONTOUR VALUE IS  0.1218032740E-02
 MESSAGE (watershell2_main): OUTER BULK BOUNDARY ( -9.562306798    ) IS TOO CLOSE TO SURFACE BOUNDARY ( -10.05700540    ). WILL RECOMPUTE:
 MESSAGE (watershell2_main): LOCATION OF OUTER BULK BOUNDARY SET TO  -9.560539665     A FROM PROTEIN. CONTOUR VALUE IS  0.5185640753E-03
 MESSAGE (watershell2_main): LOCATION OF INNER BULK BOUNDARY SET TO  -9.060539665     A FROM PROTEIN. CONTOUR VALUE IS  0.1221601909E-02
 MESSAGE (watershell2_main): OUTER BULK BOUNDARY ( -9.560539665    ) IS TOO CLOSE TO SURFACE BOUNDARY ( -10.05541718    ). WILL RECOMPUTE:
 MESSAGE (watershell2_main): LOCATION OF OUTER BULK BOUNDARY SET TO  -9.558832168     A FROM PROTEIN. CONTOUR VALUE IS  0.5201352157E-03
 MESSAGE (watershell2_main): LOCATION OF INNER BULK BOUNDARY SET TO  -9.058832168     A FROM PROTEIN. CONTOUR VALUE IS  0.1225059717E-02
 MESSAGE (watershell2_main): OUTER BULK BOUNDARY ( -9.558832168    ) IS TOO CLOSE TO SURFACE BOUNDARY ( -10.05383000    ). WILL RECOMPUTE:
 MESSAGE (watershell2_main): LOCATION OF OUTER BULK BOUNDARY SET TO  -9.557164778     A FROM PROTEIN. CONTOUR VALUE IS  0.5216737043E-03
 MESSAGE (watershell2_main): LOCATION OF INNER BULK BOUNDARY SET TO  -9.057164778     A FROM PROTEIN. CONTOUR VALUE IS  0.1228444951E-02
 MESSAGE (watershell2_main): OUTER BULK BOUNDARY ( -9.557164778    ) IS TOO CLOSE TO SURFACE BOUNDARY ( -10.05192570    ). WILL RECOMPUTE:
 MESSAGE (watershell2_main): LOCATION OF OUTER BULK BOUNDARY SET TO  -9.555418418     A FROM PROTEIN. CONTOUR VALUE IS  0.5232895737E-03
 MESSAGE (watershell2_main): LOCATION OF INNER BULK BOUNDARY SET TO  -9.055418418     A FROM PROTEIN. CONTOUR VALUE IS  0.1231999691E-02
 MESSAGE (watershell2_main): OUTER BULK BOUNDARY ( -9.555418418    ) IS TOO CLOSE TO SURFACE BOUNDARY ( -10.05034089    ). WILL RECOMPUTE:
 MESSAGE (watershell2_main): LOCATION OF OUTER BULK BOUNDARY SET TO  -9.553725909     A FROM PROTEIN. CONTOUR VALUE IS  0.5248600351E-03
 MESSAGE (watershell2_main): LOCATION OF INNER BULK BOUNDARY SET TO  -9.053725909     A FROM PROTEIN. CONTOUR VALUE IS  0.1235453796E-02
 MESSAGE (watershell2_main): OUTER BULK BOUNDARY ( -9.553725909    ) IS TOO CLOSE TO SURFACE BOUNDARY ( -10.04843980    ). WILL RECOMPUTE:
 MESSAGE (watershell2_main): LOCATION OF OUTER BULK BOUNDARY SET TO  -9.551963874     A FROM PROTEIN. CONTOUR VALUE IS  0.5264996435E-03
 MESSAGE (watershell2_main): LOCATION OF INNER BULK BOUNDARY SET TO  -9.051963874     A FROM PROTEIN. CONTOUR VALUE IS  0.1239059206E-02
 MESSAGE (watershell2_main): OUTER BULK BOUNDARY ( -9.551963874    ) IS TOO CLOSE TO SURFACE BOUNDARY ( -10.04685839    ). WILL RECOMPUTE:
 MESSAGE (watershell2_main): LOCATION OF OUTER BULK BOUNDARY SET TO  -9.550262047     A FROM PROTEIN. CONTOUR VALUE IS  0.5280877270E-03
 MESSAGE (watershell2_main): LOCATION OF INNER BULK BOUNDARY SET TO  -9.050262047     A FROM PROTEIN. CONTOUR VALUE IS  0.1242550559E-02
 MESSAGE (watershell2_main): OUTER BULK BOUNDARY ( -9.550262047    ) IS TOO CLOSE TO SURFACE BOUNDARY ( -10.04496205    ). WILL RECOMPUTE:
 MESSAGE (watershell2_main): LOCATION OF OUTER BULK BOUNDARY SET TO  -9.548495380     A FROM PROTEIN. CONTOUR VALUE IS  0.5297410056E-03
 MESSAGE (watershell2_main): LOCATION OF INNER BULK BOUNDARY SET TO  -9.048495380     A FROM PROTEIN. CONTOUR VALUE IS  0.1246184454E-02
 MESSAGE (watershell2_main): OUTER BULK BOUNDARY ( -9.548495380    ) IS TOO CLOSE TO SURFACE BOUNDARY ( -10.04338401    ). WILL RECOMPUTE:
 MESSAGE (watershell2_main): LOCATION OF OUTER BULK BOUNDARY SET TO  -9.546791589     A FROM PROTEIN. CONTOUR VALUE IS  0.5313399806E-03
 MESSAGE (watershell2_main): LOCATION OF INNER BULK BOUNDARY SET TO  -9.046791589     A FROM PROTEIN. CONTOUR VALUE IS  0.1249698227E-02
 MESSAGE (watershell2_main): OUTER BULK BOUNDARY ( -9.546791589    ) IS TOO CLOSE TO SURFACE BOUNDARY ( -10.04149166    ). WILL RECOMPUTE:
 MESSAGE (watershell2_main): LOCATION OF OUTER BULK BOUNDARY SET TO  -9.545024945     A FROM PROTEIN. CONTOUR VALUE IS  0.5330026576E-03
 MESSAGE (watershell2_main): LOCATION OF INNER BULK BOUNDARY SET TO  -9.045024945     A FROM PROTEIN. CONTOUR VALUE IS  0.1253351195E-02
 MESSAGE (watershell2_main): OUTER BULK BOUNDARY ( -9.545024945    ) IS TOO CLOSE TO SURFACE BOUNDARY ( -10.03991578    ). WILL RECOMPUTE:
 MESSAGE (watershell2_main): LOCATION OF OUTER BULK BOUNDARY SET TO  -9.543321891     A FROM PROTEIN. CONTOUR VALUE IS  0.5346100441E-03
 MESSAGE (watershell2_main): LOCATION OF INNER BULK BOUNDARY SET TO  -9.043321891     A FROM PROTEIN. CONTOUR VALUE IS  0.1256881921E-02
 MESSAGE (watershell2_main): OUTER BULK BOUNDARY ( -9.543321891    ) IS TOO CLOSE TO SURFACE BOUNDARY ( -10.03802585    ). WILL RECOMPUTE:
 MESSAGE (watershell2_main): LOCATION OF OUTER BULK BOUNDARY SET TO  -9.541556545     A FROM PROTEIN. CONTOUR VALUE IS  0.5362809568E-03
 MESSAGE (watershell2_main): LOCATION OF INNER BULK BOUNDARY SET TO  -9.041556545     A FROM PROTEIN. CONTOUR VALUE IS  0.1260551390E-02
 MESSAGE (watershell2_main): OUTER BULK BOUNDARY ( -9.541556545    ) IS TOO CLOSE TO SURFACE BOUNDARY ( -10.03645138    ). WILL RECOMPUTE:
 MESSAGE (watershell2_main): LOCATION OF OUTER BULK BOUNDARY SET TO  -9.539854824     A FROM PROTEIN. CONTOUR VALUE IS  0.5378962219E-03
 MESSAGE (watershell2_main): LOCATION OF INNER BULK BOUNDARY SET TO  -9.039854824     A FROM PROTEIN. CONTOUR VALUE IS  0.1264097884E-02
 MESSAGE (watershell2_main): OUTER BULK BOUNDARY ( -9.539854824    ) IS TOO CLOSE TO SURFACE BOUNDARY ( -10.03456294    ). WILL RECOMPUTE:
 MESSAGE (watershell2_main): LOCATION OF OUTER BULK BOUNDARY SET TO  -9.538090864     A FROM PROTEIN. CONTOUR VALUE IS  0.5395753157E-03
 MESSAGE (watershell2_main): LOCATION OF INNER BULK BOUNDARY SET TO  -9.038090864     A FROM PROTEIN. CONTOUR VALUE IS  0.1267783723E-02
 MESSAGE (watershell2_main): OUTER BULK BOUNDARY ( -9.538090864    ) IS TOO CLOSE TO SURFACE BOUNDARY ( -10.03298940    ). WILL RECOMPUTE:
 MESSAGE (watershell2_main): LOCATION OF OUTER BULK BOUNDARY SET TO  -9.536390375     A FROM PROTEIN. CONTOUR VALUE IS  0.5411985817E-03
 MESSAGE (watershell2_main): LOCATION OF INNER BULK BOUNDARY SET TO  -9.036390375     A FROM PROTEIN. CONTOUR VALUE IS  0.1271346240E-02
 MESSAGE (watershell2_main): OUTER BULK BOUNDARY ( -9.536390375    ) IS TOO CLOSE TO SURFACE BOUNDARY ( -10.03110312    ). WILL RECOMPUTE:
 MESSAGE (watershell2_main): LOCATION OF OUTER BULK BOUNDARY SET TO  -9.534627956     A FROM PROTEIN. CONTOUR VALUE IS  0.5428857330E-03
 MESSAGE (watershell2_main): LOCATION OF INNER BULK BOUNDARY SET TO  -9.034627956     A FROM PROTEIN. CONTOUR VALUE IS  0.1275048162E-02
 NONFATAL WARNING (watershell2_compute_density): DETECTED 1 POSSIBLE NEIGHBOR LIST MISS. NEIGHBOR LIST FACTOR IS   10.46580000
 MESSAGE (watershell2_main): OUTER BULK BOUNDARY ( -9.534627956    ) IS TOO CLOSE TO SURFACE BOUNDARY ( -10.02953148    ). WILL RECOMPUTE:
 MESSAGE (watershell2_main): LOCATION OF OUTER BULK BOUNDARY SET TO  -9.532929130     A FROM PROTEIN. CONTOUR VALUE IS  0.5445166128E-03
 MESSAGE (watershell2_main): LOCATION OF INNER BULK BOUNDARY SET TO  -9.032929130     A FROM PROTEIN. CONTOUR VALUE IS  0.1278625840E-02
 MESSAGE (watershell2_main): OUTER BULK BOUNDARY ( -9.532929130    ) IS TOO CLOSE TO SURFACE BOUNDARY ( -10.02764674    ). WILL RECOMPUTE:
 MESSAGE (watershell2_main): LOCATION OF OUTER BULK BOUNDARY SET TO  -9.531168335     A FROM PROTEIN. CONTOUR VALUE IS  0.5462117655E-03
 MESSAGE (watershell2_main): LOCATION OF INNER BULK BOUNDARY SET TO  -9.031168335     A FROM PROTEIN. CONTOUR VALUE IS  0.1282343710E-02
 MESSAGE (watershell2_main): OUTER BULK BOUNDARY ( -9.531168335    ) IS TOO CLOSE TO SURFACE BOUNDARY ( -10.02607639    ). WILL RECOMPUTE:
 MESSAGE (watershell2_main): LOCATION OF OUTER BULK BOUNDARY SET TO  -9.529471018     A FROM PROTEIN. CONTOUR VALUE IS  0.5478504266E-03
 MESSAGE (watershell2_main): LOCATION OF INNER BULK BOUNDARY SET TO  -9.029471018     A FROM PROTEIN. CONTOUR VALUE IS  0.1285936904E-02
 MESSAGE (watershell2_main): OUTER BULK BOUNDARY ( -9.529471018    ) IS TOO CLOSE TO SURFACE BOUNDARY ( -10.02419240    ). WILL RECOMPUTE:
 MESSAGE (watershell2_main): LOCATION OF OUTER BULK BOUNDARY SET TO  -9.527711480     A FROM PROTEIN. CONTOUR VALUE IS  0.5495539591E-03
 MESSAGE (watershell2_main): LOCATION OF INNER BULK BOUNDARY SET TO  -9.027711480     A FROM PROTEIN. CONTOUR VALUE IS  0.1289671539E-02
 MESSAGE (watershell2_main): OUTER BULK BOUNDARY ( -9.527711480    ) IS TOO CLOSE TO SURFACE BOUNDARY ( -10.02262251    ). WILL RECOMPUTE:
 MESSAGE (watershell2_main): LOCATION OF OUTER BULK BOUNDARY SET TO  -9.526015156     A FROM PROTEIN. CONTOUR VALUE IS  0.5512009282E-03
 MESSAGE (watershell2_main): LOCATION OF INNER BULK BOUNDARY SET TO  -9.026015156     A FROM PROTEIN. CONTOUR VALUE IS  0.1293281390E-02
 MESSAGE (watershell2_main): OUTER BULK BOUNDARY ( -9.526015156    ) IS TOO CLOSE TO SURFACE BOUNDARY ( -10.02073870    ). WILL RECOMPUTE:
 MESSAGE (watershell2_main): LOCATION OF OUTER BULK BOUNDARY SET TO  -9.524256339     A FROM PROTEIN. CONTOUR VALUE IS  0.5529133933E-03
 MESSAGE (watershell2_main): LOCATION OF INNER BULK BOUNDARY SET TO  -9.024256339     A FROM PROTEIN. CONTOUR VALUE IS  0.1297033985E-02
 MESSAGE (watershell2_main): OUTER BULK BOUNDARY ( -9.524256339    ) IS TOO CLOSE TO SURFACE BOUNDARY ( -10.01917018    ). WILL RECOMPUTE:
 MESSAGE (watershell2_main): LOCATION OF OUTER BULK BOUNDARY SET TO  -9.522560954     A FROM PROTEIN. CONTOUR VALUE IS  0.5545687547E-03
 MESSAGE (watershell2_main): LOCATION OF INNER BULK BOUNDARY SET TO  -9.022560954     A FROM PROTEIN. CONTOUR VALUE IS  0.1300660664E-02
 MESSAGE (watershell2_main): OUTER BULK BOUNDARY ( -9.522560954    ) IS TOO CLOSE TO SURFACE BOUNDARY ( -10.01728836    ). WILL RECOMPUTE:
 MESSAGE (watershell2_main): LOCATION OF OUTER BULK BOUNDARY SET TO  -9.520803421     A FROM PROTEIN. CONTOUR VALUE IS  0.5562896354E-03
 MESSAGE (watershell2_main): LOCATION OF INNER BULK BOUNDARY SET TO  -9.020803421     A FROM PROTEIN. CONTOUR VALUE IS  0.1304430073E-02
 MESSAGE (watershell2_main): OUTER BULK BOUNDARY ( -9.520803421    ) IS TOO CLOSE TO SURFACE BOUNDARY ( -10.01572202    ). WILL RECOMPUTE:
 MESSAGE (watershell2_main): LOCATION OF OUTER BULK BOUNDARY SET TO  -9.519109622     A FROM PROTEIN. CONTOUR VALUE IS  0.5579527840E-03
 MESSAGE (watershell2_main): LOCATION OF INNER BULK BOUNDARY SET TO  -9.019109622     A FROM PROTEIN. CONTOUR VALUE IS  0.1308072240E-02
 MESSAGE (watershell2_main): OUTER BULK BOUNDARY ( -9.519109622    ) IS TOO CLOSE TO SURFACE BOUNDARY ( -10.01384273    ). WILL RECOMPUTE:
 MESSAGE (watershell2_main): LOCATION OF OUTER BULK BOUNDARY SET TO  -9.517353993     A FROM PROTEIN. CONTOUR VALUE IS  0.5596814974E-03
 MESSAGE (watershell2_main): LOCATION OF INNER BULK BOUNDARY SET TO  -9.017353993     A FROM PROTEIN. CONTOUR VALUE IS  0.1311857173E-02
 MESSAGE (watershell2_main): OUTER BULK BOUNDARY ( -9.517353993    ) IS TOO CLOSE TO SURFACE BOUNDARY ( -10.01227794    ). WILL RECOMPUTE:
 MESSAGE (watershell2_main): LOCATION OF OUTER BULK BOUNDARY SET TO  -9.515661975     A FROM PROTEIN. CONTOUR VALUE IS  0.5613522619E-03
 MESSAGE (watershell2_main): LOCATION OF INNER BULK BOUNDARY SET TO  -9.015661975     A FROM PROTEIN. CONTOUR VALUE IS  0.1315514441E-02
 MESSAGE (watershell2_main): OUTER BULK BOUNDARY ( -9.515661975    ) IS TOO CLOSE TO SURFACE BOUNDARY ( -10.01040075    ). WILL RECOMPUTE:
 MESSAGE (watershell2_main): LOCATION OF OUTER BULK BOUNDARY SET TO  -9.513908233     A FROM PROTEIN. CONTOUR VALUE IS  0.5630888418E-03
 MESSAGE (watershell2_main): LOCATION OF INNER BULK BOUNDARY SET TO  -9.013908233     A FROM PROTEIN. CONTOUR VALUE IS  0.1319314959E-02
 MESSAGE (watershell2_main): OUTER BULK BOUNDARY ( -9.513908233    ) IS TOO CLOSE TO SURFACE BOUNDARY ( -10.00883737    ). WILL RECOMPUTE:
 MESSAGE (watershell2_main): LOCATION OF OUTER BULK BOUNDARY SET TO  -9.512217947     A FROM PROTEIN. CONTOUR VALUE IS  0.5647672885E-03
 MESSAGE (watershell2_main): LOCATION OF INNER BULK BOUNDARY SET TO  -9.012217947     A FROM PROTEIN. CONTOUR VALUE IS  0.1322987461E-02
 MESSAGE (watershell2_main): OUTER BULK BOUNDARY ( -9.512217947    ) IS TOO CLOSE TO SURFACE BOUNDARY ( -10.00696162    ). WILL RECOMPUTE:
 MESSAGE (watershell2_main): LOCATION OF OUTER BULK BOUNDARY SET TO  -9.510465837     A FROM PROTEIN. CONTOUR VALUE IS  0.5665120086E-03
 MESSAGE (watershell2_main): LOCATION OF INNER BULK BOUNDARY SET TO  -9.010465837     A FROM PROTEIN. CONTOUR VALUE IS  0.1326804151E-02
 MESSAGE (watershell2_main): OUTER BULK BOUNDARY ( -9.510465837    ) IS TOO CLOSE TO SURFACE BOUNDARY ( -10.00539873    ). WILL RECOMPUTE:
 MESSAGE (watershell2_main): LOCATION OF OUTER BULK BOUNDARY SET TO  -9.508776802     A FROM PROTEIN. CONTOUR VALUE IS  0.5681986372E-03
 MESSAGE (watershell2_main): LOCATION OF INNER BULK BOUNDARY SET TO  -9.008776802     A FROM PROTEIN. CONTOUR VALUE IS  0.1330492968E-02
 MESSAGE (watershell2_main): OUTER BULK BOUNDARY ( -9.508776802    ) IS TOO CLOSE TO SURFACE BOUNDARY ( -10.00352363    ). WILL RECOMPUTE:
 MESSAGE (watershell2_main): LOCATION OF OUTER BULK BOUNDARY SET TO  -9.507025746     A FROM PROTEIN. CONTOUR VALUE IS  0.5699520999E-03
 MESSAGE (watershell2_main): LOCATION OF INNER BULK BOUNDARY SET TO  -9.007025746     A FROM PROTEIN. CONTOUR VALUE IS  0.1334327132E-02
 MESSAGE (watershell2_main): OUTER BULK BOUNDARY ( -9.507025746    ) IS TOO CLOSE TO SURFACE BOUNDARY ( -10.00196120    ). WILL RECOMPUTE:
 MESSAGE (watershell2_main): LOCATION OF OUTER BULK BOUNDARY SET TO  -9.505337565     A FROM PROTEIN. CONTOUR VALUE IS  0.5716473371E-03
 MESSAGE (watershell2_main): LOCATION OF INNER BULK BOUNDARY SET TO  -9.005337565     A FROM PROTEIN. CONTOUR VALUE IS  0.1338033183E-02
 NONFATAL WARNING (watershell2_compute_density): DETECTED 1 POSSIBLE NEIGHBOR LIST MISS. NEIGHBOR LIST FACTOR IS   10.56360000
 MESSAGE (watershell2_main): OUTER BULK BOUNDARY ( -9.505337565    ) IS TOO CLOSE TO SURFACE BOUNDARY ( -10.00008919    ). WILL RECOMPUTE:
 MESSAGE (watershell2_main): LOCATION OF OUTER BULK BOUNDARY SET TO  -9.503588106     A FROM PROTEIN. CONTOUR VALUE IS  0.5734090275E-03
 MESSAGE (watershell2_main): LOCATION OF INNER BULK BOUNDARY SET TO  -9.003588106     A FROM PROTEIN. CONTOUR VALUE IS  0.1341883683E-02
 MESSAGE (watershell2_main): OUTER BULK BOUNDARY ( -9.503588106    ) IS TOO CLOSE TO SURFACE BOUNDARY ( -9.998529657    ). WILL RECOMPUTE:
 MESSAGE (watershell2_main): LOCATION OF OUTER BULK BOUNDARY SET TO  -9.501901956     A FROM PROTEIN. CONTOUR VALUE IS  0.5751117152E-03
 MESSAGE (watershell2_main): LOCATION OF INNER BULK BOUNDARY SET TO  -9.001901956     A FROM PROTEIN. CONTOUR VALUE IS  0.1345604422E-02
 NONFATAL WARNING (watershell2_compute_density): DETECTED 1 POSSIBLE NEIGHBOR LIST MISS. NEIGHBOR LIST FACTOR IS   10.66340000
 MESSAGE (watershell2_main): OUTER BULK BOUNDARY ( -9.501901956    ) IS TOO CLOSE TO SURFACE BOUNDARY ( -9.996660206    ). WILL RECOMPUTE:
 MESSAGE (watershell2_main): LOCATION OF OUTER BULK BOUNDARY SET TO  -9.500154706     A FROM PROTEIN. CONTOUR VALUE IS  0.5768810339E-03
 MESSAGE (watershell2_main): LOCATION OF INNER BULK BOUNDARY SET TO  -9.000154706     A FROM PROTEIN. CONTOUR VALUE IS  0.1349469935E-02
 MESSAGE (watershell2_main): OUTER BULK BOUNDARY ( -9.500154706    ) IS TOO CLOSE TO SURFACE BOUNDARY ( -9.995102803    ). WILL RECOMPUTE:
 MESSAGE (watershell2_main): LOCATION OF OUTER BULK BOUNDARY SET TO  -9.498470739     A FROM PROTEIN. CONTOUR VALUE IS  0.5785910323E-03
 MESSAGE (watershell2_main): LOCATION OF INNER BULK BOUNDARY SET TO  -8.998470739     A FROM PROTEIN. CONTOUR VALUE IS  0.1353205046E-02
 MESSAGE (watershell2_main): OUTER BULK BOUNDARY ( -9.498470739    ) IS TOO CLOSE TO SURFACE BOUNDARY ( -9.993236193    ). WILL RECOMPUTE:
 MESSAGE (watershell2_main): LOCATION OF OUTER BULK BOUNDARY SET TO  -9.496725890     A FROM PROTEIN. CONTOUR VALUE IS  0.5803677953E-03
 MESSAGE (watershell2_main): LOCATION OF INNER BULK BOUNDARY SET TO  -8.996725890     A FROM PROTEIN. CONTOUR VALUE IS  0.1357085158E-02
 MESSAGE (watershell2_main): OUTER BULK BOUNDARY ( -9.496725890    ) IS TOO CLOSE TO SURFACE BOUNDARY ( -9.991681205    ). WILL RECOMPUTE:
 MESSAGE (watershell2_main): LOCATION OF OUTER BULK BOUNDARY SET TO  -9.495044328     A FROM PROTEIN. CONTOUR VALUE IS  0.5820848857E-03
 MESSAGE (watershell2_main): LOCATION OF INNER BULK BOUNDARY SET TO  -8.995044328     A FROM PROTEIN. CONTOUR VALUE IS  0.1360834154E-02
 MESSAGE (watershell2_main): OUTER BULK BOUNDARY ( -9.495044328    ) IS TOO CLOSE TO SURFACE BOUNDARY ( -9.989816158    ). WILL RECOMPUTE:
 MESSAGE (watershell2_main): LOCATION OF OUTER BULK BOUNDARY SET TO  -9.493301605     A FROM PROTEIN. CONTOUR VALUE IS  0.5838693854E-03
 MESSAGE (watershell2_main): LOCATION OF INNER BULK BOUNDARY SET TO  -8.993301605     A FROM PROTEIN. CONTOUR VALUE IS  0.1364729493E-02
 MESSAGE (watershell2_main): OUTER BULK BOUNDARY ( -9.493301605    ) IS TOO CLOSE TO SURFACE BOUNDARY ( -9.988262382    ). WILL RECOMPUTE:
 MESSAGE (watershell2_main): LOCATION OF OUTER BULK BOUNDARY SET TO  -9.491621864     A FROM PROTEIN. CONTOUR VALUE IS  0.5855941779E-03
 MESSAGE (watershell2_main): LOCATION OF INNER BULK BOUNDARY SET TO  -8.991621864     A FROM PROTEIN. CONTOUR VALUE IS  0.1368493693E-02
 MESSAGE (watershell2_main): OUTER BULK BOUNDARY ( -9.491621864    ) IS TOO CLOSE TO SURFACE BOUNDARY ( -9.986398196    ). WILL RECOMPUTE:
 MESSAGE (watershell2_main): LOCATION OF OUTER BULK BOUNDARY SET TO  -9.489880641     A FROM PROTEIN. CONTOUR VALUE IS  0.5873870718E-03
 MESSAGE (watershell2_main): LOCATION OF INNER BULK BOUNDARY SET TO  -8.989880641     A FROM PROTEIN. CONTOUR VALUE IS  0.1372405681E-02
 MESSAGE (watershell2_main): OUTER BULK BOUNDARY ( -9.489880641    ) IS TOO CLOSE TO SURFACE BOUNDARY ( -9.984846171    ). WILL RECOMPUTE:
 MESSAGE (watershell2_main): LOCATION OF OUTER BULK BOUNDARY SET TO  -9.488202484     A FROM PROTEIN. CONTOUR VALUE IS  0.5891198292E-03
 MESSAGE (watershell2_main): LOCATION OF INNER BULK BOUNDARY SET TO  -8.988202484     A FROM PROTEIN. CONTOUR VALUE IS  0.1376185647E-02
 MESSAGE (watershell2_main): OUTER BULK BOUNDARY ( -9.488202484    ) IS TOO CLOSE TO SURFACE BOUNDARY ( -9.982984178    ). WILL RECOMPUTE:
 MESSAGE (watershell2_main): LOCATION OF OUTER BULK BOUNDARY SET TO  -9.486463049     A FROM PROTEIN. CONTOUR VALUE IS  0.5909208447E-03
 MESSAGE (watershell2_main): LOCATION OF INNER BULK BOUNDARY SET TO  -8.986463049     A FROM PROTEIN. CONTOUR VALUE IS  0.1380113677E-02
 MESSAGE (watershell2_main): OUTER BULK BOUNDARY ( -9.486463049    ) IS TOO CLOSE TO SURFACE BOUNDARY ( -9.981433630    ). WILL RECOMPUTE:
 MESSAGE (watershell2_main): LOCATION OF OUTER BULK BOUNDARY SET TO  -9.484786576     A FROM PROTEIN. CONTOUR VALUE IS  0.5926614839E-03
 MESSAGE (watershell2_main): LOCATION OF INNER BULK BOUNDARY SET TO  -8.984786576     A FROM PROTEIN. CONTOUR VALUE IS  0.1383909215E-02
 MESSAGE (watershell2_main): OUTER BULK BOUNDARY ( -9.484786576    ) IS TOO CLOSE TO SURFACE BOUNDARY ( -9.979572929    ). WILL RECOMPUTE:
 MESSAGE (watershell2_main): LOCATION OF OUTER BULK BOUNDARY SET TO  -9.483048694     A FROM PROTEIN. CONTOUR VALUE IS  0.5944708842E-03
 MESSAGE (watershell2_main): LOCATION OF INNER BULK BOUNDARY SET TO  -8.983048694     A FROM PROTEIN. CONTOUR VALUE IS  0.1387853848E-02
 MESSAGE (watershell2_main): OUTER BULK BOUNDARY ( -9.483048694    ) IS TOO CLOSE TO SURFACE BOUNDARY ( -9.978022171    ). WILL RECOMPUTE:
 MESSAGE (watershell2_main): LOCATION OF OUTER BULK BOUNDARY SET TO  -9.481373186     A FROM PROTEIN. CONTOUR VALUE IS  0.5962201758E-03
 MESSAGE (watershell2_main): LOCATION OF INNER BULK BOUNDARY SET TO  -8.981373186     A FROM PROTEIN. CONTOUR VALUE IS  0.1391666625E-02
 MESSAGE (watershell2_main): OUTER BULK BOUNDARY ( -9.481373186    ) IS TOO CLOSE TO SURFACE BOUNDARY ( -9.976162012    ). WILL RECOMPUTE:
 MESSAGE (watershell2_main): LOCATION OF OUTER BULK BOUNDARY SET TO  -9.479636128     A FROM PROTEIN. CONTOUR VALUE IS  0.5980387503E-03
 MESSAGE (watershell2_main): LOCATION OF INNER BULK BOUNDARY SET TO  -8.979636128     A FROM PROTEIN. CONTOUR VALUE IS  0.1395629566E-02
 MESSAGE (watershell2_main): OUTER BULK BOUNDARY ( -9.479636128    ) IS TOO CLOSE TO SURFACE BOUNDARY ( -9.974613130    ). WILL RECOMPUTE:
 MESSAGE (watershell2_main): LOCATION OF OUTER BULK BOUNDARY SET TO  -9.477961795     A FROM PROTEIN. CONTOUR VALUE IS  0.5997965067E-03
 MESSAGE (watershell2_main): LOCATION OF INNER BULK BOUNDARY SET TO  -8.977961795     A FROM PROTEIN. CONTOUR VALUE IS  0.1399459159E-02
 MESSAGE (watershell2_main): OUTER BULK BOUNDARY ( -9.477961795    ) IS TOO CLOSE TO SURFACE BOUNDARY ( -9.972757588    ). WILL RECOMPUTE:
 MESSAGE (watershell2_main): LOCATION OF OUTER BULK BOUNDARY SET TO  -9.476227060     A FROM PROTEIN. CONTOUR VALUE IS  0.6016227107E-03
 MESSAGE (watershell2_main): LOCATION OF INNER BULK BOUNDARY SET TO  -8.976227060     A FROM PROTEIN. CONTOUR VALUE IS  0.1403437030E-02
 MESSAGE (watershell2_main): OUTER BULK BOUNDARY ( -9.476227060    ) IS TOO CLOSE TO SURFACE BOUNDARY ( -9.971213901    ). WILL RECOMPUTE:
 MESSAGE (watershell2_main): LOCATION OF OUTER BULK BOUNDARY SET TO  -9.474556007     A FROM PROTEIN. CONTOUR VALUE IS  0.6033867317E-03
 MESSAGE (watershell2_main): LOCATION OF INNER BULK BOUNDARY SET TO  -8.974556007     A FROM PROTEIN. CONTOUR VALUE IS  0.1407278634E-02
 MESSAGE (watershell2_main): OUTER BULK BOUNDARY ( -9.474556007    ) IS TOO CLOSE TO SURFACE BOUNDARY ( -9.969362930    ). WILL RECOMPUTE:
 MESSAGE (watershell2_main): LOCATION OF OUTER BULK BOUNDARY SET TO  -9.472824981     A FROM PROTEIN. CONTOUR VALUE IS  0.6052191007E-03
 MESSAGE (watershell2_main): LOCATION OF INNER BULK BOUNDARY SET TO  -8.972824981     A FROM PROTEIN. CONTOUR VALUE IS  0.1411268235E-02
 MESSAGE (watershell2_main): OUTER BULK BOUNDARY ( -9.472824981    ) IS TOO CLOSE TO SURFACE BOUNDARY ( -9.967821061    ). WILL RECOMPUTE:
 MESSAGE (watershell2_main): LOCATION OF OUTER BULK BOUNDARY SET TO  -9.471157008     A FROM PROTEIN. CONTOUR VALUE IS  0.6069895894E-03
 MESSAGE (watershell2_main): LOCATION OF INNER BULK BOUNDARY SET TO  -8.971157008     A FROM PROTEIN. CONTOUR VALUE IS  0.1415122286E-02
 MESSAGE (watershell2_main): OUTER BULK BOUNDARY ( -9.471157008    ) IS TOO CLOSE TO SURFACE BOUNDARY ( -9.965971245    ). WILL RECOMPUTE:
 MESSAGE (watershell2_main): LOCATION OF OUTER BULK BOUNDARY SET TO  -9.469428420     A FROM PROTEIN. CONTOUR VALUE IS  0.6088294667E-03
 MESSAGE (watershell2_main): LOCATION OF INNER BULK BOUNDARY SET TO  -8.969428420     A FROM PROTEIN. CONTOUR VALUE IS  0.1419126533E-02
 MESSAGE (watershell2_main): OUTER BULK BOUNDARY ( -9.469428420    ) IS TOO CLOSE TO SURFACE BOUNDARY ( -9.964122068    ). WILL RECOMPUTE:
 MESSAGE (watershell2_main): LOCATION OF OUTER BULK BOUNDARY SET TO  -9.467659636     A FROM PROTEIN. CONTOUR VALUE IS  0.6107174610E-03
 MESSAGE (watershell2_main): LOCATION OF INNER BULK BOUNDARY SET TO  -8.967659636     A FROM PROTEIN. CONTOUR VALUE IS  0.1423234602E-02
 MESSAGE (watershell2_main): OUTER BULK BOUNDARY ( -9.467659636    ) IS TOO CLOSE TO SURFACE BOUNDARY ( -9.962583399    ). WILL RECOMPUTE:
 MESSAGE (watershell2_main): LOCATION OF OUTER BULK BOUNDARY SET TO  -9.465967557     A FROM PROTEIN. CONTOUR VALUE IS  0.6125286422E-03
 MESSAGE (watershell2_main): LOCATION OF INNER BULK BOUNDARY SET TO  -8.965967557     A FROM PROTEIN. CONTOUR VALUE IS  0.1427174681E-02
 MESSAGE (watershell2_main): OUTER BULK BOUNDARY ( -9.465967557    ) IS TOO CLOSE TO SURFACE BOUNDARY ( -9.960738384    ). WILL RECOMPUTE:
 MESSAGE (watershell2_main): LOCATION OF OUTER BULK BOUNDARY SET TO  -9.464224499     A FROM PROTEIN. CONTOUR VALUE IS  0.6143995784E-03
 MESSAGE (watershell2_main): LOCATION OF INNER BULK BOUNDARY SET TO  -8.964224499     A FROM PROTEIN. CONTOUR VALUE IS  0.1431243879E-02
 MESSAGE (watershell2_main): OUTER BULK BOUNDARY ( -9.464224499    ) IS TOO CLOSE TO SURFACE BOUNDARY ( -9.959203186    ). WILL RECOMPUTE:
 MESSAGE (watershell2_main): LOCATION OF OUTER BULK BOUNDARY SET TO  -9.462550728     A FROM PROTEIN. CONTOUR VALUE IS  0.6162011126E-03
 MESSAGE (watershell2_main): LOCATION OF INNER BULK BOUNDARY SET TO  -8.962550728     A FROM PROTEIN. CONTOUR VALUE IS  0.1435161293E-02
 MESSAGE (watershell2_main): OUTER BULK BOUNDARY ( -9.462550728    ) IS TOO CLOSE TO SURFACE BOUNDARY ( -9.957361907    ). WILL RECOMPUTE:
 MESSAGE (watershell2_main): LOCATION OF OUTER BULK BOUNDARY SET TO  -9.460821121     A FROM PROTEIN. CONTOUR VALUE IS  0.6180678707E-03
 MESSAGE (watershell2_main): LOCATION OF INNER BULK BOUNDARY SET TO  -8.960821121     A FROM PROTEIN. CONTOUR VALUE IS  0.1439219673E-02
 MESSAGE (watershell2_main): OUTER BULK BOUNDARY ( -9.460821121    ) IS TOO CLOSE TO SURFACE BOUNDARY ( -9.955521588    ). WILL RECOMPUTE:
 MESSAGE (watershell2_main): LOCATION OF OUTER BULK BOUNDARY SET TO  -9.459054610     A FROM PROTEIN. CONTOUR VALUE IS  0.6199798509E-03
 MESSAGE (watershell2_main): LOCATION OF INNER BULK BOUNDARY SET TO  -8.959054610     A FROM PROTEIN. CONTOUR VALUE IS  0.1443375458E-02
 MESSAGE (watershell2_main): OUTER BULK BOUNDARY ( -9.459054610    ) IS TOO CLOSE TO SURFACE BOUNDARY ( -9.953989029    ). WILL RECOMPUTE:
 MESSAGE (watershell2_main): LOCATION OF OUTER BULK BOUNDARY SET TO  -9.457366083     A FROM PROTEIN. CONTOUR VALUE IS  0.6218125312E-03
 MESSAGE (watershell2_main): LOCATION OF INNER BULK BOUNDARY SET TO  -8.957366083     A FROM PROTEIN. CONTOUR VALUE IS  0.1447358020E-02
 MESSAGE (watershell2_main): OUTER BULK BOUNDARY ( -9.457366083    ) IS TOO CLOSE TO SURFACE BOUNDARY ( -9.952150270    ). WILL RECOMPUTE:
 MESSAGE (watershell2_main): LOCATION OF OUTER BULK BOUNDARY SET TO  -9.455627479     A FROM PROTEIN. CONTOUR VALUE IS  0.6237047921E-03
 MESSAGE (watershell2_main): LOCATION OF INNER BULK BOUNDARY SET TO  -8.955627479     A FROM PROTEIN. CONTOUR VALUE IS  0.1451469175E-02
 MESSAGE (watershell2_main): OUTER BULK BOUNDARY ( -9.455627479    ) IS TOO CLOSE TO SURFACE BOUNDARY ( -9.950620028    ). WILL RECOMPUTE:
 MESSAGE (watershell2_main): LOCATION OF OUTER BULK BOUNDARY SET TO  -9.453958329     A FROM PROTEIN. CONTOUR VALUE IS  0.6255264639E-03
 MESSAGE (watershell2_main): LOCATION OF INNER BULK BOUNDARY SET TO  -8.953958329     A FROM PROTEIN. CONTOUR VALUE IS  0.1455426123E-02
 MESSAGE (watershell2_main): OUTER BULK BOUNDARY ( -9.453958329    ) IS TOO CLOSE TO SURFACE BOUNDARY ( -9.948784152    ). WILL RECOMPUTE:
 MESSAGE (watershell2_main): LOCATION OF OUTER BULK BOUNDARY SET TO  -9.452233603     A FROM PROTEIN. CONTOUR VALUE IS  0.6274139512E-03
 MESSAGE (watershell2_main): LOCATION OF INNER BULK BOUNDARY SET TO  -8.952233603     A FROM PROTEIN. CONTOUR VALUE IS  0.1459525163E-02
 MESSAGE (watershell2_main): OUTER BULK BOUNDARY ( -9.452233603    ) IS TOO CLOSE TO SURFACE BOUNDARY ( -9.946950343    ). WILL RECOMPUTE:
 MESSAGE (watershell2_main): LOCATION OF OUTER BULK BOUNDARY SET TO  -9.450472516     A FROM PROTEIN. CONTOUR VALUE IS  0.6293466576E-03
 MESSAGE (watershell2_main): LOCATION OF INNER BULK BOUNDARY SET TO  -8.950472516     A FROM PROTEIN. CONTOUR VALUE IS  0.1463721490E-02
 MESSAGE (watershell2_main): OUTER BULK BOUNDARY ( -9.450472516    ) IS TOO CLOSE TO SURFACE BOUNDARY ( -9.945423091    ). WILL RECOMPUTE:
 MESSAGE (watershell2_main): LOCATION OF OUTER BULK BOUNDARY SET TO  -9.448789375     A FROM PROTEIN. CONTOUR VALUE IS  0.6311989611E-03
 MESSAGE (watershell2_main): LOCATION OF INNER BULK BOUNDARY SET TO  -8.948789375     A FROM PROTEIN. CONTOUR VALUE IS  0.1467742379E-02
 MESSAGE (watershell2_main): OUTER BULK BOUNDARY ( -9.448789375    ) IS TOO CLOSE TO SURFACE BOUNDARY ( -9.943592047    ). WILL RECOMPUTE:
 MESSAGE (watershell2_main): LOCATION OF OUTER BULK BOUNDARY SET TO  -9.447056932     A FROM PROTEIN. CONTOUR VALUE IS  0.6331107777E-03
 MESSAGE (watershell2_main): LOCATION OF INNER BULK BOUNDARY SET TO  -8.947056932     A FROM PROTEIN. CONTOUR VALUE IS  0.1471891570E-02
 MESSAGE (watershell2_main): OUTER BULK BOUNDARY ( -9.447056932    ) IS TOO CLOSE TO SURFACE BOUNDARY ( -9.941762357    ). WILL RECOMPUTE:
 MESSAGE (watershell2_main): LOCATION OF OUTER BULK BOUNDARY SET TO  -9.445292074     A FROM PROTEIN. CONTOUR VALUE IS  0.6350638641E-03
 MESSAGE (watershell2_main): LOCATION OF INNER BULK BOUNDARY SET TO  -8.945292074     A FROM PROTEIN. CONTOUR VALUE IS  0.1476129402E-02
 MESSAGE (watershell2_main): OUTER BULK BOUNDARY ( -9.445292074    ) IS TOO CLOSE TO SURFACE BOUNDARY ( -9.940238179    ). WILL RECOMPUTE:
 MESSAGE (watershell2_main): LOCATION OF OUTER BULK BOUNDARY SET TO  -9.443607442     A FROM PROTEIN. CONTOUR VALUE IS  0.6369333562E-03
 MESSAGE (watershell2_main): LOCATION OF INNER BULK BOUNDARY SET TO  -8.943607442     A FROM PROTEIN. CONTOUR VALUE IS  0.1480184975E-02
 MESSAGE (watershell2_main): OUTER BULK BOUNDARY ( -9.443607442    ) IS TOO CLOSE TO SURFACE BOUNDARY ( -9.938410824    ). WILL RECOMPUTE:
 MESSAGE (watershell2_main): LOCATION OF OUTER BULK BOUNDARY SET TO  -9.441875236     A FROM PROTEIN. CONTOUR VALUE IS  0.6388609418E-03
 MESSAGE (watershell2_main): LOCATION OF INNER BULK BOUNDARY SET TO  -8.941875236     A FROM PROTEIN. CONTOUR VALUE IS  0.1484365679E-02
 MESSAGE (watershell2_main): OUTER BULK BOUNDARY ( -9.441875236    ) IS TOO CLOSE TO SURFACE BOUNDARY ( -9.936584668    ). WILL RECOMPUTE:
 MESSAGE (watershell2_main): LOCATION OF OUTER BULK BOUNDARY SET TO  -9.440111714     A FROM PROTEIN. CONTOUR VALUE IS  0.6408289088E-03
 MESSAGE (watershell2_main): LOCATION OF INNER BULK BOUNDARY SET TO  -8.940111714     A FROM PROTEIN. CONTOUR VALUE IS  0.1488633033E-02
 MESSAGE (watershell2_main): OUTER BULK BOUNDARY ( -9.440111714    ) IS TOO CLOSE TO SURFACE BOUNDARY ( -9.935066488    ). WILL RECOMPUTE:
 MESSAGE (watershell2_main): LOCATION OF OUTER BULK BOUNDARY SET TO  -9.438429972     A FROM PROTEIN. CONTOUR VALUE IS  0.6427108273E-03
 MESSAGE (watershell2_main): LOCATION OF INNER BULK BOUNDARY SET TO  -8.938429972     A FROM PROTEIN. CONTOUR VALUE IS  0.1492712920E-02
 MESSAGE (watershell2_main): OUTER BULK BOUNDARY ( -9.438429972    ) IS TOO CLOSE TO SURFACE BOUNDARY ( -9.933245199    ). WILL RECOMPUTE:
 MESSAGE (watershell2_main): LOCATION OF OUTER BULK BOUNDARY SET TO  -9.436701714     A FROM PROTEIN. CONTOUR VALUE IS  0.6446501141E-03
 MESSAGE (watershell2_main): LOCATION OF INNER BULK BOUNDARY SET TO  -8.936701714     A FROM PROTEIN. CONTOUR VALUE IS  0.1496916281E-02
 MESSAGE (watershell2_main): OUTER BULK BOUNDARY ( -9.436701714    ) IS TOO CLOSE TO SURFACE BOUNDARY ( -9.931424964    ). WILL RECOMPUTE:
 MESSAGE (watershell2_main): LOCATION OF OUTER BULK BOUNDARY SET TO  -9.434942797     A FROM PROTEIN. CONTOUR VALUE IS  0.6466293502E-03
 MESSAGE (watershell2_main): LOCATION OF INNER BULK BOUNDARY SET TO  -8.934942797     A FROM PROTEIN. CONTOUR VALUE IS  0.1501205297E-02
 MESSAGE (watershell2_main): OUTER BULK BOUNDARY ( -9.434942797    ) IS TOO CLOSE TO SURFACE BOUNDARY ( -9.929908924    ). WILL RECOMPUTE:
 MESSAGE (watershell2_main): LOCATION OF OUTER BULK BOUNDARY SET TO  -9.433264839     A FROM PROTEIN. CONTOUR VALUE IS  0.6485227142E-03
 MESSAGE (watershell2_main): LOCATION OF INNER BULK BOUNDARY SET TO  -8.933264839     A FROM PROTEIN. CONTOUR VALUE IS  0.1505307345E-02
 MESSAGE (watershell2_main): OUTER BULK BOUNDARY ( -9.433264839    ) IS TOO CLOSE TO SURFACE BOUNDARY ( -9.928090334    ). WILL RECOMPUTE:
 MESSAGE (watershell2_main): LOCATION OF OUTER BULK BOUNDARY SET TO  -9.431540004     A FROM PROTEIN. CONTOUR VALUE IS  0.6504743070E-03
 MESSAGE (watershell2_main): LOCATION OF INNER BULK BOUNDARY SET TO  -8.931540004     A FROM PROTEIN. CONTOUR VALUE IS  0.1509534649E-02
 MESSAGE (watershell2_main): OUTER BULK BOUNDARY ( -9.431540004    ) IS TOO CLOSE TO SURFACE BOUNDARY ( -9.926275205    ). WILL RECOMPUTE:
 MESSAGE (watershell2_main): LOCATION OF OUTER BULK BOUNDARY SET TO  -9.429785071     A FROM PROTEIN. CONTOUR VALUE IS  0.6524655186E-03
 MESSAGE (watershell2_main): LOCATION OF INNER BULK BOUNDARY SET TO  -8.929785071     A FROM PROTEIN. CONTOUR VALUE IS  0.1513846832E-02
 MESSAGE (watershell2_main): OUTER BULK BOUNDARY ( -9.429785071    ) IS TOO CLOSE TO SURFACE BOUNDARY ( -9.924763173    ). WILL RECOMPUTE:
 MESSAGE (watershell2_main): LOCATION OF OUTER BULK BOUNDARY SET TO  -9.428111105     A FROM PROTEIN. CONTOUR VALUE IS  0.6543701041E-03
 MESSAGE (watershell2_main): LOCATION OF INNER BULK BOUNDARY SET TO  -8.928111105     A FROM PROTEIN. CONTOUR VALUE IS  0.1517970533E-02
 MESSAGE (watershell2_main): OUTER BULK BOUNDARY ( -9.428111105    ) IS TOO CLOSE TO SURFACE BOUNDARY ( -9.922950740    ). WILL RECOMPUTE:
 MESSAGE (watershell2_main): LOCATION OF OUTER BULK BOUNDARY SET TO  -9.426390983     A FROM PROTEIN. CONTOUR VALUE IS  0.6563325498E-03
 MESSAGE (watershell2_main): LOCATION OF INNER BULK BOUNDARY SET TO  -8.926390983     A FROM PROTEIN. CONTOUR VALUE IS  0.1522218608E-02
 MESSAGE (watershell2_main): OUTER BULK BOUNDARY ( -9.426390983    ) IS TOO CLOSE TO SURFACE BOUNDARY ( -9.921138723    ). WILL RECOMPUTE:
 MESSAGE (watershell2_main): LOCATION OF OUTER BULK BOUNDARY SET TO  -9.424640230     A FROM PROTEIN. CONTOUR VALUE IS  0.6583355201E-03
 MESSAGE (watershell2_main): LOCATION OF INNER BULK BOUNDARY SET TO  -8.924640230     A FROM PROTEIN. CONTOUR VALUE IS  0.1526553465E-02
 MESSAGE (watershell2_main): OUTER BULK BOUNDARY ( -9.424640230    ) IS TOO CLOSE TO SURFACE BOUNDARY ( -9.919629403    ). WILL RECOMPUTE:
 MESSAGE (watershell2_main): LOCATION OF OUTER BULK BOUNDARY SET TO  -9.422969954     A FROM PROTEIN. CONTOUR VALUE IS  0.6602516767E-03
 MESSAGE (watershell2_main): LOCATION OF INNER BULK BOUNDARY SET TO  -8.922969954     A FROM PROTEIN. CONTOUR VALUE IS  0.1530699552E-02
 MESSAGE (watershell2_main): OUTER BULK BOUNDARY ( -9.422969954    ) IS TOO CLOSE TO SURFACE BOUNDARY ( -9.917818609    ). WILL RECOMPUTE:
 MESSAGE (watershell2_main): LOCATION OF OUTER BULK BOUNDARY SET TO  -9.421252839     A FROM PROTEIN. CONTOUR VALUE IS  0.6622269336E-03
 MESSAGE (watershell2_main): LOCATION OF INNER BULK BOUNDARY SET TO  -8.921252839     A FROM PROTEIN. CONTOUR VALUE IS  0.1534972611E-02
 MESSAGE (watershell2_main): OUTER BULK BOUNDARY ( -9.421252839    ) IS TOO CLOSE TO SURFACE BOUNDARY ( -9.916008204    ). WILL RECOMPUTE:
 MESSAGE (watershell2_main): LOCATION OF OUTER BULK BOUNDARY SET TO  -9.419504627     A FROM PROTEIN. CONTOUR VALUE IS  0.6642435642E-03
 MESSAGE (watershell2_main): LOCATION OF INNER BULK BOUNDARY SET TO  -8.919504627     A FROM PROTEIN. CONTOUR VALUE IS  0.1539334229E-02
 MESSAGE (watershell2_main): OUTER BULK BOUNDARY ( -9.419504627    ) IS TOO CLOSE TO SURFACE BOUNDARY ( -9.914501762    ). WILL RECOMPUTE:
 MESSAGE (watershell2_main): LOCATION OF OUTER BULK BOUNDARY SET TO  -9.417837005     A FROM PROTEIN. CONTOUR VALUE IS  0.6661725121E-03
 MESSAGE (watershell2_main): LOCATION OF INNER BULK BOUNDARY SET TO  -8.917837005     A FROM PROTEIN. CONTOUR VALUE IS  0.1543505314E-02
 MESSAGE (watershell2_main): OUTER BULK BOUNDARY ( -9.417837005    ) IS TOO CLOSE TO SURFACE BOUNDARY ( -9.912694699    ). WILL RECOMPUTE:
 MESSAGE (watershell2_main): LOCATION OF OUTER BULK BOUNDARY SET TO  -9.416122903     A FROM PROTEIN. CONTOUR VALUE IS  0.6681606109E-03
 MESSAGE (watershell2_main): LOCATION OF INNER BULK BOUNDARY SET TO  -8.916122903     A FROM PROTEIN. CONTOUR VALUE IS  0.1547803395E-02
 MESSAGE (watershell2_main): OUTER BULK BOUNDARY ( -9.416122903    ) IS TOO CLOSE TO SURFACE BOUNDARY ( -9.910892139    ). WILL RECOMPUTE:
 MESSAGE (watershell2_main): LOCATION OF OUTER BULK BOUNDARY SET TO  -9.414379315     A FROM PROTEIN. CONTOUR VALUE IS  0.6701885259E-03
 MESSAGE (watershell2_main): LOCATION OF INNER BULK BOUNDARY SET TO  -8.914379315     A FROM PROTEIN. CONTOUR VALUE IS  0.1552186608E-02
 MESSAGE (watershell2_main): OUTER BULK BOUNDARY ( -9.414379315    ) IS TOO CLOSE TO SURFACE BOUNDARY ( -9.909090404    ). WILL RECOMPUTE:
 MESSAGE (watershell2_main): LOCATION OF OUTER BULK BOUNDARY SET TO  -9.412616345     A FROM PROTEIN. CONTOUR VALUE IS  0.6722447577E-03
 MESSAGE (watershell2_main): LOCATION OF INNER BULK BOUNDARY SET TO  -8.912616345     A FROM PROTEIN. CONTOUR VALUE IS  0.1556630051E-02
 MESSAGE (watershell2_main): OUTER BULK BOUNDARY ( -9.412616345    ) IS TOO CLOSE TO SURFACE BOUNDARY ( -9.907590335    ). WILL RECOMPUTE:
 MESSAGE (watershell2_main): LOCATION OF OUTER BULK BOUNDARY SET TO  -9.410941008     A FROM PROTEIN. CONTOUR VALUE IS  0.6742041721E-03
 MESSAGE (watershell2_main): LOCATION OF INNER BULK BOUNDARY SET TO  -8.910941008     A FROM PROTEIN. CONTOUR VALUE IS  0.1560863365E-02
 MESSAGE (watershell2_main): OUTER BULK BOUNDARY ( -9.410941008    ) IS TOO CLOSE TO SURFACE BOUNDARY ( -9.905791440    ). WILL RECOMPUTE:
 MESSAGE (watershell2_main): LOCATION OF OUTER BULK BOUNDARY SET TO  -9.409224486     A FROM PROTEIN. CONTOUR VALUE IS  0.6762172216E-03
 MESSAGE (watershell2_main): LOCATION OF INNER BULK BOUNDARY SET TO  -8.909224486     A FROM PROTEIN. CONTOUR VALUE IS  0.1565211635E-02
 NONFATAL WARNING (watershell2_compute_density): DETECTED 1 POSSIBLE NEIGHBOR LIST MISS. NEIGHBOR LIST FACTOR IS   10.75560000
 MESSAGE (watershell2_main): OUTER BULK BOUNDARY ( -9.409224486    ) IS TOO CLOSE TO SURFACE BOUNDARY ( -9.903993732    ). WILL RECOMPUTE:
 MESSAGE (watershell2_main): LOCATION OF OUTER BULK BOUNDARY SET TO  -9.407480901     A FROM PROTEIN. CONTOUR VALUE IS  0.6782676845E-03
 MESSAGE (watershell2_main): LOCATION OF INNER BULK BOUNDARY SET TO  -8.907480901     A FROM PROTEIN. CONTOUR VALUE IS  0.1569639762E-02
 MESSAGE (watershell2_main): OUTER BULK BOUNDARY ( -9.407480901    ) IS TOO CLOSE TO SURFACE BOUNDARY ( -9.902199931    ). WILL RECOMPUTE:
 MESSAGE (watershell2_main): LOCATION OF OUTER BULK BOUNDARY SET TO  -9.405720578     A FROM PROTEIN. CONTOUR VALUE IS  0.6803436512E-03
 MESSAGE (watershell2_main): LOCATION OF INNER BULK BOUNDARY SET TO  -8.905720578     A FROM PROTEIN. CONTOUR VALUE IS  0.1574121984E-02
 MESSAGE (watershell2_main): OUTER BULK BOUNDARY ( -9.405720578    ) IS TOO CLOSE TO SURFACE BOUNDARY ( -9.900705748    ). WILL RECOMPUTE:
 MESSAGE (watershell2_main): LOCATION OF OUTER BULK BOUNDARY SET TO  -9.404048968     A FROM PROTEIN. CONTOUR VALUE IS  0.6823204229E-03
 MESSAGE (watershell2_main): LOCATION OF INNER BULK BOUNDARY SET TO  -8.904048968     A FROM PROTEIN. CONTOUR VALUE IS  0.1578389117E-02
 MESSAGE (watershell2_main): OUTER BULK BOUNDARY ( -9.404048968    ) IS TOO CLOSE TO SURFACE BOUNDARY ( -9.898913777    ). WILL RECOMPUTE:
 MESSAGE (watershell2_main): LOCATION OF OUTER BULK BOUNDARY SET TO  -9.402337238     A FROM PROTEIN. CONTOUR VALUE IS  0.6843501301E-03
 MESSAGE (watershell2_main): LOCATION OF INNER BULK BOUNDARY SET TO  -8.902337238     A FROM PROTEIN. CONTOUR VALUE IS  0.1582769593E-02
 MESSAGE (watershell2_main): OUTER BULK BOUNDARY ( -9.402337238    ) IS TOO CLOSE TO SURFACE BOUNDARY ( -9.897123315    ). WILL RECOMPUTE:
 MESSAGE (watershell2_main): LOCATION OF OUTER BULK BOUNDARY SET TO  -9.400599263     A FROM PROTEIN. CONTOUR VALUE IS  0.6864166542E-03
 MESSAGE (watershell2_main): LOCATION OF INNER BULK BOUNDARY SET TO  -8.900599263     A FROM PROTEIN. CONTOUR VALUE IS  0.1587228564E-02
 MESSAGE (watershell2_main): OUTER BULK BOUNDARY ( -9.400599263    ) IS TOO CLOSE TO SURFACE BOUNDARY ( -9.895335875    ). WILL RECOMPUTE:
 MESSAGE (watershell2_main): LOCATION OF OUTER BULK BOUNDARY SET TO  -9.398844801     A FROM PROTEIN. CONTOUR VALUE IS  0.6885086222E-03
 MESSAGE (watershell2_main): LOCATION OF INNER BULK BOUNDARY SET TO  -8.898844801     A FROM PROTEIN. CONTOUR VALUE IS  0.1591741451E-02
 MESSAGE (watershell2_main): OUTER BULK BOUNDARY ( -9.398844801    ) IS TOO CLOSE TO SURFACE BOUNDARY ( -9.893551597    ). WILL RECOMPUTE:
 MESSAGE (watershell2_main): LOCATION OF OUTER BULK BOUNDARY SET TO  -9.397080400     A FROM PROTEIN. CONTOUR VALUE IS  0.6906183711E-03
 MESSAGE (watershell2_main): LOCATION OF INNER BULK BOUNDARY SET TO  -8.897080400     A FROM PROTEIN. CONTOUR VALUE IS  0.1596291693E-02
 MESSAGE (watershell2_main): OUTER BULK BOUNDARY ( -9.397080400    ) IS TOO CLOSE TO SURFACE BOUNDARY ( -9.892066017    ). WILL RECOMPUTE:
 MESSAGE (watershell2_main): LOCATION OF OUTER BULK BOUNDARY SET TO  -9.395408939     A FROM PROTEIN. CONTOUR VALUE IS  0.6926224879E-03
 MESSAGE (watershell2_main): LOCATION OF INNER BULK BOUNDARY SET TO  -8.895408939     A FROM PROTEIN. CONTOUR VALUE IS  0.1600613183E-02
 MESSAGE (watershell2_main): OUTER BULK BOUNDARY ( -9.395408939    ) IS TOO CLOSE TO SURFACE BOUNDARY ( -9.890285869    ). WILL RECOMPUTE:
 MESSAGE (watershell2_main): LOCATION OF OUTER BULK BOUNDARY SET TO  -9.393701249     A FROM PROTEIN. CONTOUR VALUE IS  0.6946755836E-03
 MESSAGE (watershell2_main): LOCATION OF INNER BULK BOUNDARY SET TO  -8.893701249     A FROM PROTEIN. CONTOUR VALUE IS  0.1605039352E-02
 MESSAGE (watershell2_main): OUTER BULK BOUNDARY ( -9.393701249    ) IS TOO CLOSE TO SURFACE BOUNDARY ( -9.888506957    ). WILL RECOMPUTE:
 MESSAGE (watershell2_main): LOCATION OF OUTER BULK BOUNDARY SET TO  -9.391969818     A FROM PROTEIN. CONTOUR VALUE IS  0.6967629523E-03
 MESSAGE (watershell2_main): LOCATION OF INNER BULK BOUNDARY SET TO  -8.891969818     A FROM PROTEIN. CONTOUR VALUE IS  0.1609538440E-02
 MESSAGE (watershell2_main): OUTER BULK BOUNDARY ( -9.391969818    ) IS TOO CLOSE TO SURFACE BOUNDARY ( -9.886731674    ). WILL RECOMPUTE:
 MESSAGE (watershell2_main): LOCATION OF OUTER BULK BOUNDARY SET TO  -9.390223770     A FROM PROTEIN. CONTOUR VALUE IS  0.6988738014E-03
 MESSAGE (watershell2_main): LOCATION OF INNER BULK BOUNDARY SET TO  -8.890223770     A FROM PROTEIN. CONTOUR VALUE IS  0.1614087148E-02
 MESSAGE (watershell2_main): OUTER BULK BOUNDARY ( -9.390223770    ) IS TOO CLOSE TO SURFACE BOUNDARY ( -9.884956953    ). WILL RECOMPUTE:
 MESSAGE (watershell2_main): LOCATION OF OUTER BULK BOUNDARY SET TO  -9.388468164     A FROM PROTEIN. CONTOUR VALUE IS  0.7010021507E-03
 MESSAGE (watershell2_main): LOCATION OF INNER BULK BOUNDARY SET TO  -8.888468164     A FROM PROTEIN. CONTOUR VALUE IS  0.1618672563E-02
 MESSAGE (watershell2_main): OUTER BULK BOUNDARY ( -9.388468164    ) IS TOO CLOSE TO SURFACE BOUNDARY ( -9.883182794    ). WILL RECOMPUTE:
 MESSAGE (watershell2_main): LOCATION OF OUTER BULK BOUNDARY SET TO  -9.386706374     A FROM PROTEIN. CONTOUR VALUE IS  0.7031440059E-03
 MESSAGE (watershell2_main): LOCATION OF INNER BULK BOUNDARY SET TO  -8.886706374     A FROM PROTEIN. CONTOUR VALUE IS  0.1623286062E-02
 MESSAGE (watershell2_main): OUTER BULK BOUNDARY ( -9.386706374    ) IS TOO CLOSE TO SURFACE BOUNDARY ( -9.881411886    ). WILL RECOMPUTE:
 MESSAGE (watershell2_main): LOCATION OF OUTER BULK BOUNDARY SET TO  -9.384941545     A FROM PROTEIN. CONTOUR VALUE IS  0.7052956064E-03
 MESSAGE (watershell2_main): LOCATION OF INNER BULK BOUNDARY SET TO  -8.884941545     A FROM PROTEIN. CONTOUR VALUE IS  0.1627919529E-02
 MESSAGE (watershell2_main): OUTER BULK BOUNDARY ( -9.384941545    ) IS TOO CLOSE TO SURFACE BOUNDARY ( -9.879936670    ). WILL RECOMPUTE:
 MESSAGE (watershell2_main): LOCATION OF OUTER BULK BOUNDARY SET TO  -9.383273253     A FROM PROTEIN. CONTOUR VALUE IS  0.7073350937E-03
 MESSAGE (watershell2_main): LOCATION OF INNER BULK BOUNDARY SET TO  -8.883273253     A FROM PROTEIN. CONTOUR VALUE IS  0.1632310618E-02
 MESSAGE (watershell2_main): OUTER BULK BOUNDARY ( -9.383273253    ) IS TOO CLOSE TO SURFACE BOUNDARY ( -9.878171560    ). WILL RECOMPUTE:
 MESSAGE (watershell2_main): LOCATION OF OUTER BULK BOUNDARY SET TO  -9.381572689     A FROM PROTEIN. CONTOUR VALUE IS  0.7094196310E-03
 MESSAGE (watershell2_main): LOCATION OF INNER BULK BOUNDARY SET TO  -8.881572689     A FROM PROTEIN. CONTOUR VALUE IS  0.1636797756E-02
 MESSAGE (watershell2_main): OUTER BULK BOUNDARY ( -9.381572689    ) IS TOO CLOSE TO SURFACE BOUNDARY ( -9.876407100    ). WILL RECOMPUTE:
 MESSAGE (watershell2_main): LOCATION OF OUTER BULK BOUNDARY SET TO  -9.379850826     A FROM PROTEIN. CONTOUR VALUE IS  0.7115360473E-03
 MESSAGE (watershell2_main): LOCATION OF INNER BULK BOUNDARY SET TO  -8.879850826     A FROM PROTEIN. CONTOUR VALUE IS  0.1641352542E-02
 MESSAGE (watershell2_main): OUTER BULK BOUNDARY ( -9.379850826    ) IS TOO CLOSE TO SURFACE BOUNDARY ( -9.874643938    ). WILL RECOMPUTE:
 MESSAGE (watershell2_main): LOCATION OF OUTER BULK BOUNDARY SET TO  -9.378115197     A FROM PROTEIN. CONTOUR VALUE IS  0.7136752756E-03
 MESSAGE (watershell2_main): LOCATION OF INNER BULK BOUNDARY SET TO  -8.878115197     A FROM PROTEIN. CONTOUR VALUE IS  0.1645955426E-02
 MESSAGE (watershell2_main): OUTER BULK BOUNDARY ( -9.378115197    ) IS TOO CLOSE TO SURFACE BOUNDARY ( -9.872883013    ). WILL RECOMPUTE:
 MESSAGE (watershell2_main): LOCATION OF OUTER BULK BOUNDARY SET TO  -9.376371135     A FROM PROTEIN. CONTOUR VALUE IS  0.7158308693E-03
 MESSAGE (watershell2_main): LOCATION OF INNER BULK BOUNDARY SET TO  -8.876371135     A FROM PROTEIN. CONTOUR VALUE IS  0.1650592514E-02
 MESSAGE (watershell2_main): OUTER BULK BOUNDARY ( -9.376371135    ) IS TOO CLOSE TO SURFACE BOUNDARY ( -9.871123206    ). WILL RECOMPUTE:
 MESSAGE (watershell2_main): LOCATION OF OUTER BULK BOUNDARY SET TO  -9.374621825     A FROM PROTEIN. CONTOUR VALUE IS  0.7179989794E-03
 MESSAGE (watershell2_main): LOCATION OF INNER BULK BOUNDARY SET TO  -8.874621825     A FROM PROTEIN. CONTOUR VALUE IS  0.1655255508E-02
 MESSAGE (watershell2_main): OUTER BULK BOUNDARY ( -9.374621825    ) IS TOO CLOSE TO SURFACE BOUNDARY ( -9.869369893    ). WILL RECOMPUTE:
 MESSAGE (watershell2_main): LOCATION OF OUTER BULK BOUNDARY SET TO  -9.372871181     A FROM PROTEIN. CONTOUR VALUE IS  0.7201748038E-03
 MESSAGE (watershell2_main): LOCATION OF INNER BULK BOUNDARY SET TO  -8.872871181     A FROM PROTEIN. CONTOUR VALUE IS  0.1659934069E-02
 MESSAGE (watershell2_main): OUTER BULK BOUNDARY ( -9.372871181    ) IS TOO CLOSE TO SURFACE BOUNDARY ( -9.867618196    ). WILL RECOMPUTE:
 MESSAGE (watershell2_main): LOCATION OF OUTER BULK BOUNDARY SET TO  -9.371120186     A FROM PROTEIN. CONTOUR VALUE IS  0.7223571444E-03
 MESSAGE (watershell2_main): LOCATION OF INNER BULK BOUNDARY SET TO  -8.871120186     A FROM PROTEIN. CONTOUR VALUE IS  0.1664625615E-02
 MESSAGE (watershell2_main): OUTER BULK BOUNDARY ( -9.371120186    ) IS TOO CLOSE TO SURFACE BOUNDARY ( -9.865869729    ). WILL RECOMPUTE:
 MESSAGE (watershell2_main): LOCATION OF OUTER BULK BOUNDARY SET TO  -9.369370034     A FROM PROTEIN. CONTOUR VALUE IS  0.7245445261E-03
 MESSAGE (watershell2_main): LOCATION OF INNER BULK BOUNDARY SET TO  -8.869370034     A FROM PROTEIN. CONTOUR VALUE IS  0.1669326968E-02
 MESSAGE (watershell2_main): OUTER BULK BOUNDARY ( -9.369370034    ) IS TOO CLOSE TO SURFACE BOUNDARY ( -9.864121796    ). WILL RECOMPUTE:
 MESSAGE (watershell2_main): LOCATION OF OUTER BULK BOUNDARY SET TO  -9.367620621     A FROM PROTEIN. CONTOUR VALUE IS  0.7267370850E-03
 MESSAGE (watershell2_main): LOCATION OF INNER BULK BOUNDARY SET TO  -8.867620621     A FROM PROTEIN. CONTOUR VALUE IS  0.1674038418E-02
 MESSAGE (watershell2_main): OUTER BULK BOUNDARY ( -9.367620621    ) IS TOO CLOSE TO SURFACE BOUNDARY ( -9.862374129    ). WILL RECOMPUTE:
 MESSAGE (watershell2_main): LOCATION OF OUTER BULK BOUNDARY SET TO  -9.365871790     A FROM PROTEIN. CONTOUR VALUE IS  0.7289350270E-03
 MESSAGE (watershell2_main): LOCATION OF INNER BULK BOUNDARY SET TO  -8.865871790     A FROM PROTEIN. CONTOUR VALUE IS  0.1678760401E-02
 MESSAGE (watershell2_main): OUTER BULK BOUNDARY ( -9.365871790    ) IS TOO CLOSE TO SURFACE BOUNDARY ( -9.860628215    ). WILL RECOMPUTE:
 MESSAGE (watershell2_main): LOCATION OF OUTER BULK BOUNDARY SET TO  -9.364123932     A FROM PROTEIN. CONTOUR VALUE IS  0.7311378689E-03
 MESSAGE (watershell2_main): LOCATION OF INNER BULK BOUNDARY SET TO  -8.864123932     A FROM PROTEIN. CONTOUR VALUE IS  0.1683491877E-02
 MESSAGE (watershell2_main): OUTER BULK BOUNDARY ( -9.364123932    ) IS TOO CLOSE TO SURFACE BOUNDARY ( -9.858882261    ). WILL RECOMPUTE:
 MESSAGE (watershell2_main): LOCATION OF OUTER BULK BOUNDARY SET TO  -9.362376708     A FROM PROTEIN. CONTOUR VALUE IS  0.7333460427E-03
 MESSAGE (watershell2_main): LOCATION OF INNER BULK BOUNDARY SET TO  -8.862376708     A FROM PROTEIN. CONTOUR VALUE IS  0.1688233769E-02
 MESSAGE (watershell2_main): OUTER BULK BOUNDARY ( -9.362376708    ) IS TOO CLOSE TO SURFACE BOUNDARY ( -9.857136226    ). WILL RECOMPUTE:
 MESSAGE (watershell2_main): LOCATION OF OUTER BULK BOUNDARY SET TO  -9.360629881     A FROM PROTEIN. CONTOUR VALUE IS  0.7355598596E-03
 MESSAGE (watershell2_main): LOCATION OF INNER BULK BOUNDARY SET TO  -8.860629881     A FROM PROTEIN. CONTOUR VALUE IS  0.1692986740E-02
 MESSAGE (watershell2_main): OUTER BULK BOUNDARY ( -9.360629881    ) IS TOO CLOSE TO SURFACE BOUNDARY ( -9.855391905    ). WILL RECOMPUTE:
 MESSAGE (watershell2_main): LOCATION OF OUTER BULK BOUNDARY SET TO  -9.358883889     A FROM PROTEIN. CONTOUR VALUE IS  0.7377787724E-03
 MESSAGE (watershell2_main): LOCATION OF INNER BULK BOUNDARY SET TO  -8.858883889     A FROM PROTEIN. CONTOUR VALUE IS  0.1697749611E-02
 MESSAGE (watershell2_main): OUTER BULK BOUNDARY ( -9.358883889    ) IS TOO CLOSE TO SURFACE BOUNDARY ( -9.853648440    ). WILL RECOMPUTE:
 MESSAGE (watershell2_main): LOCATION OF OUTER BULK BOUNDARY SET TO  -9.357138739     A FROM PROTEIN. CONTOUR VALUE IS  0.7400027786E-03
 MESSAGE (watershell2_main): LOCATION OF INNER BULK BOUNDARY SET TO  -8.857138739     A FROM PROTEIN. CONTOUR VALUE IS  0.1702522374E-02
 MESSAGE (watershell2_main): OUTER BULK BOUNDARY ( -9.357138739    ) IS TOO CLOSE TO SURFACE BOUNDARY ( -9.851907990    ). WILL RECOMPUTE:
 MESSAGE (watershell2_main): LOCATION OF OUTER BULK BOUNDARY SET TO  -9.355395156     A FROM PROTEIN. CONTOUR VALUE IS  0.7422309583E-03
 MESSAGE (watershell2_main): LOCATION OF INNER BULK BOUNDARY SET TO  -8.855395156     A FROM PROTEIN. CONTOUR VALUE IS  0.1707303049E-02
 MESSAGE (watershell2_main): OUTER BULK BOUNDARY ( -9.355395156    ) IS TOO CLOSE TO SURFACE BOUNDARY ( -9.850168804    ). WILL RECOMPUTE:
 MESSAGE (watershell2_main): LOCATION OF OUTER BULK BOUNDARY SET TO  -9.353653039     A FROM PROTEIN. CONTOUR VALUE IS  0.7444634393E-03
 MESSAGE (watershell2_main): LOCATION OF INNER BULK BOUNDARY SET TO  -8.853653039     A FROM PROTEIN. CONTOUR VALUE IS  0.1712091909E-02
 MESSAGE (watershell2_main): OUTER BULK BOUNDARY ( -9.353653039    ) IS TOO CLOSE TO SURFACE BOUNDARY ( -9.848432147    ). WILL RECOMPUTE:
 MESSAGE (watershell2_main): LOCATION OF OUTER BULK BOUNDARY SET TO  -9.351912741     A FROM PROTEIN. CONTOUR VALUE IS  0.7466997655E-03
 MESSAGE (watershell2_main): LOCATION OF INNER BULK BOUNDARY SET TO  -8.851912741     A FROM PROTEIN. CONTOUR VALUE IS  0.1716887973E-02
 ==========================================================================================
 Iteration:                30000
 Surface boundary distance:         -9.8475644617135547      (contour value:   3.0885538597069662E-004 )
 Current avg. solvent contour val:  0.56875137259483111
 Surface energy:                     56.021223980646170
 Curvature energy:                   3.9447695945744190
 Surface curvature at solvent (min:ave:max): (  -8.4238414180530991E-002 :  -1.6155991638428648E-002 :  0.48263719378546061      )
 ======= FORCE STATISTICS ==============
 Total force applied to surface atoms:    -2.1455996758290490        1.1624919999915275       -3.3540231933915710
 RMS of surface atom forces:               2.7082449817555372E-002
 Largest force acting on a surface atom:   3.7228075099792750E-002
 Total force applied to solvent atoms:     10.267328004622147        4.2867852273613885        2.3976611683806732
 RMS of solvent atom forces:              0.22660067694549979
 Largest force acting on a solvent atom:   4.2424218714838720
 Rotational restraint energy:           6.7536214327029956E-002
 Translational restraint energy:       0.86022286003853043
 Total rigid-body restraint energy:    0.92775907436556038
 =======================================
 Solute neighbor list search depth (min:ave:max): (          10 :   88.151024297284422      :         159 )
 ======= DENSITY STATISTICS ============
 # Solute atoms used for density:           159
 Target density (g/mL):             0.99700000000000000
 Simulation density (g/mL):         0.41940148264352001
 Instantaneous density (g/mL):      0.54683257148561226
 Volume of bulk solvent (Ang^3):     5089.0000000000000
 Mass of bulk solvent (amu):         1675.8600000000079
 Outer bulk boundary distance:      -9.3519127413484657      (contour value:   7.4669976547514505E-004 )
 Inner bulk boundary distance:      -8.8519127413484657      (contour value:   1.7168879729884678E-003 )
 ======================================
 MESSAGE (watershell2_main): WRITING RESTART FILE TO ("watershell0.restart.txt")
 MESSAGE (FILES_OPEN): Opening FORMATTED file "watershell0.restart.txt" for writing.
 MESSAGE (watershell2_main): OUTER BULK BOUNDARY ( -9.351912741    ) IS TOO CLOSE TO SURFACE BOUNDARY ( -9.846698064    ). WILL RECOMPUTE:
 MESSAGE (watershell2_main): LOCATION OF OUTER BULK BOUNDARY SET TO  -9.350174516     A FROM PROTEIN. CONTOUR VALUE IS  0.7489396083E-03
 MESSAGE (watershell2_main): LOCATION OF INNER BULK BOUNDARY SET TO  -8.850174516     A FROM PROTEIN. CONTOUR VALUE IS  0.1721690534E-02
 MESSAGE (watershell2_main): OUTER BULK BOUNDARY ( -9.350174516    ) IS TOO CLOSE TO SURFACE BOUNDARY ( -9.844965268    ). WILL RECOMPUTE:
 MESSAGE (watershell2_main): LOCATION OF OUTER BULK BOUNDARY SET TO  -9.348438100     A FROM PROTEIN. CONTOUR VALUE IS  0.7511832995E-03
 MESSAGE (watershell2_main): LOCATION OF INNER BULK BOUNDARY SET TO  -8.848438100     A FROM PROTEIN. CONTOUR VALUE IS  0.1726500301E-02
 MESSAGE (watershell2_main): OUTER BULK BOUNDARY ( -9.348438100    ) IS TOO CLOSE TO SURFACE BOUNDARY ( -9.843235322    ). WILL RECOMPUTE:
 MESSAGE (watershell2_main): LOCATION OF OUTER BULK BOUNDARY SET TO  -9.346703841     A FROM PROTEIN. CONTOUR VALUE IS  0.7534303854E-03
 MESSAGE (watershell2_main): LOCATION OF INNER BULK BOUNDARY SET TO  -8.846703841     A FROM PROTEIN. CONTOUR VALUE IS  0.1731316300E-02
 MESSAGE (watershell2_main): OUTER BULK BOUNDARY ( -9.346703841    ) IS TOO CLOSE TO SURFACE BOUNDARY ( -9.841506813    ). WILL RECOMPUTE:
 MESSAGE (watershell2_main): LOCATION OF OUTER BULK BOUNDARY SET TO  -9.344971498     A FROM PROTEIN. CONTOUR VALUE IS  0.7556811705E-03
 MESSAGE (watershell2_main): LOCATION OF INNER BULK BOUNDARY SET TO  -8.844971498     A FROM PROTEIN. CONTOUR VALUE IS  0.1736139181E-02
 MESSAGE (watershell2_main): OUTER BULK BOUNDARY ( -9.344971498    ) IS TOO CLOSE TO SURFACE BOUNDARY ( -9.839781177    ). WILL RECOMPUTE:
 MESSAGE (watershell2_main): LOCATION OF OUTER BULK BOUNDARY SET TO  -9.343241391     A FROM PROTEIN. CONTOUR VALUE IS  0.7579352334E-03
 MESSAGE (watershell2_main): LOCATION OF INNER BULK BOUNDARY SET TO  -8.843241391     A FROM PROTEIN. CONTOUR VALUE IS  0.1740968040E-02
 MESSAGE (watershell2_main): OUTER BULK BOUNDARY ( -9.343241391    ) IS TOO CLOSE TO SURFACE BOUNDARY ( -9.838057422    ). WILL RECOMPUTE:
 MESSAGE (watershell2_main): LOCATION OF OUTER BULK BOUNDARY SET TO  -9.341513402     A FROM PROTEIN. CONTOUR VALUE IS  0.7601927202E-03
 MESSAGE (watershell2_main): LOCATION OF INNER BULK BOUNDARY SET TO  -8.841513402     A FROM PROTEIN. CONTOUR VALUE IS  0.1745803189E-02
 MESSAGE (watershell2_main): OUTER BULK BOUNDARY ( -9.341513402    ) IS TOO CLOSE TO SURFACE BOUNDARY ( -9.836334607    ). WILL RECOMPUTE:
 MESSAGE (watershell2_main): LOCATION OF OUTER BULK BOUNDARY SET TO  -9.339787137     A FROM PROTEIN. CONTOUR VALUE IS  0.7624541382E-03
 MESSAGE (watershell2_main): LOCATION OF INNER BULK BOUNDARY SET TO  -8.839787137     A FROM PROTEIN. CONTOUR VALUE IS  0.1750645711E-02
 MESSAGE (watershell2_main): OUTER BULK BOUNDARY ( -9.339787137    ) IS TOO CLOSE TO SURFACE BOUNDARY ( -9.834612306    ). WILL RECOMPUTE:
 MESSAGE (watershell2_main): LOCATION OF OUTER BULK BOUNDARY SET TO  -9.338062193     A FROM PROTEIN. CONTOUR VALUE IS  0.7647200149E-03
 MESSAGE (watershell2_main): LOCATION OF INNER BULK BOUNDARY SET TO  -8.838062193     A FROM PROTEIN. CONTOUR VALUE IS  0.1755496734E-02
 MESSAGE (watershell2_main): OUTER BULK BOUNDARY ( -9.338062193    ) IS TOO CLOSE TO SURFACE BOUNDARY ( -9.832891238    ). WILL RECOMPUTE:
 MESSAGE (watershell2_main): LOCATION OF OUTER BULK BOUNDARY SET TO  -9.336338541     A FROM PROTEIN. CONTOUR VALUE IS  0.7669903906E-03
 MESSAGE (watershell2_main): LOCATION OF INNER BULK BOUNDARY SET TO  -8.836338541     A FROM PROTEIN. CONTOUR VALUE IS  0.1760356340E-02
 MESSAGE (watershell2_main): OUTER BULK BOUNDARY ( -9.336338541    ) IS TOO CLOSE TO SURFACE BOUNDARY ( -9.831172633    ). WILL RECOMPUTE:
 MESSAGE (watershell2_main): LOCATION OF OUTER BULK BOUNDARY SET TO  -9.334616572     A FROM PROTEIN. CONTOUR VALUE IS  0.7692647498E-03
 MESSAGE (watershell2_main): LOCATION OF INNER BULK BOUNDARY SET TO  -8.834616572     A FROM PROTEIN. CONTOUR VALUE IS  0.1765223424E-02
 MESSAGE (watershell2_main): OUTER BULK BOUNDARY ( -9.334616572    ) IS TOO CLOSE TO SURFACE BOUNDARY ( -9.829455229    ). WILL RECOMPUTE:
 MESSAGE (watershell2_main): LOCATION OF OUTER BULK BOUNDARY SET TO  -9.332896124     A FROM PROTEIN. CONTOUR VALUE IS  0.7715433022E-03
 MESSAGE (watershell2_main): LOCATION OF INNER BULK BOUNDARY SET TO  -8.832896124     A FROM PROTEIN. CONTOUR VALUE IS  0.1770098432E-02
 MESSAGE (watershell2_main): OUTER BULK BOUNDARY ( -9.332896124    ) IS TOO CLOSE TO SURFACE BOUNDARY ( -9.827738426    ). WILL RECOMPUTE:
 MESSAGE (watershell2_main): LOCATION OF OUTER BULK BOUNDARY SET TO  -9.331176891     A FROM PROTEIN. CONTOUR VALUE IS  0.7738264553E-03
 MESSAGE (watershell2_main): LOCATION OF INNER BULK BOUNDARY SET TO  -8.831176891     A FROM PROTEIN. CONTOUR VALUE IS  0.1774982232E-02
 MESSAGE (watershell2_main): OUTER BULK BOUNDARY ( -9.331176891    ) IS TOO CLOSE TO SURFACE BOUNDARY ( -9.826024759    ). WILL RECOMPUTE:
 MESSAGE (watershell2_main): LOCATION OF OUTER BULK BOUNDARY SET TO  -9.329459514     A FROM PROTEIN. CONTOUR VALUE IS  0.7761133567E-03
 MESSAGE (watershell2_main): LOCATION OF INNER BULK BOUNDARY SET TO  -8.829459514     A FROM PROTEIN. CONTOUR VALUE IS  0.1779872999E-02
 MESSAGE (watershell2_main): OUTER BULK BOUNDARY ( -9.329459514    ) IS TOO CLOSE TO SURFACE BOUNDARY ( -9.824311204    ). WILL RECOMPUTE:
 MESSAGE (watershell2_main): LOCATION OF OUTER BULK BOUNDARY SET TO  -9.327743411     A FROM PROTEIN. CONTOUR VALUE IS  0.7784047785E-03
 MESSAGE (watershell2_main): LOCATION OF INNER BULK BOUNDARY SET TO  -8.827743411     A FROM PROTEIN. CONTOUR VALUE IS  0.1784772381E-02
 MESSAGE (watershell2_main): OUTER BULK BOUNDARY ( -9.327743411    ) IS TOO CLOSE TO SURFACE BOUNDARY ( -9.822597873    ). WILL RECOMPUTE:
 MESSAGE (watershell2_main): LOCATION OF OUTER BULK BOUNDARY SET TO  -9.326028231     A FROM PROTEIN. CONTOUR VALUE IS  0.7807011917E-03
 MESSAGE (watershell2_main): LOCATION OF INNER BULK BOUNDARY SET TO  -8.826028231     A FROM PROTEIN. CONTOUR VALUE IS  0.1789681382E-02
 MESSAGE (watershell2_main): OUTER BULK BOUNDARY ( -9.326028231    ) IS TOO CLOSE TO SURFACE BOUNDARY ( -9.820885740    ). WILL RECOMPUTE:
 MESSAGE (watershell2_main): LOCATION OF OUTER BULK BOUNDARY SET TO  -9.324314068     A FROM PROTEIN. CONTOUR VALUE IS  0.7830024782E-03
 MESSAGE (watershell2_main): LOCATION OF INNER BULK BOUNDARY SET TO  -8.824314068     A FROM PROTEIN. CONTOUR VALUE IS  0.1794599746E-02
 MESSAGE (watershell2_main): OUTER BULK BOUNDARY ( -9.324314068    ) IS TOO CLOSE TO SURFACE BOUNDARY ( -9.819174207    ). WILL RECOMPUTE:
 MESSAGE (watershell2_main): LOCATION OF OUTER BULK BOUNDARY SET TO  -9.322600781     A FROM PROTEIN. CONTOUR VALUE IS  0.7853088290E-03
 MESSAGE (watershell2_main): LOCATION OF INNER BULK BOUNDARY SET TO  -8.822600781     A FROM PROTEIN. CONTOUR VALUE IS  0.1799527877E-02
 MESSAGE (watershell2_main): OUTER BULK BOUNDARY ( -9.322600781    ) IS TOO CLOSE TO SURFACE BOUNDARY ( -9.817462243    ). WILL RECOMPUTE:
 MESSAGE (watershell2_main): LOCATION OF OUTER BULK BOUNDARY SET TO  -9.320887935     A FROM PROTEIN. CONTOUR VALUE IS  0.7876208393E-03
 MESSAGE (watershell2_main): LOCATION OF INNER BULK BOUNDARY SET TO  -8.820887935     A FROM PROTEIN. CONTOUR VALUE IS  0.1804467042E-02
 MESSAGE (watershell2_main): OUTER BULK BOUNDARY ( -9.320887935    ) IS TOO CLOSE TO SURFACE BOUNDARY ( -9.815750645    ). WILL RECOMPUTE:
 MESSAGE (watershell2_main): LOCATION OF OUTER BULK BOUNDARY SET TO  -9.319175505     A FROM PROTEIN. CONTOUR VALUE IS  0.7899385531E-03
 MESSAGE (watershell2_main): LOCATION OF INNER BULK BOUNDARY SET TO  -8.819175505     A FROM PROTEIN. CONTOUR VALUE IS  0.1809417331E-02
 MESSAGE (watershell2_main): OUTER BULK BOUNDARY ( -9.319175505    ) IS TOO CLOSE TO SURFACE BOUNDARY ( -9.814039779    ). WILL RECOMPUTE:
 MESSAGE (watershell2_main): LOCATION OF OUTER BULK BOUNDARY SET TO  -9.317463596     A FROM PROTEIN. CONTOUR VALUE IS  0.7922618379E-03
 MESSAGE (watershell2_main): LOCATION OF INNER BULK BOUNDARY SET TO  -8.817463596     A FROM PROTEIN. CONTOUR VALUE IS  0.1814378457E-02
 MESSAGE (watershell2_main): OUTER BULK BOUNDARY ( -9.317463596    ) IS TOO CLOSE TO SURFACE BOUNDARY ( -9.812329762    ). WILL RECOMPUTE:
 MESSAGE (watershell2_main): LOCATION OF OUTER BULK BOUNDARY SET TO  -9.315752318     A FROM PROTEIN. CONTOUR VALUE IS  0.7945905546E-03
 MESSAGE (watershell2_main): LOCATION OF INNER BULK BOUNDARY SET TO  -8.815752318     A FROM PROTEIN. CONTOUR VALUE IS  0.1819350117E-02
 MESSAGE (watershell2_main): OUTER BULK BOUNDARY ( -9.315752318    ) IS TOO CLOSE TO SURFACE BOUNDARY ( -9.810620170    ). WILL RECOMPUTE:
 MESSAGE (watershell2_main): LOCATION OF OUTER BULK BOUNDARY SET TO  -9.314041602     A FROM PROTEIN. CONTOUR VALUE IS  0.7969248054E-03
 MESSAGE (watershell2_main): LOCATION OF INNER BULK BOUNDARY SET TO  -8.814041602     A FROM PROTEIN. CONTOUR VALUE IS  0.1824332525E-02
 MESSAGE (watershell2_main): OUTER BULK BOUNDARY ( -9.314041602    ) IS TOO CLOSE TO SURFACE BOUNDARY ( -9.808913700    ). WILL RECOMPUTE:
 MESSAGE (watershell2_main): LOCATION OF OUTER BULK BOUNDARY SET TO  -9.312332302     A FROM PROTEIN. CONTOUR VALUE IS  0.7992634297E-03
 MESSAGE (watershell2_main): LOCATION OF INNER BULK BOUNDARY SET TO  -8.812332302     A FROM PROTEIN. CONTOUR VALUE IS  0.1829323201E-02
 MESSAGE (watershell2_main): OUTER BULK BOUNDARY ( -9.312332302    ) IS TOO CLOSE TO SURFACE BOUNDARY ( -9.807207859    ). WILL RECOMPUTE:
 MESSAGE (watershell2_main): LOCATION OF OUTER BULK BOUNDARY SET TO  -9.310624154     A FROM PROTEIN. CONTOUR VALUE IS  0.8016067875E-03
 MESSAGE (watershell2_main): LOCATION OF INNER BULK BOUNDARY SET TO  -8.810624154     A FROM PROTEIN. CONTOUR VALUE IS  0.1834322911E-02
 MESSAGE (watershell2_main): OUTER BULK BOUNDARY ( -9.310624154    ) IS TOO CLOSE TO SURFACE BOUNDARY ( -9.805503275    ). WILL RECOMPUTE:
 MESSAGE (watershell2_main): LOCATION OF OUTER BULK BOUNDARY SET TO  -9.308917194     A FROM PROTEIN. CONTOUR VALUE IS  0.8039548341E-03
 MESSAGE (watershell2_main): LOCATION OF INNER BULK BOUNDARY SET TO  -8.808917194     A FROM PROTEIN. CONTOUR VALUE IS  0.1839331553E-02
 MESSAGE (watershell2_main): OUTER BULK BOUNDARY ( -9.308917194    ) IS TOO CLOSE TO SURFACE BOUNDARY ( -9.803799089    ). WILL RECOMPUTE:
 MESSAGE (watershell2_main): LOCATION OF OUTER BULK BOUNDARY SET TO  -9.307211159     A FROM PROTEIN. CONTOUR VALUE IS  0.8063079347E-03
 MESSAGE (watershell2_main): LOCATION OF INNER BULK BOUNDARY SET TO  -8.807211159     A FROM PROTEIN. CONTOUR VALUE IS  0.1844349906E-02
 MESSAGE (watershell2_main): OUTER BULK BOUNDARY ( -9.307211159    ) IS TOO CLOSE TO SURFACE BOUNDARY ( -9.802095102    ). WILL RECOMPUTE:
 MESSAGE (watershell2_main): LOCATION OF OUTER BULK BOUNDARY SET TO  -9.305505807     A FROM PROTEIN. CONTOUR VALUE IS  0.8086664293E-03
 MESSAGE (watershell2_main): LOCATION OF INNER BULK BOUNDARY SET TO  -8.805505807     A FROM PROTEIN. CONTOUR VALUE IS  0.1849378689E-02
 MESSAGE (watershell2_main): OUTER BULK BOUNDARY ( -9.305505807    ) IS TOO CLOSE TO SURFACE BOUNDARY ( -9.800391381    ). WILL RECOMPUTE:
 MESSAGE (watershell2_main): LOCATION OF OUTER BULK BOUNDARY SET TO  -9.303800998     A FROM PROTEIN. CONTOUR VALUE IS  0.8110305187E-03
 MESSAGE (watershell2_main): LOCATION OF INNER BULK BOUNDARY SET TO  -8.803800998     A FROM PROTEIN. CONTOUR VALUE IS  0.1854418326E-02
 MESSAGE (watershell2_main): OUTER BULK BOUNDARY ( -9.303800998    ) IS TOO CLOSE TO SURFACE BOUNDARY ( -9.798687965    ). WILL RECOMPUTE:
 MESSAGE (watershell2_main): LOCATION OF OUTER BULK BOUNDARY SET TO  -9.302096654     A FROM PROTEIN. CONTOUR VALUE IS  0.8134003229E-03
 MESSAGE (watershell2_main): LOCATION OF INNER BULK BOUNDARY SET TO  -8.802096654     A FROM PROTEIN. CONTOUR VALUE IS  0.1859469069E-02
 MESSAGE (watershell2_main): OUTER BULK BOUNDARY ( -9.302096654    ) IS TOO CLOSE TO SURFACE BOUNDARY ( -9.796985160    ). WILL RECOMPUTE:
 MESSAGE (watershell2_main): LOCATION OF OUTER BULK BOUNDARY SET TO  -9.300392823     A FROM PROTEIN. CONTOUR VALUE IS  0.8157757840E-03
 MESSAGE (watershell2_main): LOCATION OF INNER BULK BOUNDARY SET TO  -8.800392823     A FROM PROTEIN. CONTOUR VALUE IS  0.1864530789E-02
 MESSAGE (watershell2_main): OUTER BULK BOUNDARY ( -9.300392823    ) IS TOO CLOSE TO SURFACE BOUNDARY ( -9.795283481    ). WILL RECOMPUTE:
 MESSAGE (watershell2_main): LOCATION OF OUTER BULK BOUNDARY SET TO  -9.298689709     A FROM PROTEIN. CONTOUR VALUE IS  0.8181566254E-03
 MESSAGE (watershell2_main): LOCATION OF INNER BULK BOUNDARY SET TO  -8.798689709     A FROM PROTEIN. CONTOUR VALUE IS  0.1869602893E-02
 MESSAGE (watershell2_main): OUTER BULK BOUNDARY ( -9.298689709    ) IS TOO CLOSE TO SURFACE BOUNDARY ( -9.793582366    ). WILL RECOMPUTE:
 MESSAGE (watershell2_main): LOCATION OF OUTER BULK BOUNDARY SET TO  -9.296987261     A FROM PROTEIN. CONTOUR VALUE IS  0.8205429265E-03
 MESSAGE (watershell2_main): LOCATION OF INNER BULK BOUNDARY SET TO  -8.796987261     A FROM PROTEIN. CONTOUR VALUE IS  0.1874685545E-02
 MESSAGE (watershell2_main): OUTER BULK BOUNDARY ( -9.296987261    ) IS TOO CLOSE TO SURFACE BOUNDARY ( -9.791884812    ). WILL RECOMPUTE:
 MESSAGE (watershell2_main): LOCATION OF OUTER BULK BOUNDARY SET TO  -9.295286445     A FROM PROTEIN. CONTOUR VALUE IS  0.8229333366E-03
 MESSAGE (watershell2_main): LOCATION OF INNER BULK BOUNDARY SET TO  -8.795286445     A FROM PROTEIN. CONTOUR VALUE IS  0.1879775866E-02
 MESSAGE (watershell2_main): OUTER BULK BOUNDARY ( -9.295286445    ) IS TOO CLOSE TO SURFACE BOUNDARY ( -9.790187492    ). WILL RECOMPUTE:
 MESSAGE (watershell2_main): LOCATION OF OUTER BULK BOUNDARY SET TO  -9.293586794     A FROM PROTEIN. CONTOUR VALUE IS  0.8253285103E-03
 MESSAGE (watershell2_main): LOCATION OF INNER BULK BOUNDARY SET TO  -8.793586794     A FROM PROTEIN. CONTOUR VALUE IS  0.1884875246E-02
 MESSAGE (watershell2_main): OUTER BULK BOUNDARY ( -9.293586794    ) IS TOO CLOSE TO SURFACE BOUNDARY ( -9.788490638    ). WILL RECOMPUTE:
 MESSAGE (watershell2_main): LOCATION OF OUTER BULK BOUNDARY SET TO  -9.291888075     A FROM PROTEIN. CONTOUR VALUE IS  0.8277287801E-03
 MESSAGE (watershell2_main): LOCATION OF INNER BULK BOUNDARY SET TO  -8.791888075     A FROM PROTEIN. CONTOUR VALUE IS  0.1889984389E-02
 MESSAGE (watershell2_main): REINITIALIZING VOLUME COMPUTATION GRID.
 MESSAGE (ugrid_initialize):  Initialized grid in 3 dimensions
 ===================
  domain size (possibly adjusted) :
              1  :   -39.184688213320420      -   38.815311786679580
              2  :   -38.145167599740894      -   32.854832400259106
              3  :   -33.084537535808650      -   31.915462464191350
  discretization :
              1  :           79
              2  :           72
              3  :           66
  spacing (possibly adjusted) :
              1  :    1.0000000000000000
              2  :    1.0000000000000000
              3  :    1.0000000000000000
 ===================
 MESSAGE (watershell2_main): OUTER BULK BOUNDARY ( -9.291888075    ) IS TOO CLOSE TO SURFACE BOUNDARY ( -9.786795433    ). WILL RECOMPUTE:
 MESSAGE (watershell2_main): LOCATION OF OUTER BULK BOUNDARY SET TO  -9.290190528     A FROM PROTEIN. CONTOUR VALUE IS  0.8301338114E-03
 MESSAGE (watershell2_main): LOCATION OF INNER BULK BOUNDARY SET TO  -8.790190528     A FROM PROTEIN. CONTOUR VALUE IS  0.1895102581E-02
 MESSAGE (watershell2_main): OUTER BULK BOUNDARY ( -9.290190528    ) IS TOO CLOSE TO SURFACE BOUNDARY ( -9.785101053    ). WILL RECOMPUTE:
 MESSAGE (watershell2_main): LOCATION OF OUTER BULK BOUNDARY SET TO  -9.288494036     A FROM PROTEIN. CONTOUR VALUE IS  0.8325437708E-03
 MESSAGE (watershell2_main): LOCATION OF INNER BULK BOUNDARY SET TO  -8.788494036     A FROM PROTEIN. CONTOUR VALUE IS  0.1900230172E-02
 MESSAGE (watershell2_main): OUTER BULK BOUNDARY ( -9.288494036    ) IS TOO CLOSE TO SURFACE BOUNDARY ( -9.783409202    ). WILL RECOMPUTE:
 MESSAGE (watershell2_main): LOCATION OF OUTER BULK BOUNDARY SET TO  -9.286799092     A FROM PROTEIN. CONTOUR VALUE IS  0.8349579609E-03
 MESSAGE (watershell2_main): LOCATION OF INNER BULK BOUNDARY SET TO  -8.786799092     A FROM PROTEIN. CONTOUR VALUE IS  0.1905365675E-02
 MESSAGE (watershell2_main): OUTER BULK BOUNDARY ( -9.286799092    ) IS TOO CLOSE TO SURFACE BOUNDARY ( -9.781718762    ). WILL RECOMPUTE:
 MESSAGE (watershell2_main): LOCATION OF OUTER BULK BOUNDARY SET TO  -9.285105648     A FROM PROTEIN. CONTOUR VALUE IS  0.8373764446E-03
 MESSAGE (watershell2_main): LOCATION OF INNER BULK BOUNDARY SET TO  -8.785105648     A FROM PROTEIN. CONTOUR VALUE IS  0.1910509221E-02
 MESSAGE (watershell2_main): OUTER BULK BOUNDARY ( -9.285105648    ) IS TOO CLOSE TO SURFACE BOUNDARY ( -9.780031143    ). WILL RECOMPUTE:
 MESSAGE (watershell2_main): LOCATION OF OUTER BULK BOUNDARY SET TO  -9.283414147     A FROM PROTEIN. CONTOUR VALUE IS  0.8397985897E-03
 MESSAGE (watershell2_main): LOCATION OF INNER BULK BOUNDARY SET TO  -8.783414147     A FROM PROTEIN. CONTOUR VALUE IS  0.1915659463E-02
 MESSAGE (watershell2_main): OUTER BULK BOUNDARY ( -9.283414147    ) IS TOO CLOSE TO SURFACE BOUNDARY ( -9.778343494    ). WILL RECOMPUTE:
 MESSAGE (watershell2_main): LOCATION OF OUTER BULK BOUNDARY SET TO  -9.281723929     A FROM PROTEIN. CONTOUR VALUE IS  0.8422253339E-03
 MESSAGE (watershell2_main): LOCATION OF INNER BULK BOUNDARY SET TO  -8.781723929     A FROM PROTEIN. CONTOUR VALUE IS  0.1920818394E-02
 MESSAGE (watershell2_main): OUTER BULK BOUNDARY ( -9.281723929    ) IS TOO CLOSE TO SURFACE BOUNDARY ( -9.776655830    ). WILL RECOMPUTE:
 MESSAGE (watershell2_main): LOCATION OF OUTER BULK BOUNDARY SET TO  -9.280034563     A FROM PROTEIN. CONTOUR VALUE IS  0.8446573022E-03
 MESSAGE (watershell2_main): LOCATION OF INNER BULK BOUNDARY SET TO  -8.780034563     A FROM PROTEIN. CONTOUR VALUE IS  0.1925987337E-02
 MESSAGE (watershell2_main): OUTER BULK BOUNDARY ( -9.280034563    ) IS TOO CLOSE TO SURFACE BOUNDARY ( -9.774968806    ). WILL RECOMPUTE:
 MESSAGE (watershell2_main): LOCATION OF OUTER BULK BOUNDARY SET TO  -9.278345977     A FROM PROTEIN. CONTOUR VALUE IS  0.8470946019E-03
 MESSAGE (watershell2_main): LOCATION OF INNER BULK BOUNDARY SET TO  -8.778345977     A FROM PROTEIN. CONTOUR VALUE IS  0.1931166518E-02
 MESSAGE (watershell2_main): OUTER BULK BOUNDARY ( -9.278345977    ) IS TOO CLOSE TO SURFACE BOUNDARY ( -9.773282323    ). WILL RECOMPUTE:
 MESSAGE (watershell2_main): LOCATION OF OUTER BULK BOUNDARY SET TO  -9.276658092     A FROM PROTEIN. CONTOUR VALUE IS  0.8495373552E-03
 MESSAGE (watershell2_main): LOCATION OF INNER BULK BOUNDARY SET TO  -8.776658092     A FROM PROTEIN. CONTOUR VALUE IS  0.1936356191E-02
 MESSAGE (watershell2_main): OUTER BULK BOUNDARY ( -9.276658092    ) IS TOO CLOSE TO SURFACE BOUNDARY ( -9.771596924    ). WILL RECOMPUTE:
 MESSAGE (watershell2_main): LOCATION OF OUTER BULK BOUNDARY SET TO  -9.274971036     A FROM PROTEIN. CONTOUR VALUE IS  0.8519853843E-03
 MESSAGE (watershell2_main): LOCATION OF INNER BULK BOUNDARY SET TO  -8.774971036     A FROM PROTEIN. CONTOUR VALUE IS  0.1941555975E-02
 MESSAGE (watershell2_main): OUTER BULK BOUNDARY ( -9.274971036    ) IS TOO CLOSE TO SURFACE BOUNDARY ( -9.769911659    ). WILL RECOMPUTE:
 MESSAGE (watershell2_main): LOCATION OF OUTER BULK BOUNDARY SET TO  -9.273284577     A FROM PROTEIN. CONTOUR VALUE IS  0.8544390316E-03
 MESSAGE (watershell2_main): LOCATION OF INNER BULK BOUNDARY SET TO  -8.773284577     A FROM PROTEIN. CONTOUR VALUE IS  0.1946766593E-02
 MESSAGE (watershell2_main): OUTER BULK BOUNDARY ( -9.273284577    ) IS TOO CLOSE TO SURFACE BOUNDARY ( -9.768226463    ). WILL RECOMPUTE:
 MESSAGE (watershell2_main): LOCATION OF OUTER BULK BOUNDARY SET TO  -9.271598539     A FROM PROTEIN. CONTOUR VALUE IS  0.8568985636E-03
 MESSAGE (watershell2_main): LOCATION OF INNER BULK BOUNDARY SET TO  -8.771598539     A FROM PROTEIN. CONTOUR VALUE IS  0.1951988606E-02
 MESSAGE (watershell2_main): OUTER BULK BOUNDARY ( -9.271598539    ) IS TOO CLOSE TO SURFACE BOUNDARY ( -9.766541116    ). WILL RECOMPUTE:
 MESSAGE (watershell2_main): LOCATION OF OUTER BULK BOUNDARY SET TO  -9.269912732     A FROM PROTEIN. CONTOUR VALUE IS  0.8593642695E-03
 MESSAGE (watershell2_main): LOCATION OF INNER BULK BOUNDARY SET TO  -8.769912732     A FROM PROTEIN. CONTOUR VALUE IS  0.1957222624E-02
 MESSAGE (watershell2_main): OUTER BULK BOUNDARY ( -9.269912732    ) IS TOO CLOSE TO SURFACE BOUNDARY ( -9.764857259    ). WILL RECOMPUTE:
 MESSAGE (watershell2_main): LOCATION OF OUTER BULK BOUNDARY SET TO  -9.268227574     A FROM PROTEIN. CONTOUR VALUE IS  0.8618355462E-03
 MESSAGE (watershell2_main): LOCATION OF INNER BULK BOUNDARY SET TO  -8.768227574     A FROM PROTEIN. CONTOUR VALUE IS  0.1962467361E-02
 MESSAGE (watershell2_main): OUTER BULK BOUNDARY ( -9.268227574    ) IS TOO CLOSE TO SURFACE BOUNDARY ( -9.763176380    ). WILL RECOMPUTE:
 MESSAGE (watershell2_main): LOCATION OF OUTER BULK BOUNDARY SET TO  -9.266543843     A FROM PROTEIN. CONTOUR VALUE IS  0.8643112587E-03
 MESSAGE (watershell2_main): LOCATION OF INNER BULK BOUNDARY SET TO  -8.766543843     A FROM PROTEIN. CONTOUR VALUE IS  0.1967720405E-02
 MESSAGE (watershell2_main): OUTER BULK BOUNDARY ( -9.266543843    ) IS TOO CLOSE TO SURFACE BOUNDARY ( -9.761496906    ). WILL RECOMPUTE:
 MESSAGE (watershell2_main): LOCATION OF OUTER BULK BOUNDARY SET TO  -9.264861530     A FROM PROTEIN. CONTOUR VALUE IS  0.8667914163E-03
 MESSAGE (watershell2_main): LOCATION OF INNER BULK BOUNDARY SET TO  -8.764861530     A FROM PROTEIN. CONTOUR VALUE IS  0.1972981773E-02
 MESSAGE (watershell2_main): OUTER BULK BOUNDARY ( -9.264861530    ) IS TOO CLOSE TO SURFACE BOUNDARY ( -9.759818135    ). WILL RECOMPUTE:
 MESSAGE (watershell2_main): LOCATION OF OUTER BULK BOUNDARY SET TO  -9.263180398     A FROM PROTEIN. CONTOUR VALUE IS  0.8692763714E-03
 MESSAGE (watershell2_main): LOCATION OF INNER BULK BOUNDARY SET TO  -8.763180398     A FROM PROTEIN. CONTOUR VALUE IS  0.1978252210E-02
 MESSAGE (watershell2_main): OUTER BULK BOUNDARY ( -9.263180398    ) IS TOO CLOSE TO SURFACE BOUNDARY ( -9.758142193    ). WILL RECOMPUTE:
 MESSAGE (watershell2_main): LOCATION OF OUTER BULK BOUNDARY SET TO  -9.261500997     A FROM PROTEIN. CONTOUR VALUE IS  0.8717653100E-03
 MESSAGE (watershell2_main): LOCATION OF INNER BULK BOUNDARY SET TO  -8.761500997     A FROM PROTEIN. CONTOUR VALUE IS  0.1983529985E-02
 MESSAGE (watershell2_main): OUTER BULK BOUNDARY ( -9.261500997    ) IS TOO CLOSE TO SURFACE BOUNDARY ( -9.756466678    ). WILL RECOMPUTE:
 MESSAGE (watershell2_main): LOCATION OF OUTER BULK BOUNDARY SET TO  -9.259822890     A FROM PROTEIN. CONTOUR VALUE IS  0.8742588738E-03
 MESSAGE (watershell2_main): LOCATION OF INNER BULK BOUNDARY SET TO  -8.759822890     A FROM PROTEIN. CONTOUR VALUE IS  0.1988816459E-02
 MESSAGE (watershell2_main): OUTER BULK BOUNDARY ( -9.259822890    ) IS TOO CLOSE TO SURFACE BOUNDARY ( -9.754792015    ). WILL RECOMPUTE:
 MESSAGE (watershell2_main): LOCATION OF OUTER BULK BOUNDARY SET TO  -9.258145932     A FROM PROTEIN. CONTOUR VALUE IS  0.8767572831E-03
 MESSAGE (watershell2_main): LOCATION OF INNER BULK BOUNDARY SET TO  -8.758145932     A FROM PROTEIN. CONTOUR VALUE IS  0.1994112093E-02
 MESSAGE (watershell2_main): OUTER BULK BOUNDARY ( -9.258145932    ) IS TOO CLOSE TO SURFACE BOUNDARY ( -9.753119082    ). WILL RECOMPUTE:
 MESSAGE (watershell2_main): LOCATION OF OUTER BULK BOUNDARY SET TO  -9.256470315     A FROM PROTEIN. CONTOUR VALUE IS  0.8792602501E-03
 MESSAGE (watershell2_main): LOCATION OF INNER BULK BOUNDARY SET TO  -8.756470315     A FROM PROTEIN. CONTOUR VALUE IS  0.1999416276E-02
 MESSAGE (watershell2_main): OUTER BULK BOUNDARY ( -9.256470315    ) IS TOO CLOSE TO SURFACE BOUNDARY ( -9.751447014    ). WILL RECOMPUTE:
 MESSAGE (watershell2_main): LOCATION OF OUTER BULK BOUNDARY SET TO  -9.254795882     A FROM PROTEIN. CONTOUR VALUE IS  0.8817680130E-03
 MESSAGE (watershell2_main): LOCATION OF INNER BULK BOUNDARY SET TO  -8.754795882     A FROM PROTEIN. CONTOUR VALUE IS  0.2004729509E-02
 MESSAGE (watershell2_main): OUTER BULK BOUNDARY ( -9.254795882    ) IS TOO CLOSE TO SURFACE BOUNDARY ( -9.749776067    ). WILL RECOMPUTE:
 MESSAGE (watershell2_main): LOCATION OF OUTER BULK BOUNDARY SET TO  -9.253122610     A FROM PROTEIN. CONTOUR VALUE IS  0.8842806042E-03
 MESSAGE (watershell2_main): LOCATION OF INNER BULK BOUNDARY SET TO  -8.753122610     A FROM PROTEIN. CONTOUR VALUE IS  0.2010051857E-02
 MESSAGE (watershell2_main): OUTER BULK BOUNDARY ( -9.253122610    ) IS TOO CLOSE TO SURFACE BOUNDARY ( -9.748106817    ). WILL RECOMPUTE:
 MESSAGE (watershell2_main): LOCATION OF OUTER BULK BOUNDARY SET TO  -9.251450679     A FROM PROTEIN. CONTOUR VALUE IS  0.8867977567E-03
 MESSAGE (watershell2_main): LOCATION OF INNER BULK BOUNDARY SET TO  -8.751450679     A FROM PROTEIN. CONTOUR VALUE IS  0.2015382751E-02
 MESSAGE (watershell2_main): OUTER BULK BOUNDARY ( -9.251450679    ) IS TOO CLOSE TO SURFACE BOUNDARY ( -9.746440962    ). WILL RECOMPUTE:
 MESSAGE (watershell2_main): LOCATION OF OUTER BULK BOUNDARY SET TO  -9.249780773     A FROM PROTEIN. CONTOUR VALUE IS  0.8893184350E-03
 MESSAGE (watershell2_main): LOCATION OF INNER BULK BOUNDARY SET TO  -8.749780773     A FROM PROTEIN. CONTOUR VALUE IS  0.2020719997E-02
 MESSAGE (watershell2_main): OUTER BULK BOUNDARY ( -9.249780773    ) IS TOO CLOSE TO SURFACE BOUNDARY ( -9.744777392    ). WILL RECOMPUTE:
 MESSAGE (watershell2_main): LOCATION OF OUTER BULK BOUNDARY SET TO  -9.248112980     A FROM PROTEIN. CONTOUR VALUE IS  0.8918424991E-03
 MESSAGE (watershell2_main): LOCATION OF INNER BULK BOUNDARY SET TO  -8.748112980     A FROM PROTEIN. CONTOUR VALUE IS  0.2026063296E-02
 MESSAGE (watershell2_main): OUTER BULK BOUNDARY ( -9.248112980    ) IS TOO CLOSE TO SURFACE BOUNDARY ( -9.742838382    ). WILL RECOMPUTE:
 MESSAGE (watershell2_main): LOCATION OF OUTER BULK BOUNDARY SET TO  -9.246354780     A FROM PROTEIN. CONTOUR VALUE IS  0.8945105152E-03
 MESSAGE (watershell2_main): LOCATION OF INNER BULK BOUNDARY SET TO  -8.746354780     A FROM PROTEIN. CONTOUR VALUE IS  0.2031710124E-02
 NONFATAL WARNING (watershell2_compute_density): DETECTED 1 POSSIBLE NEIGHBOR LIST MISS. NEIGHBOR LIST FACTOR IS   10.84060000
 MESSAGE (watershell2_main): OUTER BULK BOUNDARY ( -9.246354780    ) IS TOO CLOSE TO SURFACE BOUNDARY ( -9.741178879    ). WILL RECOMPUTE:
 MESSAGE (watershell2_main): LOCATION OF OUTER BULK BOUNDARY SET TO  -9.244629480     A FROM PROTEIN. CONTOUR VALUE IS  0.8971357399E-03
 MESSAGE (watershell2_main): LOCATION OF INNER BULK BOUNDARY SET TO  -8.744629480     A FROM PROTEIN. CONTOUR VALUE IS  0.2037265173E-02
 MESSAGE (watershell2_main): OUTER BULK BOUNDARY ( -9.244629480    ) IS TOO CLOSE TO SURFACE BOUNDARY ( -9.739521277    ). WILL RECOMPUTE:
 MESSAGE (watershell2_main): LOCATION OF OUTER BULK BOUNDARY SET TO  -9.242926746     A FROM PROTEIN. CONTOUR VALUE IS  0.8997335711E-03
 MESSAGE (watershell2_main): LOCATION OF INNER BULK BOUNDARY SET TO  -8.742926746     A FROM PROTEIN. CONTOUR VALUE IS  0.2042761078E-02
 MESSAGE (watershell2_main): OUTER BULK BOUNDARY ( -9.242926746    ) IS TOO CLOSE TO SURFACE BOUNDARY ( -9.737865575    ). WILL RECOMPUTE:
 MESSAGE (watershell2_main): LOCATION OF OUTER BULK BOUNDARY SET TO  -9.241239689     A FROM PROTEIN. CONTOUR VALUE IS  0.9023143020E-03
 MESSAGE (watershell2_main): LOCATION OF INNER BULK BOUNDARY SET TO  -8.741239689     A FROM PROTEIN. CONTOUR VALUE IS  0.2048219649E-02
 MESSAGE (watershell2_main): OUTER BULK BOUNDARY ( -9.241239689    ) IS TOO CLOSE TO SURFACE BOUNDARY ( -9.736212185    ). WILL RECOMPUTE:
 MESSAGE (watershell2_main): LOCATION OF OUTER BULK BOUNDARY SET TO  -9.239563854     A FROM PROTEIN. CONTOUR VALUE IS  0.9048846019E-03
 MESSAGE (watershell2_main): LOCATION OF INNER BULK BOUNDARY SET TO  -8.739563854     A FROM PROTEIN. CONTOUR VALUE IS  0.2053655014E-02
 MESSAGE (watershell2_main): OUTER BULK BOUNDARY ( -9.239563854    ) IS TOO CLOSE TO SURFACE BOUNDARY ( -9.734559760    ). WILL RECOMPUTE:
 MESSAGE (watershell2_main): LOCATION OF OUTER BULK BOUNDARY SET TO  -9.237895823     A FROM PROTEIN. CONTOUR VALUE IS  0.9074496158E-03
 MESSAGE (watershell2_main): LOCATION OF INNER BULK BOUNDARY SET TO  -8.737895823     A FROM PROTEIN. CONTOUR VALUE IS  0.2059078066E-02
 MESSAGE (watershell2_main): OUTER BULK BOUNDARY ( -9.237895823    ) IS TOO CLOSE TO SURFACE BOUNDARY ( -9.732634866    ). WILL RECOMPUTE:
 MESSAGE (watershell2_main): LOCATION OF OUTER BULK BOUNDARY SET TO  -9.236142170     A FROM PROTEIN. CONTOUR VALUE IS  0.9101534983E-03
 MESSAGE (watershell2_main): LOCATION OF INNER BULK BOUNDARY SET TO  -8.736142170     A FROM PROTEIN. CONTOUR VALUE IS  0.2064793496E-02
 MESSAGE (watershell2_main): OUTER BULK BOUNDARY ( -9.236142170    ) IS TOO CLOSE TO SURFACE BOUNDARY ( -9.730985280    ). WILL RECOMPUTE:
 MESSAGE (watershell2_main): LOCATION OF OUTER BULK BOUNDARY SET TO  -9.234423207     A FROM PROTEIN. CONTOUR VALUE IS  0.9128110811E-03
 MESSAGE (watershell2_main): LOCATION OF INNER BULK BOUNDARY SET TO  -8.734423207     A FROM PROTEIN. CONTOUR VALUE IS  0.2070409838E-02
 MESSAGE (watershell2_main): OUTER BULK BOUNDARY ( -9.234423207    ) IS TOO CLOSE TO SURFACE BOUNDARY ( -9.729335856    ). WILL RECOMPUTE:
 MESSAGE (watershell2_main): LOCATION OF OUTER BULK BOUNDARY SET TO  -9.232727423     A FROM PROTEIN. CONTOUR VALUE IS  0.9154398143E-03
 MESSAGE (watershell2_main): LOCATION OF INNER BULK BOUNDARY SET TO  -8.732727423     A FROM PROTEIN. CONTOUR VALUE IS  0.2075964026E-02
 MESSAGE (watershell2_main): OUTER BULK BOUNDARY ( -9.232727423    ) IS TOO CLOSE TO SURFACE BOUNDARY ( -9.727687902    ). WILL RECOMPUTE:
 MESSAGE (watershell2_main): LOCATION OF OUTER BULK BOUNDARY SET TO  -9.231047583     A FROM PROTEIN. CONTOUR VALUE IS  0.9180506915E-03
 MESSAGE (watershell2_main): LOCATION OF INNER BULK BOUNDARY SET TO  -8.731047583     A FROM PROTEIN. CONTOUR VALUE IS  0.2081479321E-02
 MESSAGE (watershell2_main): OUTER BULK BOUNDARY ( -9.231047583    ) IS TOO CLOSE TO SURFACE BOUNDARY ( -9.726039931    ). WILL RECOMPUTE:
 MESSAGE (watershell2_main): LOCATION OF OUTER BULK BOUNDARY SET TO  -9.229378366     A FROM PROTEIN. CONTOUR VALUE IS  0.9206518347E-03
 MESSAGE (watershell2_main): LOCATION OF INNER BULK BOUNDARY SET TO  -8.729378366     A FROM PROTEIN. CONTOUR VALUE IS  0.2086972903E-02
 MESSAGE (watershell2_main): OUTER BULK BOUNDARY ( -9.229378366    ) IS TOO CLOSE TO SURFACE BOUNDARY ( -9.724117262    ). WILL RECOMPUTE:
 MESSAGE (watershell2_main): LOCATION OF OUTER BULK BOUNDARY SET TO  -9.227624664     A FROM PROTEIN. CONTOUR VALUE IS  0.9233919244E-03
 MESSAGE (watershell2_main): LOCATION OF INNER BULK BOUNDARY SET TO  -8.727624664     A FROM PROTEIN. CONTOUR VALUE IS  0.2092758699E-02
 MESSAGE (watershell2_main): OUTER BULK BOUNDARY ( -9.227624664    ) IS TOO CLOSE TO SURFACE BOUNDARY ( -9.722470069    ). WILL RECOMPUTE:
 MESSAGE (watershell2_main): LOCATION OF OUTER BULK BOUNDARY SET TO  -9.225906466     A FROM PROTEIN. CONTOUR VALUE IS  0.9260838091E-03
 MESSAGE (watershell2_main): LOCATION OF INNER BULK BOUNDARY SET TO  -8.725906466     A FROM PROTEIN. CONTOUR VALUE IS  0.2098441475E-02
 MESSAGE (watershell2_main): OUTER BULK BOUNDARY ( -9.225906466    ) IS TOO CLOSE TO SURFACE BOUNDARY ( -9.720823084    ). WILL RECOMPUTE:
 MESSAGE (watershell2_main): LOCATION OF OUTER BULK BOUNDARY SET TO  -9.224212005     A FROM PROTEIN. CONTOUR VALUE IS  0.9287455649E-03
 MESSAGE (watershell2_main): LOCATION OF INNER BULK BOUNDARY SET TO  -8.724212005     A FROM PROTEIN. CONTOUR VALUE IS  0.2104059447E-02
 MESSAGE (watershell2_main): OUTER BULK BOUNDARY ( -9.224212005    ) IS TOO CLOSE TO SURFACE BOUNDARY ( -9.719176331    ). WILL RECOMPUTE:
 MESSAGE (watershell2_main): LOCATION OF OUTER BULK BOUNDARY SET TO  -9.222533447     A FROM PROTEIN. CONTOUR VALUE IS  0.9313892700E-03
 MESSAGE (watershell2_main): LOCATION OF INNER BULK BOUNDARY SET TO  -8.722533447     A FROM PROTEIN. CONTOUR VALUE IS  0.2109638143E-02
 MESSAGE (watershell2_main): OUTER BULK BOUNDARY ( -9.222533447    ) IS TOO CLOSE TO SURFACE BOUNDARY ( -9.717531928    ). WILL RECOMPUTE:
 MESSAGE (watershell2_main): LOCATION OF OUTER BULK BOUNDARY SET TO  -9.220866274     A FROM PROTEIN. CONTOUR VALUE IS  0.9340218869E-03
 MESSAGE (watershell2_main): LOCATION OF INNER BULK BOUNDARY SET TO  -8.720866274     A FROM PROTEIN. CONTOUR VALUE IS  0.2115192279E-02
 MESSAGE (watershell2_main): OUTER BULK BOUNDARY ( -9.220866274    ) IS TOO CLOSE TO SURFACE BOUNDARY ( -9.715616200    ). WILL RECOMPUTE:
 MESSAGE (watershell2_main): LOCATION OF OUTER BULK BOUNDARY SET TO  -9.219116249     A FROM PROTEIN. CONTOUR VALUE IS  0.9367926882E-03
 MESSAGE (watershell2_main): LOCATION OF INNER BULK BOUNDARY SET TO  -8.719116249     A FROM PROTEIN. CONTOUR VALUE IS  0.2121036699E-02
 MESSAGE (watershell2_main): OUTER BULK BOUNDARY ( -9.219116249    ) IS TOO CLOSE TO SURFACE BOUNDARY ( -9.713978480    ). WILL RECOMPUTE:
 MESSAGE (watershell2_main): LOCATION OF OUTER BULK BOUNDARY SET TO  -9.217403659     A FROM PROTEIN. CONTOUR VALUE IS  0.9395115292E-03
 MESSAGE (watershell2_main): LOCATION OF INNER BULK BOUNDARY SET TO  -8.717403659     A FROM PROTEIN. CONTOUR VALUE IS  0.2126770277E-02
 MESSAGE (watershell2_main): OUTER BULK BOUNDARY ( -9.217403659    ) IS TOO CLOSE TO SURFACE BOUNDARY ( -9.712342636    ). WILL RECOMPUTE:
 MESSAGE (watershell2_main): LOCATION OF OUTER BULK BOUNDARY SET TO  -9.215716652     A FROM PROTEIN. CONTOUR VALUE IS  0.9421968438E-03
 MESSAGE (watershell2_main): LOCATION OF INNER BULK BOUNDARY SET TO  -8.715716652     A FROM PROTEIN. CONTOUR VALUE IS  0.2132431951E-02
 MESSAGE (watershell2_main): OUTER BULK BOUNDARY ( -9.215716652    ) IS TOO CLOSE TO SURFACE BOUNDARY ( -9.710710544    ). WILL RECOMPUTE:
 MESSAGE (watershell2_main): LOCATION OF OUTER BULK BOUNDARY SET TO  -9.214047949     A FROM PROTEIN. CONTOUR VALUE IS  0.9448599561E-03
 MESSAGE (watershell2_main): LOCATION OF INNER BULK BOUNDARY SET TO  -8.714047949     A FROM PROTEIN. CONTOUR VALUE IS  0.2138045634E-02
 MESSAGE (watershell2_main): OUTER BULK BOUNDARY ( -9.214047949    ) IS TOO CLOSE TO SURFACE BOUNDARY ( -9.708806413    ). WILL RECOMPUTE:
 MESSAGE (watershell2_main): LOCATION OF OUTER BULK BOUNDARY SET TO  -9.212300770     A FROM PROTEIN. CONTOUR VALUE IS  0.9476557192E-03
 MESSAGE (watershell2_main): LOCATION OF INNER BULK BOUNDARY SET TO  -8.712300770     A FROM PROTEIN. CONTOUR VALUE IS  0.2143937679E-02
 MESSAGE (watershell2_main): OUTER BULK BOUNDARY ( -9.212300770    ) IS TOO CLOSE TO SURFACE BOUNDARY ( -9.707175134    ). WILL RECOMPUTE:
 MESSAGE (watershell2_main): LOCATION OF OUTER BULK BOUNDARY SET TO  -9.210592225     A FROM PROTEIN. CONTOUR VALUE IS  0.9503970106E-03
 MESSAGE (watershell2_main): LOCATION OF INNER BULK BOUNDARY SET TO  -8.710592225     A FROM PROTEIN. CONTOUR VALUE IS  0.2149713676E-02
 MESSAGE (watershell2_main): OUTER BULK BOUNDARY ( -9.210592225    ) IS TOO CLOSE TO SURFACE BOUNDARY ( -9.705548059    ). WILL RECOMPUTE:
 MESSAGE (watershell2_main): LOCATION OF OUTER BULK BOUNDARY SET TO  -9.208910836     A FROM PROTEIN. CONTOUR VALUE IS  0.9531018400E-03
 MESSAGE (watershell2_main): LOCATION OF INNER BULK BOUNDARY SET TO  -8.708910836     A FROM PROTEIN. CONTOUR VALUE IS  0.2155411638E-02
 MESSAGE (watershell2_main): OUTER BULK BOUNDARY ( -9.208910836    ) IS TOO CLOSE TO SURFACE BOUNDARY ( -9.703649124    ). WILL RECOMPUTE:
 MESSAGE (watershell2_main): LOCATION OF OUTER BULK BOUNDARY SET TO  -9.207156932     A FROM PROTEIN. CONTOUR VALUE IS  0.9559308579E-03
 MESSAGE (watershell2_main): LOCATION OF INNER BULK BOUNDARY SET TO  -8.707156932     A FROM PROTEIN. CONTOUR VALUE IS  0.2161369934E-02
 MESSAGE (watershell2_main): OUTER BULK BOUNDARY ( -9.207156932    ) IS TOO CLOSE TO SURFACE BOUNDARY ( -9.702021028    ). WILL RECOMPUTE:
 MESSAGE (watershell2_main): LOCATION OF OUTER BULK BOUNDARY SET TO  -9.205444964     A FROM PROTEIN. CONTOUR VALUE IS  0.9586996706E-03
 MESSAGE (watershell2_main): LOCATION OF INNER BULK BOUNDARY SET TO  -8.705444964     A FROM PROTEIN. CONTOUR VALUE IS  0.2167200166E-02
 MESSAGE (watershell2_main): OUTER BULK BOUNDARY ( -9.205444964    ) IS TOO CLOSE TO SURFACE BOUNDARY ( -9.700394698    ). WILL RECOMPUTE:
 MESSAGE (watershell2_main): LOCATION OF OUTER BULK BOUNDARY SET TO  -9.203761542     A FROM PROTEIN. CONTOUR VALUE IS  0.9614294963E-03
 MESSAGE (watershell2_main): LOCATION OF INNER BULK BOUNDARY SET TO  -8.703761542     A FROM PROTEIN. CONTOUR VALUE IS  0.2172947083E-02
 MESSAGE (watershell2_main): OUTER BULK BOUNDARY ( -9.203761542    ) IS TOO CLOSE TO SURFACE BOUNDARY ( -9.698498879    ). WILL RECOMPUTE:
 MESSAGE (watershell2_main): LOCATION OF OUTER BULK BOUNDARY SET TO  -9.202007321     A FROM PROTEIN. CONTOUR VALUE IS  0.9642817240E-03
 MESSAGE (watershell2_main): LOCATION OF INNER BULK BOUNDARY SET TO  -8.702007321     A FROM PROTEIN. CONTOUR VALUE IS  0.2178950393E-02
 MESSAGE (watershell2_main): OUTER BULK BOUNDARY ( -9.202007321    ) IS TOO CLOSE TO SURFACE BOUNDARY ( -9.696875680    ). WILL RECOMPUTE:
 MESSAGE (watershell2_main): LOCATION OF OUTER BULK BOUNDARY SET TO  -9.200296774     A FROM PROTEIN. CONTOUR VALUE IS  0.9670704229E-03
 MESSAGE (watershell2_main): LOCATION OF INNER BULK BOUNDARY SET TO  -8.700296774     A FROM PROTEIN. CONTOUR VALUE IS  0.2184818718E-02
 MESSAGE (watershell2_main): OUTER BULK BOUNDARY ( -9.200296774    ) IS TOO CLOSE TO SURFACE BOUNDARY ( -9.695253988    ). WILL RECOMPUTE:
 MESSAGE (watershell2_main): LOCATION OF OUTER BULK BOUNDARY SET TO  -9.198615845     A FROM PROTEIN. CONTOUR VALUE IS  0.9698180487E-03
 MESSAGE (watershell2_main): LOCATION OF INNER BULK BOUNDARY SET TO  -8.698615845     A FROM PROTEIN. CONTOUR VALUE IS  0.2190599385E-02
 MESSAGE (watershell2_main): OUTER BULK BOUNDARY ( -9.198615845    ) IS TOO CLOSE TO SURFACE BOUNDARY ( -9.693362690    ). WILL RECOMPUTE:
 MESSAGE (watershell2_main): LOCATION OF OUTER BULK BOUNDARY SET TO  -9.196864794     A FROM PROTEIN. CONTOUR VALUE IS  0.9726879195E-03
 MESSAGE (watershell2_main): LOCATION OF INNER BULK BOUNDARY SET TO  -8.696864794     A FROM PROTEIN. CONTOUR VALUE IS  0.2196635944E-02
 MESSAGE (watershell2_main): OUTER BULK BOUNDARY ( -9.196864794    ) IS TOO CLOSE TO SURFACE BOUNDARY ( -9.691742273    ). WILL RECOMPUTE:
 MESSAGE (watershell2_main): LOCATION OF OUTER BULK BOUNDARY SET TO  -9.195157287     A FROM PROTEIN. CONTOUR VALUE IS  0.9754939312E-03
 MESSAGE (watershell2_main): LOCATION OF INNER BULK BOUNDARY SET TO  -8.695157287     A FROM PROTEIN. CONTOUR VALUE IS  0.2202536904E-02
 MESSAGE (watershell2_main): OUTER BULK BOUNDARY ( -9.195157287    ) IS TOO CLOSE TO SURFACE BOUNDARY ( -9.690122846    ). WILL RECOMPUTE:
 MESSAGE (watershell2_main): LOCATION OF OUTER BULK BOUNDARY SET TO  -9.193479140     A FROM PROTEIN. CONTOUR VALUE IS  0.9782589357E-03
 MESSAGE (watershell2_main): LOCATION OF INNER BULK BOUNDARY SET TO  -8.693479140     A FROM PROTEIN. CONTOUR VALUE IS  0.2208350395E-02
 MESSAGE (watershell2_main): OUTER BULK BOUNDARY ( -9.193479140    ) IS TOO CLOSE TO SURFACE BOUNDARY ( -9.688234112    ). WILL RECOMPUTE:
 MESSAGE (watershell2_main): LOCATION OF OUTER BULK BOUNDARY SET TO  -9.191730797     A FROM PROTEIN. CONTOUR VALUE IS  0.9811472515E-03
 MESSAGE (watershell2_main): LOCATION OF INNER BULK BOUNDARY SET TO  -8.691730797     A FROM PROTEIN. CONTOUR VALUE IS  0.2214421851E-02
 MESSAGE (watershell2_main): OUTER BULK BOUNDARY ( -9.191730797    ) IS TOO CLOSE TO SURFACE BOUNDARY ( -9.686615297    ). WILL RECOMPUTE:
 MESSAGE (watershell2_main): LOCATION OF OUTER BULK BOUNDARY SET TO  -9.190025630     A FROM PROTEIN. CONTOUR VALUE IS  0.9839717800E-03
 MESSAGE (watershell2_main): LOCATION OF INNER BULK BOUNDARY SET TO  -8.690025630     A FROM PROTEIN. CONTOUR VALUE IS  0.2220357938E-02
 MESSAGE (watershell2_main): OUTER BULK BOUNDARY ( -9.190025630    ) IS TOO CLOSE TO SURFACE BOUNDARY ( -9.684997601    ). WILL RECOMPUTE:
 MESSAGE (watershell2_main): LOCATION OF OUTER BULK BOUNDARY SET TO  -9.188349620     A FROM PROTEIN. CONTOUR VALUE IS  0.9867552854E-03
 MESSAGE (watershell2_main): LOCATION OF INNER BULK BOUNDARY SET TO  -8.688349620     A FROM PROTEIN. CONTOUR VALUE IS  0.2226206573E-02
 MESSAGE (watershell2_main): OUTER BULK BOUNDARY ( -9.188349620    ) IS TOO CLOSE TO SURFACE BOUNDARY ( -9.683111593    ). WILL RECOMPUTE:
 MESSAGE (watershell2_main): LOCATION OF OUTER BULK BOUNDARY SET TO  -9.186603611     A FROM PROTEIN. CONTOUR VALUE IS  0.9896627321E-03
 MESSAGE (watershell2_main): LOCATION OF INNER BULK BOUNDARY SET TO  -8.686603611     A FROM PROTEIN. CONTOUR VALUE IS  0.2232314323E-02
 MESSAGE (watershell2_main): OUTER BULK BOUNDARY ( -9.186603611    ) IS TOO CLOSE TO SURFACE BOUNDARY ( -9.681498230    ). WILL RECOMPUTE:
 MESSAGE (watershell2_main): LOCATION OF OUTER BULK BOUNDARY SET TO  -9.184901818     A FROM PROTEIN. CONTOUR VALUE IS  0.9925041192E-03
 MESSAGE (watershell2_main): LOCATION OF INNER BULK BOUNDARY SET TO  -8.684901818     A FROM PROTEIN. CONTOUR VALUE IS  0.2238282013E-02
 MESSAGE (watershell2_main): OUTER BULK BOUNDARY ( -9.184901818    ) IS TOO CLOSE TO SURFACE BOUNDARY ( -9.679886107    ). WILL RECOMPUTE:
 MESSAGE (watershell2_main): LOCATION OF OUTER BULK BOUNDARY SET TO  -9.183229914     A FROM PROTEIN. CONTOUR VALUE IS  0.9953028913E-03
 MESSAGE (watershell2_main): LOCATION OF INNER BULK BOUNDARY SET TO  -8.683229914     A FROM PROTEIN. CONTOUR VALUE IS  0.2244158959E-02
 MESSAGE (watershell2_main): OUTER BULK BOUNDARY ( -9.183229914    ) IS TOO CLOSE TO SURFACE BOUNDARY ( -9.678008195    ). WILL RECOMPUTE:
 MESSAGE (watershell2_main): LOCATION OF OUTER BULK BOUNDARY SET TO  -9.181489341     A FROM PROTEIN. CONTOUR VALUE IS  0.9982243130E-03
 MESSAGE (watershell2_main): LOCATION OF INNER BULK BOUNDARY SET TO  -8.681489341     A FROM PROTEIN. CONTOUR VALUE IS  0.2250292139E-02
 MESSAGE (watershell2_main): OUTER BULK BOUNDARY ( -9.181489341    ) IS TOO CLOSE TO SURFACE BOUNDARY ( -9.676399559    ). WILL RECOMPUTE:
 MESSAGE (watershell2_main): LOCATION OF OUTER BULK BOUNDARY SET TO  -9.179792747     A FROM PROTEIN. CONTOUR VALUE IS  0.1001079493E-02
 MESSAGE (watershell2_main): LOCATION OF INNER BULK BOUNDARY SET TO  -8.679792747     A FROM PROTEIN. CONTOUR VALUE IS  0.2256284964E-02
 MESSAGE (watershell2_main): OUTER BULK BOUNDARY ( -9.179792747    ) IS TOO CLOSE TO SURFACE BOUNDARY ( -9.674791424    ). WILL RECOMPUTE:
 MESSAGE (watershell2_main): LOCATION OF OUTER BULK BOUNDARY SET TO  -9.178125639     A FROM PROTEIN. CONTOUR VALUE IS  0.1003892352E-02
 MESSAGE (watershell2_main): LOCATION OF INNER BULK BOUNDARY SET TO  -8.678125639     A FROM PROTEIN. CONTOUR VALUE IS  0.2262187718E-02
 MESSAGE (watershell2_main): OUTER BULK BOUNDARY ( -9.178125639    ) IS TOO CLOSE TO SURFACE BOUNDARY ( -9.672917008    ). WILL RECOMPUTE:
 MESSAGE (watershell2_main): LOCATION OF OUTER BULK BOUNDARY SET TO  -9.176389429     A FROM PROTEIN. CONTOUR VALUE IS  0.1006829516E-02
 MESSAGE (watershell2_main): LOCATION OF INNER BULK BOUNDARY SET TO  -8.676389429     A FROM PROTEIN. CONTOUR VALUE IS  0.2268350013E-02
 MESSAGE (watershell2_main): OUTER BULK BOUNDARY ( -9.176389429    ) IS TOO CLOSE TO SURFACE BOUNDARY ( -9.671310959    ). WILL RECOMPUTE:
 MESSAGE (watershell2_main): LOCATION OF OUTER BULK BOUNDARY SET TO  -9.174696606     A FROM PROTEIN. CONTOUR VALUE IS  0.1009700874E-02
 MESSAGE (watershell2_main): LOCATION OF INNER BULK BOUNDARY SET TO  -8.674696606     A FROM PROTEIN. CONTOUR VALUE IS  0.2274372952E-02
 MESSAGE (watershell2_main): OUTER BULK BOUNDARY ( -9.174696606    ) IS TOO CLOSE TO SURFACE BOUNDARY ( -9.669437997    ). WILL RECOMPUTE:
 MESSAGE (watershell2_main): LOCATION OF OUTER BULK BOUNDARY SET TO  -9.172943736     A FROM PROTEIN. CONTOUR VALUE IS  0.1012682001E-02
 MESSAGE (watershell2_main): LOCATION OF INNER BULK BOUNDARY SET TO  -8.672943736     A FROM PROTEIN. CONTOUR VALUE IS  0.2280624796E-02
 MESSAGE (watershell2_main): OUTER BULK BOUNDARY ( -9.172943736    ) IS TOO CLOSE TO SURFACE BOUNDARY ( -9.667834731    ). WILL RECOMPUTE:
 MESSAGE (watershell2_main): LOCATION OF OUTER BULK BOUNDARY SET TO  -9.171240734     A FROM PROTEIN. CONTOUR VALUE IS  0.1015586053E-02
 MESSAGE (watershell2_main): LOCATION OF INNER BULK BOUNDARY SET TO  -8.671240734     A FROM PROTEIN. CONTOUR VALUE IS  0.2286713684E-02
 MESSAGE (watershell2_main): OUTER BULK BOUNDARY ( -9.171240734    ) IS TOO CLOSE TO SURFACE BOUNDARY ( -9.666233123    ). WILL RECOMPUTE:
 MESSAGE (watershell2_main): LOCATION OF OUTER BULK BOUNDARY SET TO  -9.169571530     A FROM PROTEIN. CONTOUR VALUE IS  0.1018439886E-02
 MESSAGE (watershell2_main): LOCATION OF INNER BULK BOUNDARY SET TO  -8.669571530     A FROM PROTEIN. CONTOUR VALUE IS  0.2292696017E-02
 MESSAGE (watershell2_main): OUTER BULK BOUNDARY ( -9.169571530    ) IS TOO CLOSE TO SURFACE BOUNDARY ( -9.664366515    ). WILL RECOMPUTE:
 MESSAGE (watershell2_main): LOCATION OF OUTER BULK BOUNDARY SET TO  -9.167836525     A FROM PROTEIN. CONTOUR VALUE IS  0.1021414018E-02
 MESSAGE (watershell2_main): LOCATION OF INNER BULK BOUNDARY SET TO  -8.667836525     A FROM PROTEIN. CONTOUR VALUE IS  0.2298929198E-02
 MESSAGE (watershell2_main): OUTER BULK BOUNDARY ( -9.167836525    ) IS TOO CLOSE TO SURFACE BOUNDARY ( -9.662770308    ). WILL RECOMPUTE:
 MESSAGE (watershell2_main): LOCATION OF OUTER BULK BOUNDARY SET TO  -9.166147786     A FROM PROTEIN. CONTOUR VALUE IS  0.1024316494E-02
 MESSAGE (watershell2_main): LOCATION OF INNER BULK BOUNDARY SET TO  -8.666147786     A FROM PROTEIN. CONTOUR VALUE IS  0.2305010901E-02
 MESSAGE (watershell2_main): OUTER BULK BOUNDARY ( -9.166147786    ) IS TOO CLOSE TO SURFACE BOUNDARY ( -9.660908382    ). WILL RECOMPUTE:
 MESSAGE (watershell2_main): LOCATION OF OUTER BULK BOUNDARY SET TO  -9.164401318     A FROM PROTEIN. CONTOUR VALUE IS  0.1027326149E-02
 MESSAGE (watershell2_main): LOCATION OF INNER BULK BOUNDARY SET TO  -8.664401318     A FROM PROTEIN. CONTOUR VALUE IS  0.2311315827E-02
 MESSAGE (watershell2_main): OUTER BULK BOUNDARY ( -9.164401318    ) IS TOO CLOSE TO SURFACE BOUNDARY ( -9.659312809    ). WILL RECOMPUTE:
 MESSAGE (watershell2_main): LOCATION OF OUTER BULK BOUNDARY SET TO  -9.162705148     A FROM PROTEIN. CONTOUR VALUE IS  0.1030256892E-02
 MESSAGE (watershell2_main): LOCATION OF INNER BULK BOUNDARY SET TO  -8.662705148     A FROM PROTEIN. CONTOUR VALUE IS  0.2317454117E-02
 MESSAGE (watershell2_main): OUTER BULK BOUNDARY ( -9.162705148    ) IS TOO CLOSE TO SURFACE BOUNDARY ( -9.657453923    ). WILL RECOMPUTE:
 MESSAGE (watershell2_main): LOCATION OF OUTER BULK BOUNDARY SET TO  -9.160954740     A FROM PROTEIN. CONTOUR VALUE IS  0.1033289393E-02
 MESSAGE (watershell2_main): LOCATION OF INNER BULK BOUNDARY SET TO  -8.660954740     A FROM PROTEIN. CONTOUR VALUE IS  0.2323804166E-02
 MESSAGE (watershell2_main): OUTER BULK BOUNDARY ( -9.160954740    ) IS TOO CLOSE TO SURFACE BOUNDARY ( -9.655862772    ). WILL RECOMPUTE:
 MESSAGE (watershell2_main): LOCATION OF OUTER BULK BOUNDARY SET TO  -9.159257417     A FROM PROTEIN. CONTOUR VALUE IS  0.1036237745E-02
 MESSAGE (watershell2_main): LOCATION OF INNER BULK BOUNDARY SET TO  -8.659257417     A FROM PROTEIN. CONTOUR VALUE IS  0.2329976676E-02
 MESSAGE (watershell2_main): OUTER BULK BOUNDARY ( -9.159257417    ) IS TOO CLOSE TO SURFACE BOUNDARY ( -9.654010644    ). WILL RECOMPUTE:
 MESSAGE (watershell2_main): LOCATION OF OUTER BULK BOUNDARY SET TO  -9.157508493     A FROM PROTEIN. CONTOUR VALUE IS  0.1039283805E-02
 MESSAGE (watershell2_main): LOCATION OF INNER BULK BOUNDARY SET TO  -8.657508493     A FROM PROTEIN. CONTOUR VALUE IS  0.2336352366E-02
 MESSAGE (watershell2_main): OUTER BULK BOUNDARY ( -9.157508493    ) IS TOO CLOSE TO SURFACE BOUNDARY ( -9.652426768    ). WILL RECOMPUTE:
 MESSAGE (watershell2_main): LOCATION OF OUTER BULK BOUNDARY SET TO  -9.155814585     A FROM PROTEIN. CONTOUR VALUE IS  0.1042241874E-02
 MESSAGE (watershell2_main): LOCATION OF INNER BULK BOUNDARY SET TO  -8.655814585     A FROM PROTEIN. CONTOUR VALUE IS  0.2342542550E-02
 MESSAGE (watershell2_main): OUTER BULK BOUNDARY ( -9.155814585    ) IS TOO CLOSE TO SURFACE BOUNDARY ( -9.650580503    ). WILL RECOMPUTE:
 MESSAGE (watershell2_main): LOCATION OF OUTER BULK BOUNDARY SET TO  -9.154069891     A FROM PROTEIN. CONTOUR VALUE IS  0.1045296704E-02
 MESSAGE (watershell2_main): LOCATION OF INNER BULK BOUNDARY SET TO  -8.654069891     A FROM PROTEIN. CONTOUR VALUE IS  0.2348933844E-02
 MESSAGE (watershell2_main): OUTER BULK BOUNDARY ( -9.154069891    ) IS TOO CLOSE TO SURFACE BOUNDARY ( -9.648999568    ). WILL RECOMPUTE:
 MESSAGE (watershell2_main): LOCATION OF OUTER BULK BOUNDARY SET TO  -9.152379783     A FROM PROTEIN. CONTOUR VALUE IS  0.1048263787E-02
 MESSAGE (watershell2_main): LOCATION OF INNER BULK BOUNDARY SET TO  -8.652379783     A FROM PROTEIN. CONTOUR VALUE IS  0.2355140224E-02
 MESSAGE (watershell2_main): OUTER BULK BOUNDARY ( -9.152379783    ) IS TOO CLOSE TO SURFACE BOUNDARY ( -9.647158396    ). WILL RECOMPUTE:
 MESSAGE (watershell2_main): LOCATION OF OUTER BULK BOUNDARY SET TO  -9.150639321     A FROM PROTEIN. CONTOUR VALUE IS  0.1051327345E-02
 MESSAGE (watershell2_main): LOCATION OF INNER BULK BOUNDARY SET TO  -8.650639321     A FROM PROTEIN. CONTOUR VALUE IS  0.2361547027E-02
 MESSAGE (watershell2_main): OUTER BULK BOUNDARY ( -9.150639321    ) IS TOO CLOSE TO SURFACE BOUNDARY ( -9.645581741    ). WILL RECOMPUTE:
 MESSAGE (watershell2_main): LOCATION OF OUTER BULK BOUNDARY SET TO  -9.148953461     A FROM PROTEIN. CONTOUR VALUE IS  0.1054302620E-02
 MESSAGE (watershell2_main): LOCATION OF INNER BULK BOUNDARY SET TO  -8.648953461     A FROM PROTEIN. CONTOUR VALUE IS  0.2367767871E-02
 MESSAGE (watershell2_main): OUTER BULK BOUNDARY ( -9.148953461    ) IS TOO CLOSE TO SURFACE BOUNDARY ( -9.643744515    ). WILL RECOMPUTE:
 MESSAGE (watershell2_main): LOCATION OF OUTER BULK BOUNDARY SET TO  -9.147217145     A FROM PROTEIN. CONTOUR VALUE IS  0.1057375012E-02
 MESSAGE (watershell2_main): LOCATION OF INNER BULK BOUNDARY SET TO  -8.647217145     A FROM PROTEIN. CONTOUR VALUE IS  0.2374190400E-02
 MESSAGE (watershell2_main): OUTER BULK BOUNDARY ( -9.147217145    ) IS TOO CLOSE TO SURFACE BOUNDARY ( -9.642170297    ). WILL RECOMPUTE:
 MESSAGE (watershell2_main): LOCATION OF OUTER BULK BOUNDARY SET TO  -9.145534863     A FROM PROTEIN. CONTOUR VALUE IS  0.1060359626E-02
 MESSAGE (watershell2_main): LOCATION OF INNER BULK BOUNDARY SET TO  -8.645534863     A FROM PROTEIN. CONTOUR VALUE IS  0.2380428101E-02
 MESSAGE (watershell2_main): OUTER BULK BOUNDARY ( -9.145534863    ) IS TOO CLOSE TO SURFACE BOUNDARY ( -9.640334237    ). WILL RECOMPUTE:
 MESSAGE (watershell2_main): LOCATION OF OUTER BULK BOUNDARY SET TO  -9.143801321     A FROM PROTEIN. CONTOUR VALUE IS  0.1063443263E-02
 MESSAGE (watershell2_main): LOCATION OF INNER BULK BOUNDARY SET TO  -8.643801321     A FROM PROTEIN. CONTOUR VALUE IS  0.2386871380E-02
 MESSAGE (watershell2_main): OUTER BULK BOUNDARY ( -9.143801321    ) IS TOO CLOSE TO SURFACE BOUNDARY ( -9.638761544    ). WILL RECOMPUTE:
 MESSAGE (watershell2_main): LOCATION OF OUTER BULK BOUNDARY SET TO  -9.142121395     A FROM PROTEIN. CONTOUR VALUE IS  0.1066439372E-02
 MESSAGE (watershell2_main): LOCATION OF INNER BULK BOUNDARY SET TO  -8.642121395     A FROM PROTEIN. CONTOUR VALUE IS  0.2393130430E-02
 MESSAGE (watershell2_main): OUTER BULK BOUNDARY ( -9.142121395    ) IS TOO CLOSE TO SURFACE BOUNDARY ( -9.636928596    ). WILL RECOMPUTE:
 MESSAGE (watershell2_main): LOCATION OF OUTER BULK BOUNDARY SET TO  -9.140390462     A FROM PROTEIN. CONTOUR VALUE IS  0.1069534548E-02
 MESSAGE (watershell2_main): LOCATION OF INNER BULK BOUNDARY SET TO  -8.640390462     A FROM PROTEIN. CONTOUR VALUE IS  0.2399595059E-02
 NONFATAL WARNING (watershell2_compute_density): DETECTED 1 POSSIBLE NEIGHBOR LIST MISS. NEIGHBOR LIST FACTOR IS   10.93040000
 MESSAGE (watershell2_main): OUTER BULK BOUNDARY ( -9.140390462    ) IS TOO CLOSE TO SURFACE BOUNDARY ( -9.635358692    ). WILL RECOMPUTE:
 MESSAGE (watershell2_main): LOCATION OF OUTER BULK BOUNDARY SET TO  -9.138713205     A FROM PROTEIN. CONTOUR VALUE IS  0.1072541599E-02
 MESSAGE (watershell2_main): LOCATION OF INNER BULK BOUNDARY SET TO  -8.638713205     A FROM PROTEIN. CONTOUR VALUE IS  0.2405874290E-02
 MESSAGE (watershell2_main): OUTER BULK BOUNDARY ( -9.138713205    ) IS TOO CLOSE TO SURFACE BOUNDARY ( -9.633527039    ). WILL RECOMPUTE:
 MESSAGE (watershell2_main): LOCATION OF OUTER BULK BOUNDARY SET TO  -9.136984483     A FROM PROTEIN. CONTOUR VALUE IS  0.1075649032E-02
 MESSAGE (watershell2_main): LOCATION OF INNER BULK BOUNDARY SET TO  -8.636984483     A FROM PROTEIN. CONTOUR VALUE IS  0.2412361752E-02
 MESSAGE (watershell2_main): OUTER BULK BOUNDARY ( -9.136984483    ) IS TOO CLOSE TO SURFACE BOUNDARY ( -9.631958523    ). WILL RECOMPUTE:
 MESSAGE (watershell2_main): LOCATION OF OUTER BULK BOUNDARY SET TO  -9.135309163     A FROM PROTEIN. CONTOUR VALUE IS  0.1078668348E-02
 MESSAGE (watershell2_main): LOCATION OF INNER BULK BOUNDARY SET TO  -8.635309163     A FROM PROTEIN. CONTOUR VALUE IS  0.2418663909E-02
 MESSAGE (watershell2_main): OUTER BULK BOUNDARY ( -9.135309163    ) IS TOO CLOSE TO SURFACE BOUNDARY ( -9.630130304    ). WILL RECOMPUTE:
 MESSAGE (watershell2_main): LOCATION OF OUTER BULK BOUNDARY SET TO  -9.133582877     A FROM PROTEIN. CONTOUR VALUE IS  0.1081787645E-02
 MESSAGE (watershell2_main): LOCATION OF INNER BULK BOUNDARY SET TO  -8.633582877     A FROM PROTEIN. CONTOUR VALUE IS  0.2425173370E-02
 MESSAGE (watershell2_main): OUTER BULK BOUNDARY ( -9.133582877    ) IS TOO CLOSE TO SURFACE BOUNDARY ( -9.628566071    ). WILL RECOMPUTE:
 MESSAGE (watershell2_main): LOCATION OF OUTER BULK BOUNDARY SET TO  -9.131910608     A FROM PROTEIN. CONTOUR VALUE IS  0.1084817220E-02
 MESSAGE (watershell2_main): LOCATION OF INNER BULK BOUNDARY SET TO  -8.631910608     A FROM PROTEIN. CONTOUR VALUE IS  0.2431494251E-02
 MESSAGE (watershell2_main): OUTER BULK BOUNDARY ( -9.131910608    ) IS TOO CLOSE TO SURFACE BOUNDARY ( -9.626742768    ). WILL RECOMPUTE:
 MESSAGE (watershell2_main): LOCATION OF OUTER BULK BOUNDARY SET TO  -9.130187995     A FROM PROTEIN. CONTOUR VALUE IS  0.1087946136E-02
 MESSAGE (watershell2_main): LOCATION OF INNER BULK BOUNDARY SET TO  -8.630187995     A FROM PROTEIN. CONTOUR VALUE IS  0.2438021009E-02
 MESSAGE (watershell2_main): OUTER BULK BOUNDARY ( -9.130187995    ) IS TOO CLOSE TO SURFACE BOUNDARY ( -9.625181805    ). WILL RECOMPUTE:
 MESSAGE (watershell2_main): LOCATION OF OUTER BULK BOUNDARY SET TO  -9.128519265     A FROM PROTEIN. CONTOUR VALUE IS  0.1090985067E-02
 MESSAGE (watershell2_main): LOCATION OF INNER BULK BOUNDARY SET TO  -8.628519265     A FROM PROTEIN. CONTOUR VALUE IS  0.2444358719E-02
 MESSAGE (watershell2_main): OUTER BULK BOUNDARY ( -9.128519265    ) IS TOO CLOSE TO SURFACE BOUNDARY ( -9.623362572    ). WILL RECOMPUTE:
 MESSAGE (watershell2_main): LOCATION OF OUTER BULK BOUNDARY SET TO  -9.126800367     A FROM PROTEIN. CONTOUR VALUE IS  0.1094123494E-02
 MESSAGE (watershell2_main): LOCATION OF INNER BULK BOUNDARY SET TO  -8.626800367     A FROM PROTEIN. CONTOUR VALUE IS  0.2450902541E-02
 MESSAGE (watershell2_main): OUTER BULK BOUNDARY ( -9.126800367    ) IS TOO CLOSE TO SURFACE BOUNDARY ( -9.621543537    ). WILL RECOMPUTE:
 MESSAGE (watershell2_main): LOCATION OF OUTER BULK BOUNDARY SET TO  -9.125048090     A FROM PROTEIN. CONTOUR VALUE IS  0.1097331383E-02
 MESSAGE (watershell2_main): LOCATION OF INNER BULK BOUNDARY SET TO  -8.625048090     A FROM PROTEIN. CONTOUR VALUE IS  0.2457589745E-02
 MESSAGE (watershell2_main): OUTER BULK BOUNDARY ( -9.125048090    ) IS TOO CLOSE TO SURFACE BOUNDARY ( -9.619984233    ). WILL RECOMPUTE:
 MESSAGE (watershell2_main): LOCATION OF OUTER BULK BOUNDARY SET TO  -9.123360138     A FROM PROTEIN. CONTOUR VALUE IS  0.1100429665E-02
 MESSAGE (watershell2_main): LOCATION OF INNER BULK BOUNDARY SET TO  -8.623360138     A FROM PROTEIN. CONTOUR VALUE IS  0.2464047072E-02
 MESSAGE (watershell2_main): OUTER BULK BOUNDARY ( -9.123360138    ) IS TOO CLOSE TO SURFACE BOUNDARY ( -9.618167481    ). WILL RECOMPUTE:
 MESSAGE (watershell2_main): LOCATION OF OUTER BULK BOUNDARY SET TO  -9.121629252     A FROM PROTEIN. CONTOUR VALUE IS  0.1103615078E-02
 MESSAGE (watershell2_main): LOCATION OF INNER BULK BOUNDARY SET TO  -8.621629252     A FROM PROTEIN. CONTOUR VALUE IS  0.2470684574E-02
 MESSAGE (watershell2_main): OUTER BULK BOUNDARY ( -9.121629252    ) IS TOO CLOSE TO SURFACE BOUNDARY ( -9.616611164    ). WILL RECOMPUTE:
 MESSAGE (watershell2_main): LOCATION OF OUTER BULK BOUNDARY SET TO  -9.119956556     A FROM PROTEIN. CONTOUR VALUE IS  0.1106701433E-02
 MESSAGE (watershell2_main): LOCATION OF INNER BULK BOUNDARY SET TO  -8.619956556     A FROM PROTEIN. CONTOUR VALUE IS  0.2477114296E-02
 MESSAGE (watershell2_main): OUTER BULK BOUNDARY ( -9.119956556    ) IS TOO CLOSE TO SURFACE BOUNDARY ( -9.614796745    ). WILL RECOMPUTE:
 MESSAGE (watershell2_main): LOCATION OF OUTER BULK BOUNDARY SET TO  -9.118236619     A FROM PROTEIN. CONTOUR VALUE IS  0.1109883201E-02
 MESSAGE (watershell2_main): LOCATION OF INNER BULK BOUNDARY SET TO  -8.618236619     A FROM PROTEIN. CONTOUR VALUE IS  0.2483741385E-02
 MESSAGE (watershell2_main): OUTER BULK BOUNDARY ( -9.118236619    ) IS TOO CLOSE TO SURFACE BOUNDARY ( -9.612983036    ). WILL RECOMPUTE:
 MESSAGE (watershell2_main): LOCATION OF OUTER BULK BOUNDARY SET TO  -9.116485425     A FROM PROTEIN. CONTOUR VALUE IS  0.1113131406E-02
 MESSAGE (watershell2_main): LOCATION OF INNER BULK BOUNDARY SET TO  -8.616485425     A FROM PROTEIN. CONTOUR VALUE IS  0.2490505382E-02
 MESSAGE (watershell2_main): OUTER BULK BOUNDARY ( -9.116485425    ) IS TOO CLOSE TO SURFACE BOUNDARY ( -9.611429661    ). WILL RECOMPUTE:
 MESSAGE (watershell2_main): LOCATION OF OUTER BULK BOUNDARY SET TO  -9.114800170     A FROM PROTEIN. CONTOUR VALUE IS  0.1116265528E-02
 MESSAGE (watershell2_main): LOCATION OF INNER BULK BOUNDARY SET TO  -8.614800170     A FROM PROTEIN. CONTOUR VALUE IS  0.2497030410E-02
 MESSAGE (watershell2_main): OUTER BULK BOUNDARY ( -9.114800170    ) IS TOO CLOSE TO SURFACE BOUNDARY ( -9.609620031    ). WILL RECOMPUTE:
 MESSAGE (watershell2_main): LOCATION OF OUTER BULK BOUNDARY SET TO  -9.113073457     A FROM PROTEIN. CONTOUR VALUE IS  0.1119485137E-02
 MESSAGE (watershell2_main): LOCATION OF INNER BULK BOUNDARY SET TO  -8.613073457     A FROM PROTEIN. CONTOUR VALUE IS  0.2503731988E-02
 MESSAGE (watershell2_main): OUTER BULK BOUNDARY ( -9.113073457    ) IS TOO CLOSE TO SURFACE BOUNDARY ( -9.608069952    ). WILL RECOMPUTE:
 MESSAGE (watershell2_main): LOCATION OF OUTER BULK BOUNDARY SET TO  -9.111405622     A FROM PROTEIN. CONTOUR VALUE IS  0.1122603042E-02
 MESSAGE (watershell2_main): LOCATION OF INNER BULK BOUNDARY SET TO  -8.611405622     A FROM PROTEIN. CONTOUR VALUE IS  0.2510220492E-02
 MESSAGE (watershell2_main): OUTER BULK BOUNDARY ( -9.111405622    ) IS TOO CLOSE TO SURFACE BOUNDARY ( -9.606262066    ). WILL RECOMPUTE:
 MESSAGE (watershell2_main): LOCATION OF OUTER BULK BOUNDARY SET TO  -9.109691103     A FROM PROTEIN. CONTOUR VALUE IS  0.1125816513E-02
 MESSAGE (watershell2_main): LOCATION OF INNER BULK BOUNDARY SET TO  -8.609691103     A FROM PROTEIN. CONTOUR VALUE IS  0.2516906458E-02
 MESSAGE (watershell2_main): OUTER BULK BOUNDARY ( -9.109691103    ) IS TOO CLOSE TO SURFACE BOUNDARY ( -9.604454925    ). WILL RECOMPUTE:
 MESSAGE (watershell2_main): LOCATION OF OUTER BULK BOUNDARY SET TO  -9.107945711     A FROM PROTEIN. CONTOUR VALUE IS  0.1129096507E-02
 MESSAGE (watershell2_main): LOCATION OF INNER BULK BOUNDARY SET TO  -8.607945711     A FROM PROTEIN. CONTOUR VALUE IS  0.2523729355E-02
 MESSAGE (watershell2_main): OUTER BULK BOUNDARY ( -9.107945711    ) IS TOO CLOSE TO SURFACE BOUNDARY ( -9.602908560    ). WILL RECOMPUTE:
 MESSAGE (watershell2_main): LOCATION OF OUTER BULK BOUNDARY SET TO  -9.106266661     A FROM PROTEIN. CONTOUR VALUE IS  0.1132260090E-02
 MESSAGE (watershell2_main): LOCATION OF INNER BULK BOUNDARY SET TO  -8.606266661     A FROM PROTEIN. CONTOUR VALUE IS  0.2530308689E-02
 MESSAGE (watershell2_main): OUTER BULK BOUNDARY ( -9.106266661    ) IS TOO CLOSE TO SURFACE BOUNDARY ( -9.601106076    ). WILL RECOMPUTE:
 MESSAGE (watershell2_main): LOCATION OF OUTER BULK BOUNDARY SET TO  -9.104546466     A FROM PROTEIN. CONTOUR VALUE IS  0.1135509616E-02
 MESSAGE (watershell2_main): LOCATION OF INNER BULK BOUNDARY SET TO  -8.604546466     A FROM PROTEIN. CONTOUR VALUE IS  0.2537065325E-02
 MESSAGE (watershell2_main): OUTER BULK BOUNDARY ( -9.104546466    ) IS TOO CLOSE TO SURFACE BOUNDARY ( -9.599306088    ). WILL RECOMPUTE:
 MESSAGE (watershell2_main): LOCATION OF OUTER BULK BOUNDARY SET TO  -9.102799673     A FROM PROTEIN. CONTOUR VALUE IS  0.1138818131E-02
 MESSAGE (watershell2_main): LOCATION OF INNER BULK BOUNDARY SET TO  -8.602799673     A FROM PROTEIN. CONTOUR VALUE IS  0.2543943119E-02
 MESSAGE (watershell2_main): OUTER BULK BOUNDARY ( -9.102799673    ) IS TOO CLOSE TO SURFACE BOUNDARY ( -9.597766742    ). WILL RECOMPUTE:
 MESSAGE (watershell2_main): LOCATION OF OUTER BULK BOUNDARY SET TO  -9.101122029     A FROM PROTEIN. CONTOUR VALUE IS  0.1142003986E-02
 MESSAGE (watershell2_main): LOCATION OF INNER BULK BOUNDARY SET TO  -8.601122029     A FROM PROTEIN. CONTOUR VALUE IS  0.2550564511E-02
 MESSAGE (watershell2_main): OUTER BULK BOUNDARY ( -9.101122029    ) IS TOO CLOSE TO SURFACE BOUNDARY ( -9.595972718    ). WILL RECOMPUTE:
 MESSAGE (watershell2_main): LOCATION OF OUTER BULK BOUNDARY SET TO  -9.099405592     A FROM PROTEIN. CONTOUR VALUE IS  0.1145271960E-02
 MESSAGE (watershell2_main): LOCATION OF INNER BULK BOUNDARY SET TO  -8.599405592     A FROM PROTEIN. CONTOUR VALUE IS  0.2557355132E-02
 MESSAGE (watershell2_main): OUTER BULK BOUNDARY ( -9.099405592    ) IS TOO CLOSE TO SURFACE BOUNDARY ( -9.594181353    ). WILL RECOMPUTE:
 MESSAGE (watershell2_main): LOCATION OF OUTER BULK BOUNDARY SET TO  -9.097664179     A FROM PROTEIN. CONTOUR VALUE IS  0.1148596239E-02
 MESSAGE (watershell2_main): LOCATION OF INNER BULK BOUNDARY SET TO  -8.597664179     A FROM PROTEIN. CONTOUR VALUE IS  0.2564261259E-02
 MESSAGE (watershell2_main): OUTER BULK BOUNDARY ( -9.097664179    ) IS TOO CLOSE TO SURFACE BOUNDARY ( -9.592648687    ). WILL RECOMPUTE:
 MESSAGE (watershell2_main): LOCATION OF OUTER BULK BOUNDARY SET TO  -9.095992348     A FROM PROTEIN. CONTOUR VALUE IS  0.1151796005E-02
 MESSAGE (watershell2_main): LOCATION OF INNER BULK BOUNDARY SET TO  -8.595992348     A FROM PROTEIN. CONTOUR VALUE IS  0.2570907291E-02
 MESSAGE (watershell2_main): OUTER BULK BOUNDARY ( -9.095992348    ) IS TOO CLOSE TO SURFACE BOUNDARY ( -9.590861168    ). WILL RECOMPUTE:
 MESSAGE (watershell2_main): LOCATION OF OUTER BULK BOUNDARY SET TO  -9.094281955     A FROM PROTEIN. CONTOUR VALUE IS  0.1155078025E-02
 MESSAGE (watershell2_main): LOCATION OF INNER BULK BOUNDARY SET TO  -8.594281955     A FROM PROTEIN. CONTOUR VALUE IS  0.2577722728E-02
 MESSAGE (watershell2_main): OUTER BULK BOUNDARY ( -9.094281955    ) IS TOO CLOSE TO SURFACE BOUNDARY ( -9.589073501    ). WILL RECOMPUTE:
 MESSAGE (watershell2_main): LOCATION OF OUTER BULK BOUNDARY SET TO  -9.092545804     A FROM PROTEIN. CONTOUR VALUE IS  0.1158418231E-02
 MESSAGE (watershell2_main): LOCATION OF INNER BULK BOUNDARY SET TO  -8.592545804     A FROM PROTEIN. CONTOUR VALUE IS  0.2584657497E-02
 MESSAGE (watershell2_main): OUTER BULK BOUNDARY ( -9.092545804    ) IS TOO CLOSE TO SURFACE BOUNDARY ( -9.587544428    ). WILL RECOMPUTE:
 MESSAGE (watershell2_main): LOCATION OF OUTER BULK BOUNDARY SET TO  -9.090878679     A FROM PROTEIN. CONTOUR VALUE IS  0.1161633961E-02
 MESSAGE (watershell2_main): LOCATION OF INNER BULK BOUNDARY SET TO  -8.590878679     A FROM PROTEIN. CONTOUR VALUE IS  0.2591332416E-02
 MESSAGE (watershell2_main): OUTER BULK BOUNDARY ( -9.090878679    ) IS TOO CLOSE TO SURFACE BOUNDARY ( -9.585762245    ). WILL RECOMPUTE:
 MESSAGE (watershell2_main): LOCATION OF OUTER BULK BOUNDARY SET TO  -9.089173201     A FROM PROTEIN. CONTOUR VALUE IS  0.1164932130E-02
 MESSAGE (watershell2_main): LOCATION OF INNER BULK BOUNDARY SET TO  -8.589173201     A FROM PROTEIN. CONTOUR VALUE IS  0.2598177008E-02
 MESSAGE (watershell2_main): OUTER BULK BOUNDARY ( -9.089173201    ) IS TOO CLOSE TO SURFACE BOUNDARY ( -9.583982528    ). WILL RECOMPUTE:
 MESSAGE (watershell2_main): LOCATION OF OUTER BULK BOUNDARY SET TO  -9.087442976     A FROM PROTEIN. CONTOUR VALUE IS  0.1168286918E-02
 MESSAGE (watershell2_main): LOCATION OF INNER BULK BOUNDARY SET TO  -8.587442976     A FROM PROTEIN. CONTOUR VALUE IS  0.2605137604E-02
 MESSAGE (watershell2_main): OUTER BULK BOUNDARY ( -9.087442976    ) IS TOO CLOSE TO SURFACE BOUNDARY ( -9.582205029    ). WILL RECOMPUTE:
 MESSAGE (watershell2_main): LOCATION OF OUTER BULK BOUNDARY SET TO  -9.085696994     A FROM PROTEIN. CONTOUR VALUE IS  0.1171681228E-02
 MESSAGE (watershell2_main): LOCATION OF INNER BULK BOUNDARY SET TO  -8.585696994     A FROM PROTEIN. CONTOUR VALUE IS  0.2612178670E-02
 MESSAGE (watershell2_main): OUTER BULK BOUNDARY ( -9.085696994    ) IS TOO CLOSE TO SURFACE BOUNDARY ( -9.580682368    ). WILL RECOMPUTE:
 MESSAGE (watershell2_main): LOCATION OF OUTER BULK BOUNDARY SET TO  -9.084025452     A FROM PROTEIN. CONTOUR VALUE IS  0.1174939281E-02
 MESSAGE (watershell2_main): LOCATION OF INNER BULK BOUNDARY SET TO  -8.584025452     A FROM PROTEIN. CONTOUR VALUE IS  0.2618935644E-02
 MESSAGE (watershell2_main): OUTER BULK BOUNDARY ( -9.084025452    ) IS TOO CLOSE TO SURFACE BOUNDARY ( -9.578907309    ). WILL RECOMPUTE:
 MESSAGE (watershell2_main): LOCATION OF OUTER BULK BOUNDARY SET TO  -9.082319404     A FROM PROTEIN. CONTOUR VALUE IS  0.1178273144E-02
 MESSAGE (watershell2_main): LOCATION OF INNER BULK BOUNDARY SET TO  -8.582319404     A FROM PROTEIN. CONTOUR VALUE IS  0.2625848382E-02
 MESSAGE (watershell2_main): OUTER BULK BOUNDARY ( -9.082319404    ) IS TOO CLOSE TO SURFACE BOUNDARY ( -9.577133902    ). WILL RECOMPUTE:
 MESSAGE (watershell2_main): LOCATION OF OUTER BULK BOUNDARY SET TO  -9.080590903     A FROM PROTEIN. CONTOUR VALUE IS  0.1181659717E-02
 MESSAGE (watershell2_main): LOCATION OF INNER BULK BOUNDARY SET TO  -8.580590903     A FROM PROTEIN. CONTOUR VALUE IS  0.2632868904E-02
 NONFATAL WARNING (watershell2_compute_density): DETECTED 1 POSSIBLE NEIGHBOR LIST MISS. NEIGHBOR LIST FACTOR IS   11.02440000
 ==========================================================================================
 Iteration:                40000
 Surface boundary distance:         -9.5758674283547442      (contour value:   5.0465580416458877E-004 )
 Current avg. solvent contour val:  0.23873918871041108
 Surface energy:                     64.298011647586733
 Curvature energy:                   6.3680213355892104
 Surface curvature at solvent (min:ave:max): (  -8.6342838175172507E-002 :  -2.1336236662323090E-002 :  0.65855425202084705      )
 ======= FORCE STATISTICS ==============
 Total force applied to surface atoms:   -0.12976929759642244      -0.38242564490573971       -2.9532669555159892
 RMS of surface atom forces:               2.3798958874297834E-002
 Largest force acting on a surface atom:   3.7304177299918549E-002
 Total force applied to solvent atoms:     11.834454205553275       -7.9477146465158750        3.7525970951540608
 RMS of solvent atom forces:              0.21535348439569499
 Largest force acting on a solvent atom:   3.1787687825416535
 Rotational restraint energy:          0.27438778074077091
 Translational restraint energy:       0.44424375775114616
 Total rigid-body restraint energy:    0.71863153849191708
 =======================================
 Solute neighbor list search depth (min:ave:max): (          11 :   89.743687470223918      :         159 )
 ======= DENSITY STATISTICS ============
 # Solute atoms used for density:           159
 Target density (g/mL):             0.99700000000000000
 Simulation density (g/mL):         0.49048855820654885
 Instantaneous density (g/mL):      0.50013838314243653
 Volume of bulk solvent (Ang^3):     4906.0000000000000
 Mass of bulk solvent (amu):         1477.6399999999994
 Outer bulk boundary distance:      -9.0805909034053620      (contour value:   1.1816597167160214E-003 )
 Inner bulk boundary distance:      -8.5805909034053620      (contour value:   2.6328689036198560E-003 )
 ======================================
 MESSAGE (watershell2_main): WRITING RESTART FILE TO ("watershell0.restart.txt")
 MESSAGE (FILES_OPEN): Opening FORMATTED file "watershell0.restart.txt" for writing.
 MESSAGE (watershell2_main): OUTER BULK BOUNDARY ( -9.080590903    ) IS TOO CLOSE TO SURFACE BOUNDARY ( -9.575360917    ). WILL RECOMPUTE:
 MESSAGE (watershell2_main): LOCATION OF OUTER BULK BOUNDARY SET TO  -9.078847575     A FROM PROTEIN. CONTOUR VALUE IS  0.1185084368E-02
 MESSAGE (watershell2_main): LOCATION OF INNER BULK BOUNDARY SET TO  -8.578847575     A FROM PROTEIN. CONTOUR VALUE IS  0.2639966822E-02
 MESSAGE (watershell2_main): OUTER BULK BOUNDARY ( -9.078847575    ) IS TOO CLOSE TO SURFACE BOUNDARY ( -9.573841383    ). WILL RECOMPUTE:
 MESSAGE (watershell2_main): LOCATION OF OUTER BULK BOUNDARY SET TO  -9.077178844     A FROM PROTEIN. CONTOUR VALUE IS  0.1188370987E-02
 MESSAGE (watershell2_main): LOCATION OF INNER BULK BOUNDARY SET TO  -8.577178844     A FROM PROTEIN. CONTOUR VALUE IS  0.2646777203E-02
 MESSAGE (watershell2_main): OUTER BULK BOUNDARY ( -9.077178844    ) IS TOO CLOSE TO SURFACE BOUNDARY ( -9.572072368    ). WILL RECOMPUTE:
 MESSAGE (watershell2_main): LOCATION OF OUTER BULK BOUNDARY SET TO  -9.075476685     A FROM PROTEIN. CONTOUR VALUE IS  0.1191732041E-02
 MESSAGE (watershell2_main): LOCATION OF INNER BULK BOUNDARY SET TO  -8.575476685     A FROM PROTEIN. CONTOUR VALUE IS  0.2653740354E-02
 MESSAGE (watershell2_main): OUTER BULK BOUNDARY ( -9.075476685    ) IS TOO CLOSE TO SURFACE BOUNDARY ( -9.570305076    ). WILL RECOMPUTE:
 MESSAGE (watershell2_main): LOCATION OF OUTER BULK BOUNDARY SET TO  -9.073752815     A FROM PROTEIN. CONTOUR VALUE IS  0.1195144834E-02
 MESSAGE (watershell2_main): LOCATION OF INNER BULK BOUNDARY SET TO  -8.573752815     A FROM PROTEIN. CONTOUR VALUE IS  0.2660809182E-02
 MESSAGE (watershell2_main): OUTER BULK BOUNDARY ( -9.073752815    ) IS TOO CLOSE TO SURFACE BOUNDARY ( -9.568539240    ). WILL RECOMPUTE:
 MESSAGE (watershell2_main): LOCATION OF OUTER BULK BOUNDARY SET TO  -9.072014957     A FROM PROTEIN. CONTOUR VALUE IS  0.1198594377E-02
 MESSAGE (watershell2_main): LOCATION OF INNER BULK BOUNDARY SET TO  -8.572014957     A FROM PROTEIN. CONTOUR VALUE IS  0.2667952580E-02
 MESSAGE (watershell2_main): OUTER BULK BOUNDARY ( -9.072014957    ) IS TOO CLOSE TO SURFACE BOUNDARY ( -9.566777693    ). WILL RECOMPUTE:
 MESSAGE (watershell2_main): LOCATION OF OUTER BULK BOUNDARY SET TO  -9.070269202     A FROM PROTEIN. CONTOUR VALUE IS  0.1202068769E-02
 MESSAGE (watershell2_main): LOCATION OF INNER BULK BOUNDARY SET TO  -8.570269202     A FROM PROTEIN. CONTOUR VALUE IS  0.2675145868E-02
 MESSAGE (watershell2_main): OUTER BULK BOUNDARY ( -9.070269202    ) IS TOO CLOSE TO SURFACE BOUNDARY ( -9.565268195    ). WILL RECOMPUTE:
 MESSAGE (watershell2_main): LOCATION OF OUTER BULK BOUNDARY SET TO  -9.068602200     A FROM PROTEIN. CONTOUR VALUE IS  0.1205395033E-02
 MESSAGE (watershell2_main): LOCATION OF INNER BULK BOUNDARY SET TO  -8.568602200     A FROM PROTEIN. CONTOUR VALUE IS  0.2682031005E-02
 MESSAGE (watershell2_main): OUTER BULK BOUNDARY ( -9.068602200    ) IS TOO CLOSE TO SURFACE BOUNDARY ( -9.563507579    ). WILL RECOMPUTE:
 MESSAGE (watershell2_main): LOCATION OF OUTER BULK BOUNDARY SET TO  -9.066903993     A FROM PROTEIN. CONTOUR VALUE IS  0.1208792223E-02
 MESSAGE (watershell2_main): LOCATION OF INNER BULK BOUNDARY SET TO  -8.566903993     A FROM PROTEIN. CONTOUR VALUE IS  0.2689061475E-02
 MESSAGE (watershell2_main): OUTER BULK BOUNDARY ( -9.066903993    ) IS TOO CLOSE TO SURFACE BOUNDARY ( -9.561747996    ). WILL RECOMPUTE:
 MESSAGE (watershell2_main): LOCATION OF OUTER BULK BOUNDARY SET TO  -9.065185327     A FROM PROTEIN. CONTOUR VALUE IS  0.1212239262E-02
 MESSAGE (watershell2_main): LOCATION OF INNER BULK BOUNDARY SET TO  -8.565185327     A FROM PROTEIN. CONTOUR VALUE IS  0.2696193581E-02
 MESSAGE (watershell2_main): OUTER BULK BOUNDARY ( -9.065185327    ) IS TOO CLOSE TO SURFACE BOUNDARY ( -9.559990396    ). WILL RECOMPUTE:
 MESSAGE (watershell2_main): LOCATION OF OUTER BULK BOUNDARY SET TO  -9.063453683     A FROM PROTEIN. CONTOUR VALUE IS  0.1215721428E-02
 MESSAGE (watershell2_main): LOCATION OF INNER BULK BOUNDARY SET TO  -8.563453683     A FROM PROTEIN. CONTOUR VALUE IS  0.2703396814E-02
 MESSAGE (watershell2_main): OUTER BULK BOUNDARY ( -9.063453683    ) IS TOO CLOSE TO SURFACE BOUNDARY ( -9.558234622    ). WILL RECOMPUTE:
 MESSAGE (watershell2_main): LOCATION OF OUTER BULK BOUNDARY SET TO  -9.061713996     A FROM PROTEIN. CONTOUR VALUE IS  0.1219228986E-02
 MESSAGE (watershell2_main): LOCATION OF INNER BULK BOUNDARY SET TO  -8.561713996     A FROM PROTEIN. CONTOUR VALUE IS  0.2710650997E-02
 MESSAGE (watershell2_main): OUTER BULK BOUNDARY ( -9.061713996    ) IS TOO CLOSE TO SURFACE BOUNDARY ( -9.556480880    ). WILL RECOMPUTE:
 MESSAGE (watershell2_main): LOCATION OF OUTER BULK BOUNDARY SET TO  -9.059969624     A FROM PROTEIN. CONTOUR VALUE IS  0.1222755289E-02
 MESSAGE (watershell2_main): LOCATION OF INNER BULK BOUNDARY SET TO  -8.559969624     A FROM PROTEIN. CONTOUR VALUE IS  0.2717942357E-02
 MESSAGE (watershell2_main): OUTER BULK BOUNDARY ( -9.059969624    ) IS TOO CLOSE TO SURFACE BOUNDARY ( -9.554728781    ). WILL RECOMPUTE:
 MESSAGE (watershell2_main): LOCATION OF OUTER BULK BOUNDARY SET TO  -9.058222677     A FROM PROTEIN. CONTOUR VALUE IS  0.1226296152E-02
 MESSAGE (watershell2_main): LOCATION OF INNER BULK BOUNDARY SET TO  -8.558222677     A FROM PROTEIN. CONTOUR VALUE IS  0.2725262225E-02
 MESSAGE (watershell2_main): OUTER BULK BOUNDARY ( -9.058222677    ) IS TOO CLOSE TO SURFACE BOUNDARY ( -9.552977096    ). WILL RECOMPUTE:
 MESSAGE (watershell2_main): LOCATION OF OUTER BULK BOUNDARY SET TO  -9.056474150     A FROM PROTEIN. CONTOUR VALUE IS  0.1229849610E-02
 MESSAGE (watershell2_main): LOCATION OF INNER BULK BOUNDARY SET TO  -8.556474150     A FROM PROTEIN. CONTOUR VALUE IS  0.2732606525E-02
 MESSAGE (watershell2_main): OUTER BULK BOUNDARY ( -9.056474150    ) IS TOO CLOSE TO SURFACE BOUNDARY ( -9.551224800    ). WILL RECOMPUTE:
 MESSAGE (watershell2_main): LOCATION OF OUTER BULK BOUNDARY SET TO  -9.054724366     A FROM PROTEIN. CONTOUR VALUE IS  0.1233415054E-02
 MESSAGE (watershell2_main): LOCATION OF INNER BULK BOUNDARY SET TO  -8.554724366     A FROM PROTEIN. CONTOUR VALUE IS  0.2739973983E-02
 MESSAGE (watershell2_main): OUTER BULK BOUNDARY ( -9.054724366    ) IS TOO CLOSE TO SURFACE BOUNDARY ( -9.549474839    ). WILL RECOMPUTE:
 MESSAGE (watershell2_main): LOCATION OF OUTER BULK BOUNDARY SET TO  -9.052974524     A FROM PROTEIN. CONTOUR VALUE IS  0.1236990076E-02
 MESSAGE (watershell2_main): LOCATION OF INNER BULK BOUNDARY SET TO  -8.552974524     A FROM PROTEIN. CONTOUR VALUE IS  0.2747359617E-02
 MESSAGE (watershell2_main): OUTER BULK BOUNDARY ( -9.052974524    ) IS TOO CLOSE TO SURFACE BOUNDARY ( -9.547725543    ). WILL RECOMPUTE:
 MESSAGE (watershell2_main): LOCATION OF OUTER BULK BOUNDARY SET TO  -9.051224864     A FROM PROTEIN. CONTOUR VALUE IS  0.1240574205E-02
 MESSAGE (watershell2_main): LOCATION OF INNER BULK BOUNDARY SET TO  -8.551224864     A FROM PROTEIN. CONTOUR VALUE IS  0.2754762444E-02
 MESSAGE (watershell2_main): OUTER BULK BOUNDARY ( -9.051224864    ) IS TOO CLOSE TO SURFACE BOUNDARY ( -9.545976617    ). WILL RECOMPUTE:
 MESSAGE (watershell2_main): LOCATION OF OUTER BULK BOUNDARY SET TO  -9.049475448     A FROM PROTEIN. CONTOUR VALUE IS  0.1244167331E-02
 MESSAGE (watershell2_main): LOCATION OF INNER BULK BOUNDARY SET TO  -8.549475448     A FROM PROTEIN. CONTOUR VALUE IS  0.2762182229E-02
 MESSAGE (watershell2_main): OUTER BULK BOUNDARY ( -9.049475448    ) IS TOO CLOSE TO SURFACE BOUNDARY ( -9.544228380    ). WILL RECOMPUTE:
 MESSAGE (watershell2_main): LOCATION OF OUTER BULK BOUNDARY SET TO  -9.047726425     A FROM PROTEIN. CONTOUR VALUE IS  0.1247769168E-02
 MESSAGE (watershell2_main): LOCATION OF INNER BULK BOUNDARY SET TO  -8.547726425     A FROM PROTEIN. CONTOUR VALUE IS  0.2769618375E-02
 MESSAGE (watershell2_main): OUTER BULK BOUNDARY ( -9.047726425    ) IS TOO CLOSE TO SURFACE BOUNDARY ( -9.542481131    ). WILL RECOMPUTE:
 MESSAGE (watershell2_main): LOCATION OF OUTER BULK BOUNDARY SET TO  -9.045977994     A FROM PROTEIN. CONTOUR VALUE IS  0.1251379321E-02
 MESSAGE (watershell2_main): LOCATION OF INNER BULK BOUNDARY SET TO  -8.545977994     A FROM PROTEIN. CONTOUR VALUE IS  0.2777070059E-02
 MESSAGE (watershell2_main): OUTER BULK BOUNDARY ( -9.045977994    ) IS TOO CLOSE TO SURFACE BOUNDARY ( -9.540734638    ). WILL RECOMPUTE:
 MESSAGE (watershell2_main): LOCATION OF OUTER BULK BOUNDARY SET TO  -9.044230209     A FROM PROTEIN. CONTOUR VALUE IS  0.1254997689E-02
 MESSAGE (watershell2_main): LOCATION OF INNER BULK BOUNDARY SET TO  -8.544230209     A FROM PROTEIN. CONTOUR VALUE IS  0.2784537067E-02
 MESSAGE (watershell2_main): OUTER BULK BOUNDARY ( -9.044230209    ) IS TOO CLOSE TO SURFACE BOUNDARY ( -9.538988239    ). WILL RECOMPUTE:
 MESSAGE (watershell2_main): LOCATION OF OUTER BULK BOUNDARY SET TO  -9.042482885     A FROM PROTEIN. CONTOUR VALUE IS  0.1258624667E-02
 MESSAGE (watershell2_main): LOCATION OF INNER BULK BOUNDARY SET TO  -8.542482885     A FROM PROTEIN. CONTOUR VALUE IS  0.2792020206E-02
 MESSAGE (watershell2_main): OUTER BULK BOUNDARY ( -9.042482885    ) IS TOO CLOSE TO SURFACE BOUNDARY ( -9.537244137    ). WILL RECOMPUTE:
 MESSAGE (watershell2_main): LOCATION OF OUTER BULK BOUNDARY SET TO  -9.040736636     A FROM PROTEIN. CONTOUR VALUE IS  0.1262258995E-02
 MESSAGE (watershell2_main): LOCATION OF INNER BULK BOUNDARY SET TO  -8.540736636     A FROM PROTEIN. CONTOUR VALUE IS  0.2799516871E-02
 MESSAGE (watershell2_main): OUTER BULK BOUNDARY ( -9.040736636    ) IS TOO CLOSE TO SURFACE BOUNDARY ( -9.535501920    ). WILL RECOMPUTE:
 MESSAGE (watershell2_main): LOCATION OF OUTER BULK BOUNDARY SET TO  -9.038991731     A FROM PROTEIN. CONTOUR VALUE IS  0.1265900113E-02
 MESSAGE (watershell2_main): LOCATION OF INNER BULK BOUNDARY SET TO  -8.538991731     A FROM PROTEIN. CONTOUR VALUE IS  0.2807025901E-02
 MESSAGE (watershell2_main): OUTER BULK BOUNDARY ( -9.038991731    ) IS TOO CLOSE TO SURFACE BOUNDARY ( -9.533762117    ). WILL RECOMPUTE:
 MESSAGE (watershell2_main): LOCATION OF OUTER BULK BOUNDARY SET TO  -9.037248526     A FROM PROTEIN. CONTOUR VALUE IS  0.1269547274E-02
 MESSAGE (watershell2_main): LOCATION OF INNER BULK BOUNDARY SET TO  -8.537248526     A FROM PROTEIN. CONTOUR VALUE IS  0.2814545752E-02
 MESSAGE (watershell2_main): OUTER BULK BOUNDARY ( -9.037248526    ) IS TOO CLOSE TO SURFACE BOUNDARY ( -9.532024819    ). WILL RECOMPUTE:
 MESSAGE (watershell2_main): LOCATION OF OUTER BULK BOUNDARY SET TO  -9.035507290     A FROM PROTEIN. CONTOUR VALUE IS  0.1273199909E-02
 MESSAGE (watershell2_main): LOCATION OF INNER BULK BOUNDARY SET TO  -8.535507290     A FROM PROTEIN. CONTOUR VALUE IS  0.2822075250E-02
 MESSAGE (watershell2_main): OUTER BULK BOUNDARY ( -9.035507290    ) IS TOO CLOSE TO SURFACE BOUNDARY ( -9.530288037    ). WILL RECOMPUTE:
 MESSAGE (watershell2_main): LOCATION OF OUTER BULK BOUNDARY SET TO  -9.033767539     A FROM PROTEIN. CONTOUR VALUE IS  0.1276859029E-02
 MESSAGE (watershell2_main): LOCATION OF INNER BULK BOUNDARY SET TO  -8.533767539     A FROM PROTEIN. CONTOUR VALUE IS  0.2829616472E-02
 MESSAGE (watershell2_main): OUTER BULK BOUNDARY ( -9.033767539    ) IS TOO CLOSE TO SURFACE BOUNDARY ( -9.528551387    ). WILL RECOMPUTE:
 MESSAGE (watershell2_main): LOCATION OF OUTER BULK BOUNDARY SET TO  -9.032028822     A FROM PROTEIN. CONTOUR VALUE IS  0.1280525582E-02
 MESSAGE (watershell2_main): LOCATION OF INNER BULK BOUNDARY SET TO  -8.532028822     A FROM PROTEIN. CONTOUR VALUE IS  0.2837171370E-02
 MESSAGE (watershell2_main): OUTER BULK BOUNDARY ( -9.032028822    ) IS TOO CLOSE TO SURFACE BOUNDARY ( -9.526815706    ). WILL RECOMPUTE:
 MESSAGE (watershell2_main): LOCATION OF OUTER BULK BOUNDARY SET TO  -9.030291117     A FROM PROTEIN. CONTOUR VALUE IS  0.1284199620E-02
 MESSAGE (watershell2_main): LOCATION OF INNER BULK BOUNDARY SET TO  -8.530291117     A FROM PROTEIN. CONTOUR VALUE IS  0.2844740044E-02
 MESSAGE (watershell2_main): OUTER BULK BOUNDARY ( -9.030291117    ) IS TOO CLOSE TO SURFACE BOUNDARY ( -9.525079907    ). WILL RECOMPUTE:
 MESSAGE (watershell2_main): LOCATION OF OUTER BULK BOUNDARY SET TO  -9.028554047     A FROM PROTEIN. CONTOUR VALUE IS  0.1287881948E-02
 MESSAGE (watershell2_main): LOCATION OF INNER BULK BOUNDARY SET TO  -8.528554047     A FROM PROTEIN. CONTOUR VALUE IS  0.2852324148E-02
 MESSAGE (watershell2_main): OUTER BULK BOUNDARY ( -9.028554047    ) IS TOO CLOSE TO SURFACE BOUNDARY ( -9.523343682    ). WILL RECOMPUTE:
 MESSAGE (watershell2_main): LOCATION OF OUTER BULK BOUNDARY SET TO  -9.026817259     A FROM PROTEIN. CONTOUR VALUE IS  0.1291573331E-02
 MESSAGE (watershell2_main): LOCATION OF INNER BULK BOUNDARY SET TO  -8.526817259     A FROM PROTEIN. CONTOUR VALUE IS  0.2859925250E-02
 MESSAGE (watershell2_main): OUTER BULK BOUNDARY ( -9.026817259    ) IS TOO CLOSE TO SURFACE BOUNDARY ( -9.521605437    ). WILL RECOMPUTE:
 MESSAGE (watershell2_main): LOCATION OF OUTER BULK BOUNDARY SET TO  -9.025079985     A FROM PROTEIN. CONTOUR VALUE IS  0.1295275425E-02
 MESSAGE (watershell2_main): LOCATION OF INNER BULK BOUNDARY SET TO  -8.525079985     A FROM PROTEIN. CONTOUR VALUE IS  0.2867546748E-02
 MESSAGE (watershell2_main): OUTER BULK BOUNDARY ( -9.025079985    ) IS TOO CLOSE TO SURFACE BOUNDARY ( -9.519866513    ). WILL RECOMPUTE:
 MESSAGE (watershell2_main): LOCATION OF OUTER BULK BOUNDARY SET TO  -9.023342161     A FROM PROTEIN. CONTOUR VALUE IS  0.1298988396E-02
 MESSAGE (watershell2_main): LOCATION OF INNER BULK BOUNDARY SET TO  -8.523342161     A FROM PROTEIN. CONTOUR VALUE IS  0.2875188980E-02
 MESSAGE (watershell2_main): OUTER BULK BOUNDARY ( -9.023342161    ) IS TOO CLOSE TO SURFACE BOUNDARY ( -9.518127630    ). WILL RECOMPUTE:
 MESSAGE (watershell2_main): LOCATION OF OUTER BULK BOUNDARY SET TO  -9.021603984     A FROM PROTEIN. CONTOUR VALUE IS  0.1302711856E-02
 MESSAGE (watershell2_main): LOCATION OF INNER BULK BOUNDARY SET TO  -8.521603984     A FROM PROTEIN. CONTOUR VALUE IS  0.2882851132E-02
 MESSAGE (watershell2_main): OUTER BULK BOUNDARY ( -9.021603984    ) IS TOO CLOSE TO SURFACE BOUNDARY ( -9.516389527    ). WILL RECOMPUTE:
 MESSAGE (watershell2_main): LOCATION OF OUTER BULK BOUNDARY SET TO  -9.019865832     A FROM PROTEIN. CONTOUR VALUE IS  0.1306445019E-02
 MESSAGE (watershell2_main): LOCATION OF INNER BULK BOUNDARY SET TO  -8.519865832     A FROM PROTEIN. CONTOUR VALUE IS  0.2890531584E-02
 MESSAGE (watershell2_main): OUTER BULK BOUNDARY ( -9.019865832    ) IS TOO CLOSE TO SURFACE BOUNDARY ( -9.514651007    ). WILL RECOMPUTE:
 MESSAGE (watershell2_main): LOCATION OF OUTER BULK BOUNDARY SET TO  -9.018127557     A FROM PROTEIN. CONTOUR VALUE IS  0.1310188227E-02
 MESSAGE (watershell2_main): LOCATION OF INNER BULK BOUNDARY SET TO  -8.518127557     A FROM PROTEIN. CONTOUR VALUE IS  0.2898231024E-02
 MESSAGE (watershell2_main): OUTER BULK BOUNDARY ( -9.018127557    ) IS TOO CLOSE TO SURFACE BOUNDARY ( -9.512913757    ). WILL RECOMPUTE:
 MESSAGE (watershell2_main): LOCATION OF OUTER BULK BOUNDARY SET TO  -9.016389624     A FROM PROTEIN. CONTOUR VALUE IS  0.1313940500E-02
 MESSAGE (watershell2_main): LOCATION OF INNER BULK BOUNDARY SET TO  -8.516389624     A FROM PROTEIN. CONTOUR VALUE IS  0.2905947434E-02
 MESSAGE (watershell2_main): OUTER BULK BOUNDARY ( -9.016389624    ) IS TOO CLOSE TO SURFACE BOUNDARY ( -9.511178290    ). WILL RECOMPUTE:
 MESSAGE (watershell2_main): LOCATION OF OUTER BULK BOUNDARY SET TO  -9.014652512     A FROM PROTEIN. CONTOUR VALUE IS  0.1317700814E-02
 MESSAGE (watershell2_main): LOCATION OF INNER BULK BOUNDARY SET TO  -8.514652512     A FROM PROTEIN. CONTOUR VALUE IS  0.2913678697E-02
 MESSAGE (watershell2_main): OUTER BULK BOUNDARY ( -9.014652512    ) IS TOO CLOSE TO SURFACE BOUNDARY ( -9.509446706    ). WILL RECOMPUTE:
 MESSAGE (watershell2_main): LOCATION OF OUTER BULK BOUNDARY SET TO  -9.012917244     A FROM PROTEIN. CONTOUR VALUE IS  0.1321466960E-02
 MESSAGE (watershell2_main): LOCATION OF INNER BULK BOUNDARY SET TO  -8.512917244     A FROM PROTEIN. CONTOUR VALUE IS  0.2921420271E-02
 MESSAGE (watershell2_main): OUTER BULK BOUNDARY ( -9.012917244    ) IS TOO CLOSE TO SURFACE BOUNDARY ( -9.507716941    ). WILL RECOMPUTE:
 MESSAGE (watershell2_main): LOCATION OF OUTER BULK BOUNDARY SET TO  -9.011183810     A FROM PROTEIN. CONTOUR VALUE IS  0.1325238947E-02
 MESSAGE (watershell2_main): LOCATION OF INNER BULK BOUNDARY SET TO  -8.511183810     A FROM PROTEIN. CONTOUR VALUE IS  0.2929172169E-02
 MESSAGE (watershell2_main): OUTER BULK BOUNDARY ( -9.011183810    ) IS TOO CLOSE TO SURFACE BOUNDARY ( -9.505988651    ). WILL RECOMPUTE:
 MESSAGE (watershell2_main): LOCATION OF OUTER BULK BOUNDARY SET TO  -9.009452090     A FROM PROTEIN. CONTOUR VALUE IS  0.1329017029E-02
 MESSAGE (watershell2_main): LOCATION OF INNER BULK BOUNDARY SET TO  -8.509452090     A FROM PROTEIN. CONTOUR VALUE IS  0.2936934909E-02
 MESSAGE (watershell2_main): OUTER BULK BOUNDARY ( -9.009452090    ) IS TOO CLOSE TO SURFACE BOUNDARY ( -9.504261010    ). WILL RECOMPUTE:
 MESSAGE (watershell2_main): LOCATION OF OUTER BULK BOUNDARY SET TO  -9.007721730     A FROM PROTEIN. CONTOUR VALUE IS  0.1332801976E-02
 MESSAGE (watershell2_main): LOCATION OF INNER BULK BOUNDARY SET TO  -8.507721730     A FROM PROTEIN. CONTOUR VALUE IS  0.2944710071E-02
 MESSAGE (watershell2_main): OUTER BULK BOUNDARY ( -9.007721730    ) IS TOO CLOSE TO SURFACE BOUNDARY ( -9.502535266    ). WILL RECOMPUTE:
 MESSAGE (watershell2_main): LOCATION OF OUTER BULK BOUNDARY SET TO  -9.005992909     A FROM PROTEIN. CONTOUR VALUE IS  0.1336593396E-02
 MESSAGE (watershell2_main): LOCATION OF INNER BULK BOUNDARY SET TO  -8.505992909     A FROM PROTEIN. CONTOUR VALUE IS  0.2952496844E-02
 MESSAGE (watershell2_main): OUTER BULK BOUNDARY ( -9.005992909    ) IS TOO CLOSE TO SURFACE BOUNDARY ( -9.500810587    ). WILL RECOMPUTE:
 MESSAGE (watershell2_main): LOCATION OF OUTER BULK BOUNDARY SET TO  -9.004265468     A FROM PROTEIN. CONTOUR VALUE IS  0.1340391632E-02
 MESSAGE (watershell2_main): LOCATION OF INNER BULK BOUNDARY SET TO  -8.504265468     A FROM PROTEIN. CONTOUR VALUE IS  0.2960295929E-02
 MESSAGE (watershell2_main): OUTER BULK BOUNDARY ( -9.004265468    ) IS TOO CLOSE TO SURFACE BOUNDARY ( -9.499086673    ). WILL RECOMPUTE:
 MESSAGE (watershell2_main): LOCATION OF OUTER BULK BOUNDARY SET TO  -9.002539203     A FROM PROTEIN. CONTOUR VALUE IS  0.1344197136E-02
 MESSAGE (watershell2_main): LOCATION OF INNER BULK BOUNDARY SET TO  -8.502539203     A FROM PROTEIN. CONTOUR VALUE IS  0.2968108250E-02
 MESSAGE (watershell2_main): OUTER BULK BOUNDARY ( -9.002539203    ) IS TOO CLOSE TO SURFACE BOUNDARY ( -9.497365587    ). WILL RECOMPUTE:
 MESSAGE (watershell2_main): LOCATION OF OUTER BULK BOUNDARY SET TO  -9.000814664     A FROM PROTEIN. CONTOUR VALUE IS  0.1348008691E-02
 MESSAGE (watershell2_main): LOCATION OF INNER BULK BOUNDARY SET TO  -8.500814664     A FROM PROTEIN. CONTOUR VALUE IS  0.2975931307E-02
 MESSAGE (watershell2_main): OUTER BULK BOUNDARY ( -9.000814664    ) IS TOO CLOSE TO SURFACE BOUNDARY ( -9.495646605    ). WILL RECOMPUTE:
 MESSAGE (watershell2_main): LOCATION OF OUTER BULK BOUNDARY SET TO  -8.999091978     A FROM PROTEIN. CONTOUR VALUE IS  0.1351826012E-02
 MESSAGE (watershell2_main): LOCATION OF INNER BULK BOUNDARY SET TO  -8.499091978     A FROM PROTEIN. CONTOUR VALUE IS  0.2983764506E-02
 MESSAGE (watershell2_main): OUTER BULK BOUNDARY ( -8.999091978    ) IS TOO CLOSE TO SURFACE BOUNDARY ( -9.493929802    ). WILL RECOMPUTE:
 MESSAGE (watershell2_main): LOCATION OF OUTER BULK BOUNDARY SET TO  -8.997371253     A FROM PROTEIN. CONTOUR VALUE IS  0.1355648848E-02
 MESSAGE (watershell2_main): LOCATION OF INNER BULK BOUNDARY SET TO  -8.497371253     A FROM PROTEIN. CONTOUR VALUE IS  0.2991607331E-02
 MESSAGE (watershell2_main): OUTER BULK BOUNDARY ( -8.997371253    ) IS TOO CLOSE TO SURFACE BOUNDARY ( -9.492214384    ). WILL RECOMPUTE:
 MESSAGE (watershell2_main): LOCATION OF OUTER BULK BOUNDARY SET TO  -8.995652297     A FROM PROTEIN. CONTOUR VALUE IS  0.1359477614E-02
 MESSAGE (watershell2_main): LOCATION OF INNER BULK BOUNDARY SET TO  -8.495652297     A FROM PROTEIN. CONTOUR VALUE IS  0.2999460635E-02
 MESSAGE (watershell2_main): OUTER BULK BOUNDARY ( -8.995652297    ) IS TOO CLOSE TO SURFACE BOUNDARY ( -9.490499038    ). WILL RECOMPUTE:
 MESSAGE (watershell2_main): LOCATION OF OUTER BULK BOUNDARY SET TO  -8.993934544     A FROM PROTEIN. CONTOUR VALUE IS  0.1363313570E-02
 MESSAGE (watershell2_main): LOCATION OF INNER BULK BOUNDARY SET TO  -8.493934544     A FROM PROTEIN. CONTOUR VALUE IS  0.3007326993E-02
 MESSAGE (watershell2_main): OUTER BULK BOUNDARY ( -8.993934544    ) IS TOO CLOSE TO SURFACE BOUNDARY ( -9.488783841    ). WILL RECOMPUTE:
 MESSAGE (watershell2_main): LOCATION OF OUTER BULK BOUNDARY SET TO  -8.992217643     A FROM PROTEIN. CONTOUR VALUE IS  0.1367157503E-02
 MESSAGE (watershell2_main): LOCATION OF INNER BULK BOUNDARY SET TO  -8.492217643     A FROM PROTEIN. CONTOUR VALUE IS  0.3015208017E-02
 MESSAGE (watershell2_main): OUTER BULK BOUNDARY ( -8.992217643    ) IS TOO CLOSE TO SURFACE BOUNDARY ( -9.487069226    ). WILL RECOMPUTE:
 MESSAGE (watershell2_main): LOCATION OF OUTER BULK BOUNDARY SET TO  -8.990501504     A FROM PROTEIN. CONTOUR VALUE IS  0.1371009625E-02
 MESSAGE (watershell2_main): LOCATION OF INNER BULK BOUNDARY SET TO  -8.490501504     A FROM PROTEIN. CONTOUR VALUE IS  0.3023104134E-02
 MESSAGE (watershell2_main): OUTER BULK BOUNDARY ( -8.990501504    ) IS TOO CLOSE TO SURFACE BOUNDARY ( -9.485357030    ). WILL RECOMPUTE:
 MESSAGE (watershell2_main): LOCATION OF OUTER BULK BOUNDARY SET TO  -8.988786679     A FROM PROTEIN. CONTOUR VALUE IS  0.1374868699E-02
 MESSAGE (watershell2_main): LOCATION OF INNER BULK BOUNDARY SET TO  -8.488786679     A FROM PROTEIN. CONTOUR VALUE IS  0.3031012804E-02
 MESSAGE (watershell2_main): OUTER BULK BOUNDARY ( -8.988786679    ) IS TOO CLOSE TO SURFACE BOUNDARY ( -9.483645691    ). WILL RECOMPUTE:
 MESSAGE (watershell2_main): LOCATION OF OUTER BULK BOUNDARY SET TO  -8.987073017     A FROM PROTEIN. CONTOUR VALUE IS  0.1378735071E-02
 MESSAGE (watershell2_main): LOCATION OF INNER BULK BOUNDARY SET TO  -8.487073017     A FROM PROTEIN. CONTOUR VALUE IS  0.3038934731E-02
 MESSAGE (watershell2_main): OUTER BULK BOUNDARY ( -8.987073017    ) IS TOO CLOSE TO SURFACE BOUNDARY ( -9.481934072    ). WILL RECOMPUTE:
 MESSAGE (watershell2_main): LOCATION OF OUTER BULK BOUNDARY SET TO  -8.985360035     A FROM PROTEIN. CONTOUR VALUE IS  0.1382609831E-02
 MESSAGE (watershell2_main): LOCATION OF INNER BULK BOUNDARY SET TO  -8.485360035     A FROM PROTEIN. CONTOUR VALUE IS  0.3046872142E-02
 MESSAGE (watershell2_main): OUTER BULK BOUNDARY ( -8.985360035    ) IS TOO CLOSE TO SURFACE BOUNDARY ( -9.480222286    ). WILL RECOMPUTE:
 MESSAGE (watershell2_main): LOCATION OF OUTER BULK BOUNDARY SET TO  -8.983647452     A FROM PROTEIN. CONTOUR VALUE IS  0.1386493633E-02
 MESSAGE (watershell2_main): LOCATION OF INNER BULK BOUNDARY SET TO  -8.483647452     A FROM PROTEIN. CONTOUR VALUE IS  0.3054826370E-02
 MESSAGE (watershell2_main): OUTER BULK BOUNDARY ( -8.983647452    ) IS TOO CLOSE TO SURFACE BOUNDARY ( -9.478510055    ). WILL RECOMPUTE:
 MESSAGE (watershell2_main): LOCATION OF OUTER BULK BOUNDARY SET TO  -8.981934986     A FROM PROTEIN. CONTOUR VALUE IS  0.1390387131E-02
 MESSAGE (watershell2_main): LOCATION OF INNER BULK BOUNDARY SET TO  -8.481934986     A FROM PROTEIN. CONTOUR VALUE IS  0.3062798749E-02
 MESSAGE (watershell2_main): OUTER BULK BOUNDARY ( -8.981934986    ) IS TOO CLOSE TO SURFACE BOUNDARY ( -9.476797268    ). WILL RECOMPUTE:
 MESSAGE (watershell2_main): LOCATION OF OUTER BULK BOUNDARY SET TO  -8.980222413     A FROM PROTEIN. CONTOUR VALUE IS  0.1394290859E-02
 MESSAGE (watershell2_main): LOCATION OF INNER BULK BOUNDARY SET TO  -8.480222413     A FROM PROTEIN. CONTOUR VALUE IS  0.3070790362E-02
 MESSAGE (watershell2_main): OUTER BULK BOUNDARY ( -8.980222413    ) IS TOO CLOSE TO SURFACE BOUNDARY ( -9.475085763    ). WILL RECOMPUTE:
 MESSAGE (watershell2_main): LOCATION OF OUTER BULK BOUNDARY SET TO  -8.978510197     A FROM PROTEIN. CONTOUR VALUE IS  0.1398203781E-02
 MESSAGE (watershell2_main): LOCATION OF INNER BULK BOUNDARY SET TO  -8.478510197     A FROM PROTEIN. CONTOUR VALUE IS  0.3078799081E-02
 MESSAGE (watershell2_main): OUTER BULK BOUNDARY ( -8.978510197    ) IS TOO CLOSE TO SURFACE BOUNDARY ( -9.473374881    ). WILL RECOMPUTE:
 MESSAGE (watershell2_main): LOCATION OF OUTER BULK BOUNDARY SET TO  -8.976798425     A FROM PROTEIN. CONTOUR VALUE IS  0.1402125711E-02
 MESSAGE (watershell2_main): LOCATION OF INNER BULK BOUNDARY SET TO  -8.476798425     A FROM PROTEIN. CONTOUR VALUE IS  0.3086824518E-02
 MESSAGE (watershell2_main): OUTER BULK BOUNDARY ( -8.976798425    ) IS TOO CLOSE TO SURFACE BOUNDARY ( -9.471665054    ). WILL RECOMPUTE:
 MESSAGE (watershell2_main): LOCATION OF OUTER BULK BOUNDARY SET TO  -8.975087301     A FROM PROTEIN. CONTOUR VALUE IS  0.1406056195E-02
 MESSAGE (watershell2_main): LOCATION OF INNER BULK BOUNDARY SET TO  -8.475087301     A FROM PROTEIN. CONTOUR VALUE IS  0.3094865737E-02
 MESSAGE (watershell2_main): OUTER BULK BOUNDARY ( -8.975087301    ) IS TOO CLOSE TO SURFACE BOUNDARY ( -9.469958763    ). WILL RECOMPUTE:
 MESSAGE (watershell2_main): LOCATION OF OUTER BULK BOUNDARY SET TO  -8.973377789     A FROM PROTEIN. CONTOUR VALUE IS  0.1409993025E-02
 MESSAGE (watershell2_main): LOCATION OF INNER BULK BOUNDARY SET TO  -8.473377789     A FROM PROTEIN. CONTOUR VALUE IS  0.3102918215E-02
 MESSAGE (watershell2_main): OUTER BULK BOUNDARY ( -8.973377789    ) IS TOO CLOSE TO SURFACE BOUNDARY ( -9.468255001    ). WILL RECOMPUTE:
 MESSAGE (watershell2_main): LOCATION OF OUTER BULK BOUNDARY SET TO  -8.971670193     A FROM PROTEIN. CONTOUR VALUE IS  0.1413935489E-02
 MESSAGE (watershell2_main): LOCATION OF INNER BULK BOUNDARY SET TO  -8.471670193     A FROM PROTEIN. CONTOUR VALUE IS  0.3110980494E-02
 MESSAGE (watershell2_main): OUTER BULK BOUNDARY ( -8.971670193    ) IS TOO CLOSE TO SURFACE BOUNDARY ( -9.466553398    ). WILL RECOMPUTE:
 MESSAGE (watershell2_main): LOCATION OF OUTER BULK BOUNDARY SET TO  -8.969964594     A FROM PROTEIN. CONTOUR VALUE IS  0.1417883388E-02
 MESSAGE (watershell2_main): LOCATION OF INNER BULK BOUNDARY SET TO  -8.469964594     A FROM PROTEIN. CONTOUR VALUE IS  0.3119052164E-02
 MESSAGE (watershell2_main): OUTER BULK BOUNDARY ( -8.969964594    ) IS TOO CLOSE TO SURFACE BOUNDARY ( -9.464854667    ). WILL RECOMPUTE:
 MESSAGE (watershell2_main): LOCATION OF OUTER BULK BOUNDARY SET TO  -8.968261285     A FROM PROTEIN. CONTOUR VALUE IS  0.1421836032E-02
 MESSAGE (watershell2_main): LOCATION OF INNER BULK BOUNDARY SET TO  -8.468261285     A FROM PROTEIN. CONTOUR VALUE IS  0.3127131811E-02
 MESSAGE (watershell2_main): OUTER BULK BOUNDARY ( -8.968261285    ) IS TOO CLOSE TO SURFACE BOUNDARY ( -9.463158217    ). WILL RECOMPUTE:
 MESSAGE (watershell2_main): LOCATION OF OUTER BULK BOUNDARY SET TO  -8.966560262     A FROM PROTEIN. CONTOUR VALUE IS  0.1425793409E-02
 MESSAGE (watershell2_main): LOCATION OF INNER BULK BOUNDARY SET TO  -8.466560262     A FROM PROTEIN. CONTOUR VALUE IS  0.3135219412E-02
 MESSAGE (watershell2_main): OUTER BULK BOUNDARY ( -8.966560262    ) IS TOO CLOSE TO SURFACE BOUNDARY ( -9.461462697    ). WILL RECOMPUTE:
 MESSAGE (watershell2_main): LOCATION OF OUTER BULK BOUNDARY SET TO  -8.964861074     A FROM PROTEIN. CONTOUR VALUE IS  0.1429756558E-02
 MESSAGE (watershell2_main): LOCATION OF INNER BULK BOUNDARY SET TO  -8.464861074     A FROM PROTEIN. CONTOUR VALUE IS  0.3143317085E-02
 MESSAGE (watershell2_main): OUTER BULK BOUNDARY ( -8.964861074    ) IS TOO CLOSE TO SURFACE BOUNDARY ( -9.459767910    ). WILL RECOMPUTE:
 MESSAGE (watershell2_main): LOCATION OF OUTER BULK BOUNDARY SET TO  -8.963163353     A FROM PROTEIN. CONTOUR VALUE IS  0.1433726329E-02
 MESSAGE (watershell2_main): LOCATION OF INNER BULK BOUNDARY SET TO  -8.463163353     A FROM PROTEIN. CONTOUR VALUE IS  0.3151426564E-02
 MESSAGE (watershell2_main): OUTER BULK BOUNDARY ( -8.963163353    ) IS TOO CLOSE TO SURFACE BOUNDARY ( -9.458074260    ). WILL RECOMPUTE:
 MESSAGE (watershell2_main): LOCATION OF OUTER BULK BOUNDARY SET TO  -8.961466988     A FROM PROTEIN. CONTOUR VALUE IS  0.1437702975E-02
 MESSAGE (watershell2_main): LOCATION OF INNER BULK BOUNDARY SET TO  -8.461466988     A FROM PROTEIN. CONTOUR VALUE IS  0.3159548365E-02
 MESSAGE (watershell2_main): OUTER BULK BOUNDARY ( -8.961466988    ) IS TOO CLOSE TO SURFACE BOUNDARY ( -9.456379194    ). WILL RECOMPUTE:
 MESSAGE (watershell2_main): LOCATION OF OUTER BULK BOUNDARY SET TO  -8.959771057     A FROM PROTEIN. CONTOUR VALUE IS  0.1441688670E-02
 MESSAGE (watershell2_main): LOCATION OF INNER BULK BOUNDARY SET TO  -8.459771057     A FROM PROTEIN. CONTOUR VALUE IS  0.3167686920E-02
 MESSAGE (watershell2_main): OUTER BULK BOUNDARY ( -8.959771057    ) IS TOO CLOSE TO SURFACE BOUNDARY ( -9.454683032    ). WILL RECOMPUTE:
 MESSAGE (watershell2_main): LOCATION OF OUTER BULK BOUNDARY SET TO  -8.958075049     A FROM PROTEIN. CONTOUR VALUE IS  0.1445684633E-02
 MESSAGE (watershell2_main): LOCATION OF INNER BULK BOUNDARY SET TO  -8.458075049     A FROM PROTEIN. CONTOUR VALUE IS  0.3175844708E-02
 MESSAGE (watershell2_main): OUTER BULK BOUNDARY ( -8.958075049    ) IS TOO CLOSE TO SURFACE BOUNDARY ( -9.452986660    ). WILL RECOMPUTE:
 MESSAGE (watershell2_main): LOCATION OF OUTER BULK BOUNDARY SET TO  -8.956378919     A FROM PROTEIN. CONTOUR VALUE IS  0.1449690991E-02
 MESSAGE (watershell2_main): LOCATION OF INNER BULK BOUNDARY SET TO  -8.456378919     A FROM PROTEIN. CONTOUR VALUE IS  0.3184021984E-02
 MESSAGE (watershell2_main): OUTER BULK BOUNDARY ( -8.956378919    ) IS TOO CLOSE TO SURFACE BOUNDARY ( -9.451291445    ). WILL RECOMPUTE:
 MESSAGE (watershell2_main): LOCATION OF OUTER BULK BOUNDARY SET TO  -8.954683094     A FROM PROTEIN. CONTOUR VALUE IS  0.1453706759E-02
 MESSAGE (watershell2_main): LOCATION OF INNER BULK BOUNDARY SET TO  -8.454683094     A FROM PROTEIN. CONTOUR VALUE IS  0.3192216727E-02
 MESSAGE (watershell2_main): OUTER BULK BOUNDARY ( -8.954683094    ) IS TOO CLOSE TO SURFACE BOUNDARY ( -9.449596811    ). WILL RECOMPUTE:
 MESSAGE (watershell2_main): LOCATION OF OUTER BULK BOUNDARY SET TO  -8.952987667     A FROM PROTEIN. CONTOUR VALUE IS  0.1457731736E-02
 MESSAGE (watershell2_main): LOCATION OF INNER BULK BOUNDARY SET TO  -8.452987667     A FROM PROTEIN. CONTOUR VALUE IS  0.3200428520E-02
 MESSAGE (watershell2_main): OUTER BULK BOUNDARY ( -8.952987667    ) IS TOO CLOSE TO SURFACE BOUNDARY ( -9.447902467    ). WILL RECOMPUTE:
 MESSAGE (watershell2_main): LOCATION OF OUTER BULK BOUNDARY SET TO  -8.951292600     A FROM PROTEIN. CONTOUR VALUE IS  0.1461766023E-02
 MESSAGE (watershell2_main): LOCATION OF INNER BULK BOUNDARY SET TO  -8.451292600     A FROM PROTEIN. CONTOUR VALUE IS  0.3208657560E-02
 MESSAGE (watershell2_main): OUTER BULK BOUNDARY ( -8.951292600    ) IS TOO CLOSE TO SURFACE BOUNDARY ( -9.446209845    ). WILL RECOMPUTE:
 MESSAGE (watershell2_main): LOCATION OF OUTER BULK BOUNDARY SET TO  -8.949598348     A FROM PROTEIN. CONTOUR VALUE IS  0.1465808550E-02
 MESSAGE (watershell2_main): LOCATION OF INNER BULK BOUNDARY SET TO  -8.449598348     A FROM PROTEIN. CONTOUR VALUE IS  0.3216901663E-02
 MESSAGE (watershell2_main): OUTER BULK BOUNDARY ( -8.949598348    ) IS TOO CLOSE TO SURFACE BOUNDARY ( -9.444517380    ). WILL RECOMPUTE:
 MESSAGE (watershell2_main): LOCATION OF OUTER BULK BOUNDARY SET TO  -8.947904692     A FROM PROTEIN. CONTOUR VALUE IS  0.1469859853E-02
 MESSAGE (watershell2_main): LOCATION OF INNER BULK BOUNDARY SET TO  -8.447904692     A FROM PROTEIN. CONTOUR VALUE IS  0.3225161911E-02
 MESSAGE (watershell2_main): OUTER BULK BOUNDARY ( -8.947904692    ) IS TOO CLOSE TO SURFACE BOUNDARY ( -9.442824741    ). WILL RECOMPUTE:
 MESSAGE (watershell2_main): LOCATION OF OUTER BULK BOUNDARY SET TO  -8.946211375     A FROM PROTEIN. CONTOUR VALUE IS  0.1473920560E-02
 MESSAGE (watershell2_main): LOCATION OF INNER BULK BOUNDARY SET TO  -8.446211375     A FROM PROTEIN. CONTOUR VALUE IS  0.3233439577E-02
 MESSAGE (watershell2_main): OUTER BULK BOUNDARY ( -8.946211375    ) IS TOO CLOSE TO SURFACE BOUNDARY ( -9.441139230    ). WILL RECOMPUTE:
 MESSAGE (watershell2_main): LOCATION OF OUTER BULK BOUNDARY SET TO  -8.944520660     A FROM PROTEIN. CONTOUR VALUE IS  0.1477985238E-02
 MESSAGE (watershell2_main): LOCATION OF INNER BULK BOUNDARY SET TO  -8.444520660     A FROM PROTEIN. CONTOUR VALUE IS  0.3241723586E-02
 MESSAGE (watershell2_main): OUTER BULK BOUNDARY ( -8.944520660    ) IS TOO CLOSE TO SURFACE BOUNDARY ( -9.439454724    ). WILL RECOMPUTE:
 MESSAGE (watershell2_main): LOCATION OF OUTER BULK BOUNDARY SET TO  -8.942832015     A FROM PROTEIN. CONTOUR VALUE IS  0.1482055149E-02
 MESSAGE (watershell2_main): LOCATION OF INNER BULK BOUNDARY SET TO  -8.442832015     A FROM PROTEIN. CONTOUR VALUE IS  0.3250016506E-02
 MESSAGE (watershell2_main): OUTER BULK BOUNDARY ( -8.942832015    ) IS TOO CLOSE TO SURFACE BOUNDARY ( -9.437770977    ). WILL RECOMPUTE:
 MESSAGE (watershell2_main): LOCATION OF OUTER BULK BOUNDARY SET TO  -8.941145002     A FROM PROTEIN. CONTOUR VALUE IS  0.1486131335E-02
 MESSAGE (watershell2_main): LOCATION OF INNER BULK BOUNDARY SET TO  -8.441145002     A FROM PROTEIN. CONTOUR VALUE IS  0.3258320459E-02
 MESSAGE (watershell2_main): OUTER BULK BOUNDARY ( -8.941145002    ) IS TOO CLOSE TO SURFACE BOUNDARY ( -9.436087264    ). WILL RECOMPUTE:
 MESSAGE (watershell2_main): LOCATION OF OUTER BULK BOUNDARY SET TO  -8.939459089     A FROM PROTEIN. CONTOUR VALUE IS  0.1490215082E-02
 MESSAGE (watershell2_main): LOCATION OF INNER BULK BOUNDARY SET TO  -8.439459089     A FROM PROTEIN. CONTOUR VALUE IS  0.3266638059E-02
 MESSAGE (watershell2_main): OUTER BULK BOUNDARY ( -8.939459089    ) IS TOO CLOSE TO SURFACE BOUNDARY ( -9.434403659    ). WILL RECOMPUTE:
 MESSAGE (watershell2_main): LOCATION OF OUTER BULK BOUNDARY SET TO  -8.937773946     A FROM PROTEIN. CONTOUR VALUE IS  0.1494307196E-02
 MESSAGE (watershell2_main): LOCATION OF INNER BULK BOUNDARY SET TO  -8.437773946     A FROM PROTEIN. CONTOUR VALUE IS  0.3274970941E-02
 MESSAGE (watershell2_main): OUTER BULK BOUNDARY ( -8.937773946    ) IS TOO CLOSE TO SURFACE BOUNDARY ( -9.432720214    ). WILL RECOMPUTE:
 MESSAGE (watershell2_main): LOCATION OF OUTER BULK BOUNDARY SET TO  -8.936089369     A FROM PROTEIN. CONTOUR VALUE IS  0.1498408180E-02
 MESSAGE (watershell2_main): LOCATION OF INNER BULK BOUNDARY SET TO  -8.436089369     A FROM PROTEIN. CONTOUR VALUE IS  0.3283320128E-02
 MESSAGE (watershell2_main): OUTER BULK BOUNDARY ( -8.936089369    ) IS TOO CLOSE TO SURFACE BOUNDARY ( -9.431037058    ). WILL RECOMPUTE:
 MESSAGE (watershell2_main): LOCATION OF OUTER BULK BOUNDARY SET TO  -8.934405265     A FROM PROTEIN. CONTOUR VALUE IS  0.1502518273E-02
 MESSAGE (watershell2_main): LOCATION OF INNER BULK BOUNDARY SET TO  -8.434405265     A FROM PROTEIN. CONTOUR VALUE IS  0.3291686096E-02
 MESSAGE (watershell2_main): OUTER BULK BOUNDARY ( -8.934405265    ) IS TOO CLOSE TO SURFACE BOUNDARY ( -9.429357206    ). WILL RECOMPUTE:
 MESSAGE (watershell2_main): LOCATION OF OUTER BULK BOUNDARY SET TO  -8.932722578     A FROM PROTEIN. CONTOUR VALUE IS  0.1506635178E-02
 MESSAGE (watershell2_main): LOCATION OF INNER BULK BOUNDARY SET TO  -8.432722578     A FROM PROTEIN. CONTOUR VALUE IS  0.3300064164E-02
 MESSAGE (watershell2_main): OUTER BULK BOUNDARY ( -8.932722578    ) IS TOO CLOSE TO SURFACE BOUNDARY ( -9.427677190    ). WILL RECOMPUTE:
 MESSAGE (watershell2_main): LOCATION OF OUTER BULK BOUNDARY SET TO  -8.931040782     A FROM PROTEIN. CONTOUR VALUE IS  0.1510760185E-02
 MESSAGE (watershell2_main): LOCATION OF INNER BULK BOUNDARY SET TO  -8.431040782     A FROM PROTEIN. CONTOUR VALUE IS  0.3308456956E-02
 MESSAGE (watershell2_main): OUTER BULK BOUNDARY ( -8.931040782    ) IS TOO CLOSE TO SURFACE BOUNDARY ( -9.425996221    ). WILL RECOMPUTE:
 MESSAGE (watershell2_main): LOCATION OF OUTER BULK BOUNDARY SET TO  -8.929359262     A FROM PROTEIN. CONTOUR VALUE IS  0.1514894814E-02
 MESSAGE (watershell2_main): LOCATION OF INNER BULK BOUNDARY SET TO  -8.429359262     A FROM PROTEIN. CONTOUR VALUE IS  0.3316867553E-02
 MESSAGE (watershell2_main): OUTER BULK BOUNDARY ( -8.929359262    ) IS TOO CLOSE TO SURFACE BOUNDARY ( -9.424314908    ). WILL RECOMPUTE:
 MESSAGE (watershell2_main): LOCATION OF OUTER BULK BOUNDARY SET TO  -8.927677811     A FROM PROTEIN. CONTOUR VALUE IS  0.1519039593E-02
 MESSAGE (watershell2_main): LOCATION OF INNER BULK BOUNDARY SET TO  -8.427677811     A FROM PROTEIN. CONTOUR VALUE IS  0.3325297023E-02
 MESSAGE (watershell2_main): OUTER BULK BOUNDARY ( -8.927677811    ) IS TOO CLOSE TO SURFACE BOUNDARY ( -9.422635740    ). WILL RECOMPUTE:
 MESSAGE (watershell2_main): LOCATION OF OUTER BULK BOUNDARY SET TO  -8.925997120     A FROM PROTEIN. CONTOUR VALUE IS  0.1523192831E-02
 MESSAGE (watershell2_main): LOCATION OF INNER BULK BOUNDARY SET TO  -8.425997120     A FROM PROTEIN. CONTOUR VALUE IS  0.3333741921E-02
 MESSAGE (watershell2_main): OUTER BULK BOUNDARY ( -8.925997120    ) IS TOO CLOSE TO SURFACE BOUNDARY ( -9.420958281    ). WILL RECOMPUTE:
 MESSAGE (watershell2_main): LOCATION OF OUTER BULK BOUNDARY SET TO  -8.924317507     A FROM PROTEIN. CONTOUR VALUE IS  0.1527353753E-02
 MESSAGE (watershell2_main): LOCATION OF INNER BULK BOUNDARY SET TO  -8.424317507     A FROM PROTEIN. CONTOUR VALUE IS  0.3342200664E-02
 MESSAGE (watershell2_main): OUTER BULK BOUNDARY ( -8.924317507    ) IS TOO CLOSE TO SURFACE BOUNDARY ( -9.419281422    ). WILL RECOMPUTE:
 MESSAGE (watershell2_main): LOCATION OF OUTER BULK BOUNDARY SET TO  -8.922638812     A FROM PROTEIN. CONTOUR VALUE IS  0.1531522757E-02
 MESSAGE (watershell2_main): LOCATION OF INNER BULK BOUNDARY SET TO  -8.422638812     A FROM PROTEIN. CONTOUR VALUE IS  0.3350674057E-02
 MESSAGE (watershell2_main): OUTER BULK BOUNDARY ( -8.922638812    ) IS TOO CLOSE TO SURFACE BOUNDARY ( -9.417608107    ). WILL RECOMPUTE:
 MESSAGE (watershell2_main): LOCATION OF OUTER BULK BOUNDARY SET TO  -8.920961910     A FROM PROTEIN. CONTOUR VALUE IS  0.1535697667E-02
 MESSAGE (watershell2_main): LOCATION OF INNER BULK BOUNDARY SET TO  -8.420961910     A FROM PROTEIN. CONTOUR VALUE IS  0.3359157675E-02
 MESSAGE (watershell2_main): OUTER BULK BOUNDARY ( -8.920961910    ) IS TOO CLOSE TO SURFACE BOUNDARY ( -9.415937281    ). WILL RECOMPUTE:
 MESSAGE (watershell2_main): LOCATION OF OUTER BULK BOUNDARY SET TO  -8.919287034     A FROM PROTEIN. CONTOUR VALUE IS  0.1539877894E-02
 MESSAGE (watershell2_main): LOCATION OF INNER BULK BOUNDARY SET TO  -8.419287034     A FROM PROTEIN. CONTOUR VALUE IS  0.3367650313E-02
 MESSAGE (watershell2_main): OUTER BULK BOUNDARY ( -8.919287034    ) IS TOO CLOSE TO SURFACE BOUNDARY ( -9.414269135    ). WILL RECOMPUTE:
 MESSAGE (watershell2_main): LOCATION OF OUTER BULK BOUNDARY SET TO  -8.917614401     A FROM PROTEIN. CONTOUR VALUE IS  0.1544062876E-02
 MESSAGE (watershell2_main): LOCATION OF INNER BULK BOUNDARY SET TO  -8.417614401     A FROM PROTEIN. CONTOUR VALUE IS  0.3376150832E-02
 MESSAGE (watershell2_main): OUTER BULK BOUNDARY ( -8.917614401    ) IS TOO CLOSE TO SURFACE BOUNDARY ( -9.412602240    ). WILL RECOMPUTE:
 MESSAGE (watershell2_main): LOCATION OF OUTER BULK BOUNDARY SET TO  -8.915943680     A FROM PROTEIN. CONTOUR VALUE IS  0.1548253424E-02
 MESSAGE (watershell2_main): LOCATION OF INNER BULK BOUNDARY SET TO  -8.415943680     A FROM PROTEIN. CONTOUR VALUE IS  0.3384660876E-02
 MESSAGE (watershell2_main): OUTER BULK BOUNDARY ( -8.915943680    ) IS TOO CLOSE TO SURFACE BOUNDARY ( -9.410935592    ). WILL RECOMPUTE:
 MESSAGE (watershell2_main): LOCATION OF OUTER BULK BOUNDARY SET TO  -8.914274317     A FROM PROTEIN. CONTOUR VALUE IS  0.1552450923E-02
 MESSAGE (watershell2_main): LOCATION OF INNER BULK BOUNDARY SET TO  -8.414274317     A FROM PROTEIN. CONTOUR VALUE IS  0.3393183257E-02
 MESSAGE (watershell2_main): OUTER BULK BOUNDARY ( -8.914274317    ) IS TOO CLOSE TO SURFACE BOUNDARY ( -9.409268995    ). WILL RECOMPUTE:
 MESSAGE (watershell2_main): LOCATION OF OUTER BULK BOUNDARY SET TO  -8.912605877     A FROM PROTEIN. CONTOUR VALUE IS  0.1556656470E-02
 MESSAGE (watershell2_main): LOCATION OF INNER BULK BOUNDARY SET TO  -8.412605877     A FROM PROTEIN. CONTOUR VALUE IS  0.3401720195E-02
 MESSAGE (watershell2_main): OUTER BULK BOUNDARY ( -8.912605877    ) IS TOO CLOSE TO SURFACE BOUNDARY ( -9.407605867    ). WILL RECOMPUTE:
 MESSAGE (watershell2_main): LOCATION OF OUTER BULK BOUNDARY SET TO  -8.910939207     A FROM PROTEIN. CONTOUR VALUE IS  0.1560867923E-02
 MESSAGE (watershell2_main): LOCATION OF INNER BULK BOUNDARY SET TO  -8.410939207     A FROM PROTEIN. CONTOUR VALUE IS  0.3410267336E-02
 MESSAGE (watershell2_main): OUTER BULK BOUNDARY ( -8.910939207    ) IS TOO CLOSE TO SURFACE BOUNDARY ( -9.405705142    ). WILL RECOMPUTE:
 MESSAGE (watershell2_main): LOCATION OF OUTER BULK BOUNDARY SET TO  -8.909194519     A FROM PROTEIN. CONTOUR VALUE IS  0.1565287645E-02
 MESSAGE (watershell2_main): LOCATION OF INNER BULK BOUNDARY SET TO  -8.409194519     A FROM PROTEIN. CONTOUR VALUE IS  0.3419235247E-02
 MESSAGE (watershell2_main): OUTER BULK BOUNDARY ( -8.909194519    ) IS TOO CLOSE TO SURFACE BOUNDARY ( -9.404042603    ). WILL RECOMPUTE:
 MESSAGE (watershell2_main): LOCATION OF OUTER BULK BOUNDARY SET TO  -8.907477213     A FROM PROTEIN. CONTOUR VALUE IS  0.1569649140E-02
 MESSAGE (watershell2_main): LOCATION OF INNER BULK BOUNDARY SET TO  -8.407477213     A FROM PROTEIN. CONTOUR VALUE IS  0.3428083094E-02
 MESSAGE (watershell2_main): OUTER BULK BOUNDARY ( -8.907477213    ) IS TOO CLOSE TO SURFACE BOUNDARY ( -9.402381562    ). WILL RECOMPUTE:
 MESSAGE (watershell2_main): LOCATION OF OUTER BULK BOUNDARY SET TO  -8.905778663     A FROM PROTEIN. CONTOUR VALUE IS  0.1573973899E-02
 MESSAGE (watershell2_main): LOCATION OF INNER BULK BOUNDARY SET TO  -8.405778663     A FROM PROTEIN. CONTOUR VALUE IS  0.3436854543E-02
 MESSAGE (watershell2_main): OUTER BULK BOUNDARY ( -8.905778663    ) IS TOO CLOSE TO SURFACE BOUNDARY ( -9.400722530    ). WILL RECOMPUTE:
 MESSAGE (watershell2_main): LOCATION OF OUTER BULK BOUNDARY SET TO  -8.904093285     A FROM PROTEIN. CONTOUR VALUE IS  0.1578275853E-02
 MESSAGE (watershell2_main): LOCATION OF INNER BULK BOUNDARY SET TO  -8.404093285     A FROM PROTEIN. CONTOUR VALUE IS  0.3445577892E-02
 MESSAGE (watershell2_main): OUTER BULK BOUNDARY ( -8.904093285    ) IS TOO CLOSE TO SURFACE BOUNDARY ( -9.399066334    ). WILL RECOMPUTE:
 MESSAGE (watershell2_main): LOCATION OF OUTER BULK BOUNDARY SET TO  -8.902417635     A FROM PROTEIN. CONTOUR VALUE IS  0.1582563601E-02
 MESSAGE (watershell2_main): LOCATION OF INNER BULK BOUNDARY SET TO  -8.402417635     A FROM PROTEIN. CONTOUR VALUE IS  0.3454270609E-02
 MESSAGE (watershell2_main): OUTER BULK BOUNDARY ( -8.902417635    ) IS TOO CLOSE TO SURFACE BOUNDARY ( -9.397413474    ). WILL RECOMPUTE:
 MESSAGE (watershell2_main): LOCATION OF OUTER BULK BOUNDARY SET TO  -8.900749581     A FROM PROTEIN. CONTOUR VALUE IS  0.1586842455E-02
 MESSAGE (watershell2_main): LOCATION OF INNER BULK BOUNDARY SET TO  -8.400749581     A FROM PROTEIN. CONTOUR VALUE IS  0.3462943478E-02
 MESSAGE (watershell2_main): OUTER BULK BOUNDARY ( -8.900749581    ) IS TOO CLOSE TO SURFACE BOUNDARY ( -9.395531059    ). WILL RECOMPUTE:
 MESSAGE (watershell2_main): LOCATION OF OUTER BULK BOUNDARY SET TO  -8.899010074     A FROM PROTEIN. CONTOUR VALUE IS  0.1591315831E-02
 MESSAGE (watershell2_main): LOCATION OF INNER BULK BOUNDARY SET TO  -8.399010074     A FROM PROTEIN. CONTOUR VALUE IS  0.3472008695E-02
 MESSAGE (watershell2_main): OUTER BULK BOUNDARY ( -8.899010074    ) IS TOO CLOSE TO SURFACE BOUNDARY ( -9.393883062    ). WILL RECOMPUTE:
 MESSAGE (watershell2_main): LOCATION OF OUTER BULK BOUNDARY SET TO  -8.897301070     A FROM PROTEIN. CONTOUR VALUE IS  0.1595721955E-02
 MESSAGE (watershell2_main): LOCATION OF INNER BULK BOUNDARY SET TO  -8.397301070     A FROM PROTEIN. CONTOUR VALUE IS  0.3480935700E-02
 MESSAGE (watershell2_main): OUTER BULK BOUNDARY ( -8.897301070    ) IS TOO CLOSE TO SURFACE BOUNDARY ( -9.392234682    ). WILL RECOMPUTE:
 MESSAGE (watershell2_main): LOCATION OF OUTER BULK BOUNDARY SET TO  -8.895612274     A FROM PROTEIN. CONTOUR VALUE IS  0.1600086900E-02
 MESSAGE (watershell2_main): LOCATION OF INNER BULK BOUNDARY SET TO  -8.395612274     A FROM PROTEIN. CONTOUR VALUE IS  0.3489777394E-02
 MESSAGE (watershell2_main): OUTER BULK BOUNDARY ( -8.895612274    ) IS TOO CLOSE TO SURFACE BOUNDARY ( -9.390586229    ). WILL RECOMPUTE:
 MESSAGE (watershell2_main): LOCATION OF OUTER BULK BOUNDARY SET TO  -8.893936925     A FROM PROTEIN. CONTOUR VALUE IS  0.1604427838E-02
 MESSAGE (watershell2_main): LOCATION OF INNER BULK BOUNDARY SET TO  -8.393936925     A FROM PROTEIN. CONTOUR VALUE IS  0.3498568610E-02
 MESSAGE (watershell2_main): OUTER BULK BOUNDARY ( -8.893936925    ) IS TOO CLOSE TO SURFACE BOUNDARY ( -9.388936659    ). WILL RECOMPUTE:
 MESSAGE (watershell2_main): LOCATION OF OUTER BULK BOUNDARY SET TO  -8.892270170     A FROM PROTEIN. CONTOUR VALUE IS  0.1608757158E-02
 MESSAGE (watershell2_main): LOCATION OF INNER BULK BOUNDARY SET TO  -8.392270170     A FROM PROTEIN. CONTOUR VALUE IS  0.3507334465E-02
 MESSAGE (watershell2_main): OUTER BULK BOUNDARY ( -8.892270170    ) IS TOO CLOSE TO SURFACE BOUNDARY ( -9.387052415    ). WILL RECOMPUTE:
 MESSAGE (watershell2_main): LOCATION OF OUTER BULK BOUNDARY SET TO  -8.890530918     A FROM PROTEIN. CONTOUR VALUE IS  0.1613286134E-02
 MESSAGE (watershell2_main): LOCATION OF INNER BULK BOUNDARY SET TO  -8.390530918     A FROM PROTEIN. CONTOUR VALUE IS  0.3516502621E-02
 MESSAGE (watershell2_main): OUTER BULK BOUNDARY ( -8.890530918    ) IS TOO CLOSE TO SURFACE BOUNDARY ( -9.385404766    ). WILL RECOMPUTE:
 MESSAGE (watershell2_main): LOCATION OF OUTER BULK BOUNDARY SET TO  -8.888822201     A FROM PROTEIN. CONTOUR VALUE IS  0.1617746911E-02
 MESSAGE (watershell2_main): LOCATION OF INNER BULK BOUNDARY SET TO  -8.388822201     A FROM PROTEIN. CONTOUR VALUE IS  0.3525530773E-02
 MESSAGE (watershell2_main): OUTER BULK BOUNDARY ( -8.888822201    ) IS TOO CLOSE TO SURFACE BOUNDARY ( -9.383757259    ). WILL RECOMPUTE:
 MESSAGE (watershell2_main): LOCATION OF OUTER BULK BOUNDARY SET TO  -8.887133887     A FROM PROTEIN. CONTOUR VALUE IS  0.1622165459E-02
 MESSAGE (watershell2_main): LOCATION OF INNER BULK BOUNDARY SET TO  -8.387133887     A FROM PROTEIN. CONTOUR VALUE IS  0.3534471557E-02
 MESSAGE (watershell2_main): OUTER BULK BOUNDARY ( -8.887133887    ) IS TOO CLOSE TO SURFACE BOUNDARY ( -9.382109671    ). WILL RECOMPUTE:
 MESSAGE (watershell2_main): LOCATION OF OUTER BULK BOUNDARY SET TO  -8.885459148     A FROM PROTEIN. CONTOUR VALUE IS  0.1626559341E-02
 MESSAGE (watershell2_main): LOCATION OF INNER BULK BOUNDARY SET TO  -8.385459148     A FROM PROTEIN. CONTOUR VALUE IS  0.3543360561E-02
 MESSAGE (watershell2_main): OUTER BULK BOUNDARY ( -8.885459148    ) IS TOO CLOSE TO SURFACE BOUNDARY ( -9.380227488    ). WILL RECOMPUTE:
 MESSAGE (watershell2_main): LOCATION OF OUTER BULK BOUNDARY SET TO  -8.883715261     A FROM PROTEIN. CONTOUR VALUE IS  0.1631146164E-02
 MESSAGE (watershell2_main): LOCATION OF INNER BULK BOUNDARY SET TO  -8.383715261     A FROM PROTEIN. CONTOUR VALUE IS  0.3552637909E-02
 MESSAGE (watershell2_main): OUTER BULK BOUNDARY ( -8.883715261    ) IS TOO CLOSE TO SURFACE BOUNDARY ( -9.378581763    ). WILL RECOMPUTE:
 MESSAGE (watershell2_main): LOCATION OF OUTER BULK BOUNDARY SET TO  -8.882004095     A FROM PROTEIN. CONTOUR VALUE IS  0.1635658378E-02
 MESSAGE (watershell2_main): LOCATION OF INNER BULK BOUNDARY SET TO  -8.382004095     A FROM PROTEIN. CONTOUR VALUE IS  0.3561762377E-02
 MESSAGE (watershell2_main): OUTER BULK BOUNDARY ( -8.882004095    ) IS TOO CLOSE TO SURFACE BOUNDARY ( -9.376938798    ). WILL RECOMPUTE:
 MESSAGE (watershell2_main): LOCATION OF OUTER BULK BOUNDARY SET TO  -8.880315663     A FROM PROTEIN. CONTOUR VALUE IS  0.1640121788E-02
 MESSAGE (watershell2_main): LOCATION OF INNER BULK BOUNDARY SET TO  -8.380315663     A FROM PROTEIN. CONTOUR VALUE IS  0.3570786238E-02
 MESSAGE (watershell2_main): OUTER BULK BOUNDARY ( -8.880315663    ) IS TOO CLOSE TO SURFACE BOUNDARY ( -9.375297061    ). WILL RECOMPUTE:
 MESSAGE (watershell2_main): LOCATION OF OUTER BULK BOUNDARY SET TO  -8.878642795     A FROM PROTEIN. CONTOUR VALUE IS  0.1644554993E-02
 MESSAGE (watershell2_main): LOCATION OF INNER BULK BOUNDARY SET TO  -8.378642795     A FROM PROTEIN. CONTOUR VALUE IS  0.3579747146E-02
 MESSAGE (watershell2_main): OUTER BULK BOUNDARY ( -8.878642795    ) IS TOO CLOSE TO SURFACE BOUNDARY ( -9.373423009    ). WILL RECOMPUTE:
 MESSAGE (watershell2_main): LOCATION OF OUTER BULK BOUNDARY SET TO  -8.876902867     A FROM PROTEIN. CONTOUR VALUE IS  0.1649177494E-02
 MESSAGE (watershell2_main): LOCATION OF INNER BULK BOUNDARY SET TO  -8.376902867     A FROM PROTEIN. CONTOUR VALUE IS  0.3589088688E-02
 MESSAGE (watershell2_main): OUTER BULK BOUNDARY ( -8.876902867    ) IS TOO CLOSE TO SURFACE BOUNDARY ( -9.371786273    ). WILL RECOMPUTE:
 MESSAGE (watershell2_main): LOCATION OF OUTER BULK BOUNDARY SET TO  -8.875197335     A FROM PROTEIN. CONTOUR VALUE IS  0.1653720095E-02
 MESSAGE (watershell2_main): LOCATION OF INNER BULK BOUNDARY SET TO  -8.375197335     A FROM PROTEIN. CONTOUR VALUE IS  0.3598266781E-02
 MESSAGE (watershell2_main): OUTER BULK BOUNDARY ( -8.875197335    ) IS TOO CLOSE TO SURFACE BOUNDARY ( -9.370150436    ). WILL RECOMPUTE:
 MESSAGE (watershell2_main): LOCATION OF OUTER BULK BOUNDARY SET TO  -8.873515035     A FROM PROTEIN. CONTOUR VALUE IS  0.1658211984E-02
 MESSAGE (watershell2_main): LOCATION OF INNER BULK BOUNDARY SET TO  -8.373515035     A FROM PROTEIN. CONTOUR VALUE IS  0.3607340491E-02
 MESSAGE (watershell2_main): OUTER BULK BOUNDARY ( -8.873515035    ) IS TOO CLOSE TO SURFACE BOUNDARY ( -9.368284371    ). WILL RECOMPUTE:
 MESSAGE (watershell2_main): LOCATION OF OUTER BULK BOUNDARY SET TO  -8.871771481     A FROM PROTEIN. CONTOUR VALUE IS  0.1662879154E-02
 MESSAGE (watershell2_main): LOCATION OF INNER BULK BOUNDARY SET TO  -8.371771481     A FROM PROTEIN. CONTOUR VALUE IS  0.3616766253E-02
 MESSAGE (watershell2_main): OUTER BULK BOUNDARY ( -8.871771481    ) IS TOO CLOSE TO SURFACE BOUNDARY ( -9.366655352    ). WILL RECOMPUTE:
 MESSAGE (watershell2_main): LOCATION OF OUTER BULK BOUNDARY SET TO  -8.870066104     A FROM PROTEIN. CONTOUR VALUE IS  0.1667455700E-02
 MESSAGE (watershell2_main): LOCATION OF INNER BULK BOUNDARY SET TO  -8.370066104     A FROM PROTEIN. CONTOUR VALUE IS  0.3626006996E-02
 MESSAGE (watershell2_main): OUTER BULK BOUNDARY ( -8.870066104    ) IS TOO CLOSE TO SURFACE BOUNDARY ( -9.365031767    ). WILL RECOMPUTE:
 MESSAGE (watershell2_main): LOCATION OF OUTER BULK BOUNDARY SET TO  -8.868387992     A FROM PROTEIN. CONTOUR VALUE IS  0.1671970276E-02
 MESSAGE (watershell2_main): LOCATION OF INNER BULK BOUNDARY SET TO  -8.368387992     A FROM PROTEIN. CONTOUR VALUE IS  0.3635120684E-02
 MESSAGE (watershell2_main): OUTER BULK BOUNDARY ( -8.868387992    ) IS TOO CLOSE TO SURFACE BOUNDARY ( -9.363179852    ). WILL RECOMPUTE:
 MESSAGE (watershell2_main): LOCATION OF OUTER BULK BOUNDARY SET TO  -8.866651945     A FROM PROTEIN. CONTOUR VALUE IS  0.1676652424E-02
 MESSAGE (watershell2_main): LOCATION OF INNER BULK BOUNDARY SET TO  -8.366651945     A FROM PROTEIN. CONTOUR VALUE IS  0.3644570634E-02
 MESSAGE (watershell2_main): OUTER BULK BOUNDARY ( -8.866651945    ) IS TOO CLOSE TO SURFACE BOUNDARY ( -9.361561056    ). WILL RECOMPUTE:
 MESSAGE (watershell2_main): LOCATION OF OUTER BULK BOUNDARY SET TO  -8.864954982     A FROM PROTEIN. CONTOUR VALUE IS  0.1681240701E-02
 MESSAGE (watershell2_main): LOCATION OF INNER BULK BOUNDARY SET TO  -8.364954982     A FROM PROTEIN. CONTOUR VALUE IS  0.3653829138E-02
 MESSAGE (watershell2_main): OUTER BULK BOUNDARY ( -8.864954982    ) IS TOO CLOSE TO SURFACE BOUNDARY ( -9.359943027    ). WILL RECOMPUTE:
 MESSAGE (watershell2_main): LOCATION OF OUTER BULK BOUNDARY SET TO  -8.863284330     A FROM PROTEIN. CONTOUR VALUE IS  0.1685769004E-02
 MESSAGE (watershell2_main): LOCATION OF INNER BULK BOUNDARY SET TO  -8.363284330     A FROM PROTEIN. CONTOUR VALUE IS  0.3662964698E-02
 MESSAGE (watershell2_main): OUTER BULK BOUNDARY ( -8.863284330    ) IS TOO CLOSE TO SURFACE BOUNDARY ( -9.358091200    ). WILL RECOMPUTE:
 MESSAGE (watershell2_main): LOCATION OF OUTER BULK BOUNDARY SET TO  -8.861553287     A FROM PROTEIN. CONTOUR VALUE IS  0.1690472713E-02
 MESSAGE (watershell2_main): LOCATION OF INNER BULK BOUNDARY SET TO  -8.361553287     A FROM PROTEIN. CONTOUR VALUE IS  0.3672452107E-02
 MESSAGE (watershell2_main): OUTER BULK BOUNDARY ( -8.861553287    ) IS TOO CLOSE TO SURFACE BOUNDARY ( -9.356471957    ). WILL RECOMPUTE:
 MESSAGE (watershell2_main): LOCATION OF OUTER BULK BOUNDARY SET TO  -8.859859510     A FROM PROTEIN. CONTOUR VALUE IS  0.1695086723E-02
 MESSAGE (watershell2_main): LOCATION OF INNER BULK BOUNDARY SET TO  -8.359859510     A FROM PROTEIN. CONTOUR VALUE IS  0.3681756600E-02
 MESSAGE (watershell2_main): OUTER BULK BOUNDARY ( -8.859859510    ) IS TOO CLOSE TO SURFACE BOUNDARY ( -9.354853359    ). WILL RECOMPUTE:
 MESSAGE (watershell2_main): LOCATION OF OUTER BULK BOUNDARY SET TO  -8.858190793     A FROM PROTEIN. CONTOUR VALUE IS  0.1699643679E-02
 MESSAGE (watershell2_main): LOCATION OF INNER BULK BOUNDARY SET TO  -8.358190793     A FROM PROTEIN. CONTOUR VALUE IS  0.3690944107E-02
 MESSAGE (watershell2_main): OUTER BULK BOUNDARY ( -8.858190793    ) IS TOO CLOSE TO SURFACE BOUNDARY ( -9.353004110    ). WILL RECOMPUTE:
 MESSAGE (watershell2_main): LOCATION OF OUTER BULK BOUNDARY SET TO  -8.856461899     A FROM PROTEIN. CONTOUR VALUE IS  0.1704376732E-02
 MESSAGE (watershell2_main): LOCATION OF INNER BULK BOUNDARY SET TO  -8.356461899     A FROM PROTEIN. CONTOUR VALUE IS  0.3700484622E-02
 MESSAGE (watershell2_main): OUTER BULK BOUNDARY ( -8.856461899    ) IS TOO CLOSE TO SURFACE BOUNDARY ( -9.351387398    ). WILL RECOMPUTE:
 MESSAGE (watershell2_main): LOCATION OF OUTER BULK BOUNDARY SET TO  -8.854770399     A FROM PROTEIN. CONTOUR VALUE IS  0.1709019024E-02
 MESSAGE (watershell2_main): LOCATION OF INNER BULK BOUNDARY SET TO  -8.354770399     A FROM PROTEIN. CONTOUR VALUE IS  0.3709840188E-02
 MESSAGE (watershell2_main): OUTER BULK BOUNDARY ( -8.854770399    ) IS TOO CLOSE TO SURFACE BOUNDARY ( -9.349541403    ). WILL RECOMPUTE:
 MESSAGE (watershell2_main): LOCATION OF OUTER BULK BOUNDARY SET TO  -8.853027400     A FROM PROTEIN. CONTOUR VALUE IS  0.1713814693E-02
 MESSAGE (watershell2_main): LOCATION OF INNER BULK BOUNDARY SET TO  -8.353027400     A FROM PROTEIN. CONTOUR VALUE IS  0.3719502777E-02
 MESSAGE (watershell2_main): OUTER BULK BOUNDARY ( -8.853027400    ) IS TOO CLOSE TO SURFACE BOUNDARY ( -9.347926857    ). WILL RECOMPUTE:
 MESSAGE (watershell2_main): LOCATION OF OUTER BULK BOUNDARY SET TO  -8.851327219     A FROM PROTEIN. CONTOUR VALUE IS  0.1718504354E-02
 MESSAGE (watershell2_main): LOCATION OF INNER BULK BOUNDARY SET TO  -8.351327219     A FROM PROTEIN. CONTOUR VALUE IS  0.3728949740E-02
 MESSAGE (watershell2_main): OUTER BULK BOUNDARY ( -8.851327219    ) IS TOO CLOSE TO SURFACE BOUNDARY ( -9.346311863    ). WILL RECOMPUTE:
 MESSAGE (watershell2_main): LOCATION OF OUTER BULK BOUNDARY SET TO  -8.849655434     A FROM PROTEIN. CONTOUR VALUE IS  0.1723127079E-02
 MESSAGE (watershell2_main): LOCATION OF INNER BULK BOUNDARY SET TO  -8.349655434     A FROM PROTEIN. CONTOUR VALUE IS  0.3738259900E-02
 MESSAGE (watershell2_main): OUTER BULK BOUNDARY ( -8.849655434    ) IS TOO CLOSE TO SURFACE BOUNDARY ( -9.344469130    ). WILL RECOMPUTE:
 MESSAGE (watershell2_main): LOCATION OF OUTER BULK BOUNDARY SET TO  -8.847926666     A FROM PROTEIN. CONTOUR VALUE IS  0.1727919272E-02
 MESSAGE (watershell2_main): LOCATION OF INNER BULK BOUNDARY SET TO  -8.347926666     A FROM PROTEIN. CONTOUR VALUE IS  0.3747909315E-02
 MESSAGE (watershell2_main): OUTER BULK BOUNDARY ( -8.847926666    ) IS TOO CLOSE TO SURFACE BOUNDARY ( -9.342858433    ). WILL RECOMPUTE:
 MESSAGE (watershell2_main): LOCATION OF OUTER BULK BOUNDARY SET TO  -8.846237255     A FROM PROTEIN. CONTOUR VALUE IS  0.1732614084E-02
 MESSAGE (watershell2_main): LOCATION OF INNER BULK BOUNDARY SET TO  -8.346237255     A FROM PROTEIN. CONTOUR VALUE IS  0.3757360626E-02
 MESSAGE (watershell2_main): OUTER BULK BOUNDARY ( -8.846237255    ) IS TOO CLOSE TO SURFACE BOUNDARY ( -9.341019113    ). WILL RECOMPUTE:
 MESSAGE (watershell2_main): LOCATION OF OUTER BULK BOUNDARY SET TO  -8.844497874     A FROM PROTEIN. CONTOUR VALUE IS  0.1737459887E-02
 MESSAGE (watershell2_main): LOCATION OF INNER BULK BOUNDARY SET TO  -8.344497874     A FROM PROTEIN. CONTOUR VALUE IS  0.3767113812E-02
 MESSAGE (watershell2_main): OUTER BULK BOUNDARY ( -8.844497874    ) IS TOO CLOSE TO SURFACE BOUNDARY ( -9.339410615    ). WILL RECOMPUTE:
 MESSAGE (watershell2_main): LOCATION OF OUTER BULK BOUNDARY SET TO  -8.842802121     A FROM PROTEIN. CONTOUR VALUE IS  0.1742196020E-02
 MESSAGE (watershell2_main): LOCATION OF INNER BULK BOUNDARY SET TO  -8.342802121     A FROM PROTEIN. CONTOUR VALUE IS  0.3776644216E-02
 MESSAGE (watershell2_main): OUTER BULK BOUNDARY ( -8.842802121    ) IS TOO CLOSE TO SURFACE BOUNDARY ( -9.337575159    ). WILL RECOMPUTE:
 MESSAGE (watershell2_main): LOCATION OF OUTER BULK BOUNDARY SET TO  -8.841059800     A FROM PROTEIN. CONTOUR VALUE IS  0.1747074450E-02
 MESSAGE (watershell2_main): LOCATION OF INNER BULK BOUNDARY SET TO  -8.341059800     A FROM PROTEIN. CONTOUR VALUE IS  0.3786458847E-02
 MESSAGE (watershell2_main): OUTER BULK BOUNDARY ( -8.841059800    ) IS TOO CLOSE TO SURFACE BOUNDARY ( -9.335971127    ). WILL RECOMPUTE:
 MESSAGE (watershell2_main): LOCATION OF OUTER BULK BOUNDARY SET TO  -8.839363576     A FROM PROTEIN. CONTOUR VALUE IS  0.1751835751E-02
 MESSAGE (watershell2_main): LOCATION OF INNER BULK BOUNDARY SET TO  -8.339363576     A FROM PROTEIN. CONTOUR VALUE IS  0.3796035775E-02
 ==========================================================================================
 Iteration:                50000
 Surface boundary distance:         -9.3343685408987511      (contour value:   7.6959285806371680E-004 )
 Current avg. solvent contour val:  0.25062965984511537
 Surface energy:                     67.344484454119055
 Curvature energy:                   6.8437416028273841
 Surface curvature at solvent (min:ave:max): (  -8.8041288802349627E-002 :  -2.1155194128740781E-002 :  0.50955134433121685      )
 ======= FORCE STATISTICS ==============
 Total force applied to surface atoms:    -1.2346409324306911        1.4658647785700138       0.67432013792502876
 RMS of surface atom forces:               2.0486470631314171E-002
 Largest force acting on a surface atom:   3.5790533861481622E-002
 Total force applied to solvent atoms:    -2.4548084348139869       -2.3788913675836345        3.6869981145574702
 RMS of solvent atom forces:              0.24744785500648073
 Largest force acting on a solvent atom:   3.6559654154024650
 Rotational restraint energy:          0.32629499472169488
 Translational restraint energy:       0.20639027147483352
 Total rigid-body restraint energy:    0.53268526619652845
 =======================================
 Solute neighbor list search depth (min:ave:max): (          16 :   89.598380181038578      :         159 )
 ======= DENSITY STATISTICS ============
 # Solute atoms used for density:           159
 Target density (g/mL):             0.99700000000000000
 Simulation density (g/mL):         0.53949044726142092
 Instantaneous density (g/mL):      0.58247129215132754
 Volume of bulk solvent (Ang^3):     4829.0000000000000
 Mass of bulk solvent (amu):         1693.8799999999974
 Outer bulk boundary distance:      -8.8393635758215687      (contour value:   1.7518357511814853E-003 )
 Inner bulk boundary distance:      -8.3393635758215705      (contour value:   3.7960357754768803E-003 )
 ======================================
 MESSAGE (watershell2_main): WRITING RESTART FILE TO ("watershell0.restart.txt")
 MESSAGE (FILES_OPEN): Opening FORMATTED file "watershell0.restart.txt" for writing.
 MESSAGE (watershell2_main): OUTER BULK BOUNDARY ( -8.839363576    ) IS TOO CLOSE TO SURFACE BOUNDARY ( -9.334139786    ). WILL RECOMPUTE:
 MESSAGE (watershell2_main): LOCATION OF OUTER BULK BOUNDARY SET TO  -8.837622313     A FROM PROTEIN. CONTOUR VALUE IS  0.1756735757E-02
 MESSAGE (watershell2_main): LOCATION OF INNER BULK BOUNDARY SET TO  -8.337622313     A FROM PROTEIN. CONTOUR VALUE IS  0.3805889576E-02
 MESSAGE (watershell2_main): OUTER BULK BOUNDARY ( -8.837622313    ) IS TOO CLOSE TO SURFACE BOUNDARY ( -9.332538503    ). WILL RECOMPUTE:
 MESSAGE (watershell2_main): LOCATION OF OUTER BULK BOUNDARY SET TO  -8.835927709     A FROM PROTEIN. CONTOUR VALUE IS  0.1761516432E-02
 MESSAGE (watershell2_main): LOCATION OF INNER BULK BOUNDARY SET TO  -8.335927709     A FROM PROTEIN. CONTOUR VALUE IS  0.3815501338E-02
 MESSAGE (watershell2_main): OUTER BULK BOUNDARY ( -8.835927709    ) IS TOO CLOSE TO SURFACE BOUNDARY ( -9.330713576    ). WILL RECOMPUTE:
 MESSAGE (watershell2_main): LOCATION OF OUTER BULK BOUNDARY SET TO  -8.834189665     A FROM PROTEIN. CONTOUR VALUE IS  0.1766431954E-02
 MESSAGE (watershell2_main): LOCATION OF INNER BULK BOUNDARY SET TO  -8.334189665     A FROM PROTEIN. CONTOUR VALUE IS  0.3825382095E-02
 MESSAGE (watershell2_main): OUTER BULK BOUNDARY ( -8.834189665    ) IS TOO CLOSE TO SURFACE BOUNDARY ( -9.329116885    ). WILL RECOMPUTE:
 MESSAGE (watershell2_main): LOCATION OF OUTER BULK BOUNDARY SET TO  -8.832498738     A FROM PROTEIN. CONTOUR VALUE IS  0.1771226193E-02
 MESSAGE (watershell2_main): LOCATION OF INNER BULK BOUNDARY SET TO  -8.332498738     A FROM PROTEIN. CONTOUR VALUE IS  0.3835016993E-02
 MESSAGE (watershell2_main): OUTER BULK BOUNDARY ( -8.832498738    ) IS TOO CLOSE TO SURFACE BOUNDARY ( -9.327292191    ). WILL RECOMPUTE:
 MESSAGE (watershell2_main): LOCATION OF OUTER BULK BOUNDARY SET TO  -8.830763222     A FROM PROTEIN. CONTOUR VALUE IS  0.1776159165E-02
 MESSAGE (watershell2_main): LOCATION OF INNER BULK BOUNDARY SET TO  -8.330763222     A FROM PROTEIN. CONTOUR VALUE IS  0.3844928572E-02
 MESSAGE (watershell2_main): OUTER BULK BOUNDARY ( -8.830763222    ) IS TOO CLOSE TO SURFACE BOUNDARY ( -9.325697005    ). WILL RECOMPUTE:
 MESSAGE (watershell2_main): LOCATION OF OUTER BULK BOUNDARY SET TO  -8.829074483     A FROM PROTEIN. CONTOUR VALUE IS  0.1780971175E-02
 MESSAGE (watershell2_main): LOCATION OF INNER BULK BOUNDARY SET TO  -8.329074483     A FROM PROTEIN. CONTOUR VALUE IS  0.3854595040E-02
 MESSAGE (watershell2_main): OUTER BULK BOUNDARY ( -8.829074483    ) IS TOO CLOSE TO SURFACE BOUNDARY ( -9.323875482    ). WILL RECOMPUTE:
 MESSAGE (watershell2_main): LOCATION OF OUTER BULK BOUNDARY SET TO  -8.827341483     A FROM PROTEIN. CONTOUR VALUE IS  0.1785921635E-02
 MESSAGE (watershell2_main): LOCATION OF INNER BULK BOUNDARY SET TO  -8.327341483     A FROM PROTEIN. CONTOUR VALUE IS  0.3864537501E-02
 MESSAGE (watershell2_main): OUTER BULK BOUNDARY ( -8.827341483    ) IS TOO CLOSE TO SURFACE BOUNDARY ( -9.322282840    ). WILL RECOMPUTE:
 MESSAGE (watershell2_main): LOCATION OF OUTER BULK BOUNDARY SET TO  -8.825655269     A FROM PROTEIN. CONTOUR VALUE IS  0.1790750460E-02
 MESSAGE (watershell2_main): LOCATION OF INNER BULK BOUNDARY SET TO  -8.325655269     A FROM PROTEIN. CONTOUR VALUE IS  0.3874233596E-02
 MESSAGE (watershell2_main): OUTER BULK BOUNDARY ( -8.825655269    ) IS TOO CLOSE TO SURFACE BOUNDARY ( -9.320464145    ). WILL RECOMPUTE:
 MESSAGE (watershell2_main): LOCATION OF OUTER BULK BOUNDARY SET TO  -8.823924894     A FROM PROTEIN. CONTOUR VALUE IS  0.1795718093E-02
 MESSAGE (watershell2_main): LOCATION OF INNER BULK BOUNDARY SET TO  -8.323924894     A FROM PROTEIN. CONTOUR VALUE IS  0.3884206280E-02
 MESSAGE (watershell2_main): OUTER BULK BOUNDARY ( -8.823924894    ) IS TOO CLOSE TO SURFACE BOUNDARY ( -9.318874393    ). WILL RECOMPUTE:
 MESSAGE (watershell2_main): LOCATION OF OUTER BULK BOUNDARY SET TO  -8.822241394     A FROM PROTEIN. CONTOUR VALUE IS  0.1800563185E-02
 MESSAGE (watershell2_main): LOCATION OF INNER BULK BOUNDARY SET TO  -8.322241394     A FROM PROTEIN. CONTOUR VALUE IS  0.3893930883E-02
 MESSAGE (watershell2_main): OUTER BULK BOUNDARY ( -8.822241394    ) IS TOO CLOSE TO SURFACE BOUNDARY ( -9.317058488    ). WILL RECOMPUTE:
 MESSAGE (watershell2_main): LOCATION OF OUTER BULK BOUNDARY SET TO  -8.820513759     A FROM PROTEIN. CONTOUR VALUE IS  0.1805547657E-02
 MESSAGE (watershell2_main): LOCATION OF INNER BULK BOUNDARY SET TO  -8.320513759     A FROM PROTEIN. CONTOUR VALUE IS  0.3903933101E-02
 MESSAGE (watershell2_main): OUTER BULK BOUNDARY ( -8.820513759    ) IS TOO CLOSE TO SURFACE BOUNDARY ( -9.315469205    ). WILL RECOMPUTE:
 MESSAGE (watershell2_main): LOCATION OF OUTER BULK BOUNDARY SET TO  -8.818832241     A FROM PROTEIN. CONTOUR VALUE IS  0.1810411124E-02
 MESSAGE (watershell2_main): LOCATION OF INNER BULK BOUNDARY SET TO  -8.318832241     A FROM PROTEIN. CONTOUR VALUE IS  0.3913690420E-02
 MESSAGE (watershell2_main): OUTER BULK BOUNDARY ( -8.818832241    ) IS TOO CLOSE TO SURFACE BOUNDARY ( -9.313653506    ). WILL RECOMPUTE:
 MESSAGE (watershell2_main): LOCATION OF OUTER BULK BOUNDARY SET TO  -8.817105996     A FROM PROTEIN. CONTOUR VALUE IS  0.1815416347E-02
 MESSAGE (watershell2_main): LOCATION OF INNER BULK BOUNDARY SET TO  -8.317105996     A FROM PROTEIN. CONTOUR VALUE IS  0.3923729997E-02
 MESSAGE (watershell2_main): OUTER BULK BOUNDARY ( -8.817105996    ) IS TOO CLOSE TO SURFACE BOUNDARY ( -9.312067506    ). WILL RECOMPUTE:
 MESSAGE (watershell2_main): LOCATION OF OUTER BULK BOUNDARY SET TO  -8.815426499     A FROM PROTEIN. CONTOUR VALUE IS  0.1820298100E-02
 MESSAGE (watershell2_main): LOCATION OF INNER BULK BOUNDARY SET TO  -8.315426499     A FROM PROTEIN. CONTOUR VALUE IS  0.3933519828E-02
 MESSAGE (watershell2_main): OUTER BULK BOUNDARY ( -8.815426499    ) IS TOO CLOSE TO SURFACE BOUNDARY ( -9.310258545    ). WILL RECOMPUTE:
 MESSAGE (watershell2_main): LOCATION OF OUTER BULK BOUNDARY SET TO  -8.813703848     A FROM PROTEIN. CONTOUR VALUE IS  0.1825317690E-02
 MESSAGE (watershell2_main): LOCATION OF INNER BULK BOUNDARY SET TO  -8.313703848     A FROM PROTEIN. CONTOUR VALUE IS  0.3943583937E-02
 MESSAGE (watershell2_main): OUTER BULK BOUNDARY ( -8.813703848    ) IS TOO CLOSE TO SURFACE BOUNDARY ( -9.308678267    ). WILL RECOMPUTE:
 MESSAGE (watershell2_main): LOCATION OF OUTER BULK BOUNDARY SET TO  -8.812028654     A FROM PROTEIN. CONTOUR VALUE IS  0.1830211064E-02
 MESSAGE (watershell2_main): LOCATION OF INNER BULK BOUNDARY SET TO  -8.312028654     A FROM PROTEIN. CONTOUR VALUE IS  0.3953392899E-02
 MESSAGE (watershell2_main): OUTER BULK BOUNDARY ( -8.812028654    ) IS TOO CLOSE TO SURFACE BOUNDARY ( -9.306875723    ). WILL RECOMPUTE:
 MESSAGE (watershell2_main): LOCATION OF OUTER BULK BOUNDARY SET TO  -8.810311011     A FROM PROTEIN. CONTOUR VALUE IS  0.1835240822E-02
 MESSAGE (watershell2_main): LOCATION OF INNER BULK BOUNDARY SET TO  -8.310311011     A FROM PROTEIN. CONTOUR VALUE IS  0.3963473108E-02
 MESSAGE (watershell2_main): OUTER BULK BOUNDARY ( -8.810311011    ) IS TOO CLOSE TO SURFACE BOUNDARY ( -9.305302903    ). WILL RECOMPUTE:
 MESSAGE (watershell2_main): LOCATION OF OUTER BULK BOUNDARY SET TO  -8.808641642     A FROM PROTEIN. CONTOUR VALUE IS  0.1840141259E-02
 MESSAGE (watershell2_main): LOCATION OF INNER BULK BOUNDARY SET TO  -8.308641642     A FROM PROTEIN. CONTOUR VALUE IS  0.3973292064E-02
 MESSAGE (watershell2_main): OUTER BULK BOUNDARY ( -8.808641642    ) IS TOO CLOSE TO SURFACE BOUNDARY ( -9.303503887    ). WILL RECOMPUTE:
 MESSAGE (watershell2_main): LOCATION OF OUTER BULK BOUNDARY SET TO  -8.806929057     A FROM PROTEIN. CONTOUR VALUE IS  0.1845180918E-02
 MESSAGE (watershell2_main): LOCATION OF INNER BULK BOUNDARY SET TO  -8.306929057     A FROM PROTEIN. CONTOUR VALUE IS  0.3983387842E-02
 MESSAGE (watershell2_main): OUTER BULK BOUNDARY ( -8.806929057    ) IS TOO CLOSE TO SURFACE BOUNDARY ( -9.301707588    ). WILL RECOMPUTE:
 MESSAGE (watershell2_main): LOCATION OF OUTER BULK BOUNDARY SET TO  -8.805188567     A FROM PROTEIN. CONTOUR VALUE IS  0.1850315547E-02
 MESSAGE (watershell2_main): LOCATION OF INNER BULK BOUNDARY SET TO  -8.305188567     A FROM PROTEIN. CONTOUR VALUE IS  0.3993671648E-02
 MESSAGE (watershell2_main): OUTER BULK BOUNDARY ( -8.805188567    ) IS TOO CLOSE TO SURFACE BOUNDARY ( -9.300139217    ). WILL RECOMPUTE:
 MESSAGE (watershell2_main): LOCATION OF OUTER BULK BOUNDARY SET TO  -8.803505450     A FROM PROTEIN. CONTOUR VALUE IS  0.1855293274E-02
 MESSAGE (watershell2_main): LOCATION OF INNER BULK BOUNDARY SET TO  -8.303505450     A FROM PROTEIN. CONTOUR VALUE IS  0.4003639069E-02
 MESSAGE (watershell2_main): OUTER BULK BOUNDARY ( -8.803505450    ) IS TOO CLOSE TO SURFACE BOUNDARY ( -9.298352078    ). WILL RECOMPUTE:
 MESSAGE (watershell2_main): LOCATION OF OUTER BULK BOUNDARY SET TO  -8.801787660     A FROM PROTEIN. CONTOUR VALUE IS  0.1860386097E-02
 MESSAGE (watershell2_main): LOCATION OF INNER BULK BOUNDARY SET TO  -8.301787660     A FROM PROTEIN. CONTOUR VALUE IS  0.4013834792E-02
 MESSAGE (watershell2_main): OUTER BULK BOUNDARY ( -8.801787660    ) IS TOO CLOSE TO SURFACE BOUNDARY ( -9.296566142    ). WILL RECOMPUTE:
 MESSAGE (watershell2_main): LOCATION OF OUTER BULK BOUNDARY SET TO  -8.800047154     A FROM PROTEIN. CONTOUR VALUE IS  0.1865559225E-02
 MESSAGE (watershell2_main): LOCATION OF INNER BULK BOUNDARY SET TO  -8.300047154     A FROM PROTEIN. CONTOUR VALUE IS  0.4024189040E-02
 MESSAGE (watershell2_main): OUTER BULK BOUNDARY ( -8.800047154    ) IS TOO CLOSE TO SURFACE BOUNDARY ( -9.295007090    ). WILL RECOMPUTE:
 MESSAGE (watershell2_main): LOCATION OF OUTER BULK BOUNDARY SET TO  -8.798367133     A FROM PROTEIN. CONTOUR VALUE IS  0.1870564980E-02
 MESSAGE (watershell2_main): LOCATION OF INNER BULK BOUNDARY SET TO  -8.298367133     A FROM PROTEIN. CONTOUR VALUE IS  0.4034206142E-02
 MESSAGE (watershell2_main): OUTER BULK BOUNDARY ( -8.798367133    ) IS TOO CLOSE TO SURFACE BOUNDARY ( -9.293228281    ). WILL RECOMPUTE:
 MESSAGE (watershell2_main): LOCATION OF OUTER BULK BOUNDARY SET TO  -8.796654182     A FROM PROTEIN. CONTOUR VALUE IS  0.1875681419E-02
 MESSAGE (watershell2_main): LOCATION OF INNER BULK BOUNDARY SET TO  -8.296654182     A FROM PROTEIN. CONTOUR VALUE IS  0.4044442563E-02
 MESSAGE (watershell2_main): OUTER BULK BOUNDARY ( -8.796654182    ) IS TOO CLOSE TO SURFACE BOUNDARY ( -9.291451677    ). WILL RECOMPUTE:
 MESSAGE (watershell2_main): LOCATION OF OUTER BULK BOUNDARY SET TO  -8.794920014     A FROM PROTEIN. CONTOUR VALUE IS  0.1880874189E-02
 MESSAGE (watershell2_main): LOCATION OF INNER BULK BOUNDARY SET TO  -8.294920014     A FROM PROTEIN. CONTOUR VALUE IS  0.4054829458E-02
 MESSAGE (watershell2_main): OUTER BULK BOUNDARY ( -8.794920014    ) IS TOO CLOSE TO SURFACE BOUNDARY ( -9.289897386    ). WILL RECOMPUTE:
 MESSAGE (watershell2_main): LOCATION OF OUTER BULK BOUNDARY SET TO  -8.793245805     A FROM PROTEIN. CONTOUR VALUE IS  0.1885899813E-02
 MESSAGE (watershell2_main): LOCATION OF INNER BULK BOUNDARY SET TO  -8.293245805     A FROM PROTEIN. CONTOUR VALUE IS  0.4064879874E-02
 MESSAGE (watershell2_main): OUTER BULK BOUNDARY ( -8.793245805    ) IS TOO CLOSE TO SURFACE BOUNDARY ( -9.288123117    ). WILL RECOMPUTE:
 MESSAGE (watershell2_main): LOCATION OF OUTER BULK BOUNDARY SET TO  -8.791538242     A FROM PROTEIN. CONTOUR VALUE IS  0.1891038125E-02
 MESSAGE (watershell2_main): LOCATION OF INNER BULK BOUNDARY SET TO  -8.291538242     A FROM PROTEIN. CONTOUR VALUE IS  0.4075153474E-02
 MESSAGE (watershell2_main): OUTER BULK BOUNDARY ( -8.791538242    ) IS TOO CLOSE TO SURFACE BOUNDARY ( -9.286351169    ). WILL RECOMPUTE:
 MESSAGE (watershell2_main): LOCATION OF OUTER BULK BOUNDARY SET TO  -8.789809218     A FROM PROTEIN. CONTOUR VALUE IS  0.1896253982E-02
 MESSAGE (watershell2_main): LOCATION OF INNER BULK BOUNDARY SET TO  -8.289809218     A FROM PROTEIN. CONTOUR VALUE IS  0.4085579876E-02
 MESSAGE (watershell2_main): OUTER BULK BOUNDARY ( -8.789809218    ) IS TOO CLOSE TO SURFACE BOUNDARY ( -9.284802378    ). WILL RECOMPUTE:
 MESSAGE (watershell2_main): LOCATION OF OUTER BULK BOUNDARY SET TO  -8.788140271     A FROM PROTEIN. CONTOUR VALUE IS  0.1901301002E-02
 MESSAGE (watershell2_main): LOCATION OF INNER BULK BOUNDARY SET TO  -8.288140271     A FROM PROTEIN. CONTOUR VALUE IS  0.4095666634E-02
 MESSAGE (watershell2_main): OUTER BULK BOUNDARY ( -8.788140271    ) IS TOO CLOSE TO SURFACE BOUNDARY ( -9.283033952    ). WILL RECOMPUTE:
 MESSAGE (watershell2_main): LOCATION OF OUTER BULK BOUNDARY SET TO  -8.786438165     A FROM PROTEIN. CONTOUR VALUE IS  0.1906460872E-02
 MESSAGE (watershell2_main): LOCATION OF INNER BULK BOUNDARY SET TO  -8.286438165     A FROM PROTEIN. CONTOUR VALUE IS  0.4105976752E-02
 MESSAGE (watershell2_main): OUTER BULK BOUNDARY ( -8.786438165    ) IS TOO CLOSE TO SURFACE BOUNDARY ( -9.281266615    ). WILL RECOMPUTE:
 MESSAGE (watershell2_main): LOCATION OF OUTER BULK BOUNDARY SET TO  -8.784714315     A FROM PROTEIN. CONTOUR VALUE IS  0.1911699624E-02
 MESSAGE (watershell2_main): LOCATION OF INNER BULK BOUNDARY SET TO  -8.284714315     A FROM PROTEIN. CONTOUR VALUE IS  0.4116442244E-02
 MESSAGE (watershell2_main): OUTER BULK BOUNDARY ( -8.784714315    ) IS TOO CLOSE TO SURFACE BOUNDARY ( -9.279502337    ). WILL RECOMPUTE:
 MESSAGE (watershell2_main): LOCATION OF OUTER BULK BOUNDARY SET TO  -8.782976989     A FROM PROTEIN. CONTOUR VALUE IS  0.1916992560E-02
 MESSAGE (watershell2_main): LOCATION OF INNER BULK BOUNDARY SET TO  -8.282976989     A FROM PROTEIN. CONTOUR VALUE IS  0.4127013691E-02
 MESSAGE (watershell2_main): OUTER BULK BOUNDARY ( -8.782976989    ) IS TOO CLOSE TO SURFACE BOUNDARY ( -9.277961153    ). WILL RECOMPUTE:
 MESSAGE (watershell2_main): LOCATION OF OUTER BULK BOUNDARY SET TO  -8.781305043     A FROM PROTEIN. CONTOUR VALUE IS  0.1922098878E-02
 MESSAGE (watershell2_main): LOCATION OF INNER BULK BOUNDARY SET TO  -8.281305043     A FROM PROTEIN. CONTOUR VALUE IS  0.4137210237E-02
 MESSAGE (watershell2_main): OUTER BULK BOUNDARY ( -8.781305043    ) IS TOO CLOSE TO SURFACE BOUNDARY ( -9.276202749    ). WILL RECOMPUTE:
 MESSAGE (watershell2_main): LOCATION OF OUTER BULK BOUNDARY SET TO  -8.779604279     A FROM PROTEIN. CONTOUR VALUE IS  0.1927305892E-02
 MESSAGE (watershell2_main): LOCATION OF INNER BULK BOUNDARY SET TO  -8.279604279     A FROM PROTEIN. CONTOUR VALUE IS  0.4147605662E-02
 MESSAGE (watershell2_main): OUTER BULK BOUNDARY ( -8.779604279    ) IS TOO CLOSE TO SURFACE BOUNDARY ( -9.274448381    ). WILL RECOMPUTE:
 MESSAGE (watershell2_main): LOCATION OF OUTER BULK BOUNDARY SET TO  -8.777885646     A FROM PROTEIN. CONTOUR VALUE IS  0.1932580625E-02
 MESSAGE (watershell2_main): LOCATION OF INNER BULK BOUNDARY SET TO  -8.277885646     A FROM PROTEIN. CONTOUR VALUE IS  0.4158134032E-02
 MESSAGE (watershell2_main): OUTER BULK BOUNDARY ( -8.777885646    ) IS TOO CLOSE TO SURFACE BOUNDARY ( -9.272699237    ). WILL RECOMPUTE:
 MESSAGE (watershell2_main): LOCATION OF OUTER BULK BOUNDARY SET TO  -8.776156843     A FROM PROTEIN. CONTOUR VALUE IS  0.1937899802E-02
 MESSAGE (watershell2_main): LOCATION OF INNER BULK BOUNDARY SET TO  -8.276156843     A FROM PROTEIN. CONTOUR VALUE IS  0.4168748822E-02
 MESSAGE (watershell2_main): OUTER BULK BOUNDARY ( -8.776156843    ) IS TOO CLOSE TO SURFACE BOUNDARY ( -9.270954897    ). WILL RECOMPUTE:
 MESSAGE (watershell2_main): LOCATION OF OUTER BULK BOUNDARY SET TO  -8.774422861     A FROM PROTEIN. CONTOUR VALUE IS  0.1943248269E-02
 MESSAGE (watershell2_main): LOCATION OF INNER BULK BOUNDARY SET TO  -8.274422861     A FROM PROTEIN. CONTOUR VALUE IS  0.4179419752E-02
 MESSAGE (watershell2_main): OUTER BULK BOUNDARY ( -8.774422861    ) IS TOO CLOSE TO SURFACE BOUNDARY ( -9.269215156    ). WILL RECOMPUTE:
 MESSAGE (watershell2_main): LOCATION OF OUTER BULK BOUNDARY SET TO  -8.772686959     A FROM PROTEIN. CONTOUR VALUE IS  0.1948616087E-02
 MESSAGE (watershell2_main): LOCATION OF INNER BULK BOUNDARY SET TO  -8.272686959     A FROM PROTEIN. CONTOUR VALUE IS  0.4190126965E-02
 MESSAGE (watershell2_main): OUTER BULK BOUNDARY ( -8.772686959    ) IS TOO CLOSE TO SURFACE BOUNDARY ( -9.267480018    ). WILL RECOMPUTE:
 MESSAGE (watershell2_main): LOCATION OF OUTER BULK BOUNDARY SET TO  -8.770951312     A FROM PROTEIN. CONTOUR VALUE IS  0.1953996581E-02
 MESSAGE (watershell2_main): LOCATION OF INNER BULK BOUNDARY SET TO  -8.270951312     A FROM PROTEIN. CONTOUR VALUE IS  0.4200857132E-02
 MESSAGE (watershell2_main): OUTER BULK BOUNDARY ( -8.770951312    ) IS TOO CLOSE TO SURFACE BOUNDARY ( -9.265745810    ). WILL RECOMPUTE:
 MESSAGE (watershell2_main): LOCATION OF OUTER BULK BOUNDARY SET TO  -8.769216145     A FROM PROTEIN. CONTOUR VALUE IS  0.1959389074E-02
 MESSAGE (watershell2_main): LOCATION OF INNER BULK BOUNDARY SET TO  -8.269216145     A FROM PROTEIN. CONTOUR VALUE IS  0.4211608892E-02
 MESSAGE (watershell2_main): OUTER BULK BOUNDARY ( -8.769216145    ) IS TOO CLOSE TO SURFACE BOUNDARY ( -9.264010487    ). WILL RECOMPUTE:
 MESSAGE (watershell2_main): LOCATION OF OUTER BULK BOUNDARY SET TO  -8.767480926     A FROM PROTEIN. CONTOUR VALUE IS  0.1964795242E-02
 MESSAGE (watershell2_main): LOCATION OF INNER BULK BOUNDARY SET TO  -8.267480926     A FROM PROTEIN. CONTOUR VALUE IS  0.4222385580E-02
 MESSAGE (watershell2_main): OUTER BULK BOUNDARY ( -8.767480926    ) IS TOO CLOSE TO SURFACE BOUNDARY ( -9.262276400    ). WILL RECOMPUTE:
 MESSAGE (watershell2_main): LOCATION OF OUTER BULK BOUNDARY SET TO  -8.765746084     A FROM PROTEIN. CONTOUR VALUE IS  0.1970213775E-02
 MESSAGE (watershell2_main): LOCATION OF INNER BULK BOUNDARY SET TO  -8.265746084     A FROM PROTEIN. CONTOUR VALUE IS  0.4233184571E-02
 MESSAGE (watershell2_main): OUTER BULK BOUNDARY ( -8.765746084    ) IS TOO CLOSE TO SURFACE BOUNDARY ( -9.260544287    ). WILL RECOMPUTE:
 MESSAGE (watershell2_main): LOCATION OF OUTER BULK BOUNDARY SET TO  -8.764012152     A FROM PROTEIN. CONTOUR VALUE IS  0.1975643024E-02
 MESSAGE (watershell2_main): LOCATION OF INNER BULK BOUNDARY SET TO  -8.264012152     A FROM PROTEIN. CONTOUR VALUE IS  0.4244002571E-02
 MESSAGE (watershell2_main): OUTER BULK BOUNDARY ( -8.764012152    ) IS TOO CLOSE TO SURFACE BOUNDARY ( -9.258813279    ). WILL RECOMPUTE:
 MESSAGE (watershell2_main): LOCATION OF OUTER BULK BOUNDARY SET TO  -8.762279194     A FROM PROTEIN. CONTOUR VALUE IS  0.1981082794E-02
 MESSAGE (watershell2_main): LOCATION OF INNER BULK BOUNDARY SET TO  -8.262279194     A FROM PROTEIN. CONTOUR VALUE IS  0.4254839184E-02
 MESSAGE (watershell2_main): OUTER BULK BOUNDARY ( -8.762279194    ) IS TOO CLOSE TO SURFACE BOUNDARY ( -9.257084036    ). WILL RECOMPUTE:
 MESSAGE (watershell2_main): LOCATION OF OUTER BULK BOUNDARY SET TO  -8.760547475     A FROM PROTEIN. CONTOUR VALUE IS  0.1986532261E-02
 MESSAGE (watershell2_main): LOCATION OF INNER BULK BOUNDARY SET TO  -8.260547475     A FROM PROTEIN. CONTOUR VALUE IS  0.4265692763E-02
 MESSAGE (watershell2_main): OUTER BULK BOUNDARY ( -8.760547475    ) IS TOO CLOSE TO SURFACE BOUNDARY ( -9.255355563    ). WILL RECOMPUTE:
 MESSAGE (watershell2_main): LOCATION OF OUTER BULK BOUNDARY SET TO  -8.758816838     A FROM PROTEIN. CONTOUR VALUE IS  0.1991991919E-02
 MESSAGE (watershell2_main): LOCATION OF INNER BULK BOUNDARY SET TO  -8.258816838     A FROM PROTEIN. CONTOUR VALUE IS  0.4276564283E-02
 MESSAGE (watershell2_main): OUTER BULK BOUNDARY ( -8.758816838    ) IS TOO CLOSE TO SURFACE BOUNDARY ( -9.253629900    ). WILL RECOMPUTE:
 MESSAGE (watershell2_main): LOCATION OF OUTER BULK BOUNDARY SET TO  -8.757087858     A FROM PROTEIN. CONTOUR VALUE IS  0.1997459949E-02
 MESSAGE (watershell2_main): LOCATION OF INNER BULK BOUNDARY SET TO  -8.257087858     A FROM PROTEIN. CONTOUR VALUE IS  0.4287450118E-02
 MESSAGE (watershell2_main): OUTER BULK BOUNDARY ( -8.757087858    ) IS TOO CLOSE TO SURFACE BOUNDARY ( -9.251908136    ). WILL RECOMPUTE:
 MESSAGE (watershell2_main): LOCATION OF OUTER BULK BOUNDARY SET TO  -8.755361284     A FROM PROTEIN. CONTOUR VALUE IS  0.2002933969E-02
 MESSAGE (watershell2_main): LOCATION OF INNER BULK BOUNDARY SET TO  -8.255361284     A FROM PROTEIN. CONTOUR VALUE IS  0.4298345524E-02
 MESSAGE (watershell2_main): OUTER BULK BOUNDARY ( -8.755361284    ) IS TOO CLOSE TO SURFACE BOUNDARY ( -9.250190416    ). WILL RECOMPUTE:
 MESSAGE (watershell2_main): LOCATION OF OUTER BULK BOUNDARY SET TO  -8.753637662     A FROM PROTEIN. CONTOUR VALUE IS  0.2008412214E-02
 MESSAGE (watershell2_main): LOCATION OF INNER BULK BOUNDARY SET TO  -8.253637662     A FROM PROTEIN. CONTOUR VALUE IS  0.4309246985E-02
 MESSAGE (watershell2_main): OUTER BULK BOUNDARY ( -8.753637662    ) IS TOO CLOSE TO SURFACE BOUNDARY ( -9.248480806    ). WILL RECOMPUTE:
 MESSAGE (watershell2_main): LOCATION OF OUTER BULK BOUNDARY SET TO  -8.751918710     A FROM PROTEIN. CONTOUR VALUE IS  0.2013889159E-02
 MESSAGE (watershell2_main): LOCATION OF INNER BULK BOUNDARY SET TO  -8.251918710     A FROM PROTEIN. CONTOUR VALUE IS  0.4320143511E-02
 MESSAGE (watershell2_main): OUTER BULK BOUNDARY ( -8.751918710    ) IS TOO CLOSE TO SURFACE BOUNDARY ( -9.246774682    ). WILL RECOMPUTE:
 MESSAGE (watershell2_main): LOCATION OF OUTER BULK BOUNDARY SET TO  -8.750204034     A FROM PROTEIN. CONTOUR VALUE IS  0.2019365986E-02
 MESSAGE (watershell2_main): LOCATION OF INNER BULK BOUNDARY SET TO  -8.250204034     A FROM PROTEIN. CONTOUR VALUE IS  0.4331037463E-02
 MESSAGE (watershell2_main): OUTER BULK BOUNDARY ( -8.750204034    ) IS TOO CLOSE TO SURFACE BOUNDARY ( -9.245071169    ). WILL RECOMPUTE:
 MESSAGE (watershell2_main): LOCATION OF OUTER BULK BOUNDARY SET TO  -8.748493079     A FROM PROTEIN. CONTOUR VALUE IS  0.2024844402E-02
 MESSAGE (watershell2_main): LOCATION OF INNER BULK BOUNDARY SET TO  -8.248493079     A FROM PROTEIN. CONTOUR VALUE IS  0.4341932241E-02
 MESSAGE (watershell2_main): OUTER BULK BOUNDARY ( -8.748493079    ) IS TOO CLOSE TO SURFACE BOUNDARY ( -9.243370029    ). WILL RECOMPUTE:
 MESSAGE (watershell2_main): LOCATION OF OUTER BULK BOUNDARY SET TO  -8.746785396     A FROM PROTEIN. CONTOUR VALUE IS  0.2030325792E-02
 MESSAGE (watershell2_main): LOCATION OF INNER BULK BOUNDARY SET TO  -8.246785396     A FROM PROTEIN. CONTOUR VALUE IS  0.4352830602E-02
 MESSAGE (watershell2_main): OUTER BULK BOUNDARY ( -8.746785396    ) IS TOO CLOSE TO SURFACE BOUNDARY ( -9.241671660    ). WILL RECOMPUTE:
 MESSAGE (watershell2_main): LOCATION OF OUTER BULK BOUNDARY SET TO  -8.745080817     A FROM PROTEIN. CONTOUR VALUE IS  0.2035810646E-02
 MESSAGE (watershell2_main): LOCATION OF INNER BULK BOUNDARY SET TO  -8.245080817     A FROM PROTEIN. CONTOUR VALUE IS  0.4363733522E-02
 MESSAGE (watershell2_main): OUTER BULK BOUNDARY ( -8.745080817    ) IS TOO CLOSE TO SURFACE BOUNDARY ( -9.239973403    ). WILL RECOMPUTE:
 MESSAGE (watershell2_main): LOCATION OF OUTER BULK BOUNDARY SET TO  -8.743378346     A FROM PROTEIN. CONTOUR VALUE IS  0.2041302141E-02
 MESSAGE (watershell2_main): LOCATION OF INNER BULK BOUNDARY SET TO  -8.243378346     A FROM PROTEIN. CONTOUR VALUE IS  0.4374647318E-02
 MESSAGE (watershell2_main): OUTER BULK BOUNDARY ( -8.743378346    ) IS TOO CLOSE TO SURFACE BOUNDARY ( -9.238280048    ). WILL RECOMPUTE:
 MESSAGE (watershell2_main): LOCATION OF OUTER BULK BOUNDARY SET TO  -8.741678913     A FROM PROTEIN. CONTOUR VALUE IS  0.2046797239E-02
 MESSAGE (watershell2_main): LOCATION OF INNER BULK BOUNDARY SET TO  -8.241678913     A FROM PROTEIN. CONTOUR VALUE IS  0.4385565950E-02
 MESSAGE (watershell2_main): OUTER BULK BOUNDARY ( -8.741678913    ) IS TOO CLOSE TO SURFACE BOUNDARY ( -9.236589664    ). WILL RECOMPUTE:
 MESSAGE (watershell2_main): LOCATION OF OUTER BULK BOUNDARY SET TO  -8.739982497     A FROM PROTEIN. CONTOUR VALUE IS  0.2052295972E-02
 MESSAGE (watershell2_main): LOCATION OF INNER BULK BOUNDARY SET TO  -8.239982497     A FROM PROTEIN. CONTOUR VALUE IS  0.4396489485E-02
 MESSAGE (watershell2_main): OUTER BULK BOUNDARY ( -8.739982497    ) IS TOO CLOSE TO SURFACE BOUNDARY ( -9.234901239    ). WILL RECOMPUTE:
 MESSAGE (watershell2_main): LOCATION OF OUTER BULK BOUNDARY SET TO  -8.738288744     A FROM PROTEIN. CONTOUR VALUE IS  0.2057799443E-02
 MESSAGE (watershell2_main): LOCATION OF INNER BULK BOUNDARY SET TO  -8.238288744     A FROM PROTEIN. CONTOUR VALUE IS  0.4407420112E-02
 MESSAGE (watershell2_main): OUTER BULK BOUNDARY ( -8.738288744    ) IS TOO CLOSE TO SURFACE BOUNDARY ( -9.233214688    ). WILL RECOMPUTE:
 MESSAGE (watershell2_main): LOCATION OF OUTER BULK BOUNDARY SET TO  -8.736597392     A FROM PROTEIN. CONTOUR VALUE IS  0.2063308475E-02
 MESSAGE (watershell2_main): LOCATION OF INNER BULK BOUNDARY SET TO  -8.236597392     A FROM PROTEIN. CONTOUR VALUE IS  0.4418359468E-02
 MESSAGE (watershell2_main): OUTER BULK BOUNDARY ( -8.736597392    ) IS TOO CLOSE TO SURFACE BOUNDARY ( -9.231531180    ). WILL RECOMPUTE:
 MESSAGE (watershell2_main): LOCATION OF OUTER BULK BOUNDARY SET TO  -8.734908655     A FROM PROTEIN. CONTOUR VALUE IS  0.2068822340E-02
 MESSAGE (watershell2_main): LOCATION OF INNER BULK BOUNDARY SET TO  -8.234908655     A FROM PROTEIN. CONTOUR VALUE IS  0.4429306107E-02
 MESSAGE (watershell2_main): OUTER BULK BOUNDARY ( -8.734908655    ) IS TOO CLOSE TO SURFACE BOUNDARY ( -9.229847314    ). WILL RECOMPUTE:
 MESSAGE (watershell2_main): LOCATION OF OUTER BULK BOUNDARY SET TO  -8.733221541     A FROM PROTEIN. CONTOUR VALUE IS  0.2074344251E-02
 MESSAGE (watershell2_main): LOCATION OF INNER BULK BOUNDARY SET TO  -8.233221541     A FROM PROTEIN. CONTOUR VALUE IS  0.4440266404E-02
 MESSAGE (watershell2_main): OUTER BULK BOUNDARY ( -8.733221541    ) IS TOO CLOSE TO SURFACE BOUNDARY ( -9.228163757    ). WILL RECOMPUTE:
 MESSAGE (watershell2_main): LOCATION OF OUTER BULK BOUNDARY SET TO  -8.731535613     A FROM PROTEIN. CONTOUR VALUE IS  0.2079875638E-02
 MESSAGE (watershell2_main): LOCATION OF INNER BULK BOUNDARY SET TO  -8.231535613     A FROM PROTEIN. CONTOUR VALUE IS  0.4451243195E-02
 MESSAGE (watershell2_main): OUTER BULK BOUNDARY ( -8.731535613    ) IS TOO CLOSE TO SURFACE BOUNDARY ( -9.226481086    ). WILL RECOMPUTE:
 MESSAGE (watershell2_main): LOCATION OF OUTER BULK BOUNDARY SET TO  -8.729850771     A FROM PROTEIN. CONTOUR VALUE IS  0.2085416831E-02
 MESSAGE (watershell2_main): LOCATION OF INNER BULK BOUNDARY SET TO  -8.229850771     A FROM PROTEIN. CONTOUR VALUE IS  0.4462237125E-02
 MESSAGE (watershell2_main): OUTER BULK BOUNDARY ( -8.729850771    ) IS TOO CLOSE TO SURFACE BOUNDARY ( -9.224799796    ). WILL RECOMPUTE:
 MESSAGE (watershell2_main): LOCATION OF OUTER BULK BOUNDARY SET TO  -8.728167112     A FROM PROTEIN. CONTOUR VALUE IS  0.2090967506E-02
 MESSAGE (watershell2_main): LOCATION OF INNER BULK BOUNDARY SET TO  -8.228167112     A FROM PROTEIN. CONTOUR VALUE IS  0.4473247549E-02
 MESSAGE (watershell2_main): OUTER BULK BOUNDARY ( -8.728167112    ) IS TOO CLOSE TO SURFACE BOUNDARY ( -9.223124541    ). WILL RECOMPUTE:
 MESSAGE (watershell2_main): LOCATION OF OUTER BULK BOUNDARY SET TO  -8.726486255     A FROM PROTEIN. CONTOUR VALUE IS  0.2096522314E-02
 MESSAGE (watershell2_main): LOCATION OF INNER BULK BOUNDARY SET TO  -8.226486255     A FROM PROTEIN. CONTOUR VALUE IS  0.4484263850E-02
 MESSAGE (watershell2_main): OUTER BULK BOUNDARY ( -8.726486255    ) IS TOO CLOSE TO SURFACE BOUNDARY ( -9.221450483    ). WILL RECOMPUTE:
 MESSAGE (watershell2_main): LOCATION OF OUTER BULK BOUNDARY SET TO  -8.724807665     A FROM PROTEIN. CONTOUR VALUE IS  0.2102082989E-02
 MESSAGE (watershell2_main): LOCATION OF INNER BULK BOUNDARY SET TO  -8.224807665     A FROM PROTEIN. CONTOUR VALUE IS  0.4495289471E-02
 MESSAGE (watershell2_main): OUTER BULK BOUNDARY ( -8.724807665    ) IS TOO CLOSE TO SURFACE BOUNDARY ( -9.219776104    ). WILL RECOMPUTE:
 MESSAGE (watershell2_main): LOCATION OF OUTER BULK BOUNDARY SET TO  -8.723130478     A FROM PROTEIN. CONTOUR VALUE IS  0.2107652373E-02
 MESSAGE (watershell2_main): LOCATION OF INNER BULK BOUNDARY SET TO  -8.223130478     A FROM PROTEIN. CONTOUR VALUE IS  0.4506330042E-02
 MESSAGE (watershell2_main): OUTER BULK BOUNDARY ( -8.723130478    ) IS TOO CLOSE TO SURFACE BOUNDARY ( -9.218101388    ). WILL RECOMPUTE:
 MESSAGE (watershell2_main): LOCATION OF OUTER BULK BOUNDARY SET TO  -8.721454114     A FROM PROTEIN. CONTOUR VALUE IS  0.2113232395E-02
 MESSAGE (watershell2_main): LOCATION OF INNER BULK BOUNDARY SET TO  -8.221454114     A FROM PROTEIN. CONTOUR VALUE IS  0.4517389381E-02
 MESSAGE (watershell2_main): OUTER BULK BOUNDARY ( -8.721454114    ) IS TOO CLOSE TO SURFACE BOUNDARY ( -9.216427820    ). WILL RECOMPUTE:
 MESSAGE (watershell2_main): LOCATION OF OUTER BULK BOUNDARY SET TO  -8.719778683     A FROM PROTEIN. CONTOUR VALUE IS  0.2118822701E-02
 MESSAGE (watershell2_main): LOCATION OF INNER BULK BOUNDARY SET TO  -8.219778683     A FROM PROTEIN. CONTOUR VALUE IS  0.4528466779E-02
 MESSAGE (watershell2_main): OUTER BULK BOUNDARY ( -8.719778683    ) IS TOO CLOSE TO SURFACE BOUNDARY ( -9.214757129    ). WILL RECOMPUTE:
 MESSAGE (watershell2_main): LOCATION OF OUTER BULK BOUNDARY SET TO  -8.718104832     A FROM PROTEIN. CONTOUR VALUE IS  0.2124421127E-02
 MESSAGE (watershell2_main): LOCATION OF INNER BULK BOUNDARY SET TO  -8.218104832     A FROM PROTEIN. CONTOUR VALUE IS  0.4539557943E-02
 MESSAGE (watershell2_main): OUTER BULK BOUNDARY ( -8.718104832    ) IS TOO CLOSE TO SURFACE BOUNDARY ( -9.213087297    ). WILL RECOMPUTE:
 MESSAGE (watershell2_main): LOCATION OF OUTER BULK BOUNDARY SET TO  -8.716432320     A FROM PROTEIN. CONTOUR VALUE IS  0.2130028468E-02
 MESSAGE (watershell2_main): LOCATION OF INNER BULK BOUNDARY SET TO  -8.216432320     A FROM PROTEIN. CONTOUR VALUE IS  0.4550664444E-02
 MESSAGE (watershell2_main): OUTER BULK BOUNDARY ( -8.716432320    ) IS TOO CLOSE TO SURFACE BOUNDARY ( -9.211417972    ). WILL RECOMPUTE:
 MESSAGE (watershell2_main): LOCATION OF OUTER BULK BOUNDARY SET TO  -8.714760871     A FROM PROTEIN. CONTOUR VALUE IS  0.2135645655E-02
 MESSAGE (watershell2_main): LOCATION OF INNER BULK BOUNDARY SET TO  -8.214760871     A FROM PROTEIN. CONTOUR VALUE IS  0.4561788120E-02
 MESSAGE (watershell2_main): OUTER BULK BOUNDARY ( -8.714760871    ) IS TOO CLOSE TO SURFACE BOUNDARY ( -9.209749142    ). WILL RECOMPUTE:
 MESSAGE (watershell2_main): LOCATION OF OUTER BULK BOUNDARY SET TO  -8.713090295     A FROM PROTEIN. CONTOUR VALUE IS  0.2141273330E-02
 MESSAGE (watershell2_main): LOCATION OF INNER BULK BOUNDARY SET TO  -8.213090295     A FROM PROTEIN. CONTOUR VALUE IS  0.4572930235E-02
 MESSAGE (watershell2_main): OUTER BULK BOUNDARY ( -8.713090295    ) IS TOO CLOSE TO SURFACE BOUNDARY ( -9.208081136    ). WILL RECOMPUTE:
 MESSAGE (watershell2_main): LOCATION OF OUTER BULK BOUNDARY SET TO  -8.711420575     A FROM PROTEIN. CONTOUR VALUE IS  0.2146911552E-02
 MESSAGE (watershell2_main): LOCATION OF INNER BULK BOUNDARY SET TO  -8.211420575     A FROM PROTEIN. CONTOUR VALUE IS  0.4584090901E-02
 MESSAGE (watershell2_main): OUTER BULK BOUNDARY ( -8.711420575    ) IS TOO CLOSE TO SURFACE BOUNDARY ( -9.206415754    ). WILL RECOMPUTE:
 MESSAGE (watershell2_main): LOCATION OF OUTER BULK BOUNDARY SET TO  -8.709752302     A FROM PROTEIN. CONTOUR VALUE IS  0.2152558335E-02
 MESSAGE (watershell2_main): LOCATION OF INNER BULK BOUNDARY SET TO  -8.209752302     A FROM PROTEIN. CONTOUR VALUE IS  0.4595266178E-02
 MESSAGE (watershell2_main): OUTER BULK BOUNDARY ( -8.709752302    ) IS TOO CLOSE TO SURFACE BOUNDARY ( -9.204751762    ). WILL RECOMPUTE:
 MESSAGE (watershell2_main): LOCATION OF OUTER BULK BOUNDARY SET TO  -8.708085455     A FROM PROTEIN. CONTOUR VALUE IS  0.2158213734E-02
 MESSAGE (watershell2_main): LOCATION OF INNER BULK BOUNDARY SET TO  -8.208085455     A FROM PROTEIN. CONTOUR VALUE IS  0.4606456172E-02
 MESSAGE (watershell2_main): OUTER BULK BOUNDARY ( -8.708085455    ) IS TOO CLOSE TO SURFACE BOUNDARY ( -9.202881311    ). WILL RECOMPUTE:
 MESSAGE (watershell2_main): LOCATION OF OUTER BULK BOUNDARY SET TO  -8.706350740     A FROM PROTEIN. CONTOUR VALUE IS  0.2164113705E-02
 MESSAGE (watershell2_main): LOCATION OF INNER BULK BOUNDARY SET TO  -8.206350740     A FROM PROTEIN. CONTOUR VALUE IS  0.4618127603E-02
 MESSAGE (watershell2_main): OUTER BULK BOUNDARY ( -8.706350740    ) IS TOO CLOSE TO SURFACE BOUNDARY ( -9.201219889    ). WILL RECOMPUTE:
 MESSAGE (watershell2_main): LOCATION OF OUTER BULK BOUNDARY SET TO  -8.704640457     A FROM PROTEIN. CONTOUR VALUE IS  0.2169944896E-02
 MESSAGE (watershell2_main): LOCATION OF INNER BULK BOUNDARY SET TO  -8.204640457     A FROM PROTEIN. CONTOUR VALUE IS  0.4629660486E-02
 MESSAGE (watershell2_main): OUTER BULK BOUNDARY ( -8.704640457    ) IS TOO CLOSE TO SURFACE BOUNDARY ( -9.199559833    ). WILL RECOMPUTE:
 MESSAGE (watershell2_main): LOCATION OF OUTER BULK BOUNDARY SET TO  -8.702946915     A FROM PROTEIN. CONTOUR VALUE IS  0.2175733038E-02
 MESSAGE (watershell2_main): LOCATION OF INNER BULK BOUNDARY SET TO  -8.202946915     A FROM PROTEIN. CONTOUR VALUE IS  0.4641105789E-02
 MESSAGE (watershell2_main): OUTER BULK BOUNDARY ( -8.702946915    ) IS TOO CLOSE TO SURFACE BOUNDARY ( -9.197903752    ). WILL RECOMPUTE:
 MESSAGE (watershell2_main): LOCATION OF OUTER BULK BOUNDARY SET TO  -8.701265861     A FROM PROTEIN. CONTOUR VALUE IS  0.2181492343E-02
 MESSAGE (watershell2_main): LOCATION OF INNER BULK BOUNDARY SET TO  -8.201265861     A FROM PROTEIN. CONTOUR VALUE IS  0.4652491667E-02
 MESSAGE (watershell2_main): OUTER BULK BOUNDARY ( -8.701265861    ) IS TOO CLOSE TO SURFACE BOUNDARY ( -9.196251896    ). WILL RECOMPUTE:
 MESSAGE (watershell2_main): LOCATION OF OUTER BULK BOUNDARY SET TO  -8.699594539     A FROM PROTEIN. CONTOUR VALUE IS  0.2187232000E-02
 MESSAGE (watershell2_main): LOCATION OF INNER BULK BOUNDARY SET TO  -8.199594539     A FROM PROTEIN. CONTOUR VALUE IS  0.4663836322E-02
 MESSAGE (watershell2_main): OUTER BULK BOUNDARY ( -8.699594539    ) IS TOO CLOSE TO SURFACE BOUNDARY ( -9.194397492    ). WILL RECOMPUTE:
 MESSAGE (watershell2_main): LOCATION OF OUTER BULK BOUNDARY SET TO  -8.697862190     A FROM PROTEIN. CONTOUR VALUE IS  0.2193195682E-02
 MESSAGE (watershell2_main): LOCATION OF INNER BULK BOUNDARY SET TO  -8.197862190     A FROM PROTEIN. CONTOUR VALUE IS  0.4675621263E-02
 MESSAGE (watershell2_main): OUTER BULK BOUNDARY ( -8.697862190    ) IS TOO CLOSE TO SURFACE BOUNDARY ( -9.192751533    ). WILL RECOMPUTE:
 MESSAGE (watershell2_main): LOCATION OF OUTER BULK BOUNDARY SET TO  -8.696158638     A FROM PROTEIN. CONTOUR VALUE IS  0.2199074602E-02
 MESSAGE (watershell2_main): LOCATION OF INNER BULK BOUNDARY SET TO  -8.196158638     A FROM PROTEIN. CONTOUR VALUE IS  0.4687236208E-02
 MESSAGE (watershell2_main): OUTER BULK BOUNDARY ( -8.696158638    ) IS TOO CLOSE TO SURFACE BOUNDARY ( -9.191106997    ). WILL RECOMPUTE:
 MESSAGE (watershell2_main): LOCATION OF OUTER BULK BOUNDARY SET TO  -8.694474758     A FROM PROTEIN. CONTOUR VALUE IS  0.2204899668E-02
 MESSAGE (watershell2_main): LOCATION OF INNER BULK BOUNDARY SET TO  -8.194474758     A FROM PROTEIN. CONTOUR VALUE IS  0.4698742313E-02
 MESSAGE (watershell2_main): OUTER BULK BOUNDARY ( -8.694474758    ) IS TOO CLOSE TO SURFACE BOUNDARY ( -9.189463877    ). WILL RECOMPUTE:
 MESSAGE (watershell2_main): LOCATION OF OUTER BULK BOUNDARY SET TO  -8.692804464     A FROM PROTEIN. CONTOUR VALUE IS  0.2210691546E-02
 MESSAGE (watershell2_main): LOCATION OF INNER BULK BOUNDARY SET TO  -8.192804464     A FROM PROTEIN. CONTOUR VALUE IS  0.4710180465E-02
 MESSAGE (watershell2_main): OUTER BULK BOUNDARY ( -8.692804464    ) IS TOO CLOSE TO SURFACE BOUNDARY ( -9.187618356    ). WILL RECOMPUTE:
 MESSAGE (watershell2_main): LOCATION OF OUTER BULK BOUNDARY SET TO  -8.691075762     A FROM PROTEIN. CONTOUR VALUE IS  0.2216700480E-02
 MESSAGE (watershell2_main): LOCATION OF INNER BULK BOUNDARY SET TO  -8.191075762     A FROM PROTEIN. CONTOUR VALUE IS  0.4722044749E-02
 MESSAGE (watershell2_main): OUTER BULK BOUNDARY ( -8.691075762    ) IS TOO CLOSE TO SURFACE BOUNDARY ( -9.185981345    ). WILL RECOMPUTE:
 MESSAGE (watershell2_main): LOCATION OF OUTER BULK BOUNDARY SET TO  -8.689377623     A FROM PROTEIN. CONTOUR VALUE IS  0.2222617584E-02
 MESSAGE (watershell2_main): LOCATION OF INNER BULK BOUNDARY SET TO  -8.189377623     A FROM PROTEIN. CONTOUR VALUE IS  0.4733725214E-02
 MESSAGE (watershell2_main): OUTER BULK BOUNDARY ( -8.689377623    ) IS TOO CLOSE TO SURFACE BOUNDARY ( -9.184347344    ). WILL RECOMPUTE:
 MESSAGE (watershell2_main): LOCATION OF OUTER BULK BOUNDARY SET TO  -8.687700863     A FROM PROTEIN. CONTOUR VALUE IS  0.2228474234E-02
 MESSAGE (watershell2_main): LOCATION OF INNER BULK BOUNDARY SET TO  -8.187700863     A FROM PROTEIN. CONTOUR VALUE IS  0.4745283904E-02
 MESSAGE (watershell2_main): OUTER BULK BOUNDARY ( -8.687700863    ) IS TOO CLOSE TO SURFACE BOUNDARY ( -9.182513224    ). WILL RECOMPUTE:
 MESSAGE (watershell2_main): LOCATION OF OUTER BULK BOUNDARY SET TO  -8.685971650     A FROM PROTEIN. CONTOUR VALUE IS  0.2234528741E-02
 MESSAGE (watershell2_main): LOCATION OF INNER BULK BOUNDARY SET TO  -8.185971650     A FROM PROTEIN. CONTOUR VALUE IS  0.4757230537E-02
 MESSAGE (watershell2_main): OUTER BULK BOUNDARY ( -8.685971650    ) IS TOO CLOSE TO SURFACE BOUNDARY ( -9.180886760    ). WILL RECOMPUTE:
 MESSAGE (watershell2_main): LOCATION OF OUTER BULK BOUNDARY SET TO  -8.684276687     A FROM PROTEIN. CONTOUR VALUE IS  0.2240477790E-02
 MESSAGE (watershell2_main): LOCATION OF INNER BULK BOUNDARY SET TO  -8.184276687     A FROM PROTEIN. CONTOUR VALUE IS  0.4768966569E-02
 MESSAGE (watershell2_main): OUTER BULK BOUNDARY ( -8.684276687    ) IS TOO CLOSE TO SURFACE BOUNDARY ( -9.179263785    ). WILL RECOMPUTE:
 MESSAGE (watershell2_main): LOCATION OF OUTER BULK BOUNDARY SET TO  -8.682605719     A FROM PROTEIN. CONTOUR VALUE IS  0.2246356662E-02
 MESSAGE (watershell2_main): LOCATION OF INNER BULK BOUNDARY SET TO  -8.182605719     A FROM PROTEIN. CONTOUR VALUE IS  0.4780561718E-02
 MESSAGE (watershell2_main): OUTER BULK BOUNDARY ( -8.682605719    ) IS TOO CLOSE TO SURFACE BOUNDARY ( -9.177441896    ). WILL RECOMPUTE:
 MESSAGE (watershell2_main): LOCATION OF OUTER BULK BOUNDARY SET TO  -8.680884445     A FROM PROTEIN. CONTOUR VALUE IS  0.2252427139E-02
 MESSAGE (watershell2_main): LOCATION OF INNER BULK BOUNDARY SET TO  -8.180884445     A FROM PROTEIN. CONTOUR VALUE IS  0.4792532235E-02
 MESSAGE (watershell2_main): OUTER BULK BOUNDARY ( -8.680884445    ) IS TOO CLOSE TO SURFACE BOUNDARY ( -9.175824609    ). WILL RECOMPUTE:
 MESSAGE (watershell2_main): LOCATION OF OUTER BULK BOUNDARY SET TO  -8.679197833     A FROM PROTEIN. CONTOUR VALUE IS  0.2258389782E-02
 MESSAGE (watershell2_main): LOCATION OF INNER BULK BOUNDARY SET TO  -8.179197833     A FROM PROTEIN. CONTOUR VALUE IS  0.4804287608E-02
 MESSAGE (watershell2_main): OUTER BULK BOUNDARY ( -8.679197833    ) IS TOO CLOSE TO SURFACE BOUNDARY ( -9.174005418    ). WILL RECOMPUTE:
 MESSAGE (watershell2_main): LOCATION OF OUTER BULK BOUNDARY SET TO  -8.677467028     A FROM PROTEIN. CONTOUR VALUE IS  0.2264523525E-02
 MESSAGE (watershell2_main): LOCATION OF INNER BULK BOUNDARY SET TO  -8.177467028     A FROM PROTEIN. CONTOUR VALUE IS  0.4816377719E-02
 MESSAGE (watershell2_main): OUTER BULK BOUNDARY ( -8.677467028    ) IS TOO CLOSE TO SURFACE BOUNDARY ( -9.172390824    ). WILL RECOMPUTE:
 MESSAGE (watershell2_main): LOCATION OF OUTER BULK BOUNDARY SET TO  -8.675774960     A FROM PROTEIN. CONTOUR VALUE IS  0.2270534575E-02
 MESSAGE (watershell2_main): LOCATION OF INNER BULK BOUNDARY SET TO  -8.175774960     A FROM PROTEIN. CONTOUR VALUE IS  0.4828223455E-02
 MESSAGE (watershell2_main): OUTER BULK BOUNDARY ( -8.675774960    ) IS TOO CLOSE TO SURFACE BOUNDARY ( -9.170578709    ). WILL RECOMPUTE:
 MESSAGE (watershell2_main): LOCATION OF OUTER BULK BOUNDARY SET TO  -8.674042876     A FROM PROTEIN. CONTOUR VALUE IS  0.2276702748E-02
 MESSAGE (watershell2_main): LOCATION OF INNER BULK BOUNDARY SET TO  -8.174042876     A FROM PROTEIN. CONTOUR VALUE IS  0.4840376225E-02
 MESSAGE (watershell2_main): OUTER BULK BOUNDARY ( -8.674042876    ) IS TOO CLOSE TO SURFACE BOUNDARY ( -9.168970588    ). WILL RECOMPUTE:
 MESSAGE (watershell2_main): LOCATION OF OUTER BULK BOUNDARY SET TO  -8.672352114     A FROM PROTEIN. CONTOUR VALUE IS  0.2282738408E-02
 MESSAGE (watershell2_main): LOCATION OF INNER BULK BOUNDARY SET TO  -8.172352114     A FROM PROTEIN. CONTOUR VALUE IS  0.4852265365E-02
 MESSAGE (watershell2_main): OUTER BULK BOUNDARY ( -8.672352114    ) IS TOO CLOSE TO SURFACE BOUNDARY ( -9.167161546    ). WILL RECOMPUTE:
 MESSAGE (watershell2_main): LOCATION OF OUTER BULK BOUNDARY SET TO  -8.670621924     A FROM PROTEIN. CONTOUR VALUE IS  0.2288929812E-02
 MESSAGE (watershell2_main): LOCATION OF INNER BULK BOUNDARY SET TO  -8.170621924     A FROM PROTEIN. CONTOUR VALUE IS  0.4864458685E-02
 MESSAGE (watershell2_main): OUTER BULK BOUNDARY ( -8.670621924    ) IS TOO CLOSE TO SURFACE BOUNDARY ( -9.165554552    ). WILL RECOMPUTE:
 MESSAGE (watershell2_main): LOCATION OF OUTER BULK BOUNDARY SET TO  -8.668932800     A FROM PROTEIN. CONTOUR VALUE IS  0.2294988937E-02
 MESSAGE (watershell2_main): LOCATION OF INNER BULK BOUNDARY SET TO  -8.168932800     A FROM PROTEIN. CONTOUR VALUE IS  0.4876388942E-02
 MESSAGE (watershell2_main): OUTER BULK BOUNDARY ( -8.668932800    ) IS TOO CLOSE TO SURFACE BOUNDARY ( -9.163749717    ). WILL RECOMPUTE:
 MESSAGE (watershell2_main): LOCATION OF OUTER BULK BOUNDARY SET TO  -8.667205106     A FROM PROTEIN. CONTOUR VALUE IS  0.2301201444E-02
 MESSAGE (watershell2_main): LOCATION OF INNER BULK BOUNDARY SET TO  -8.167205106     A FROM PROTEIN. CONTOUR VALUE IS  0.4888618589E-02
 MESSAGE (watershell2_main): OUTER BULK BOUNDARY ( -8.667205106    ) IS TOO CLOSE TO SURFACE BOUNDARY ( -9.162144848    ). WILL RECOMPUTE:
 MESSAGE (watershell2_main): LOCATION OF OUTER BULK BOUNDARY SET TO  -8.665518353     A FROM PROTEIN. CONTOUR VALUE IS  0.2307281420E-02
 MESSAGE (watershell2_main): LOCATION OF INNER BULK BOUNDARY SET TO  -8.165518353     A FROM PROTEIN. CONTOUR VALUE IS  0.4900584787E-02
 MESSAGE (watershell2_main): OUTER BULK BOUNDARY ( -8.665518353    ) IS TOO CLOSE TO SURFACE BOUNDARY ( -9.160340812    ). WILL RECOMPUTE:
 MESSAGE (watershell2_main): LOCATION OF OUTER BULK BOUNDARY SET TO  -8.663792506     A FROM PROTEIN. CONTOUR VALUE IS  0.2313517368E-02
 MESSAGE (watershell2_main): LOCATION OF INNER BULK BOUNDARY SET TO  -8.163792506     A FROM PROTEIN. CONTOUR VALUE IS  0.4912855339E-02
 MESSAGE (watershell2_main): OUTER BULK BOUNDARY ( -8.663792506    ) IS TOO CLOSE TO SURFACE BOUNDARY ( -9.158740665    ). WILL RECOMPUTE:
 MESSAGE (watershell2_main): LOCATION OF OUTER BULK BOUNDARY SET TO  -8.662108559     A FROM PROTEIN. CONTOUR VALUE IS  0.2319616629E-02
 MESSAGE (watershell2_main): LOCATION OF INNER BULK BOUNDARY SET TO  -8.162108559     A FROM PROTEIN. CONTOUR VALUE IS  0.4924854369E-02
 MESSAGE (watershell2_main): OUTER BULK BOUNDARY ( -8.662108559    ) IS TOO CLOSE TO SURFACE BOUNDARY ( -9.156943232    ). WILL RECOMPUTE:
 MESSAGE (watershell2_main): LOCATION OF OUTER BULK BOUNDARY SET TO  -8.660386783     A FROM PROTEIN. CONTOUR VALUE IS  0.2325867955E-02
 MESSAGE (watershell2_main): LOCATION OF INNER BULK BOUNDARY SET TO  -8.160386783     A FROM PROTEIN. CONTOUR VALUE IS  0.4937149938E-02
 MESSAGE (watershell2_main): OUTER BULK BOUNDARY ( -8.660386783    ) IS TOO CLOSE TO SURFACE BOUNDARY ( -9.155344960    ). WILL RECOMPUTE:
 MESSAGE (watershell2_main): LOCATION OF OUTER BULK BOUNDARY SET TO  -8.658706176     A FROM PROTEIN. CONTOUR VALUE IS  0.2331984521E-02
 MESSAGE (watershell2_main): LOCATION OF INNER BULK BOUNDARY SET TO  -8.158706176     A FROM PROTEIN. CONTOUR VALUE IS  0.4949177888E-02
 MESSAGE (watershell2_main): OUTER BULK BOUNDARY ( -8.658706176    ) IS TOO CLOSE TO SURFACE BOUNDARY ( -9.153549852    ). WILL RECOMPUTE:
 MESSAGE (watershell2_main): LOCATION OF OUTER BULK BOUNDARY SET TO  -8.656987401     A FROM PROTEIN. CONTOUR VALUE IS  0.2338255054E-02
 MESSAGE (watershell2_main): LOCATION OF INNER BULK BOUNDARY SET TO  -8.156987401     A FROM PROTEIN. CONTOUR VALUE IS  0.4961505988E-02
 MESSAGE (watershell2_main): OUTER BULK BOUNDARY ( -8.656987401    ) IS TOO CLOSE TO SURFACE BOUNDARY ( -9.151956862    ). WILL RECOMPUTE:
 MESSAGE (watershell2_main): LOCATION OF OUTER BULK BOUNDARY SET TO  -8.655310555     A FROM PROTEIN. CONTOUR VALUE IS  0.2344387332E-02
 MESSAGE (watershell2_main): LOCATION OF INNER BULK BOUNDARY SET TO  -8.155310555     A FROM PROTEIN. CONTOUR VALUE IS  0.4973559712E-02
 MESSAGE (watershell2_main): OUTER BULK BOUNDARY ( -8.655310555    ) IS TOO CLOSE TO SURFACE BOUNDARY ( -9.150165723    ). WILL RECOMPUTE:
 MESSAGE (watershell2_main): LOCATION OF OUTER BULK BOUNDARY SET TO  -8.653595611     A FROM PROTEIN. CONTOUR VALUE IS  0.2350673989E-02
 MESSAGE (watershell2_main): LOCATION OF INNER BULK BOUNDARY SET TO  -8.153595611     A FROM PROTEIN. CONTOUR VALUE IS  0.4985914266E-02
 MESSAGE (watershell2_main): OUTER BULK BOUNDARY ( -8.653595611    ) IS TOO CLOSE TO SURFACE BOUNDARY ( -9.148572902    ). WILL RECOMPUTE:
 MESSAGE (watershell2_main): LOCATION OF OUTER BULK BOUNDARY SET TO  -8.651921375     A FROM PROTEIN. CONTOUR VALUE IS  0.2356826140E-02
 MESSAGE (watershell2_main): LOCATION OF INNER BULK BOUNDARY SET TO  -8.151921375     A FROM PROTEIN. CONTOUR VALUE IS  0.4998001923E-02
 MESSAGE (watershell2_main): OUTER BULK BOUNDARY ( -8.651921375    ) IS TOO CLOSE TO SURFACE BOUNDARY ( -9.146779700    ). WILL RECOMPUTE:
 MESSAGE (watershell2_main): LOCATION OF OUTER BULK BOUNDARY SET TO  -8.650207483     A FROM PROTEIN. CONTOUR VALUE IS  0.2363139102E-02
 MESSAGE (watershell2_main): LOCATION OF INNER BULK BOUNDARY SET TO  -8.150207483     A FROM PROTEIN. CONTOUR VALUE IS  0.5010402913E-02
 MESSAGE (watershell2_main): OUTER BULK BOUNDARY ( -8.650207483    ) IS TOO CLOSE TO SURFACE BOUNDARY ( -9.145186257    ). WILL RECOMPUTE:
 MESSAGE (watershell2_main): LOCATION OF OUTER BULK BOUNDARY SET TO  -8.648533741     A FROM PROTEIN. CONTOUR VALUE IS  0.2369318948E-02
 MESSAGE (watershell2_main): LOCATION OF INNER BULK BOUNDARY SET TO  -8.148533741     A FROM PROTEIN. CONTOUR VALUE IS  0.5022539840E-02
 MESSAGE (watershell2_main): OUTER BULK BOUNDARY ( -8.648533741    ) IS TOO CLOSE TO SURFACE BOUNDARY ( -9.143395230    ). WILL RECOMPUTE:
 MESSAGE (watershell2_main): LOCATION OF OUTER BULK BOUNDARY SET TO  -8.646820904     A FROM PROTEIN. CONTOUR VALUE IS  0.2375658282E-02
 MESSAGE (watershell2_main): LOCATION OF INNER BULK BOUNDARY SET TO  -8.146820904     A FROM PROTEIN. CONTOUR VALUE IS  0.5034987359E-02
 MESSAGE (watershell2_main): OUTER BULK BOUNDARY ( -8.646820904    ) IS TOO CLOSE TO SURFACE BOUNDARY ( -9.141805786    ). WILL RECOMPUTE:
 MESSAGE (watershell2_main): LOCATION OF OUTER BULK BOUNDARY SET TO  -8.645149198     A FROM PROTEIN. CONTOUR VALUE IS  0.2381860188E-02
 MESSAGE (watershell2_main): LOCATION OF INNER BULK BOUNDARY SET TO  -8.145149198     A FROM PROTEIN. CONTOUR VALUE IS  0.5047162454E-02
 MESSAGE (watershell2_main): OUTER BULK BOUNDARY ( -8.645149198    ) IS TOO CLOSE TO SURFACE BOUNDARY ( -9.140019780    ). WILL RECOMPUTE:
 MESSAGE (watershell2_main): LOCATION OF OUTER BULK BOUNDARY SET TO  -8.643439392     A FROM PROTEIN. CONTOUR VALUE IS  0.2388218597E-02
 MESSAGE (watershell2_main): LOCATION OF INNER BULK BOUNDARY SET TO  -8.143439392     A FROM PROTEIN. CONTOUR VALUE IS  0.5059642142E-02
 MESSAGE (watershell2_main): OUTER BULK BOUNDARY ( -8.643439392    ) IS TOO CLOSE TO SURFACE BOUNDARY ( -9.138435958    ). WILL RECOMPUTE:
 MESSAGE (watershell2_main): LOCATION OF OUTER BULK BOUNDARY SET TO  -8.641771580     A FROM PROTEIN. CONTOUR VALUE IS  0.2394435634E-02
 MESSAGE (watershell2_main): LOCATION OF INNER BULK BOUNDARY SET TO  -8.141771580     A FROM PROTEIN. CONTOUR VALUE IS  0.5071841782E-02
 MESSAGE (watershell2_main): OUTER BULK BOUNDARY ( -8.641771580    ) IS TOO CLOSE TO SURFACE BOUNDARY ( -9.136658204    ). WILL RECOMPUTE:
 MESSAGE (watershell2_main): LOCATION OF OUTER BULK BOUNDARY SET TO  -8.640067122     A FROM PROTEIN. CONTOUR VALUE IS  0.2400804409E-02
 MESSAGE (watershell2_main): LOCATION OF INNER BULK BOUNDARY SET TO  -8.140067122     A FROM PROTEIN. CONTOUR VALUE IS  0.5084336541E-02
 MESSAGE (watershell2_main): OUTER BULK BOUNDARY ( -8.640067122    ) IS TOO CLOSE TO SURFACE BOUNDARY ( -9.134882342    ). WILL RECOMPUTE:
 MESSAGE (watershell2_main): LOCATION OF OUTER BULK BOUNDARY SET TO  -8.638338862     A FROM PROTEIN. CONTOUR VALUE IS  0.2407277766E-02
 MESSAGE (watershell2_main): LOCATION OF INNER BULK BOUNDARY SET TO  -8.138338862     A FROM PROTEIN. CONTOUR VALUE IS  0.5097033749E-02
 MESSAGE (watershell2_main): OUTER BULK BOUNDARY ( -8.638338862    ) IS TOO CLOSE TO SURFACE BOUNDARY ( -9.133305368    ). WILL RECOMPUTE:
 MESSAGE (watershell2_main): LOCATION OF OUTER BULK BOUNDARY SET TO  -8.636661031     A FROM PROTEIN. CONTOUR VALUE IS  0.2413577345E-02
 MESSAGE (watershell2_main): LOCATION OF INNER BULK BOUNDARY SET TO  -8.136661031     A FROM PROTEIN. CONTOUR VALUE IS  0.5109387468E-02
 MESSAGE (watershell2_main): OUTER BULK BOUNDARY ( -8.636661031    ) IS TOO CLOSE TO SURFACE BOUNDARY ( -9.131532839    ). WILL RECOMPUTE:
 MESSAGE (watershell2_main): LOCATION OF OUTER BULK BOUNDARY SET TO  -8.634951633     A FROM PROTEIN. CONTOUR VALUE IS  0.2420010779E-02
 MESSAGE (watershell2_main): LOCATION OF INNER BULK BOUNDARY SET TO  -8.134951633     A FROM PROTEIN. CONTOUR VALUE IS  0.5122001007E-02
 MESSAGE (watershell2_main): OUTER BULK BOUNDARY ( -8.634951633    ) IS TOO CLOSE TO SURFACE BOUNDARY ( -9.129761794    ). WILL RECOMPUTE:
 MESSAGE (watershell2_main): LOCATION OF OUTER BULK BOUNDARY SET TO  -8.633221687     A FROM PROTEIN. CONTOUR VALUE IS  0.2426537343E-02
 MESSAGE (watershell2_main): LOCATION OF INNER BULK BOUNDARY SET TO  -8.133221687     A FROM PROTEIN. CONTOUR VALUE IS  0.5134794388E-02
 MESSAGE (watershell2_main): OUTER BULK BOUNDARY ( -8.633221687    ) IS TOO CLOSE TO SURFACE BOUNDARY ( -9.128189699    ). WILL RECOMPUTE:
 MESSAGE (watershell2_main): LOCATION OF OUTER BULK BOUNDARY SET TO  -8.631544358     A FROM PROTEIN. CONTOUR VALUE IS  0.2432880601E-02
 MESSAGE (watershell2_main): LOCATION OF INNER BULK BOUNDARY SET TO  -8.131544358     A FROM PROTEIN. CONTOUR VALUE IS  0.5147225802E-02
 MESSAGE (watershell2_main): OUTER BULK BOUNDARY ( -8.631544358    ) IS TOO CLOSE TO SURFACE BOUNDARY ( -9.126422488    ). WILL RECOMPUTE:
 MESSAGE (watershell2_main): LOCATION OF OUTER BULK BOUNDARY SET TO  -8.629837068     A FROM PROTEIN. CONTOUR VALUE IS  0.2439352566E-02
 MESSAGE (watershell2_main): LOCATION OF INNER BULK BOUNDARY SET TO  -8.129837068     A FROM PROTEIN. CONTOUR VALUE IS  0.5159906768E-02
 MESSAGE (watershell2_main): OUTER BULK BOUNDARY ( -8.629837068    ) IS TOO CLOSE TO SURFACE BOUNDARY ( -9.124658570    ). WILL RECOMPUTE:
 MESSAGE (watershell2_main): LOCATION OF OUTER BULK BOUNDARY SET TO  -8.628110902     A FROM PROTEIN. CONTOUR VALUE IS  0.2445911918E-02
 MESSAGE (watershell2_main): LOCATION OF INNER BULK BOUNDARY SET TO  -8.128110902     A FROM PROTEIN. CONTOUR VALUE IS  0.5172756197E-02
 ==========================================================================================
 Iteration:                60000
 Surface boundary distance:         -9.1232895290322080      (contour value:   1.1005594442236033E-003 )
 Current avg. solvent contour val:  0.56889125857181522
 Surface energy:                     72.947508949768860
 Curvature energy:                   8.8726544211613039
 Surface curvature at solvent (min:ave:max): (  -8.8923426458209137E-002 :  -2.2823799956876219E-002 :  0.56237864448484254      )
 ======= FORCE STATISTICS ==============
 Total force applied to surface atoms:    -4.5482533009247756       -2.3577954439208528      -0.83423379021628874
 RMS of surface atom forces:               3.9572909942026918E-002
 Largest force acting on a surface atom:   5.7233403380828038E-002
 Total force applied to solvent atoms:    0.47535805257628910       -8.2815401305084642        5.6888520336743618
 RMS of solvent atom forces:              0.27084310463876821
 Largest force acting on a solvent atom:   3.6864074835451426
 Rotational restraint energy:          0.64141885027362533
 Translational restraint energy:        1.3470876730742842
 Total rigid-body restraint energy:     1.9885065233479096
 =======================================
 Solute neighbor list search depth (min:ave:max): (          11 :   89.752262982372557      :         159 )
 ======= DENSITY STATISTICS ============
 # Solute atoms used for density:           159
 Target density (g/mL):             0.99700000000000000
 Simulation density (g/mL):         0.60618076518022856
 Instantaneous density (g/mL):      0.64491736584541381
 Volume of bulk solvent (Ang^3):     4779.0000000000000
 Mass of bulk solvent (amu):         1856.0599999999940
 Outer bulk boundary distance:      -8.6281109019805271      (contour value:   2.4459119176585276E-003 )
 Inner bulk boundary distance:      -8.1281109019805253      (contour value:   5.1727561966917190E-003 )
 ======================================
 MESSAGE (watershell2_main): WRITING RESTART FILE TO ("watershell0.restart.txt")
 MESSAGE (FILES_OPEN): Opening FORMATTED file "watershell0.restart.txt" for writing.
 MESSAGE (watershell2_main): OUTER BULK BOUNDARY ( -8.628110902    ) IS TOO CLOSE TO SURFACE BOUNDARY ( -9.123094119    ). WILL RECOMPUTE:
 MESSAGE (watershell2_main): LOCATION OF OUTER BULK BOUNDARY SET TO  -8.626438641     A FROM PROTEIN. CONTOUR VALUE IS  0.2452281644E-02
 MESSAGE (watershell2_main): LOCATION OF INNER BULK BOUNDARY SET TO  -8.126438641     A FROM PROTEIN. CONTOUR VALUE IS  0.5185231508E-02
 MESSAGE (watershell2_main): OUTER BULK BOUNDARY ( -8.626438641    ) IS TOO CLOSE TO SURFACE BOUNDARY ( -9.121335389    ). WILL RECOMPUTE:
 MESSAGE (watershell2_main): LOCATION OF OUTER BULK BOUNDARY SET TO  -8.624737557     A FROM PROTEIN. CONTOUR VALUE IS  0.2458776553E-02
 MESSAGE (watershell2_main): LOCATION OF INNER BULK BOUNDARY SET TO  -8.124737557     A FROM PROTEIN. CONTOUR VALUE IS  0.5197949308E-02
 MESSAGE (watershell2_main): OUTER BULK BOUNDARY ( -8.624737557    ) IS TOO CLOSE TO SURFACE BOUNDARY ( -9.119576304    ). WILL RECOMPUTE:
 MESSAGE (watershell2_main): LOCATION OF OUTER BULK BOUNDARY SET TO  -8.623017139     A FROM PROTEIN. CONTOUR VALUE IS  0.2465361101E-02
 MESSAGE (watershell2_main): LOCATION OF INNER BULK BOUNDARY SET TO  -8.123017139     A FROM PROTEIN. CONTOUR VALUE IS  0.5210839874E-02
 MESSAGE (watershell2_main): OUTER BULK BOUNDARY ( -8.623017139    ) IS TOO CLOSE TO SURFACE BOUNDARY ( -9.118016689    ). WILL RECOMPUTE:
 MESSAGE (watershell2_main): LOCATION OF OUTER BULK BOUNDARY SET TO  -8.621350323     A FROM PROTEIN. CONTOUR VALUE IS  0.2471755709E-02
 MESSAGE (watershell2_main): LOCATION OF INNER BULK BOUNDARY SET TO  -8.121350323     A FROM PROTEIN. CONTOUR VALUE IS  0.5223355943E-02
 MESSAGE (watershell2_main): OUTER BULK BOUNDARY ( -8.621350323    ) IS TOO CLOSE TO SURFACE BOUNDARY ( -9.116267516    ). WILL RECOMPUTE:
 MESSAGE (watershell2_main): LOCATION OF OUTER BULK BOUNDARY SET TO  -8.619656054     A FROM PROTEIN. CONTOUR VALUE IS  0.2478271007E-02
 MESSAGE (watershell2_main): LOCATION OF INNER BULK BOUNDARY SET TO  -8.119656054     A FROM PROTEIN. CONTOUR VALUE IS  0.5236105555E-02
 MESSAGE (watershell2_main): OUTER BULK BOUNDARY ( -8.619656054    ) IS TOO CLOSE TO SURFACE BOUNDARY ( -9.114522364    ). WILL RECOMPUTE:
 MESSAGE (watershell2_main): LOCATION OF OUTER BULK BOUNDARY SET TO  -8.617944824     A FROM PROTEIN. CONTOUR VALUE IS  0.2484867290E-02
 MESSAGE (watershell2_main): LOCATION OF INNER BULK BOUNDARY SET TO  -8.117944824     A FROM PROTEIN. CONTOUR VALUE IS  0.5249010895E-02
 MESSAGE (watershell2_main): OUTER BULK BOUNDARY ( -8.617944824    ) IS TOO CLOSE TO SURFACE BOUNDARY ( -9.112781306    ). WILL RECOMPUTE:
 MESSAGE (watershell2_main): LOCATION OF OUTER BULK BOUNDARY SET TO  -8.616223651     A FROM PROTEIN. CONTOUR VALUE IS  0.2491517913E-02
 MESSAGE (watershell2_main): LOCATION OF INNER BULK BOUNDARY SET TO  -8.116223651     A FROM PROTEIN. CONTOUR VALUE IS  0.5262019755E-02
 MESSAGE (watershell2_main): OUTER BULK BOUNDARY ( -8.616223651    ) IS TOO CLOSE TO SURFACE BOUNDARY ( -9.111044012    ). WILL RECOMPUTE:
 MESSAGE (watershell2_main): LOCATION OF OUTER BULK BOUNDARY SET TO  -8.614497105     A FROM PROTEIN. CONTOUR VALUE IS  0.2498205468E-02
 MESSAGE (watershell2_main): LOCATION OF INNER BULK BOUNDARY SET TO  -8.114497105     A FROM PROTEIN. CONTOUR VALUE IS  0.5275098036E-02
 MESSAGE (watershell2_main): OUTER BULK BOUNDARY ( -8.614497105    ) IS TOO CLOSE TO SURFACE BOUNDARY ( -9.109309433    ). WILL RECOMPUTE:
 MESSAGE (watershell2_main): LOCATION OF OUTER BULK BOUNDARY SET TO  -8.612767881     A FROM PROTEIN. CONTOUR VALUE IS  0.2504919660E-02
 MESSAGE (watershell2_main): LOCATION OF INNER BULK BOUNDARY SET TO  -8.112767881     A FROM PROTEIN. CONTOUR VALUE IS  0.5288225569E-02
 MESSAGE (watershell2_main): OUTER BULK BOUNDARY ( -8.612767881    ) IS TOO CLOSE TO SURFACE BOUNDARY ( -9.107577426    ). WILL RECOMPUTE:
 MESSAGE (watershell2_main): LOCATION OF OUTER BULK BOUNDARY SET TO  -8.611037729     A FROM PROTEIN. CONTOUR VALUE IS  0.2511653779E-02
 MESSAGE (watershell2_main): LOCATION OF INNER BULK BOUNDARY SET TO  -8.111037729     A FROM PROTEIN. CONTOUR VALUE IS  0.5301389216E-02
 MESSAGE (watershell2_main): OUTER BULK BOUNDARY ( -8.611037729    ) IS TOO CLOSE TO SURFACE BOUNDARY ( -9.105848611    ). WILL RECOMPUTE:
 MESSAGE (watershell2_main): LOCATION OF OUTER BULK BOUNDARY SET TO  -8.609308023     A FROM PROTEIN. CONTOUR VALUE IS  0.2518402523E-02
 MESSAGE (watershell2_main): LOCATION OF INNER BULK BOUNDARY SET TO  -8.109308023     A FROM PROTEIN. CONTOUR VALUE IS  0.5314578594E-02
 MESSAGE (watershell2_main): OUTER BULK BOUNDARY ( -8.609308023    ) IS TOO CLOSE TO SURFACE BOUNDARY ( -9.104121539    ). WILL RECOMPUTE:
 MESSAGE (watershell2_main): LOCATION OF OUTER BULK BOUNDARY SET TO  -8.607579195     A FROM PROTEIN. CONTOUR VALUE IS  0.2525164219E-02
 MESSAGE (watershell2_main): LOCATION OF INNER BULK BOUNDARY SET TO  -8.107579195     A FROM PROTEIN. CONTOUR VALUE IS  0.5327790429E-02
 MESSAGE (watershell2_main): OUTER BULK BOUNDARY ( -8.607579195    ) IS TOO CLOSE TO SURFACE BOUNDARY ( -9.102396392    ). WILL RECOMPUTE:
 MESSAGE (watershell2_main): LOCATION OF OUTER BULK BOUNDARY SET TO  -8.605851594     A FROM PROTEIN. CONTOUR VALUE IS  0.2531937508E-02
 MESSAGE (watershell2_main): LOCATION OF INNER BULK BOUNDARY SET TO  -8.105851594     A FROM PROTEIN. CONTOUR VALUE IS  0.5341022054E-02
 MESSAGE (watershell2_main): OUTER BULK BOUNDARY ( -8.605851594    ) IS TOO CLOSE TO SURFACE BOUNDARY ( -9.100674833    ). WILL RECOMPUTE:
 MESSAGE (watershell2_main): LOCATION OF OUTER BULK BOUNDARY SET TO  -8.604126007     A FROM PROTEIN. CONTOUR VALUE IS  0.2538719294E-02
 MESSAGE (watershell2_main): LOCATION OF INNER BULK BOUNDARY SET TO  -8.104126007     A FROM PROTEIN. CONTOUR VALUE IS  0.5354267415E-02
 MESSAGE (watershell2_main): OUTER BULK BOUNDARY ( -8.604126007    ) IS TOO CLOSE TO SURFACE BOUNDARY ( -9.098957392    ). WILL RECOMPUTE:
 MESSAGE (watershell2_main): LOCATION OF OUTER BULK BOUNDARY SET TO  -8.602403135     A FROM PROTEIN. CONTOUR VALUE IS  0.2545506786E-02
 MESSAGE (watershell2_main): LOCATION OF INNER BULK BOUNDARY SET TO  -8.102403135     A FROM PROTEIN. CONTOUR VALUE IS  0.5367521063E-02
 MESSAGE (watershell2_main): OUTER BULK BOUNDARY ( -8.602403135    ) IS TOO CLOSE TO SURFACE BOUNDARY ( -9.097241972    ). WILL RECOMPUTE:
 MESSAGE (watershell2_main): LOCATION OF OUTER BULK BOUNDARY SET TO  -8.600682748     A FROM PROTEIN. CONTOUR VALUE IS  0.2552300856E-02
 MESSAGE (watershell2_main): LOCATION OF INNER BULK BOUNDARY SET TO  -8.100682748     A FROM PROTEIN. CONTOUR VALUE IS  0.5380784698E-02
 MESSAGE (watershell2_main): OUTER BULK BOUNDARY ( -8.600682748    ) IS TOO CLOSE TO SURFACE BOUNDARY ( -9.095524755    ). WILL RECOMPUTE:
 MESSAGE (watershell2_main): LOCATION OF OUTER BULK BOUNDARY SET TO  -8.598963417     A FROM PROTEIN. CONTOUR VALUE IS  0.2559107125E-02
 MESSAGE (watershell2_main): LOCATION OF INNER BULK BOUNDARY SET TO  -8.098963417     A FROM PROTEIN. CONTOUR VALUE IS  0.5394069289E-02
 MESSAGE (watershell2_main): OUTER BULK BOUNDARY ( -8.598963417    ) IS TOO CLOSE TO SURFACE BOUNDARY ( -9.093807287    ). WILL RECOMPUTE:
 MESSAGE (watershell2_main): LOCATION OF OUTER BULK BOUNDARY SET TO  -8.597244707     A FROM PROTEIN. CONTOUR VALUE IS  0.2565927328E-02
 MESSAGE (watershell2_main): LOCATION OF INNER BULK BOUNDARY SET TO  -8.097244707     A FROM PROTEIN. CONTOUR VALUE IS  0.5407378215E-02
 MESSAGE (watershell2_main): OUTER BULK BOUNDARY ( -8.597244707    ) IS TOO CLOSE TO SURFACE BOUNDARY ( -9.092094453    ). WILL RECOMPUTE:
 MESSAGE (watershell2_main): LOCATION OF OUTER BULK BOUNDARY SET TO  -8.595527956     A FROM PROTEIN. CONTOUR VALUE IS  0.2572756153E-02
 MESSAGE (watershell2_main): LOCATION OF INNER BULK BOUNDARY SET TO  -8.095527956     A FROM PROTEIN. CONTOUR VALUE IS  0.5420701103E-02
 MESSAGE (watershell2_main): OUTER BULK BOUNDARY ( -8.595527956    ) IS TOO CLOSE TO SURFACE BOUNDARY ( -9.090388733    ). WILL RECOMPUTE:
 MESSAGE (watershell2_main): LOCATION OF OUTER BULK BOUNDARY SET TO  -8.593814882     A FROM PROTEIN. CONTOUR VALUE IS  0.2579586720E-02
 MESSAGE (watershell2_main): LOCATION OF INNER BULK BOUNDARY SET TO  -8.093814882     A FROM PROTEIN. CONTOUR VALUE IS  0.5434024531E-02
 MESSAGE (watershell2_main): OUTER BULK BOUNDARY ( -8.593814882    ) IS TOO CLOSE TO SURFACE BOUNDARY ( -9.088689329    ). WILL RECOMPUTE:
 MESSAGE (watershell2_main): LOCATION OF OUTER BULK BOUNDARY SET TO  -8.592106364     A FROM PROTEIN. CONTOUR VALUE IS  0.2586415438E-02
 MESSAGE (watershell2_main): LOCATION OF INNER BULK BOUNDARY SET TO  -8.092106364     A FROM PROTEIN. CONTOUR VALUE IS  0.5447341500E-02
 MESSAGE (watershell2_main): OUTER BULK BOUNDARY ( -8.592106364    ) IS TOO CLOSE TO SURFACE BOUNDARY ( -9.086990440    ). WILL RECOMPUTE:
 MESSAGE (watershell2_main): LOCATION OF OUTER BULK BOUNDARY SET TO  -8.590401056     A FROM PROTEIN. CONTOUR VALUE IS  0.2593247613E-02
 MESSAGE (watershell2_main): LOCATION OF INNER BULK BOUNDARY SET TO  -8.090401056     A FROM PROTEIN. CONTOUR VALUE IS  0.5460662368E-02
 MESSAGE (watershell2_main): OUTER BULK BOUNDARY ( -8.590401056    ) IS TOO CLOSE TO SURFACE BOUNDARY ( -9.085295803    ). WILL RECOMPUTE:
 MESSAGE (watershell2_main): LOCATION OF OUTER BULK BOUNDARY SET TO  -8.588699305     A FROM PROTEIN. CONTOUR VALUE IS  0.2600081791E-02
 MESSAGE (watershell2_main): LOCATION OF INNER BULK BOUNDARY SET TO  -8.088699305     A FROM PROTEIN. CONTOUR VALUE IS  0.5473984302E-02
 MESSAGE (watershell2_main): OUTER BULK BOUNDARY ( -8.588699305    ) IS TOO CLOSE TO SURFACE BOUNDARY ( -9.083604338    ). WILL RECOMPUTE:
 MESSAGE (watershell2_main): LOCATION OF OUTER BULK BOUNDARY SET TO  -8.587000983     A FROM PROTEIN. CONTOUR VALUE IS  0.2606918420E-02
 MESSAGE (watershell2_main): LOCATION OF INNER BULK BOUNDARY SET TO  -8.087000983     A FROM PROTEIN. CONTOUR VALUE IS  0.5487308179E-02
 MESSAGE (watershell2_main): OUTER BULK BOUNDARY ( -8.587000983    ) IS TOO CLOSE TO SURFACE BOUNDARY ( -9.081914893    ). WILL RECOMPUTE:
 MESSAGE (watershell2_main): LOCATION OF OUTER BULK BOUNDARY SET TO  -8.585305620     A FROM PROTEIN. CONTOUR VALUE IS  0.2613759333E-02
 MESSAGE (watershell2_main): LOCATION OF INNER BULK BOUNDARY SET TO  -8.085305620     A FROM PROTEIN. CONTOUR VALUE IS  0.5500637574E-02
 MESSAGE (watershell2_main): OUTER BULK BOUNDARY ( -8.585305620    ) IS TOO CLOSE TO SURFACE BOUNDARY ( -9.080228937    ). WILL RECOMPUTE:
 MESSAGE (watershell2_main): LOCATION OF OUTER BULK BOUNDARY SET TO  -8.583613392     A FROM PROTEIN. CONTOUR VALUE IS  0.2620603762E-02
 MESSAGE (watershell2_main): LOCATION OF INNER BULK BOUNDARY SET TO  -8.083613392     A FROM PROTEIN. CONTOUR VALUE IS  0.5513970997E-02
 MESSAGE (watershell2_main): OUTER BULK BOUNDARY ( -8.583613392    ) IS TOO CLOSE TO SURFACE BOUNDARY ( -9.078546875    ). WILL RECOMPUTE:
 MESSAGE (watershell2_main): LOCATION OF OUTER BULK BOUNDARY SET TO  -8.581924553     A FROM PROTEIN. CONTOUR VALUE IS  0.2627450627E-02
 MESSAGE (watershell2_main): LOCATION OF INNER BULK BOUNDARY SET TO  -8.081924553     A FROM PROTEIN. CONTOUR VALUE IS  0.5527306341E-02
 MESSAGE (watershell2_main): OUTER BULK BOUNDARY ( -8.581924553    ) IS TOO CLOSE TO SURFACE BOUNDARY ( -9.076868489    ). WILL RECOMPUTE:
 MESSAGE (watershell2_main): LOCATION OF OUTER BULK BOUNDARY SET TO  -8.580239198     A FROM PROTEIN. CONTOUR VALUE IS  0.2634299472E-02
 MESSAGE (watershell2_main): LOCATION OF INNER BULK BOUNDARY SET TO  -8.080239198     A FROM PROTEIN. CONTOUR VALUE IS  0.5540642729E-02
 MESSAGE (watershell2_main): OUTER BULK BOUNDARY ( -8.580239198    ) IS TOO CLOSE TO SURFACE BOUNDARY ( -9.075193779    ). WILL RECOMPUTE:
 MESSAGE (watershell2_main): LOCATION OF OUTER BULK BOUNDARY SET TO  -8.578557392     A FROM PROTEIN. CONTOUR VALUE IS  0.2641149970E-02
 MESSAGE (watershell2_main): LOCATION OF INNER BULK BOUNDARY SET TO  -8.078557392     A FROM PROTEIN. CONTOUR VALUE IS  0.5553979526E-02
 MESSAGE (watershell2_main): OUTER BULK BOUNDARY ( -8.578557392    ) IS TOO CLOSE TO SURFACE BOUNDARY ( -9.073523244    ). WILL RECOMPUTE:
 MESSAGE (watershell2_main): LOCATION OF OUTER BULK BOUNDARY SET TO  -8.576879343     A FROM PROTEIN. CONTOUR VALUE IS  0.2648001197E-02
 MESSAGE (watershell2_main): LOCATION OF INNER BULK BOUNDARY SET TO  -8.076879343     A FROM PROTEIN. CONTOUR VALUE IS  0.5567314942E-02
 MESSAGE (watershell2_main): OUTER BULK BOUNDARY ( -8.576879343    ) IS TOO CLOSE TO SURFACE BOUNDARY ( -9.071857670    ). WILL RECOMPUTE:
 MESSAGE (watershell2_main): LOCATION OF OUTER BULK BOUNDARY SET TO  -8.575205452     A FROM PROTEIN. CONTOUR VALUE IS  0.2654851438E-02
 MESSAGE (watershell2_main): LOCATION OF INNER BULK BOUNDARY SET TO  -8.075205452     A FROM PROTEIN. CONTOUR VALUE IS  0.5580645639E-02
 MESSAGE (watershell2_main): OUTER BULK BOUNDARY ( -8.575205452    ) IS TOO CLOSE TO SURFACE BOUNDARY ( -9.070196835    ). WILL RECOMPUTE:
 MESSAGE (watershell2_main): LOCATION OF OUTER BULK BOUNDARY SET TO  -8.573535913     A FROM PROTEIN. CONTOUR VALUE IS  0.2661699806E-02
 MESSAGE (watershell2_main): LOCATION OF INNER BULK BOUNDARY SET TO  -8.073535913     A FROM PROTEIN. CONTOUR VALUE IS  0.5593969908E-02
 MESSAGE (watershell2_main): OUTER BULK BOUNDARY ( -8.573535913    ) IS TOO CLOSE TO SURFACE BOUNDARY ( -9.068354745    ). WILL RECOMPUTE:
 MESSAGE (watershell2_main): LOCATION OF OUTER BULK BOUNDARY SET TO  -8.571808857     A FROM PROTEIN. CONTOUR VALUE IS  0.2668800894E-02
 MESSAGE (watershell2_main): LOCATION OF INNER BULK BOUNDARY SET TO  -8.071808857     A FROM PROTEIN. CONTOUR VALUE IS  0.5607782934E-02
 MESSAGE (watershell2_main): OUTER BULK BOUNDARY ( -8.571808857    ) IS TOO CLOSE TO SURFACE BOUNDARY ( -9.066699641    ). WILL RECOMPUTE:
 MESSAGE (watershell2_main): LOCATION OF OUTER BULK BOUNDARY SET TO  -8.570105785     A FROM PROTEIN. CONTOUR VALUE IS  0.2675820116E-02
 MESSAGE (watershell2_main): LOCATION OF INNER BULK BOUNDARY SET TO  -8.070105785     A FROM PROTEIN. CONTOUR VALUE IS  0.5621433787E-02
 MESSAGE (watershell2_main): OUTER BULK BOUNDARY ( -8.570105785    ) IS TOO CLOSE TO SURFACE BOUNDARY ( -9.065047299    ). WILL RECOMPUTE:
 MESSAGE (watershell2_main): LOCATION OF OUTER BULK BOUNDARY SET TO  -8.568419623     A FROM PROTEIN. CONTOUR VALUE IS  0.2682786064E-02
 MESSAGE (watershell2_main): LOCATION OF INNER BULK BOUNDARY SET TO  -8.068419623     A FROM PROTEIN. CONTOUR VALUE IS  0.5634978162E-02
 MESSAGE (watershell2_main): OUTER BULK BOUNDARY ( -8.568419623    ) IS TOO CLOSE TO SURFACE BOUNDARY ( -9.063397903    ). WILL RECOMPUTE:
 MESSAGE (watershell2_main): LOCATION OF OUTER BULK BOUNDARY SET TO  -8.566745716     A FROM PROTEIN. CONTOUR VALUE IS  0.2689717576E-02
 MESSAGE (watershell2_main): LOCATION OF INNER BULK BOUNDARY SET TO  -8.066745716     A FROM PROTEIN. CONTOUR VALUE IS  0.5648452749E-02
 MESSAGE (watershell2_main): OUTER BULK BOUNDARY ( -8.566745716    ) IS TOO CLOSE TO SURFACE BOUNDARY ( -9.061570961    ). WILL RECOMPUTE:
 MESSAGE (watershell2_main): LOCATION OF OUTER BULK BOUNDARY SET TO  -8.565020798     A FROM PROTEIN. CONTOUR VALUE IS  0.2696877238E-02
 MESSAGE (watershell2_main): LOCATION OF INNER BULK BOUNDARY SET TO  -8.065020798     A FROM PROTEIN. CONTOUR VALUE IS  0.5662367891E-02
 MESSAGE (watershell2_main): OUTER BULK BOUNDARY ( -8.565020798    ) IS TOO CLOSE TO SURFACE BOUNDARY ( -9.059931661    ). WILL RECOMPUTE:
 MESSAGE (watershell2_main): LOCATION OF OUTER BULK BOUNDARY SET TO  -8.563324419     A FROM PROTEIN. CONTOUR VALUE IS  0.2703935220E-02
 MESSAGE (watershell2_main): LOCATION OF INNER BULK BOUNDARY SET TO  -8.063324419     A FROM PROTEIN. CONTOUR VALUE IS  0.5676082478E-02
 MESSAGE (watershell2_main): OUTER BULK BOUNDARY ( -8.563324419    ) IS TOO CLOSE TO SURFACE BOUNDARY ( -9.058295868    ). WILL RECOMPUTE:
 MESSAGE (watershell2_main): LOCATION OF OUTER BULK BOUNDARY SET TO  -8.561648235     A FROM PROTEIN. CONTOUR VALUE IS  0.2710925553E-02
 MESSAGE (watershell2_main): LOCATION OF INNER BULK BOUNDARY SET TO  -8.061648235     A FROM PROTEIN. CONTOUR VALUE IS  0.5689662749E-02
 MESSAGE (watershell2_main): OUTER BULK BOUNDARY ( -8.561648235    ) IS TOO CLOSE TO SURFACE BOUNDARY ( -9.056482490    ). WILL RECOMPUTE:
 MESSAGE (watershell2_main): LOCATION OF OUTER BULK BOUNDARY SET TO  -8.559926320     A FROM PROTEIN. CONTOUR VALUE IS  0.2718123590E-02
 MESSAGE (watershell2_main): LOCATION OF INNER BULK BOUNDARY SET TO  -8.059926320     A FROM PROTEIN. CONTOUR VALUE IS  0.5703643560E-02
 MESSAGE (watershell2_main): OUTER BULK BOUNDARY ( -8.559926320    ) IS TOO CLOSE TO SURFACE BOUNDARY ( -9.054854262    ). WILL RECOMPUTE:
 MESSAGE (watershell2_main): LOCATION OF OUTER BULK BOUNDARY SET TO  -8.558235634     A FROM PROTEIN. CONTOUR VALUE IS  0.2725207865E-02
 MESSAGE (watershell2_main): LOCATION OF INNER BULK BOUNDARY SET TO  -8.058235634     A FROM PROTEIN. CONTOUR VALUE IS  0.5717400471E-02
 MESSAGE (watershell2_main): OUTER BULK BOUNDARY ( -8.558235634    ) IS TOO CLOSE TO SURFACE BOUNDARY ( -9.053230772    ). WILL RECOMPUTE:
 MESSAGE (watershell2_main): LOCATION OF OUTER BULK BOUNDARY SET TO  -8.556567347     A FROM PROTEIN. CONTOUR VALUE IS  0.2732214620E-02
 MESSAGE (watershell2_main): LOCATION OF INNER BULK BOUNDARY SET TO  -8.056567347     A FROM PROTEIN. CONTOUR VALUE IS  0.5731003990E-02
 MESSAGE (watershell2_main): OUTER BULK BOUNDARY ( -8.556567347    ) IS TOO CLOSE TO SURFACE BOUNDARY ( -9.051435073    ). WILL RECOMPUTE:
 MESSAGE (watershell2_main): LOCATION OF OUTER BULK BOUNDARY SET TO  -8.554856589     A FROM PROTEIN. CONTOUR VALUE IS  0.2739416635E-02
 MESSAGE (watershell2_main): LOCATION OF INNER BULK BOUNDARY SET TO  -8.054856589     A FROM PROTEIN. CONTOUR VALUE IS  0.5744983649E-02
 MESSAGE (watershell2_main): OUTER BULK BOUNDARY ( -8.554856589    ) IS TOO CLOSE TO SURFACE BOUNDARY ( -9.049824907    ). WILL RECOMPUTE:
 MESSAGE (watershell2_main): LOCATION OF OUTER BULK BOUNDARY SET TO  -8.553179362     A FROM PROTEIN. CONTOUR VALUE IS  0.2746494122E-02
 MESSAGE (watershell2_main): LOCATION OF INNER BULK BOUNDARY SET TO  -8.053179362     A FROM PROTEIN. CONTOUR VALUE IS  0.5758718676E-02
 MESSAGE (watershell2_main): OUTER BULK BOUNDARY ( -8.553179362    ) IS TOO CLOSE TO SURFACE BOUNDARY ( -9.048042900    ). WILL RECOMPUTE:
 MESSAGE (watershell2_main): LOCATION OF OUTER BULK BOUNDARY SET TO  -8.551467208     A FROM PROTEIN. CONTOUR VALUE IS  0.2753736010E-02
 MESSAGE (watershell2_main): LOCATION OF INNER BULK BOUNDARY SET TO  -8.051467208     A FROM PROTEIN. CONTOUR VALUE IS  0.5772769773E-02
 MESSAGE (watershell2_main): OUTER BULK BOUNDARY ( -8.551467208    ) IS TOO CLOSE TO SURFACE BOUNDARY ( -9.046446649    ). WILL RECOMPUTE:
 MESSAGE (watershell2_main): LOCATION OF OUTER BULK BOUNDARY SET TO  -8.549793688     A FROM PROTEIN. CONTOUR VALUE IS  0.2760831139E-02
 MESSAGE (watershell2_main): LOCATION OF INNER BULK BOUNDARY SET TO  -8.049793688     A FROM PROTEIN. CONTOUR VALUE IS  0.5786533205E-02
 MESSAGE (watershell2_main): OUTER BULK BOUNDARY ( -8.549793688    ) IS TOO CLOSE TO SURFACE BOUNDARY ( -9.044677565    ). WILL RECOMPUTE:
 MESSAGE (watershell2_main): LOCATION OF OUTER BULK BOUNDARY SET TO  -8.548088314     A FROM PROTEIN. CONTOUR VALUE IS  0.2768078289E-02
 MESSAGE (watershell2_main): LOCATION OF INNER BULK BOUNDARY SET TO  -8.048088314     A FROM PROTEIN. CONTOUR VALUE IS  0.5800588564E-02
 MESSAGE (watershell2_main): OUTER BULK BOUNDARY ( -8.548088314    ) IS TOO CLOSE TO SURFACE BOUNDARY ( -9.043087900    ). WILL RECOMPUTE:
 MESSAGE (watershell2_main): LOCATION OF OUTER BULK BOUNDARY SET TO  -8.546421509     A FROM PROTEIN. CONTOUR VALUE IS  0.2775178119E-02
 MESSAGE (watershell2_main): LOCATION OF INNER BULK BOUNDARY SET TO  -8.046421509     A FROM PROTEIN. CONTOUR VALUE IS  0.5814355300E-02
 MESSAGE (watershell2_main): OUTER BULK BOUNDARY ( -8.546421509    ) IS TOO CLOSE TO SURFACE BOUNDARY ( -9.041325656    ). WILL RECOMPUTE:
 MESSAGE (watershell2_main): LOCATION OF OUTER BULK BOUNDARY SET TO  -8.544722892     A FROM PROTEIN. CONTOUR VALUE IS  0.2782430362E-02
 MESSAGE (watershell2_main): LOCATION OF INNER BULK BOUNDARY SET TO  -8.044722892     A FROM PROTEIN. CONTOUR VALUE IS  0.5828414609E-02
 MESSAGE (watershell2_main): OUTER BULK BOUNDARY ( -8.544722892    ) IS TOO CLOSE TO SURFACE BOUNDARY ( -9.039568303    ). WILL RECOMPUTE:
 MESSAGE (watershell2_main): LOCATION OF OUTER BULK BOUNDARY SET TO  -8.543004695     A FROM PROTEIN. CONTOUR VALUE IS  0.2789783589E-02
 MESSAGE (watershell2_main): LOCATION OF INNER BULK BOUNDARY SET TO  -8.043004695     A FROM PROTEIN. CONTOUR VALUE IS  0.5842666642E-02
 MESSAGE (watershell2_main): OUTER BULK BOUNDARY ( -8.543004695    ) IS TOO CLOSE TO SURFACE BOUNDARY ( -9.037987390    ). WILL RECOMPUTE:
 MESSAGE (watershell2_main): LOCATION OF OUTER BULK BOUNDARY SET TO  -8.541332260     A FROM PROTEIN. CONTOUR VALUE IS  0.2796957812E-02
 MESSAGE (watershell2_main): LOCATION OF INNER BULK BOUNDARY SET TO  -8.041332260     A FROM PROTEIN. CONTOUR VALUE IS  0.5856568779E-02
 MESSAGE (watershell2_main): OUTER BULK BOUNDARY ( -8.541332260    ) IS TOO CLOSE TO SURFACE BOUNDARY ( -9.036230222    ). WILL RECOMPUTE:
 MESSAGE (watershell2_main): LOCATION OF OUTER BULK BOUNDARY SET TO  -8.539631581     A FROM PROTEIN. CONTOUR VALUE IS  0.2804270261E-02
 MESSAGE (watershell2_main): LOCATION OF INNER BULK BOUNDARY SET TO  -8.039631581     A FROM PROTEIN. CONTOUR VALUE IS  0.5870735781E-02
 MESSAGE (watershell2_main): OUTER BULK BOUNDARY ( -8.539631581    ) IS TOO CLOSE TO SURFACE BOUNDARY ( -9.034478588    ). WILL RECOMPUTE:
 MESSAGE (watershell2_main): LOCATION OF OUTER BULK BOUNDARY SET TO  -8.537913916     A FROM PROTEIN. CONTOUR VALUE IS  0.2811673244E-02
 MESSAGE (watershell2_main): LOCATION OF INNER BULK BOUNDARY SET TO  -8.037913916     A FROM PROTEIN. CONTOUR VALUE IS  0.5885075115E-02
 MESSAGE (watershell2_main): OUTER BULK BOUNDARY ( -8.537913916    ) IS TOO CLOSE TO SURFACE BOUNDARY ( -9.032901030    ). WILL RECOMPUTE:
 MESSAGE (watershell2_main): LOCATION OF OUTER BULK BOUNDARY SET TO  -8.536242954     A FROM PROTEIN. CONTOUR VALUE IS  0.2818891860E-02
 MESSAGE (watershell2_main): LOCATION OF INNER BULK BOUNDARY SET TO  -8.036242954     A FROM PROTEIN. CONTOUR VALUE IS  0.5899054372E-02
 MESSAGE (watershell2_main): OUTER BULK BOUNDARY ( -8.536242954    ) IS TOO CLOSE TO SURFACE BOUNDARY ( -9.031154037    ). WILL RECOMPUTE:
 MESSAGE (watershell2_main): LOCATION OF OUTER BULK BOUNDARY SET TO  -8.534546648     A FROM PROTEIN. CONTOUR VALUE IS  0.2826237057E-02
 MESSAGE (watershell2_main): LOCATION OF INNER BULK BOUNDARY SET TO  -8.034546648     A FROM PROTEIN. CONTOUR VALUE IS  0.5913275767E-02
 MESSAGE (watershell2_main): OUTER BULK BOUNDARY ( -8.534546648    ) IS TOO CLOSE TO SURFACE BOUNDARY ( -9.029410808    ). WILL RECOMPUTE:
 MESSAGE (watershell2_main): LOCATION OF OUTER BULK BOUNDARY SET TO  -8.532834702     A FROM PROTEIN. CONTOUR VALUE IS  0.2833667483E-02
 MESSAGE (watershell2_main): LOCATION OF INNER BULK BOUNDARY SET TO  -8.032834702     A FROM PROTEIN. CONTOUR VALUE IS  0.5927659110E-02
 MESSAGE (watershell2_main): OUTER BULK BOUNDARY ( -8.532834702    ) IS TOO CLOSE TO SURFACE BOUNDARY ( -9.027673820    ). WILL RECOMPUTE:
 MESSAGE (watershell2_main): LOCATION OF OUTER BULK BOUNDARY SET TO  -8.531114408     A FROM PROTEIN. CONTOUR VALUE IS  0.2841151885E-02
 MESSAGE (watershell2_main): LOCATION OF INNER BULK BOUNDARY SET TO  -8.031114408     A FROM PROTEIN. CONTOUR VALUE IS  0.5942143826E-02
 MESSAGE (watershell2_main): OUTER BULK BOUNDARY ( -8.531114408    ) IS TOO CLOSE TO SURFACE BOUNDARY ( -9.026114035    ). WILL RECOMPUTE:
 MESSAGE (watershell2_main): LOCATION OF OUTER BULK BOUNDARY SET TO  -8.529447617     A FROM PROTEIN. CONTOUR VALUE IS  0.2848420517E-02
 MESSAGE (watershell2_main): LOCATION OF INNER BULK BOUNDARY SET TO  -8.029447617     A FROM PROTEIN. CONTOUR VALUE IS  0.5956207978E-02
 MESSAGE (watershell2_main): OUTER BULK BOUNDARY ( -8.529447617    ) IS TOO CLOSE TO SURFACE BOUNDARY ( -9.024383601    ). WILL RECOMPUTE:
 MESSAGE (watershell2_main): LOCATION OF OUTER BULK BOUNDARY SET TO  -8.527759612     A FROM PROTEIN. CONTOUR VALUE IS  0.2855798751E-02
 MESSAGE (watershell2_main): LOCATION OF INNER BULK BOUNDARY SET TO  -8.027759612     A FROM PROTEIN. CONTOUR VALUE IS  0.5970481207E-02
 MESSAGE (watershell2_main): OUTER BULK BOUNDARY ( -8.527759612    ) IS TOO CLOSE TO SURFACE BOUNDARY ( -9.022660118    ). WILL RECOMPUTE:
 MESSAGE (watershell2_main): LOCATION OF OUTER BULK BOUNDARY SET TO  -8.526059781     A FROM PROTEIN. CONTOUR VALUE IS  0.2863246091E-02
 MESSAGE (watershell2_main): LOCATION OF INNER BULK BOUNDARY SET TO  -8.026059781     A FROM PROTEIN. CONTOUR VALUE IS  0.5984885065E-02
 MESSAGE (watershell2_main): OUTER BULK BOUNDARY ( -8.526059781    ) IS TOO CLOSE TO SURFACE BOUNDARY ( -9.020942808    ). WILL RECOMPUTE:
 MESSAGE (watershell2_main): LOCATION OF OUTER BULK BOUNDARY SET TO  -8.524354123     A FROM PROTEIN. CONTOUR VALUE IS  0.2870736558E-02
 MESSAGE (watershell2_main): LOCATION OF INNER BULK BOUNDARY SET TO  -8.024354123     A FROM PROTEIN. CONTOUR VALUE IS  0.5999369253E-02
 MESSAGE (watershell2_main): OUTER BULK BOUNDARY ( -8.524354123    ) IS TOO CLOSE TO SURFACE BOUNDARY ( -9.019231760    ). WILL RECOMPUTE:
 MESSAGE (watershell2_main): LOCATION OF OUTER BULK BOUNDARY SET TO  -8.522646669     A FROM PROTEIN. CONTOUR VALUE IS  0.2878252610E-02
 MESSAGE (watershell2_main): LOCATION OF INNER BULK BOUNDARY SET TO  -8.022646669     A FROM PROTEIN. CONTOUR VALUE IS  0.6013899811E-02
 MESSAGE (watershell2_main): OUTER BULK BOUNDARY ( -8.522646669    ) IS TOO CLOSE TO SURFACE BOUNDARY ( -9.017530304    ). WILL RECOMPUTE:
 MESSAGE (watershell2_main): LOCATION OF OUTER BULK BOUNDARY SET TO  -8.520941214     A FROM PROTEIN. CONTOUR VALUE IS  0.2885777571E-02
 MESSAGE (watershell2_main): LOCATION OF INNER BULK BOUNDARY SET TO  -8.020941214     A FROM PROTEIN. CONTOUR VALUE IS  0.6028444487E-02
 MESSAGE (watershell2_main): OUTER BULK BOUNDARY ( -8.520941214    ) IS TOO CLOSE TO SURFACE BOUNDARY ( -9.015836103    ). WILL RECOMPUTE:
 MESSAGE (watershell2_main): LOCATION OF OUTER BULK BOUNDARY SET TO  -8.519239510     A FROM PROTEIN. CONTOUR VALUE IS  0.2893303658E-02
 MESSAGE (watershell2_main): LOCATION OF INNER BULK BOUNDARY SET TO  -8.019239510     A FROM PROTEIN. CONTOUR VALUE IS  0.6042988239E-02
 MESSAGE (watershell2_main): OUTER BULK BOUNDARY ( -8.519239510    ) IS TOO CLOSE TO SURFACE BOUNDARY ( -9.014145779    ). WILL RECOMPUTE:
 MESSAGE (watershell2_main): LOCATION OF OUTER BULK BOUNDARY SET TO  -8.517541600     A FROM PROTEIN. CONTOUR VALUE IS  0.2900830602E-02
 MESSAGE (watershell2_main): LOCATION OF INNER BULK BOUNDARY SET TO  -8.017541600     A FROM PROTEIN. CONTOUR VALUE IS  0.6057530555E-02
 MESSAGE (watershell2_main): OUTER BULK BOUNDARY ( -8.517541600    ) IS TOO CLOSE TO SURFACE BOUNDARY ( -9.012459983    ). WILL RECOMPUTE:
 MESSAGE (watershell2_main): LOCATION OF OUTER BULK BOUNDARY SET TO  -8.515847728     A FROM PROTEIN. CONTOUR VALUE IS  0.2908357232E-02
 MESSAGE (watershell2_main): LOCATION OF INNER BULK BOUNDARY SET TO  -8.015847728     A FROM PROTEIN. CONTOUR VALUE IS  0.6072069180E-02
 MESSAGE (watershell2_main): OUTER BULK BOUNDARY ( -8.515847728    ) IS TOO CLOSE TO SURFACE BOUNDARY ( -9.010781333    ). WILL RECOMPUTE:
 MESSAGE (watershell2_main): LOCATION OF OUTER BULK BOUNDARY SET TO  -8.514158929     A FROM PROTEIN. CONTOUR VALUE IS  0.2915878841E-02
 MESSAGE (watershell2_main): LOCATION OF INNER BULK BOUNDARY SET TO  -8.014158929     A FROM PROTEIN. CONTOUR VALUE IS  0.6086595032E-02
 MESSAGE (watershell2_main): OUTER BULK BOUNDARY ( -8.514158929    ) IS TOO CLOSE TO SURFACE BOUNDARY ( -9.009106363    ). WILL RECOMPUTE:
 MESSAGE (watershell2_main): LOCATION OF OUTER BULK BOUNDARY SET TO  -8.512474741     A FROM PROTEIN. CONTOUR VALUE IS  0.2923397380E-02
 MESSAGE (watershell2_main): LOCATION OF INNER BULK BOUNDARY SET TO  -8.012474741     A FROM PROTEIN. CONTOUR VALUE IS  0.6101111892E-02
 MESSAGE (watershell2_main): OUTER BULK BOUNDARY ( -8.512474741    ) IS TOO CLOSE TO SURFACE BOUNDARY ( -9.007435584    ). WILL RECOMPUTE:
 MESSAGE (watershell2_main): LOCATION OF OUTER BULK BOUNDARY SET TO  -8.510795022     A FROM PROTEIN. CONTOUR VALUE IS  0.2930913367E-02
 MESSAGE (watershell2_main): LOCATION OF INNER BULK BOUNDARY SET TO  -8.010795022     A FROM PROTEIN. CONTOUR VALUE IS  0.6115620773E-02
 MESSAGE (watershell2_main): OUTER BULK BOUNDARY ( -8.510795022    ) IS TOO CLOSE TO SURFACE BOUNDARY ( -9.005765999    ). WILL RECOMPUTE:
 MESSAGE (watershell2_main): LOCATION OF OUTER BULK BOUNDARY SET TO  -8.509118681     A FROM PROTEIN. CONTOUR VALUE IS  0.2938431601E-02
 MESSAGE (watershell2_main): LOCATION OF INNER BULK BOUNDARY SET TO  -8.009118681     A FROM PROTEIN. CONTOUR VALUE IS  0.6130130944E-02
 MESSAGE (watershell2_main): OUTER BULK BOUNDARY ( -8.509118681    ) IS TOO CLOSE TO SURFACE BOUNDARY ( -9.004098906    ). WILL RECOMPUTE:
 MESSAGE (watershell2_main): LOCATION OF OUTER BULK BOUNDARY SET TO  -8.507445422     A FROM PROTEIN. CONTOUR VALUE IS  0.2945953342E-02
 MESSAGE (watershell2_main): LOCATION OF INNER BULK BOUNDARY SET TO  -8.007445422     A FROM PROTEIN. CONTOUR VALUE IS  0.6144644844E-02
 MESSAGE (watershell2_main): OUTER BULK BOUNDARY ( -8.507445422    ) IS TOO CLOSE TO SURFACE BOUNDARY ( -9.002432364    ). WILL RECOMPUTE:
 MESSAGE (watershell2_main): LOCATION OF OUTER BULK BOUNDARY SET TO  -8.505774403     A FROM PROTEIN. CONTOUR VALUE IS  0.2953482333E-02
 MESSAGE (watershell2_main): LOCATION OF INNER BULK BOUNDARY SET TO  -8.005774403     A FROM PROTEIN. CONTOUR VALUE IS  0.6159169694E-02
 MESSAGE (watershell2_main): OUTER BULK BOUNDARY ( -8.505774403    ) IS TOO CLOSE TO SURFACE BOUNDARY ( -9.000769042    ). WILL RECOMPUTE:
 MESSAGE (watershell2_main): LOCATION OF OUTER BULK BOUNDARY SET TO  -8.504105949     A FROM PROTEIN. CONTOUR VALUE IS  0.2961017063E-02
 MESSAGE (watershell2_main): LOCATION OF INNER BULK BOUNDARY SET TO  -8.004105949     A FROM PROTEIN. CONTOUR VALUE IS  0.6173702580E-02
 MESSAGE (watershell2_main): OUTER BULK BOUNDARY ( -8.504105949    ) IS TOO CLOSE TO SURFACE BOUNDARY ( -8.998941981    ). WILL RECOMPUTE:
 MESSAGE (watershell2_main): LOCATION OF OUTER BULK BOUNDARY SET TO  -8.502384627     A FROM PROTEIN. CONTOUR VALUE IS  0.2968808701E-02
 MESSAGE (watershell2_main): LOCATION OF INNER BULK BOUNDARY SET TO  -8.002384627     A FROM PROTEIN. CONTOUR VALUE IS  0.6188727800E-02
 MESSAGE (watershell2_main): OUTER BULK BOUNDARY ( -8.502384627    ) IS TOO CLOSE TO SURFACE BOUNDARY ( -8.997285362    ). WILL RECOMPUTE:
 MESSAGE (watershell2_main): LOCATION OF OUTER BULK BOUNDARY SET TO  -8.500684872     A FROM PROTEIN. CONTOUR VALUE IS  0.2976520838E-02
 MESSAGE (watershell2_main): LOCATION OF INNER BULK BOUNDARY SET TO  -8.000684872     A FROM PROTEIN. CONTOUR VALUE IS  0.6203596531E-02
 MESSAGE (watershell2_main): OUTER BULK BOUNDARY ( -8.500684872    ) IS TOO CLOSE TO SURFACE BOUNDARY ( -8.995635219    ). WILL RECOMPUTE:
 MESSAGE (watershell2_main): LOCATION OF OUTER BULK BOUNDARY SET TO  -8.499001654     A FROM PROTEIN. CONTOUR VALUE IS  0.2984175728E-02
 MESSAGE (watershell2_main): LOCATION OF INNER BULK BOUNDARY SET TO  -7.999001654     A FROM PROTEIN. CONTOUR VALUE IS  0.6218351768E-02
 MESSAGE (watershell2_main): OUTER BULK BOUNDARY ( -8.499001654    ) IS TOO CLOSE TO SURFACE BOUNDARY ( -8.993990851    ). WILL RECOMPUTE:
 MESSAGE (watershell2_main): LOCATION OF OUTER BULK BOUNDARY SET TO  -8.497331387     A FROM PROTEIN. CONTOUR VALUE IS  0.2991789256E-02
 MESSAGE (watershell2_main): LOCATION OF INNER BULK BOUNDARY SET TO  -7.997331387     A FROM PROTEIN. CONTOUR VALUE IS  0.6233024201E-02
 MESSAGE (watershell2_main): OUTER BULK BOUNDARY ( -8.497331387    ) IS TOO CLOSE TO SURFACE BOUNDARY ( -8.992187477    ). WILL RECOMPUTE:
 MESSAGE (watershell2_main): LOCATION OF OUTER BULK BOUNDARY SET TO  -8.495616750     A FROM PROTEIN. CONTOUR VALUE IS  0.2999623231E-02
 MESSAGE (watershell2_main): LOCATION OF INNER BULK BOUNDARY SET TO  -7.995616750     A FROM PROTEIN. CONTOUR VALUE IS  0.6248118273E-02
 MESSAGE (watershell2_main): OUTER BULK BOUNDARY ( -8.495616750    ) IS TOO CLOSE TO SURFACE BOUNDARY ( -8.990554462    ). WILL RECOMPUTE:
 MESSAGE (watershell2_main): LOCATION OF OUTER BULK BOUNDARY SET TO  -8.493929321     A FROM PROTEIN. CONTOUR VALUE IS  0.3007350940E-02
 MESSAGE (watershell2_main): LOCATION OF INNER BULK BOUNDARY SET TO  -7.993929321     A FROM PROTEIN. CONTOUR VALUE IS  0.6263004429E-02
 MESSAGE (watershell2_main): OUTER BULK BOUNDARY ( -8.493929321    ) IS TOO CLOSE TO SURFACE BOUNDARY ( -8.988768898    ). WILL RECOMPUTE:
 MESSAGE (watershell2_main): LOCATION OF OUTER BULK BOUNDARY SET TO  -8.492209180     A FROM PROTEIN. CONTOUR VALUE IS  0.3015246911E-02
 MESSAGE (watershell2_main): LOCATION OF INNER BULK BOUNDARY SET TO  -7.992209180     A FROM PROTEIN. CONTOUR VALUE IS  0.6278211473E-02
 MESSAGE (watershell2_main): OUTER BULK BOUNDARY ( -8.492209180    ) IS TOO CLOSE TO SURFACE BOUNDARY ( -8.987149267    ). WILL RECOMPUTE:
 MESSAGE (watershell2_main): LOCATION OF OUTER BULK BOUNDARY SET TO  -8.490522542     A FROM PROTEIN. CONTOUR VALUE IS  0.3023007222E-02
 MESSAGE (watershell2_main): LOCATION OF INNER BULK BOUNDARY SET TO  -7.990522542     A FROM PROTEIN. CONTOUR VALUE IS  0.6293154061E-02
 MESSAGE (watershell2_main): OUTER BULK BOUNDARY ( -8.490522542    ) IS TOO CLOSE TO SURFACE BOUNDARY ( -8.985373827    ). WILL RECOMPUTE:
 MESSAGE (watershell2_main): LOCATION OF OUTER BULK BOUNDARY SET TO  -8.488806304     A FROM PROTEIN. CONTOUR VALUE IS  0.3030922192E-02
 MESSAGE (watershell2_main): LOCATION OF INNER BULK BOUNDARY SET TO  -7.988806304     A FROM PROTEIN. CONTOUR VALUE IS  0.6308391205E-02
 MESSAGE (watershell2_main): OUTER BULK BOUNDARY ( -8.488806304    ) IS TOO CLOSE TO SURFACE BOUNDARY ( -8.983758712    ). WILL RECOMPUTE:
 MESSAGE (watershell2_main): LOCATION OF OUTER BULK BOUNDARY SET TO  -8.487123773     A FROM PROTEIN. CONTOUR VALUE IS  0.3038699825E-02
 MESSAGE (watershell2_main): LOCATION OF INNER BULK BOUNDARY SET TO  -7.987123773     A FROM PROTEIN. CONTOUR VALUE IS  0.6323360777E-02
 MESSAGE (watershell2_main): OUTER BULK BOUNDARY ( -8.487123773    ) IS TOO CLOSE TO SURFACE BOUNDARY ( -8.981980698    ). WILL RECOMPUTE:
 MESSAGE (watershell2_main): LOCATION OF OUTER BULK BOUNDARY SET TO  -8.485409415     A FROM PROTEIN. CONTOUR VALUE IS  0.3046643072E-02
 MESSAGE (watershell2_main): LOCATION OF INNER BULK BOUNDARY SET TO  -7.985409415     A FROM PROTEIN. CONTOUR VALUE IS  0.6338645858E-02
 MESSAGE (watershell2_main): OUTER BULK BOUNDARY ( -8.485409415    ) IS TOO CLOSE TO SURFACE BOUNDARY ( -8.980368987    ). WILL RECOMPUTE:
 MESSAGE (watershell2_main): LOCATION OF OUTER BULK BOUNDARY SET TO  -8.483729272     A FROM PROTEIN. CONTOUR VALUE IS  0.3054445925E-02
 MESSAGE (watershell2_main): LOCATION OF INNER BULK BOUNDARY SET TO  -7.983729272     A FROM PROTEIN. CONTOUR VALUE IS  0.6353657593E-02
 MESSAGE (watershell2_main): OUTER BULK BOUNDARY ( -8.483729272    ) IS TOO CLOSE TO SURFACE BOUNDARY ( -8.978599299    ). WILL RECOMPUTE:
 MESSAGE (watershell2_main): LOCATION OF OUTER BULK BOUNDARY SET TO  -8.482019281     A FROM PROTEIN. CONTOUR VALUE IS  0.3062405876E-02
 MESSAGE (watershell2_main): LOCATION OF INNER BULK BOUNDARY SET TO  -7.982019281     A FROM PROTEIN. CONTOUR VALUE IS  0.6368968320E-02
 MESSAGE (watershell2_main): OUTER BULK BOUNDARY ( -8.482019281    ) IS TOO CLOSE TO SURFACE BOUNDARY ( -8.976995004    ). WILL RECOMPUTE:
 MESSAGE (watershell2_main): LOCATION OF OUTER BULK BOUNDARY SET TO  -8.480344522     A FROM PROTEIN. CONTOUR VALUE IS  0.3070219928E-02
 MESSAGE (watershell2_main): LOCATION OF INNER BULK BOUNDARY SET TO  -7.980344522     A FROM PROTEIN. CONTOUR VALUE IS  0.6383995233E-02
 MESSAGE (watershell2_main): OUTER BULK BOUNDARY ( -8.480344522    ) IS TOO CLOSE TO SURFACE BOUNDARY ( -8.975233427    ). WILL RECOMPUTE:
 MESSAGE (watershell2_main): LOCATION OF OUTER BULK BOUNDARY SET TO  -8.478640824     A FROM PROTEIN. CONTOUR VALUE IS  0.3078187426E-02
 MESSAGE (watershell2_main): LOCATION OF INNER BULK BOUNDARY SET TO  -7.978640824     A FROM PROTEIN. CONTOUR VALUE IS  0.6399313992E-02
 MESSAGE (watershell2_main): OUTER BULK BOUNDARY ( -8.478640824    ) IS TOO CLOSE TO SURFACE BOUNDARY ( -8.973632640    ). WILL RECOMPUTE:
 MESSAGE (watershell2_main): LOCATION OF OUTER BULK BOUNDARY SET TO  -8.476971429     A FROM PROTEIN. CONTOUR VALUE IS  0.3086012553E-02
 MESSAGE (watershell2_main): LOCATION OF INNER BULK BOUNDARY SET TO  -7.976971429     A FROM PROTEIN. CONTOUR VALUE IS  0.6414355850E-02
 MESSAGE (watershell2_main): OUTER BULK BOUNDARY ( -8.476971429    ) IS TOO CLOSE TO SURFACE BOUNDARY ( -8.971874862    ). WILL RECOMPUTE:
 MESSAGE (watershell2_main): LOCATION OF OUTER BULK BOUNDARY SET TO  -8.475272574     A FROM PROTEIN. CONTOUR VALUE IS  0.3093994162E-02
 MESSAGE (watershell2_main): LOCATION OF INNER BULK BOUNDARY SET TO  -7.975272574     A FROM PROTEIN. CONTOUR VALUE IS  0.6429695273E-02
 MESSAGE (watershell2_main): OUTER BULK BOUNDARY ( -8.475272574    ) IS TOO CLOSE TO SURFACE BOUNDARY ( -8.970122385    ). WILL RECOMPUTE:
 MESSAGE (watershell2_main): LOCATION OF OUTER BULK BOUNDARY SET TO  -8.473555844     A FROM PROTEIN. CONTOUR VALUE IS  0.3102078625E-02
 MESSAGE (watershell2_main): LOCATION OF INNER BULK BOUNDARY SET TO  -7.973555844     A FROM PROTEIN. CONTOUR VALUE IS  0.6445229047E-02
 MESSAGE (watershell2_main): OUTER BULK BOUNDARY ( -8.473555844    ) IS TOO CLOSE TO SURFACE BOUNDARY ( -8.968532369    ). WILL RECOMPUTE:
 MESSAGE (watershell2_main): LOCATION OF OUTER BULK BOUNDARY SET TO  -8.471881352     A FROM PROTEIN. CONTOUR VALUE IS  0.3109982500E-02
 MESSAGE (watershell2_main): LOCATION OF INNER BULK BOUNDARY SET TO  -7.971881352     A FROM PROTEIN. CONTOUR VALUE IS  0.6460412610E-02
 MESSAGE (watershell2_main): OUTER BULK BOUNDARY ( -8.471881352    ) IS TOO CLOSE TO SURFACE BOUNDARY ( -8.966785926    ). WILL RECOMPUTE:
 MESSAGE (watershell2_main): LOCATION OF OUTER BULK BOUNDARY SET TO  -8.470182877     A FROM PROTEIN. CONTOUR VALUE IS  0.3118018101E-02
 MESSAGE (watershell2_main): LOCATION OF INNER BULK BOUNDARY SET TO  -7.970182877     A FROM PROTEIN. CONTOUR VALUE IS  0.6475845967E-02
 MESSAGE (watershell2_main): OUTER BULK BOUNDARY ( -8.470182877    ) IS TOO CLOSE TO SURFACE BOUNDARY ( -8.965040815    ). WILL RECOMPUTE:
 MESSAGE (watershell2_main): LOCATION OF OUTER BULK BOUNDARY SET TO  -8.468468856     A FROM PROTEIN. CONTOUR VALUE IS  0.3126146191E-02
 MESSAGE (watershell2_main): LOCATION OF INNER BULK BOUNDARY SET TO  -7.968468856     A FROM PROTEIN. CONTOUR VALUE IS  0.6491453630E-02
 MESSAGE (watershell2_main): OUTER BULK BOUNDARY ( -8.468468856    ) IS TOO CLOSE TO SURFACE BOUNDARY ( -8.963460022    ). WILL RECOMPUTE:
 MESSAGE (watershell2_main): LOCATION OF OUTER BULK BOUNDARY SET TO  -8.466799245     A FROM PROTEIN. CONTOUR VALUE IS  0.3134082023E-02
 MESSAGE (watershell2_main): LOCATION OF INNER BULK BOUNDARY SET TO  -7.966799245     A FROM PROTEIN. CONTOUR VALUE IS  0.6506688891E-02
 MESSAGE (watershell2_main): OUTER BULK BOUNDARY ( -8.466799245    ) IS TOO CLOSE TO SURFACE BOUNDARY ( -8.961727499    ). WILL RECOMPUTE:
 MESSAGE (watershell2_main): LOCATION OF OUTER BULK BOUNDARY SET TO  -8.465108663     A FROM PROTEIN. CONTOUR VALUE IS  0.3142136003E-02
 MESSAGE (watershell2_main): LOCATION OF INNER BULK BOUNDARY SET TO  -7.965108663     A FROM PROTEIN. CONTOUR VALUE IS  0.6522147725E-02
 MESSAGE (watershell2_main): OUTER BULK BOUNDARY ( -8.465108663    ) IS TOO CLOSE TO SURFACE BOUNDARY ( -8.959997667    ). WILL RECOMPUTE:
 MESSAGE (watershell2_main): LOCATION OF OUTER BULK BOUNDARY SET TO  -8.463404997     A FROM PROTEIN. CONTOUR VALUE IS  0.3150271155E-02
 MESSAGE (watershell2_main): LOCATION OF INNER BULK BOUNDARY SET TO  -7.963404997     A FROM PROTEIN. CONTOUR VALUE IS  0.6537759046E-02
 MESSAGE (watershell2_main): OUTER BULK BOUNDARY ( -8.463404997    ) IS TOO CLOSE TO SURFACE BOUNDARY ( -8.958281668    ). WILL RECOMPUTE:
 MESSAGE (watershell2_main): LOCATION OF OUTER BULK BOUNDARY SET TO  -8.461697221     A FROM PROTEIN. CONTOUR VALUE IS  0.3158444960E-02
 MESSAGE (watershell2_main): LOCATION OF INNER BULK BOUNDARY SET TO  -7.961697221     A FROM PROTEIN. CONTOUR VALUE IS  0.6553441195E-02
 MESSAGE (watershell2_main): OUTER BULK BOUNDARY ( -8.461697221    ) IS TOO CLOSE TO SURFACE BOUNDARY ( -8.956572556    ). WILL RECOMPUTE:
 MESSAGE (watershell2_main): LOCATION OF OUTER BULK BOUNDARY SET TO  -8.459988999     A FROM PROTEIN. CONTOUR VALUE IS  0.3166639988E-02
 MESSAGE (watershell2_main): LOCATION OF INNER BULK BOUNDARY SET TO  -7.959988999     A FROM PROTEIN. CONTOUR VALUE IS  0.6569160703E-02
 MESSAGE (watershell2_main): OUTER BULK BOUNDARY ( -8.459988999    ) IS TOO CLOSE TO SURFACE BOUNDARY ( -8.954870556    ). WILL RECOMPUTE:
 MESSAGE (watershell2_main): LOCATION OF OUTER BULK BOUNDARY SET TO  -8.458282851     A FROM PROTEIN. CONTOUR VALUE IS  0.3174844163E-02
 MESSAGE (watershell2_main): LOCATION OF INNER BULK BOUNDARY SET TO  -7.958282851     A FROM PROTEIN. CONTOUR VALUE IS  0.6584894398E-02
 MESSAGE (watershell2_main): OUTER BULK BOUNDARY ( -8.458282851    ) IS TOO CLOSE TO SURFACE BOUNDARY ( -8.953172863    ). WILL RECOMPUTE:
 MESSAGE (watershell2_main): LOCATION OF OUTER BULK BOUNDARY SET TO  -8.456579522     A FROM PROTEIN. CONTOUR VALUE IS  0.3183053863E-02
 MESSAGE (watershell2_main): LOCATION OF INNER BULK BOUNDARY SET TO  -7.956579522     A FROM PROTEIN. CONTOUR VALUE IS  0.6600635330E-02
 MESSAGE (watershell2_main): OUTER BULK BOUNDARY ( -8.456579522    ) IS TOO CLOSE TO SURFACE BOUNDARY ( -8.951479550    ). WILL RECOMPUTE:
 MESSAGE (watershell2_main): LOCATION OF OUTER BULK BOUNDARY SET TO  -8.454879531     A FROM PROTEIN. CONTOUR VALUE IS  0.3191266513E-02
 MESSAGE (watershell2_main): LOCATION OF INNER BULK BOUNDARY SET TO  -7.954879531     A FROM PROTEIN. CONTOUR VALUE IS  0.6616378567E-02
 MESSAGE (watershell2_main): OUTER BULK BOUNDARY ( -8.454879531    ) IS TOO CLOSE TO SURFACE BOUNDARY ( -8.949791977    ). WILL RECOMPUTE:
 MESSAGE (watershell2_main): LOCATION OF OUTER BULK BOUNDARY SET TO  -8.453183680     A FROM PROTEIN. CONTOUR VALUE IS  0.3199478159E-02
 MESSAGE (watershell2_main): LOCATION OF INNER BULK BOUNDARY SET TO  -7.953183680     A FROM PROTEIN. CONTOUR VALUE IS  0.6632116537E-02
 ==========================================================================================
 Iteration:                70000
 Surface boundary distance:         -8.9490266754083851      (contour value:   1.4671748773077975E-003 )
 Current avg. solvent contour val:  0.26610787023365678
 Surface energy:                     85.096399587531678
 Curvature energy:                   9.0488340442438790
 Surface curvature at solvent (min:ave:max): (  -9.0942314629308060E-002 :  -2.3174985983100894E-002 :  0.45099416544515902      )
 ======= FORCE STATISTICS ==============
 Total force applied to surface atoms:    -3.0828599479150101       -1.3996471943849003       -3.7570372437991546
 RMS of surface atom forces:               4.8270755708465125E-002
 Largest force acting on a surface atom:   8.9776568885760841E-002
 Total force applied to solvent atoms:     6.4546058214739936       -4.1262596828931484        3.8374651442583896
 RMS of solvent atom forces:              0.28622089233667491
 Largest force acting on a solvent atom:   4.0031521693992529
 Rotational restraint energy:           1.6865336177202541
 Translational restraint energy:        1.2789183289251007
 Total rigid-body restraint energy:     2.9654519466453548
 =======================================
 Solute neighbor list search depth (min:ave:max): (          16 :   90.232491662696518      :         159 )
 ======= DENSITY STATISTICS ============
 # Solute atoms used for density:           159
 Target density (g/mL):             0.99700000000000000
 Simulation density (g/mL):         0.69170592221336591
 Instantaneous density (g/mL):      0.79401696448826953
 Volume of bulk solvent (Ang^3):     4673.0000000000000
 Mass of bulk solvent (amu):         2234.4799999999959
 Outer bulk boundary distance:      -8.4531836800360196      (contour value:   3.1994781593156496E-003 )
 Inner bulk boundary distance:      -7.9531836800360187      (contour value:   6.6321165373895430E-003 )
 ======================================
 MESSAGE (watershell2_main): WRITING RESTART FILE TO ("watershell0.restart.txt")
 MESSAGE (FILES_OPEN): Opening FORMATTED file "watershell0.restart.txt" for writing.
 MESSAGE (watershell2_main): OUTER BULK BOUNDARY ( -8.453183680    ) IS TOO CLOSE TO SURFACE BOUNDARY ( -8.948110793    ). WILL RECOMPUTE:
 MESSAGE (watershell2_main): LOCATION OF OUTER BULK BOUNDARY SET TO  -8.451492718     A FROM PROTEIN. CONTOUR VALUE IS  0.3207685058E-02
 MESSAGE (watershell2_main): LOCATION OF INNER BULK BOUNDARY SET TO  -7.951492718     A FROM PROTEIN. CONTOUR VALUE IS  0.6647842077E-02
 MESSAGE (watershell2_main): OUTER BULK BOUNDARY ( -8.451492718    ) IS TOO CLOSE TO SURFACE BOUNDARY ( -8.946436570    ). WILL RECOMPUTE:
 MESSAGE (watershell2_main): LOCATION OF OUTER BULK BOUNDARY SET TO  -8.449807335     A FROM PROTEIN. CONTOUR VALUE IS  0.3215883720E-02
 MESSAGE (watershell2_main): LOCATION OF INNER BULK BOUNDARY SET TO  -7.949807335     A FROM PROTEIN. CONTOUR VALUE IS  0.6663548517E-02
 MESSAGE (watershell2_main): OUTER BULK BOUNDARY ( -8.449807335    ) IS TOO CLOSE TO SURFACE BOUNDARY ( -8.944766584    ). WILL RECOMPUTE:
 MESSAGE (watershell2_main): LOCATION OF OUTER BULK BOUNDARY SET TO  -8.448127085     A FROM PROTEIN. CONTOUR VALUE IS  0.3224076177E-02
 MESSAGE (watershell2_main): LOCATION OF INNER BULK BOUNDARY SET TO  -7.948127085     A FROM PROTEIN. CONTOUR VALUE IS  0.6679239768E-02
 MESSAGE (watershell2_main): OUTER BULK BOUNDARY ( -8.448127085    ) IS TOO CLOSE TO SURFACE BOUNDARY ( -8.943101840    ). WILL RECOMPUTE:
 MESSAGE (watershell2_main): LOCATION OF OUTER BULK BOUNDARY SET TO  -8.446452003     A FROM PROTEIN. CONTOUR VALUE IS  0.3232262119E-02
 MESSAGE (watershell2_main): LOCATION OF INNER BULK BOUNDARY SET TO  -7.946452003     A FROM PROTEIN. CONTOUR VALUE IS  0.6694915249E-02
 MESSAGE (watershell2_main): OUTER BULK BOUNDARY ( -8.446452003    ) IS TOO CLOSE TO SURFACE BOUNDARY ( -8.941441843    ). WILL RECOMPUTE:
 MESSAGE (watershell2_main): LOCATION OF OUTER BULK BOUNDARY SET TO  -8.444781950     A FROM PROTEIN. CONTOUR VALUE IS  0.3240442097E-02
 MESSAGE (watershell2_main): LOCATION OF INNER BULK BOUNDARY SET TO  -7.944781950     A FROM PROTEIN. CONTOUR VALUE IS  0.6710576033E-02
 MESSAGE (watershell2_main): OUTER BULK BOUNDARY ( -8.444781950    ) IS TOO CLOSE TO SURFACE BOUNDARY ( -8.939634340    ). WILL RECOMPUTE:
 MESSAGE (watershell2_main): LOCATION OF OUTER BULK BOUNDARY SET TO  -8.443066080     A FROM PROTEIN. CONTOUR VALUE IS  0.3248865878E-02
 MESSAGE (watershell2_main): LOCATION OF INNER BULK BOUNDARY SET TO  -7.943066080     A FROM PROTEIN. CONTOUR VALUE IS  0.6726700168E-02
 MESSAGE (watershell2_main): OUTER BULK BOUNDARY ( -8.443066080    ) IS TOO CLOSE TO SURFACE BOUNDARY ( -8.937983007    ). WILL RECOMPUTE:
 MESSAGE (watershell2_main): LOCATION OF OUTER BULK BOUNDARY SET TO  -8.441371722     A FROM PROTEIN. CONTOUR VALUE IS  0.3257203370E-02
 MESSAGE (watershell2_main): LOCATION OF INNER BULK BOUNDARY SET TO  -7.941371722     A FROM PROTEIN. CONTOUR VALUE IS  0.6742655734E-02
 MESSAGE (watershell2_main): OUTER BULK BOUNDARY ( -8.441371722    ) IS TOO CLOSE TO SURFACE BOUNDARY ( -8.936335045    ). WILL RECOMPUTE:
 MESSAGE (watershell2_main): LOCATION OF OUTER BULK BOUNDARY SET TO  -8.439692830     A FROM PROTEIN. CONTOUR VALUE IS  0.3265483740E-02
 MESSAGE (watershell2_main): LOCATION OF INNER BULK BOUNDARY SET TO  -7.939692830     A FROM PROTEIN. CONTOUR VALUE IS  0.6758498641E-02
 MESSAGE (watershell2_main): OUTER BULK BOUNDARY ( -8.439692830    ) IS TOO CLOSE TO SURFACE BOUNDARY ( -8.934689694    ). WILL RECOMPUTE:
 MESSAGE (watershell2_main): LOCATION OF OUTER BULK BOUNDARY SET TO  -8.438025118     A FROM PROTEIN. CONTOUR VALUE IS  0.3273727708E-02
 MESSAGE (watershell2_main): LOCATION OF INNER BULK BOUNDARY SET TO  -7.938025118     A FROM PROTEIN. CONTOUR VALUE IS  0.6774268598E-02
 MESSAGE (watershell2_main): OUTER BULK BOUNDARY ( -8.438025118    ) IS TOO CLOSE TO SURFACE BOUNDARY ( -8.932899415    ). WILL RECOMPUTE:
 MESSAGE (watershell2_main): LOCATION OF OUTER BULK BOUNDARY SET TO  -8.436316550     A FROM PROTEIN. CONTOUR VALUE IS  0.3282193043E-02
 MESSAGE (watershell2_main): LOCATION OF INNER BULK BOUNDARY SET TO  -7.936316550     A FROM PROTEIN. CONTOUR VALUE IS  0.6790458591E-02
 MESSAGE (watershell2_main): OUTER BULK BOUNDARY ( -8.436316550    ) IS TOO CLOSE TO SURFACE BOUNDARY ( -8.931260731    ). WILL RECOMPUTE:
 MESSAGE (watershell2_main): LOCATION OF OUTER BULK BOUNDARY SET TO  -8.434631277     A FROM PROTEIN. CONTOUR VALUE IS  0.3290562243E-02
 MESSAGE (watershell2_main): LOCATION OF INNER BULK BOUNDARY SET TO  -7.934631277     A FROM PROTEIN. CONTOUR VALUE IS  0.6806461330E-02
 MESSAGE (watershell2_main): OUTER BULK BOUNDARY ( -8.434631277    ) IS TOO CLOSE TO SURFACE BOUNDARY ( -8.929624072    ). WILL RECOMPUTE:
 MESSAGE (watershell2_main): LOCATION OF OUTER BULK BOUNDARY SET TO  -8.432962209     A FROM PROTEIN. CONTOUR VALUE IS  0.3298869879E-02
 MESSAGE (watershell2_main): LOCATION OF INNER BULK BOUNDARY SET TO  -7.932962209     A FROM PROTEIN. CONTOUR VALUE IS  0.6822343018E-02
 MESSAGE (watershell2_main): OUTER BULK BOUNDARY ( -8.432962209    ) IS TOO CLOSE TO SURFACE BOUNDARY ( -8.927836135    ). WILL RECOMPUTE:
 MESSAGE (watershell2_main): LOCATION OF OUTER BULK BOUNDARY SET TO  -8.431253518     A FROM PROTEIN. CONTOUR VALUE IS  0.3307394267E-02
 MESSAGE (watershell2_main): LOCATION OF INNER BULK BOUNDARY SET TO  -7.931253518     A FROM PROTEIN. CONTOUR VALUE IS  0.6838635630E-02
 MESSAGE (watershell2_main): OUTER BULK BOUNDARY ( -8.431253518    ) IS TOO CLOSE TO SURFACE BOUNDARY ( -8.926199834    ). WILL RECOMPUTE:
 MESSAGE (watershell2_main): LOCATION OF OUTER BULK BOUNDARY SET TO  -8.429568956     A FROM PROTEIN. CONTOUR VALUE IS  0.3315817659E-02
 MESSAGE (watershell2_main): LOCATION OF INNER BULK BOUNDARY SET TO  -7.929568956     A FROM PROTEIN. CONTOUR VALUE IS  0.6854731791E-02
 MESSAGE (watershell2_main): OUTER BULK BOUNDARY ( -8.429568956    ) IS TOO CLOSE TO SURFACE BOUNDARY ( -8.924562834    ). WILL RECOMPUTE:
 MESSAGE (watershell2_main): LOCATION OF OUTER BULK BOUNDARY SET TO  -8.427900249     A FROM PROTEIN. CONTOUR VALUE IS  0.3324180788E-02
 MESSAGE (watershell2_main): LOCATION OF INNER BULK BOUNDARY SET TO  -7.927900249     A FROM PROTEIN. CONTOUR VALUE IS  0.6870709447E-02
 MESSAGE (watershell2_main): OUTER BULK BOUNDARY ( -8.427900249    ) IS TOO CLOSE TO SURFACE BOUNDARY ( -8.922780501    ). WILL RECOMPUTE:
 MESSAGE (watershell2_main): LOCATION OF OUTER BULK BOUNDARY SET TO  -8.426193666     A FROM PROTEIN. CONTOUR VALUE IS  0.3332753349E-02
 MESSAGE (watershell2_main): LOCATION OF INNER BULK BOUNDARY SET TO  -7.926193666     A FROM PROTEIN. CONTOUR VALUE IS  0.6887083762E-02
 MESSAGE (watershell2_main): OUTER BULK BOUNDARY ( -8.426193666    ) IS TOO CLOSE TO SURFACE BOUNDARY ( -8.921148384    ). WILL RECOMPUTE:
 MESSAGE (watershell2_main): LOCATION OF OUTER BULK BOUNDARY SET TO  -8.424511905     A FROM PROTEIN. CONTOUR VALUE IS  0.3341220663E-02
 MESSAGE (watershell2_main): LOCATION OF INNER BULK BOUNDARY SET TO  -7.924511905     A FROM PROTEIN. CONTOUR VALUE IS  0.6903253619E-02
 MESSAGE (watershell2_main): OUTER BULK BOUNDARY ( -8.424511905    ) IS TOO CLOSE TO SURFACE BOUNDARY ( -8.919368408    ). WILL RECOMPUTE:
 MESSAGE (watershell2_main): LOCATION OF OUTER BULK BOUNDARY SET TO  -8.422797406     A FROM PROTEIN. CONTOUR VALUE IS  0.3349872710E-02
 MESSAGE (watershell2_main): LOCATION OF INNER BULK BOUNDARY SET TO  -7.922797406     A FROM PROTEIN. CONTOUR VALUE IS  0.6919772748E-02
 MESSAGE (watershell2_main): OUTER BULK BOUNDARY ( -8.422797406    ) IS TOO CLOSE TO SURFACE BOUNDARY ( -8.917743318    ). WILL RECOMPUTE:
 MESSAGE (watershell2_main): LOCATION OF OUTER BULK BOUNDARY SET TO  -8.421112710     A FROM PROTEIN. CONTOUR VALUE IS  0.3358393972E-02
 MESSAGE (watershell2_main): LOCATION OF INNER BULK BOUNDARY SET TO  -7.921112710     A FROM PROTEIN. CONTOUR VALUE IS  0.6936038713E-02
 MESSAGE (watershell2_main): OUTER BULK BOUNDARY ( -8.421112710    ) IS TOO CLOSE TO SURFACE BOUNDARY ( -8.915977306    ). WILL RECOMPUTE:
 MESSAGE (watershell2_main): LOCATION OF OUTER BULK BOUNDARY SET TO  -8.419400909     A FROM PROTEIN. CONTOUR VALUE IS  0.3367072286E-02
 MESSAGE (watershell2_main): LOCATION OF INNER BULK BOUNDARY SET TO  -7.919400909     A FROM PROTEIN. CONTOUR VALUE IS  0.6952600952E-02
 MESSAGE (watershell2_main): OUTER BULK BOUNDARY ( -8.419400909    ) IS TOO CLOSE TO SURFACE BOUNDARY ( -8.914361317    ). WILL RECOMPUTE:
 MESSAGE (watershell2_main): LOCATION OF OUTER BULK BOUNDARY SET TO  -8.417721045     A FROM PROTEIN. CONTOUR VALUE IS  0.3375608279E-02
 MESSAGE (watershell2_main): LOCATION OF INNER BULK BOUNDARY SET TO  -7.917721045     A FROM PROTEIN. CONTOUR VALUE IS  0.6968888121E-02
 MESSAGE (watershell2_main): OUTER BULK BOUNDARY ( -8.417721045    ) IS TOO CLOSE TO SURFACE BOUNDARY ( -8.912597853    ). WILL RECOMPUTE:
 MESSAGE (watershell2_main): LOCATION OF OUTER BULK BOUNDARY SET TO  -8.416013314     A FROM PROTEIN. CONTOUR VALUE IS  0.3384305803E-02
 MESSAGE (watershell2_main): LOCATION OF INNER BULK BOUNDARY SET TO  -7.916013314     A FROM PROTEIN. CONTOUR VALUE IS  0.6985479985E-02
 MESSAGE (watershell2_main): OUTER BULK BOUNDARY ( -8.416013314    ) IS TOO CLOSE TO SURFACE BOUNDARY ( -8.910981624    ). WILL RECOMPUTE:
 MESSAGE (watershell2_main): LOCATION OF OUTER BULK BOUNDARY SET TO  -8.414336084     A FROM PROTEIN. CONTOUR VALUE IS  0.3392867585E-02
 MESSAGE (watershell2_main): LOCATION OF INNER BULK BOUNDARY SET TO  -7.914336084     A FROM PROTEIN. CONTOUR VALUE IS  0.7001809444E-02
 MESSAGE (watershell2_main): OUTER BULK BOUNDARY ( -8.414336084    ) IS TOO CLOSE TO SURFACE BOUNDARY ( -8.909225506    ). WILL RECOMPUTE:
 MESSAGE (watershell2_main): LOCATION OF OUTER BULK BOUNDARY SET TO  -8.412632558     A FROM PROTEIN. CONTOUR VALUE IS  0.3401583523E-02
 MESSAGE (watershell2_main): LOCATION OF INNER BULK BOUNDARY SET TO  -7.912632558     A FROM PROTEIN. CONTOUR VALUE IS  0.7018429400E-02
 MESSAGE (watershell2_main): OUTER BULK BOUNDARY ( -8.412632558    ) IS TOO CLOSE TO SURFACE BOUNDARY ( -8.907624333    ). WILL RECOMPUTE:
 MESSAGE (watershell2_main): LOCATION OF OUTER BULK BOUNDARY SET TO  -8.410963150     A FROM PROTEIN. CONTOUR VALUE IS  0.3410144414E-02
 MESSAGE (watershell2_main): LOCATION OF INNER BULK BOUNDARY SET TO  -7.910963150     A FROM PROTEIN. CONTOUR VALUE IS  0.7034750265E-02
 MESSAGE (watershell2_main): OUTER BULK BOUNDARY ( -8.410963150    ) IS TOO CLOSE TO SURFACE BOUNDARY ( -8.905883001    ). WILL RECOMPUTE:
 MESSAGE (watershell2_main): LOCATION OF OUTER BULK BOUNDARY SET TO  -8.409269767     A FROM PROTEIN. CONTOUR VALUE IS  0.3418848025E-02
 MESSAGE (watershell2_main): LOCATION OF INNER BULK BOUNDARY SET TO  -7.909269767     A FROM PROTEIN. CONTOUR VALUE IS  0.7051339727E-02
 MESSAGE (watershell2_main): OUTER BULK BOUNDARY ( -8.409269767    ) IS TOO CLOSE TO SURFACE BOUNDARY ( -8.904146098    ). WILL RECOMPUTE:
 MESSAGE (watershell2_main): LOCATION OF OUTER BULK BOUNDARY SET TO  -8.407561877     A FROM PROTEIN. CONTOUR VALUE IS  0.3427646410E-02
 MESSAGE (watershell2_main): LOCATION OF INNER BULK BOUNDARY SET TO  -7.907561877     A FROM PROTEIN. CONTOUR VALUE IS  0.7068106265E-02
 MESSAGE (watershell2_main): OUTER BULK BOUNDARY ( -8.407561877    ) IS TOO CLOSE TO SURFACE BOUNDARY ( -8.902556833    ). WILL RECOMPUTE:
 MESSAGE (watershell2_main): LOCATION OF OUTER BULK BOUNDARY SET TO  -8.405893529     A FROM PROTEIN. CONTOUR VALUE IS  0.3436260731E-02
 MESSAGE (watershell2_main): LOCATION OF INNER BULK BOUNDARY SET TO  -7.905893529     A FROM PROTEIN. CONTOUR VALUE IS  0.7084518577E-02
 MESSAGE (watershell2_main): OUTER BULK BOUNDARY ( -8.405893529    ) IS TOO CLOSE TO SURFACE BOUNDARY ( -8.900831206    ). WILL RECOMPUTE:
 MESSAGE (watershell2_main): LOCATION OF OUTER BULK BOUNDARY SET TO  -8.404206088     A FROM PROTEIN. CONTOUR VALUE IS  0.3444993416E-02
 MESSAGE (watershell2_main): LOCATION OF INNER BULK BOUNDARY SET TO  -7.904206088     A FROM PROTEIN. CONTOUR VALUE IS  0.7101152911E-02
 MESSAGE (watershell2_main): OUTER BULK BOUNDARY ( -8.404206088    ) IS TOO CLOSE TO SURFACE BOUNDARY ( -8.899111876    ). WILL RECOMPUTE:
 MESSAGE (watershell2_main): LOCATION OF OUTER BULK BOUNDARY SET TO  -8.402508017     A FROM PROTEIN. CONTOUR VALUE IS  0.3453801232E-02
 MESSAGE (watershell2_main): LOCATION OF INNER BULK BOUNDARY SET TO  -7.902508017     A FROM PROTEIN. CONTOUR VALUE IS  0.7117926804E-02
 MESSAGE (watershell2_main): OUTER BULK BOUNDARY ( -8.402508017    ) IS TOO CLOSE TO SURFACE BOUNDARY ( -8.897393201    ). WILL RECOMPUTE:
 MESSAGE (watershell2_main): LOCATION OF OUTER BULK BOUNDARY SET TO  -8.400803079     A FROM PROTEIN. CONTOUR VALUE IS  0.3462665021E-02
 MESSAGE (watershell2_main): LOCATION OF INNER BULK BOUNDARY SET TO  -7.900803079     A FROM PROTEIN. CONTOUR VALUE IS  0.7134803702E-02
 MESSAGE (watershell2_main): OUTER BULK BOUNDARY ( -8.400803079    ) IS TOO CLOSE TO SURFACE BOUNDARY ( -8.895678556    ). WILL RECOMPUTE:
 MESSAGE (watershell2_main): LOCATION OF OUTER BULK BOUNDARY SET TO  -8.399094904     A FROM PROTEIN. CONTOUR VALUE IS  0.3471566117E-02
 MESSAGE (watershell2_main): LOCATION OF INNER BULK BOUNDARY SET TO  -7.899094904     A FROM PROTEIN. CONTOUR VALUE IS  0.7151748015E-02
 MESSAGE (watershell2_main): OUTER BULK BOUNDARY ( -8.399094904    ) IS TOO CLOSE TO SURFACE BOUNDARY ( -8.893968194    ). WILL RECOMPUTE:
 MESSAGE (watershell2_main): LOCATION OF OUTER BULK BOUNDARY SET TO  -8.397386001     A FROM PROTEIN. CONTOUR VALUE IS  0.3480491575E-02
 MESSAGE (watershell2_main): LOCATION OF INNER BULK BOUNDARY SET TO  -7.897386001     A FROM PROTEIN. CONTOUR VALUE IS  0.7168735075E-02
 MESSAGE (watershell2_main): OUTER BULK BOUNDARY ( -8.397386001    ) IS TOO CLOSE TO SURFACE BOUNDARY ( -8.892264012    ). WILL RECOMPUTE:
 MESSAGE (watershell2_main): LOCATION OF OUTER BULK BOUNDARY SET TO  -8.395678671     A FROM PROTEIN. CONTOUR VALUE IS  0.3489429391E-02
 MESSAGE (watershell2_main): LOCATION OF INNER BULK BOUNDARY SET TO  -7.895678671     A FROM PROTEIN. CONTOUR VALUE IS  0.7185742018E-02
 MESSAGE (watershell2_main): OUTER BULK BOUNDARY ( -8.395678671    ) IS TOO CLOSE TO SURFACE BOUNDARY ( -8.890571058    ). WILL RECOMPUTE:
 MESSAGE (watershell2_main): LOCATION OF OUTER BULK BOUNDARY SET TO  -8.393976133     A FROM PROTEIN. CONTOUR VALUE IS  0.3498362643E-02
 MESSAGE (watershell2_main): LOCATION OF INNER BULK BOUNDARY SET TO  -7.893976133     A FROM PROTEIN. CONTOUR VALUE IS  0.7202736654E-02
 MESSAGE (watershell2_main): OUTER BULK BOUNDARY ( -8.393976133    ) IS TOO CLOSE TO SURFACE BOUNDARY ( -8.888884562    ). WILL RECOMPUTE:
 MESSAGE (watershell2_main): LOCATION OF OUTER BULK BOUNDARY SET TO  -8.392278943     A FROM PROTEIN. CONTOUR VALUE IS  0.3507288275E-02
 MESSAGE (watershell2_main): LOCATION OF INNER BULK BOUNDARY SET TO  -7.892278943     A FROM PROTEIN. CONTOUR VALUE IS  0.7219713183E-02
 NONFATAL WARNING (watershell2_compute_density): DETECTED 1 POSSIBLE NEIGHBOR LIST MISS. NEIGHBOR LIST FACTOR IS   11.03340000
 MESSAGE (watershell2_main): OUTER BULK BOUNDARY ( -8.392278943    ) IS TOO CLOSE TO SURFACE BOUNDARY ( -8.887208121    ). WILL RECOMPUTE:
 MESSAGE (watershell2_main): LOCATION OF OUTER BULK BOUNDARY SET TO  -8.390588669     A FROM PROTEIN. CONTOUR VALUE IS  0.3516197855E-02
 MESSAGE (watershell2_main): LOCATION OF INNER BULK BOUNDARY SET TO  -7.890588669     A FROM PROTEIN. CONTOUR VALUE IS  0.7236655592E-02
 MESSAGE (watershell2_main): OUTER BULK BOUNDARY ( -8.390588669    ) IS TOO CLOSE TO SURFACE BOUNDARY ( -8.885533431    ). WILL RECOMPUTE:
 MESSAGE (watershell2_main): LOCATION OF OUTER BULK BOUNDARY SET TO  -8.388903590     A FROM PROTEIN. CONTOUR VALUE IS  0.3525100278E-02
 MESSAGE (watershell2_main): LOCATION OF INNER BULK BOUNDARY SET TO  -7.888903590     A FROM PROTEIN. CONTOUR VALUE IS  0.7253580819E-02
 MESSAGE (watershell2_main): OUTER BULK BOUNDARY ( -8.388903590    ) IS TOO CLOSE TO SURFACE BOUNDARY ( -8.883857827    ). WILL RECOMPUTE:
 MESSAGE (watershell2_main): LOCATION OF OUTER BULK BOUNDARY SET TO  -8.387221669     A FROM PROTEIN. CONTOUR VALUE IS  0.3534006191E-02
 MESSAGE (watershell2_main): LOCATION OF INNER BULK BOUNDARY SET TO  -7.887221669     A FROM PROTEIN. CONTOUR VALUE IS  0.7270509116E-02
 MESSAGE (watershell2_main): OUTER BULK BOUNDARY ( -8.387221669    ) IS TOO CLOSE TO SURFACE BOUNDARY ( -8.882187640    ). WILL RECOMPUTE:
 MESSAGE (watershell2_main): LOCATION OF OUTER BULK BOUNDARY SET TO  -8.385543659     A FROM PROTEIN. CONTOUR VALUE IS  0.3542911522E-02
 MESSAGE (watershell2_main): LOCATION OF INNER BULK BOUNDARY SET TO  -7.885543659     A FROM PROTEIN. CONTOUR VALUE IS  0.7287432749E-02
 MESSAGE (watershell2_main): OUTER BULK BOUNDARY ( -8.385543659    ) IS TOO CLOSE TO SURFACE BOUNDARY ( -8.880521394    ). WILL RECOMPUTE:
 MESSAGE (watershell2_main): LOCATION OF OUTER BULK BOUNDARY SET TO  -8.383869571     A FROM PROTEIN. CONTOUR VALUE IS  0.3551816116E-02
 MESSAGE (watershell2_main): LOCATION OF INNER BULK BOUNDARY SET TO  -7.883869571     A FROM PROTEIN. CONTOUR VALUE IS  0.7304351434E-02
 MESSAGE (watershell2_main): OUTER BULK BOUNDARY ( -8.383869571    ) IS TOO CLOSE TO SURFACE BOUNDARY ( -8.878865882    ). WILL RECOMPUTE:
 MESSAGE (watershell2_main): LOCATION OF OUTER BULK BOUNDARY SET TO  -8.382201674     A FROM PROTEIN. CONTOUR VALUE IS  0.3560707750E-02
 MESSAGE (watershell2_main): LOCATION OF INNER BULK BOUNDARY SET TO  -7.882201674     A FROM PROTEIN. CONTOUR VALUE IS  0.7321241966E-02
 MESSAGE (watershell2_main): OUTER BULK BOUNDARY ( -8.382201674    ) IS TOO CLOSE TO SURFACE BOUNDARY ( -8.877082419    ). WILL RECOMPUTE:
 MESSAGE (watershell2_main): LOCATION OF OUTER BULK BOUNDARY SET TO  -8.380495256     A FROM PROTEIN. CONTOUR VALUE IS  0.3569825423E-02
 MESSAGE (watershell2_main): LOCATION OF INNER BULK BOUNDARY SET TO  -7.880495256     A FROM PROTEIN. CONTOUR VALUE IS  0.7338558226E-02
 MESSAGE (watershell2_main): OUTER BULK BOUNDARY ( -8.380495256    ) IS TOO CLOSE TO SURFACE BOUNDARY ( -8.875438530    ). WILL RECOMPUTE:
 MESSAGE (watershell2_main): LOCATION OF OUTER BULK BOUNDARY SET TO  -8.378809681     A FROM PROTEIN. CONTOUR VALUE IS  0.3578852300E-02
 MESSAGE (watershell2_main): LOCATION OF INNER BULK BOUNDARY SET TO  -7.878809681     A FROM PROTEIN. CONTOUR VALUE IS  0.7355698408E-02
 MESSAGE (watershell2_main): OUTER BULK BOUNDARY ( -8.378809681    ) IS TOO CLOSE TO SURFACE BOUNDARY ( -8.873798470    ). WILL RECOMPUTE:
 MESSAGE (watershell2_main): LOCATION OF OUTER BULK BOUNDARY SET TO  -8.377139277     A FROM PROTEIN. CONTOUR VALUE IS  0.3587818135E-02
 MESSAGE (watershell2_main): LOCATION OF INNER BULK BOUNDARY SET TO  -7.877139277     A FROM PROTEIN. CONTOUR VALUE IS  0.7372719113E-02
 MESSAGE (watershell2_main): OUTER BULK BOUNDARY ( -8.377139277    ) IS TOO CLOSE TO SURFACE BOUNDARY ( -8.872026605    ). WILL RECOMPUTE:
 MESSAGE (watershell2_main): LOCATION OF OUTER BULK BOUNDARY SET TO  -8.375435053     A FROM PROTEIN. CONTOUR VALUE IS  0.3596986273E-02
 MESSAGE (watershell2_main): LOCATION OF INNER BULK BOUNDARY SET TO  -7.875435053     A FROM PROTEIN. CONTOUR VALUE IS  0.7390120197E-02
 MESSAGE (watershell2_main): OUTER BULK BOUNDARY ( -8.375435053    ) IS TOO CLOSE TO SURFACE BOUNDARY ( -8.870395942    ). WILL RECOMPUTE:
 MESSAGE (watershell2_main): LOCATION OF OUTER BULK BOUNDARY SET TO  -8.373755349     A FROM PROTEIN. CONTOUR VALUE IS  0.3606043071E-02
 MESSAGE (watershell2_main): LOCATION OF INNER BULK BOUNDARY SET TO  -7.873755349     A FROM PROTEIN. CONTOUR VALUE IS  0.7407306319E-02
 MESSAGE (watershell2_main): OUTER BULK BOUNDARY ( -8.373755349    ) IS TOO CLOSE TO SURFACE BOUNDARY ( -8.868636268    ). WILL RECOMPUTE:
 MESSAGE (watershell2_main): LOCATION OF OUTER BULK BOUNDARY SET TO  -8.372048989     A FROM PROTEIN. CONTOUR VALUE IS  0.3615264550E-02
 MESSAGE (watershell2_main): LOCATION OF INNER BULK BOUNDARY SET TO  -7.872048989     A FROM PROTEIN. CONTOUR VALUE IS  0.7424801234E-02
 MESSAGE (watershell2_main): OUTER BULK BOUNDARY ( -8.372048989    ) IS TOO CLOSE TO SURFACE BOUNDARY ( -8.867017423    ). WILL RECOMPUTE:
 MESSAGE (watershell2_main): LOCATION OF OUTER BULK BOUNDARY SET TO  -8.370371800     A FROM PROTEIN. CONTOUR VALUE IS  0.3624348997E-02
 MESSAGE (watershell2_main): LOCATION OF INNER BULK BOUNDARY SET TO  -7.870371800     A FROM PROTEIN. CONTOUR VALUE IS  0.7442032527E-02
 MESSAGE (watershell2_main): OUTER BULK BOUNDARY ( -8.370371800    ) IS TOO CLOSE TO SURFACE BOUNDARY ( -8.865273060    ). WILL RECOMPUTE:
 MESSAGE (watershell2_main): LOCATION OF OUTER BULK BOUNDARY SET TO  -8.368672220     A FROM PROTEIN. CONTOUR VALUE IS  0.3633575620E-02
 MESSAGE (watershell2_main): LOCATION OF INNER BULK BOUNDARY SET TO  -7.868672220     A FROM PROTEIN. CONTOUR VALUE IS  0.7459529802E-02
 MESSAGE (watershell2_main): OUTER BULK BOUNDARY ( -8.368672220    ) IS TOO CLOSE TO SURFACE BOUNDARY ( -8.863668940    ). WILL RECOMPUTE:
 MESSAGE (watershell2_main): LOCATION OF OUTER BULK BOUNDARY SET TO  -8.367004460     A FROM PROTEIN. CONTOUR VALUE IS  0.3642649984E-02
 MESSAGE (watershell2_main): LOCATION OF INNER BULK BOUNDARY SET TO  -7.867004460     A FROM PROTEIN. CONTOUR VALUE IS  0.7476734710E-02
 MESSAGE (watershell2_main): OUTER BULK BOUNDARY ( -8.367004460    ) IS TOO CLOSE TO SURFACE BOUNDARY ( -8.861934480    ). WILL RECOMPUTE:
 MESSAGE (watershell2_main): LOCATION OF OUTER BULK BOUNDARY SET TO  -8.365314467     A FROM PROTEIN. CONTOUR VALUE IS  0.3651866058E-02
 MESSAGE (watershell2_main): LOCATION OF INNER BULK BOUNDARY SET TO  -7.865314467     A FROM PROTEIN. CONTOUR VALUE IS  0.7494204631E-02
 MESSAGE (watershell2_main): OUTER BULK BOUNDARY ( -8.365314467    ) IS TOO CLOSE TO SURFACE BOUNDARY ( -8.860200492    ). WILL RECOMPUTE:
 MESSAGE (watershell2_main): LOCATION OF OUTER BULK BOUNDARY SET TO  -8.363609808     A FROM PROTEIN. CONTOUR VALUE IS  0.3661183294E-02
 MESSAGE (watershell2_main): LOCATION OF INNER BULK BOUNDARY SET TO  -7.863609808     A FROM PROTEIN. CONTOUR VALUE IS  0.7511862564E-02
 MESSAGE (watershell2_main): OUTER BULK BOUNDARY ( -8.363609808    ) IS TOO CLOSE TO SURFACE BOUNDARY ( -8.858591138    ). WILL RECOMPUTE:
 MESSAGE (watershell2_main): LOCATION OF OUTER BULK BOUNDARY SET TO  -8.361936918     A FROM PROTEIN. CONTOUR VALUE IS  0.3670347622E-02
 MESSAGE (watershell2_main): LOCATION OF INNER BULK BOUNDARY SET TO  -7.861936918     A FROM PROTEIN. CONTOUR VALUE IS  0.7529227041E-02
 MESSAGE (watershell2_main): OUTER BULK BOUNDARY ( -8.361936918    ) IS TOO CLOSE TO SURFACE BOUNDARY ( -8.856844285    ). WILL RECOMPUTE:
 MESSAGE (watershell2_main): LOCATION OF OUTER BULK BOUNDARY SET TO  -8.360239374     A FROM PROTEIN. CONTOUR VALUE IS  0.3679668044E-02
 MESSAGE (watershell2_main): LOCATION OF INNER BULK BOUNDARY SET TO  -7.860239374     A FROM PROTEIN. CONTOUR VALUE IS  0.7546883558E-02
 MESSAGE (watershell2_main): OUTER BULK BOUNDARY ( -8.360239374    ) IS TOO CLOSE TO SURFACE BOUNDARY ( -8.855229932    ). WILL RECOMPUTE:
 MESSAGE (watershell2_main): LOCATION OF OUTER BULK BOUNDARY SET TO  -8.358569560     A FROM PROTEIN. CONTOUR VALUE IS  0.3688856919E-02
 MESSAGE (watershell2_main): LOCATION OF INNER BULK BOUNDARY SET TO  -7.858569560     A FROM PROTEIN. CONTOUR VALUE IS  0.7564287210E-02
 MESSAGE (watershell2_main): OUTER BULK BOUNDARY ( -8.358569560    ) IS TOO CLOSE TO SURFACE BOUNDARY ( -8.853488559    ). WILL RECOMPUTE:
 MESSAGE (watershell2_main): LOCATION OF OUTER BULK BOUNDARY SET TO  -8.356875893     A FROM PROTEIN. CONTOUR VALUE IS  0.3698198078E-02
 MESSAGE (watershell2_main): LOCATION OF INNER BULK BOUNDARY SET TO  -7.856875893     A FROM PROTEIN. CONTOUR VALUE IS  0.7581975567E-02
 MESSAGE (watershell2_main): OUTER BULK BOUNDARY ( -8.356875893    ) IS TOO CLOSE TO SURFACE BOUNDARY ( -8.851760331    ). WILL RECOMPUTE:
 MESSAGE (watershell2_main): LOCATION OF OUTER BULK BOUNDARY SET TO  -8.355170705     A FROM PROTEIN. CONTOUR VALUE IS  0.3707624206E-02
 MESSAGE (watershell2_main): LOCATION OF INNER BULK BOUNDARY SET TO  -7.855170705     A FROM PROTEIN. CONTOUR VALUE IS  0.7599821025E-02
 MESSAGE (watershell2_main): OUTER BULK BOUNDARY ( -8.355170705    ) IS TOO CLOSE TO SURFACE BOUNDARY ( -8.850168809    ). WILL RECOMPUTE:
 MESSAGE (watershell2_main): LOCATION OF OUTER BULK BOUNDARY SET TO  -8.353503407     A FROM PROTEIN. CONTOUR VALUE IS  0.3716861720E-02
 MESSAGE (watershell2_main): LOCATION OF INNER BULK BOUNDARY SET TO  -7.853503407     A FROM PROTEIN. CONTOUR VALUE IS  0.7617305713E-02
 MESSAGE (watershell2_main): OUTER BULK BOUNDARY ( -8.353503407    ) IS TOO CLOSE TO SURFACE BOUNDARY ( -8.848443349    ). WILL RECOMPUTE:
 MESSAGE (watershell2_main): LOCATION OF OUTER BULK BOUNDARY SET TO  -8.351816721     A FROM PROTEIN. CONTOUR VALUE IS  0.3726227647E-02
 MESSAGE (watershell2_main): LOCATION OF INNER BULK BOUNDARY SET TO  -7.851816721     A FROM PROTEIN. CONTOUR VALUE IS  0.7635029741E-02
 MESSAGE (watershell2_main): OUTER BULK BOUNDARY ( -8.351816721    ) IS TOO CLOSE TO SURFACE BOUNDARY ( -8.846716999    ). WILL RECOMPUTE:
 MESSAGE (watershell2_main): LOCATION OF OUTER BULK BOUNDARY SET TO  -8.350116813     A FROM PROTEIN. CONTOUR VALUE IS  0.3735688400E-02
 MESSAGE (watershell2_main): LOCATION OF INNER BULK BOUNDARY SET TO  -7.850116813     A FROM PROTEIN. CONTOUR VALUE IS  0.7652929427E-02
 MESSAGE (watershell2_main): OUTER BULK BOUNDARY ( -8.350116813    ) IS TOO CLOSE TO SURFACE BOUNDARY ( -8.844990575    ). WILL RECOMPUTE:
 MESSAGE (watershell2_main): LOCATION OF OUTER BULK BOUNDARY SET TO  -8.348408067     A FROM PROTEIN. CONTOUR VALUE IS  0.3745220050E-02
 MESSAGE (watershell2_main): LOCATION OF INNER BULK BOUNDARY SET TO  -7.848408067     A FROM PROTEIN. CONTOUR VALUE IS  0.7670959405E-02
 MESSAGE (watershell2_main): OUTER BULK BOUNDARY ( -8.348408067    ) IS TOO CLOSE TO SURFACE BOUNDARY ( -8.843399704    ). WILL RECOMPUTE:
 MESSAGE (watershell2_main): LOCATION OF OUTER BULK BOUNDARY SET TO  -8.346738613     A FROM PROTEIN. CONTOUR VALUE IS  0.3754553581E-02
 MESSAGE (watershell2_main): LOCATION OF INNER BULK BOUNDARY SET TO  -7.846738613     A FROM PROTEIN. CONTOUR VALUE IS  0.7688610894E-02
 MESSAGE (watershell2_main): OUTER BULK BOUNDARY ( -8.346738613    ) IS TOO CLOSE TO SURFACE BOUNDARY ( -8.841682340    ). WILL RECOMPUTE:
 MESSAGE (watershell2_main): LOCATION OF OUTER BULK BOUNDARY SET TO  -8.345053189     A FROM PROTEIN. CONTOUR VALUE IS  0.3763997549E-02
 MESSAGE (watershell2_main): LOCATION OF INNER BULK BOUNDARY SET TO  -7.845053189     A FROM PROTEIN. CONTOUR VALUE IS  0.7706467495E-02
 MESSAGE (watershell2_main): OUTER BULK BOUNDARY ( -8.345053189    ) IS TOO CLOSE TO SURFACE BOUNDARY ( -8.839968535    ). WILL RECOMPUTE:
 MESSAGE (watershell2_main): LOCATION OF OUTER BULK BOUNDARY SET TO  -8.343358304     A FROM PROTEIN. CONTOUR VALUE IS  0.3773515999E-02
 MESSAGE (watershell2_main): LOCATION OF INNER BULK BOUNDARY SET TO  -7.843358304     A FROM PROTEIN. CONTOUR VALUE IS  0.7724461121E-02
 MESSAGE (watershell2_main): OUTER BULK BOUNDARY ( -8.343358304    ) IS TOO CLOSE TO SURFACE BOUNDARY ( -8.838257360    ). WILL RECOMPUTE:
 MESSAGE (watershell2_main): LOCATION OF OUTER BULK BOUNDARY SET TO  -8.341657989     A FROM PROTEIN. CONTOUR VALUE IS  0.3783086626E-02
 MESSAGE (watershell2_main): LOCATION OF INNER BULK BOUNDARY SET TO  -7.841657989     A FROM PROTEIN. CONTOUR VALUE IS  0.7742549540E-02
 MESSAGE (watershell2_main): OUTER BULK BOUNDARY ( -8.341657989    ) IS TOO CLOSE TO SURFACE BOUNDARY ( -8.836543239    ). WILL RECOMPUTE:
 MESSAGE (watershell2_main): LOCATION OF OUTER BULK BOUNDARY SET TO  -8.339953073     A FROM PROTEIN. CONTOUR VALUE IS  0.3792705001E-02
 MESSAGE (watershell2_main): LOCATION OF INNER BULK BOUNDARY SET TO  -7.839953073     A FROM PROTEIN. CONTOUR VALUE IS  0.7760724332E-02
 MESSAGE (watershell2_main): OUTER BULK BOUNDARY ( -8.339953073    ) IS TOO CLOSE TO SURFACE BOUNDARY ( -8.834821202    ). WILL RECOMPUTE:
 MESSAGE (watershell2_main): LOCATION OF OUTER BULK BOUNDARY SET TO  -8.338242449     A FROM PROTEIN. CONTOUR VALUE IS  0.3802377600E-02
 MESSAGE (watershell2_main): LOCATION OF INNER BULK BOUNDARY SET TO  -7.838242449     A FROM PROTEIN. CONTOUR VALUE IS  0.7778997681E-02
 MESSAGE (watershell2_main): OUTER BULK BOUNDARY ( -8.338242449    ) IS TOO CLOSE TO SURFACE BOUNDARY ( -8.833230239    ). WILL RECOMPUTE:
 MESSAGE (watershell2_main): LOCATION OF OUTER BULK BOUNDARY SET TO  -8.336571713     A FROM PROTEIN. CONTOUR VALUE IS  0.3811846001E-02
 MESSAGE (watershell2_main): LOCATION OF INNER BULK BOUNDARY SET TO  -7.836571713     A FROM PROTEIN. CONTOUR VALUE IS  0.7796881481E-02
 MESSAGE (watershell2_main): OUTER BULK BOUNDARY ( -8.336571713    ) IS TOO CLOSE TO SURFACE BOUNDARY ( -8.831507928    ). WILL RECOMPUTE:
 MESSAGE (watershell2_main): LOCATION OF OUTER BULK BOUNDARY SET TO  -8.334883784     A FROM PROTEIN. CONTOUR VALUE IS  0.3821433288E-02
 MESSAGE (watershell2_main): LOCATION OF INNER BULK BOUNDARY SET TO  -7.834883784     A FROM PROTEIN. CONTOUR VALUE IS  0.7814986026E-02
 MESSAGE (watershell2_main): OUTER BULK BOUNDARY ( -8.334883784    ) IS TOO CLOSE TO SURFACE BOUNDARY ( -8.829790129    ). WILL RECOMPUTE:
 MESSAGE (watershell2_main): LOCATION OF OUTER BULK BOUNDARY SET TO  -8.333185899     A FROM PROTEIN. CONTOUR VALUE IS  0.3831098930E-02
 MESSAGE (watershell2_main): LOCATION OF INNER BULK BOUNDARY SET TO  -7.833185899     A FROM PROTEIN. CONTOUR VALUE IS  0.7833234674E-02
 MESSAGE (watershell2_main): OUTER BULK BOUNDARY ( -8.333185899    ) IS TOO CLOSE TO SURFACE BOUNDARY ( -8.828080932    ). WILL RECOMPUTE:
 MESSAGE (watershell2_main): LOCATION OF OUTER BULK BOUNDARY SET TO  -8.331484243     A FROM PROTEIN. CONTOUR VALUE IS  0.3840808017E-02
 MESSAGE (watershell2_main): LOCATION OF INNER BULK BOUNDARY SET TO  -7.831484243     A FROM PROTEIN. CONTOUR VALUE IS  0.7851561447E-02
 MESSAGE (watershell2_main): OUTER BULK BOUNDARY ( -8.331484243    ) IS TOO CLOSE TO SURFACE BOUNDARY ( -8.826372421    ). WILL RECOMPUTE:
 MESSAGE (watershell2_main): LOCATION OF OUTER BULK BOUNDARY SET TO  -8.329780303     A FROM PROTEIN. CONTOUR VALUE IS  0.3850552231E-02
 MESSAGE (watershell2_main): LOCATION OF INNER BULK BOUNDARY SET TO  -7.829780303     A FROM PROTEIN. CONTOUR VALUE IS  0.7869950610E-02
 MESSAGE (watershell2_main): OUTER BULK BOUNDARY ( -8.329780303    ) IS TOO CLOSE TO SURFACE BOUNDARY ( -8.824669792    ). WILL RECOMPUTE:
 MESSAGE (watershell2_main): LOCATION OF OUTER BULK BOUNDARY SET TO  -8.328076799     A FROM PROTEIN. CONTOUR VALUE IS  0.3860316087E-02
 MESSAGE (watershell2_main): LOCATION OF INNER BULK BOUNDARY SET TO  -7.828076799     A FROM PROTEIN. CONTOUR VALUE IS  0.7888372914E-02
 MESSAGE (watershell2_main): OUTER BULK BOUNDARY ( -8.328076799    ) IS TOO CLOSE TO SURFACE BOUNDARY ( -8.822965793    ). WILL RECOMPUTE:
 MESSAGE (watershell2_main): LOCATION OF OUTER BULK BOUNDARY SET TO  -8.326373130     A FROM PROTEIN. CONTOUR VALUE IS  0.3870103075E-02
 MESSAGE (watershell2_main): LOCATION OF INNER BULK BOUNDARY SET TO  -7.826373130     A FROM PROTEIN. CONTOUR VALUE IS  0.7906834929E-02
 MESSAGE (watershell2_main): OUTER BULK BOUNDARY ( -8.326373130    ) IS TOO CLOSE TO SURFACE BOUNDARY ( -8.821266729    ). WILL RECOMPUTE:
 MESSAGE (watershell2_main): LOCATION OF OUTER BULK BOUNDARY SET TO  -8.324670997     A FROM PROTEIN. CONTOUR VALUE IS  0.3879903444E-02
 MESSAGE (watershell2_main): LOCATION OF INNER BULK BOUNDARY SET TO  -7.824670997     A FROM PROTEIN. CONTOUR VALUE IS  0.7925318249E-02
 MESSAGE (watershell2_main): OUTER BULK BOUNDARY ( -8.324670997    ) IS TOO CLOSE TO SURFACE BOUNDARY ( -8.819572709    ). WILL RECOMPUTE:
 MESSAGE (watershell2_main): LOCATION OF OUTER BULK BOUNDARY SET TO  -8.322971567     A FROM PROTEIN. CONTOUR VALUE IS  0.3889710419E-02
 MESSAGE (watershell2_main): LOCATION OF INNER BULK BOUNDARY SET TO  -7.822971567     A FROM PROTEIN. CONTOUR VALUE IS  0.7943810093E-02
 MESSAGE (watershell2_main): OUTER BULK BOUNDARY ( -8.322971567    ) IS TOO CLOSE TO SURFACE BOUNDARY ( -8.817883065    ). WILL RECOMPUTE:
 MESSAGE (watershell2_main): LOCATION OF OUTER BULK BOUNDARY SET TO  -8.321275400     A FROM PROTEIN. CONTOUR VALUE IS  0.3899520712E-02
 MESSAGE (watershell2_main): LOCATION OF INNER BULK BOUNDARY SET TO  -7.821275400     A FROM PROTEIN. CONTOUR VALUE IS  0.7962304267E-02
 MESSAGE (watershell2_main): OUTER BULK BOUNDARY ( -8.321275400    ) IS TOO CLOSE TO SURFACE BOUNDARY ( -8.816201657    ). WILL RECOMPUTE:
 MESSAGE (watershell2_main): LOCATION OF OUTER BULK BOUNDARY SET TO  -8.319584152     A FROM PROTEIN. CONTOUR VALUE IS  0.3909324617E-02
 MESSAGE (watershell2_main): LOCATION OF INNER BULK BOUNDARY SET TO  -7.819584152     A FROM PROTEIN. CONTOUR VALUE IS  0.7980782482E-02
 MESSAGE (watershell2_main): OUTER BULK BOUNDARY ( -8.319584152    ) IS TOO CLOSE TO SURFACE BOUNDARY ( -8.814523352    ). WILL RECOMPUTE:
 MESSAGE (watershell2_main): LOCATION OF OUTER BULK BOUNDARY SET TO  -8.317897219     A FROM PROTEIN. CONTOUR VALUE IS  0.3919125503E-02
 MESSAGE (watershell2_main): LOCATION OF INNER BULK BOUNDARY SET TO  -7.817897219     A FROM PROTEIN. CONTOUR VALUE IS  0.7999251107E-02
 MESSAGE (watershell2_main): OUTER BULK BOUNDARY ( -8.317897219    ) IS TOO CLOSE TO SURFACE BOUNDARY ( -8.812845346    ). WILL RECOMPUTE:
 MESSAGE (watershell2_main): LOCATION OF OUTER BULK BOUNDARY SET TO  -8.316213261     A FROM PROTEIN. CONTOUR VALUE IS  0.3928931051E-02
 MESSAGE (watershell2_main): LOCATION OF INNER BULK BOUNDARY SET TO  -7.816213261     A FROM PROTEIN. CONTOUR VALUE IS  0.8017724620E-02
 MESSAGE (watershell2_main): OUTER BULK BOUNDARY ( -8.316213261    ) IS TOO CLOSE TO SURFACE BOUNDARY ( -8.811170234    ). WILL RECOMPUTE:
 MESSAGE (watershell2_main): LOCATION OF OUTER BULK BOUNDARY SET TO  -8.314532252     A FROM PROTEIN. CONTOUR VALUE IS  0.3938741341E-02
 MESSAGE (watershell2_main): LOCATION OF INNER BULK BOUNDARY SET TO  -7.814532252     A FROM PROTEIN. CONTOUR VALUE IS  0.8036203180E-02
 ==========================================================================================
 Iteration:                80000
 Surface boundary distance:         -8.8100109240139624      (contour value:   1.8361208505888738E-003 )
 Current avg. solvent contour val:  0.28262001243720014
 Surface energy:                     75.690194777574277
 Curvature energy:                   12.088207457933512
 Surface curvature at solvent (min:ave:max): (  -9.1758294151955785E-002 :  -2.4204787379201613E-002 :  0.48389676154724315      )
 ======= FORCE STATISTICS ==============
 Total force applied to surface atoms:    -3.5629468041612129        1.7416347921490103       -5.3201007648326071
 RMS of surface atom forces:               5.1251295979571759E-002
 Largest force acting on a surface atom:  0.10236261817500619
 Total force applied to solvent atoms:     5.9277317852594971       -18.266043743729057        3.3808464863834295
 RMS of solvent atom forces:              0.35460662663309017
 Largest force acting on a solvent atom:   5.9910190686650271
 Rotational restraint energy:           1.1239524830929284
 Translational restraint energy:        2.2015676913239508
 Total rigid-body restraint energy:     3.3255201744168792
 =======================================
 Solute neighbor list search depth (min:ave:max): (          16 :   90.820867079561694      :         159 )
 ======= DENSITY STATISTICS ============
 # Solute atoms used for density:           159
 Target density (g/mL):             0.99700000000000000
 Simulation density (g/mL):         0.73878883642368265
 Instantaneous density (g/mL):      0.67344043746963489
 Volume of bulk solvent (Ang^3):     4664.0000000000000
 Mass of bulk solvent (amu):         1891.5099999999948
 Outer bulk boundary distance:      -8.3145322520739917      (contour value:   3.9387413411796635E-003 )
 Inner bulk boundary distance:      -7.8145322520739917      (contour value:   8.0362031797561739E-003 )
 ======================================
 MESSAGE (watershell2_main): WRITING RESTART FILE TO ("watershell0.restart.txt")
 MESSAGE (FILES_OPEN): Opening FORMATTED file "watershell0.restart.txt" for writing.
 MESSAGE (watershell2_main): OUTER BULK BOUNDARY ( -8.314532252    ) IS TOO CLOSE TO SURFACE BOUNDARY ( -8.809494502    ). WILL RECOMPUTE:
 MESSAGE (watershell2_main): LOCATION OF OUTER BULK BOUNDARY SET TO  -8.312853002     A FROM PROTEIN. CONTOUR VALUE IS  0.3948563268E-02
 MESSAGE (watershell2_main): LOCATION OF INNER BULK BOUNDARY SET TO  -7.812853002     A FROM PROTEIN. CONTOUR VALUE IS  0.8054699771E-02
 MESSAGE (watershell2_main): OUTER BULK BOUNDARY ( -8.312853002    ) IS TOO CLOSE TO SURFACE BOUNDARY ( -8.807816800    ). WILL RECOMPUTE:
 MESSAGE (watershell2_main): LOCATION OF OUTER BULK BOUNDARY SET TO  -8.311174268     A FROM PROTEIN. CONTOUR VALUE IS  0.3958404099E-02
 MESSAGE (watershell2_main): LOCATION OF INNER BULK BOUNDARY SET TO  -7.811174268     A FROM PROTEIN. CONTOUR VALUE IS  0.8073228069E-02
 MESSAGE (watershell2_main): OUTER BULK BOUNDARY ( -8.311174268    ) IS TOO CLOSE TO SURFACE BOUNDARY ( -8.806140478    ). WILL RECOMPUTE:
 MESSAGE (watershell2_main): LOCATION OF OUTER BULK BOUNDARY SET TO  -8.309496338     A FROM PROTEIN. CONTOUR VALUE IS  0.3968262162E-02
 MESSAGE (watershell2_main): LOCATION OF INNER BULK BOUNDARY SET TO  -7.809496338     A FROM PROTEIN. CONTOUR VALUE IS  0.8091784917E-02
 MESSAGE (watershell2_main): OUTER BULK BOUNDARY ( -8.309496338    ) IS TOO CLOSE TO SURFACE BOUNDARY ( -8.804462251    ). WILL RECOMPUTE:
 MESSAGE (watershell2_main): LOCATION OF OUTER BULK BOUNDARY SET TO  -8.307818309     A FROM PROTEIN. CONTOUR VALUE IS  0.3978142790E-02
 MESSAGE (watershell2_main): LOCATION OF INNER BULK BOUNDARY SET TO  -7.807818309     A FROM PROTEIN. CONTOUR VALUE IS  0.8110380339E-02
 MESSAGE (watershell2_main): OUTER BULK BOUNDARY ( -8.307818309    ) IS TOO CLOSE TO SURFACE BOUNDARY ( -8.802789420    ). WILL RECOMPUTE:
 MESSAGE (watershell2_main): LOCATION OF OUTER BULK BOUNDARY SET TO  -8.306142013     A FROM PROTEIN. CONTOUR VALUE IS  0.3988035206E-02
 MESSAGE (watershell2_main): LOCATION OF INNER BULK BOUNDARY SET TO  -7.806142013     A FROM PROTEIN. CONTOUR VALUE IS  0.8128994042E-02
 MESSAGE (watershell2_main): OUTER BULK BOUNDARY ( -8.306142013    ) IS TOO CLOSE TO SURFACE BOUNDARY ( -8.801118432    ). WILL RECOMPUTE:
 MESSAGE (watershell2_main): LOCATION OF OUTER BULK BOUNDARY SET TO  -8.304467486     A FROM PROTEIN. CONTOUR VALUE IS  0.3997939169E-02
 MESSAGE (watershell2_main): LOCATION OF INNER BULK BOUNDARY SET TO  -7.804467486     A FROM PROTEIN. CONTOUR VALUE IS  0.8147625566E-02
 MESSAGE (watershell2_main): OUTER BULK BOUNDARY ( -8.304467486    ) IS TOO CLOSE TO SURFACE BOUNDARY ( -8.799446811    ). WILL RECOMPUTE:
 MESSAGE (watershell2_main): LOCATION OF OUTER BULK BOUNDARY SET TO  -8.302793928     A FROM PROTEIN. CONTOUR VALUE IS  0.4007859403E-02
 MESSAGE (watershell2_main): LOCATION OF INNER BULK BOUNDARY SET TO  -7.802793928     A FROM PROTEIN. CONTOUR VALUE IS  0.8166283791E-02
 MESSAGE (watershell2_main): OUTER BULK BOUNDARY ( -8.302793928    ) IS TOO CLOSE TO SURFACE BOUNDARY ( -8.797782331    ). WILL RECOMPUTE:
 MESSAGE (watershell2_main): LOCATION OF OUTER BULK BOUNDARY SET TO  -8.301123395     A FROM PROTEIN. CONTOUR VALUE IS  0.4017783674E-02
 MESSAGE (watershell2_main): LOCATION OF INNER BULK BOUNDARY SET TO  -7.801123395     A FROM PROTEIN. CONTOUR VALUE IS  0.8184945708E-02
 MESSAGE (watershell2_main): OUTER BULK BOUNDARY ( -8.301123395    ) IS TOO CLOSE TO SURFACE BOUNDARY ( -8.796122741    ). WILL RECOMPUTE:
 MESSAGE (watershell2_main): LOCATION OF OUTER BULK BOUNDARY SET TO  -8.299456511     A FROM PROTEIN. CONTOUR VALUE IS  0.4027708201E-02
 MESSAGE (watershell2_main): LOCATION OF INNER BULK BOUNDARY SET TO  -7.799456511     A FROM PROTEIN. CONTOUR VALUE IS  0.8203604211E-02
 MESSAGE (watershell2_main): OUTER BULK BOUNDARY ( -8.299456511    ) IS TOO CLOSE TO SURFACE BOUNDARY ( -8.794342355    ). WILL RECOMPUTE:
 MESSAGE (watershell2_main): LOCATION OF OUTER BULK BOUNDARY SET TO  -8.297751792     A FROM PROTEIN. CONTOUR VALUE IS  0.4037880684E-02
 MESSAGE (watershell2_main): LOCATION OF INNER BULK BOUNDARY SET TO  -7.797751792     A FROM PROTEIN. CONTOUR VALUE IS  0.8222724848E-02
 MESSAGE (watershell2_main): OUTER BULK BOUNDARY ( -8.297751792    ) IS TOO CLOSE TO SURFACE BOUNDARY ( -8.792696715    ). WILL RECOMPUTE:
 MESSAGE (watershell2_main): LOCATION OF OUTER BULK BOUNDARY SET TO  -8.296066766     A FROM PROTEIN. CONTOUR VALUE IS  0.4047958251E-02
 MESSAGE (watershell2_main): LOCATION OF INNER BULK BOUNDARY SET TO  -7.796066766     A FROM PROTEIN. CONTOUR VALUE IS  0.8241663064E-02
 MESSAGE (watershell2_main): OUTER BULK BOUNDARY ( -8.296066766    ) IS TOO CLOSE TO SURFACE BOUNDARY ( -8.791048268    ). WILL RECOMPUTE:
 MESSAGE (watershell2_main): LOCATION OF OUTER BULK BOUNDARY SET TO  -8.294393934     A FROM PROTEIN. CONTOUR VALUE IS  0.4057985162E-02
 MESSAGE (watershell2_main): LOCATION OF INNER BULK BOUNDARY SET TO  -7.794393934     A FROM PROTEIN. CONTOUR VALUE IS  0.8260502128E-02
 MESSAGE (watershell2_main): OUTER BULK BOUNDARY ( -8.294393934    ) IS TOO CLOSE TO SURFACE BOUNDARY ( -8.789275607    ). WILL RECOMPUTE:
 MESSAGE (watershell2_main): LOCATION OF OUTER BULK BOUNDARY SET TO  -8.292687825     A FROM PROTEIN. CONTOUR VALUE IS  0.4068234423E-02
 MESSAGE (watershell2_main): LOCATION OF INNER BULK BOUNDARY SET TO  -7.792687825     A FROM PROTEIN. CONTOUR VALUE IS  0.8279754886E-02
 MESSAGE (watershell2_main): OUTER BULK BOUNDARY ( -8.292687825    ) IS TOO CLOSE TO SURFACE BOUNDARY ( -8.787634212    ). WILL RECOMPUTE:
 MESSAGE (watershell2_main): LOCATION OF OUTER BULK BOUNDARY SET TO  -8.291003287     A FROM PROTEIN. CONTOUR VALUE IS  0.4078376826E-02
 MESSAGE (watershell2_main): LOCATION OF INNER BULK BOUNDARY SET TO  -7.791003287     A FROM PROTEIN. CONTOUR VALUE IS  0.8298802875E-02
 MESSAGE (watershell2_main): OUTER BULK BOUNDARY ( -8.291003287    ) IS TOO CLOSE TO SURFACE BOUNDARY ( -8.786001559    ). WILL RECOMPUTE:
 MESSAGE (watershell2_main): LOCATION OF OUTER BULK BOUNDARY SET TO  -8.289336044     A FROM PROTEIN. CONTOUR VALUE IS  0.4088437376E-02
 MESSAGE (watershell2_main): LOCATION OF INNER BULK BOUNDARY SET TO  -7.789336044     A FROM PROTEIN. CONTOUR VALUE IS  0.8317693181E-02
 MESSAGE (watershell2_main): OUTER BULK BOUNDARY ( -8.289336044    ) IS TOO CLOSE TO SURFACE BOUNDARY ( -8.784251325    ). WILL RECOMPUTE:
 MESSAGE (watershell2_main): LOCATION OF OUTER BULK BOUNDARY SET TO  -8.287641138     A FROM PROTEIN. CONTOUR VALUE IS  0.4098687616E-02
 MESSAGE (watershell2_main): LOCATION OF INNER BULK BOUNDARY SET TO  -7.787641138     A FROM PROTEIN. CONTOUR VALUE IS  0.8336935615E-02
 MESSAGE (watershell2_main): OUTER BULK BOUNDARY ( -8.287641138    ) IS TOO CLOSE TO SURFACE BOUNDARY ( -8.782628078    ). WILL RECOMPUTE:
 MESSAGE (watershell2_main): LOCATION OF OUTER BULK BOUNDARY SET TO  -8.285970118     A FROM PROTEIN. CONTOUR VALUE IS  0.4108815906E-02
 MESSAGE (watershell2_main): LOCATION OF INNER BULK BOUNDARY SET TO  -7.785970118     A FROM PROTEIN. CONTOUR VALUE IS  0.8355945115E-02
 MESSAGE (watershell2_main): OUTER BULK BOUNDARY ( -8.285970118    ) IS TOO CLOSE TO SURFACE BOUNDARY ( -8.780878250    ). WILL RECOMPUTE:
 MESSAGE (watershell2_main): LOCATION OF OUTER BULK BOUNDARY SET TO  -8.284272829     A FROM PROTEIN. CONTOUR VALUE IS  0.4119126341E-02
 MESSAGE (watershell2_main): LOCATION OF INNER BULK BOUNDARY SET TO  -7.784272829     A FROM PROTEIN. CONTOUR VALUE IS  0.8375292400E-02
 MESSAGE (watershell2_main): OUTER BULK BOUNDARY ( -8.284272829    ) IS TOO CLOSE TO SURFACE BOUNDARY ( -8.779250804    ). WILL RECOMPUTE:
 MESSAGE (watershell2_main): LOCATION OF OUTER BULK BOUNDARY SET TO  -8.282598821     A FROM PROTEIN. CONTOUR VALUE IS  0.4129318023E-02
 MESSAGE (watershell2_main): LOCATION OF INNER BULK BOUNDARY SET TO  -7.782598821     A FROM PROTEIN. CONTOUR VALUE IS  0.8394412817E-02
 MESSAGE (watershell2_main): OUTER BULK BOUNDARY ( -8.282598821    ) IS TOO CLOSE TO SURFACE BOUNDARY ( -8.777506363    ). WILL RECOMPUTE:
 MESSAGE (watershell2_main): LOCATION OF OUTER BULK BOUNDARY SET TO  -8.280901335     A FROM PROTEIN. CONTOUR VALUE IS  0.4139675676E-02
 MESSAGE (watershell2_main): LOCATION OF INNER BULK BOUNDARY SET TO  -7.780901335     A FROM PROTEIN. CONTOUR VALUE IS  0.8413840514E-02
 MESSAGE (watershell2_main): OUTER BULK BOUNDARY ( -8.280901335    ) IS TOO CLOSE TO SURFACE BOUNDARY ( -8.775892747    ). WILL RECOMPUTE:
 MESSAGE (watershell2_main): LOCATION OF OUTER BULK BOUNDARY SET TO  -8.279231805     A FROM PROTEIN. CONTOUR VALUE IS  0.4149885412E-02
 MESSAGE (watershell2_main): LOCATION OF INNER BULK BOUNDARY SET TO  -7.779231805     A FROM PROTEIN. CONTOUR VALUE IS  0.8432986732E-02
 MESSAGE (watershell2_main): OUTER BULK BOUNDARY ( -8.279231805    ) IS TOO CLOSE TO SURFACE BOUNDARY ( -8.774163058    ). WILL RECOMPUTE:
 MESSAGE (watershell2_main): LOCATION OF OUTER BULK BOUNDARY SET TO  -8.277542223     A FROM PROTEIN. CONTOUR VALUE IS  0.4160240710E-02
 MESSAGE (watershell2_main): LOCATION OF INNER BULK BOUNDARY SET TO  -7.777542223     A FROM PROTEIN. CONTOUR VALUE IS  0.8452401842E-02
 MESSAGE (watershell2_main): OUTER BULK BOUNDARY ( -8.277542223    ) IS TOO CLOSE TO SURFACE BOUNDARY ( -8.772439590    ). WILL RECOMPUTE:
 MESSAGE (watershell2_main): LOCATION OF OUTER BULK BOUNDARY SET TO  -8.275841345     A FROM PROTEIN. CONTOUR VALUE IS  0.4170688579E-02
 MESSAGE (watershell2_main): LOCATION OF INNER BULK BOUNDARY SET TO  -7.775841345     A FROM PROTEIN. CONTOUR VALUE IS  0.8471986362E-02
 MESSAGE (watershell2_main): OUTER BULK BOUNDARY ( -8.275841345    ) IS TOO CLOSE TO SURFACE BOUNDARY ( -8.770732654    ). WILL RECOMPUTE:
 MESSAGE (watershell2_main): LOCATION OF OUTER BULK BOUNDARY SET TO  -8.274138448     A FROM PROTEIN. CONTOUR VALUE IS  0.4181172360E-02
 MESSAGE (watershell2_main): LOCATION OF INNER BULK BOUNDARY SET TO  -7.774138448     A FROM PROTEIN. CONTOUR VALUE IS  0.8491634014E-02
 MESSAGE (watershell2_main): OUTER BULK BOUNDARY ( -8.274138448    ) IS TOO CLOSE TO SURFACE BOUNDARY ( -8.769041305    ). WILL RECOMPUTE:
 MESSAGE (watershell2_main): LOCATION OF OUTER BULK BOUNDARY SET TO  -8.272439400     A FROM PROTEIN. CONTOUR VALUE IS  0.4191655930E-02
 MESSAGE (watershell2_main): LOCATION OF INNER BULK BOUNDARY SET TO  -7.772439400     A FROM PROTEIN. CONTOUR VALUE IS  0.8511277093E-02
 MESSAGE (watershell2_main): OUTER BULK BOUNDARY ( -8.272439400    ) IS TOO CLOSE TO SURFACE BOUNDARY ( -8.767351306    ). WILL RECOMPUTE:
 MESSAGE (watershell2_main): LOCATION OF OUTER BULK BOUNDARY SET TO  -8.270743369     A FROM PROTEIN. CONTOUR VALUE IS  0.4202144331E-02
 MESSAGE (watershell2_main): LOCATION OF INNER BULK BOUNDARY SET TO  -7.770743369     A FROM PROTEIN. CONTOUR VALUE IS  0.8530925052E-02
 MESSAGE (watershell2_main): OUTER BULK BOUNDARY ( -8.270743369    ) IS TOO CLOSE TO SURFACE BOUNDARY ( -8.765666965    ). WILL RECOMPUTE:
 MESSAGE (watershell2_main): LOCATION OF OUTER BULK BOUNDARY SET TO  -8.269051234     A FROM PROTEIN. CONTOUR VALUE IS  0.4212632021E-02
 MESSAGE (watershell2_main): LOCATION OF INNER BULK BOUNDARY SET TO  -7.769051234     A FROM PROTEIN. CONTOUR VALUE IS  0.8550567516E-02
 MESSAGE (watershell2_main): OUTER BULK BOUNDARY ( -8.269051234    ) IS TOO CLOSE TO SURFACE BOUNDARY ( -8.763986037    ). WILL RECOMPUTE:
 MESSAGE (watershell2_main): LOCATION OF OUTER BULK BOUNDARY SET TO  -8.267362835     A FROM PROTEIN. CONTOUR VALUE IS  0.4223119885E-02
 MESSAGE (watershell2_main): LOCATION OF INNER BULK BOUNDARY SET TO  -7.767362835     A FROM PROTEIN. CONTOUR VALUE IS  0.8570206154E-02
 MESSAGE (watershell2_main): OUTER BULK BOUNDARY ( -8.267362835    ) IS TOO CLOSE TO SURFACE BOUNDARY ( -8.762304870    ). WILL RECOMPUTE:
 MESSAGE (watershell2_main): LOCATION OF OUTER BULK BOUNDARY SET TO  -8.265676847     A FROM PROTEIN. CONTOUR VALUE IS  0.4233616067E-02
 MESSAGE (watershell2_main): LOCATION OF INNER BULK BOUNDARY SET TO  -7.765676847     A FROM PROTEIN. CONTOUR VALUE IS  0.8589856222E-02
 MESSAGE (watershell2_main): OUTER BULK BOUNDARY ( -8.265676847    ) IS TOO CLOSE TO SURFACE BOUNDARY ( -8.760621765    ). WILL RECOMPUTE:
 MESSAGE (watershell2_main): LOCATION OF OUTER BULK BOUNDARY SET TO  -8.263991820     A FROM PROTEIN. CONTOUR VALUE IS  0.4244129569E-02
 MESSAGE (watershell2_main): LOCATION OF INNER BULK BOUNDARY SET TO  -7.763991820     A FROM PROTEIN. CONTOUR VALUE IS  0.8609534565E-02
 MESSAGE (watershell2_main): OUTER BULK BOUNDARY ( -8.263991820    ) IS TOO CLOSE TO SURFACE BOUNDARY ( -8.758937364    ). WILL RECOMPUTE:
 MESSAGE (watershell2_main): LOCATION OF OUTER BULK BOUNDARY SET TO  -8.262307001     A FROM PROTEIN. CONTOUR VALUE IS  0.4254665106E-02
 MESSAGE (watershell2_main): LOCATION OF INNER BULK BOUNDARY SET TO  -7.762307001     A FROM PROTEIN. CONTOUR VALUE IS  0.8629249997E-02
 MESSAGE (watershell2_main): OUTER BULK BOUNDARY ( -8.262307001    ) IS TOO CLOSE TO SURFACE BOUNDARY ( -8.757250283    ). WILL RECOMPUTE:
 MESSAGE (watershell2_main): LOCATION OF OUTER BULK BOUNDARY SET TO  -8.260621428     A FROM PROTEIN. CONTOUR VALUE IS  0.4265228752E-02
 MESSAGE (watershell2_main): LOCATION OF INNER BULK BOUNDARY SET TO  -7.760621428     A FROM PROTEIN. CONTOUR VALUE IS  0.8649013863E-02
 MESSAGE (watershell2_main): OUTER BULK BOUNDARY ( -8.260621428    ) IS TOO CLOSE TO SURFACE BOUNDARY ( -8.755560659    ). WILL RECOMPUTE:
 MESSAGE (watershell2_main): LOCATION OF OUTER BULK BOUNDARY SET TO  -8.258934505     A FROM PROTEIN. CONTOUR VALUE IS  0.4275824334E-02
 MESSAGE (watershell2_main): LOCATION OF INNER BULK BOUNDARY SET TO  -7.758934505     A FROM PROTEIN. CONTOUR VALUE IS  0.8668833301E-02
 MESSAGE (watershell2_main): OUTER BULK BOUNDARY ( -8.258934505    ) IS TOO CLOSE TO SURFACE BOUNDARY ( -8.753866503    ). WILL RECOMPUTE:
 MESSAGE (watershell2_main): LOCATION OF OUTER BULK BOUNDARY SET TO  -8.257245171     A FROM PROTEIN. CONTOUR VALUE IS  0.4286458637E-02
 MESSAGE (watershell2_main): LOCATION OF INNER BULK BOUNDARY SET TO  -7.757245171     A FROM PROTEIN. CONTOUR VALUE IS  0.8688720968E-02
 MESSAGE (watershell2_main): OUTER BULK BOUNDARY ( -8.257245171    ) IS TOO CLOSE TO SURFACE BOUNDARY ( -8.752167726    ). WILL RECOMPUTE:
 MESSAGE (watershell2_main): LOCATION OF OUTER BULK BOUNDARY SET TO  -8.255552689     A FROM PROTEIN. CONTOUR VALUE IS  0.4297136458E-02
 MESSAGE (watershell2_main): LOCATION OF INNER BULK BOUNDARY SET TO  -7.755552689     A FROM PROTEIN. CONTOUR VALUE IS  0.8708685796E-02
 MESSAGE (watershell2_main): OUTER BULK BOUNDARY ( -8.255552689    ) IS TOO CLOSE TO SURFACE BOUNDARY ( -8.750474225    ). WILL RECOMPUTE:
 MESSAGE (watershell2_main): LOCATION OF OUTER BULK BOUNDARY SET TO  -8.253859868     A FROM PROTEIN. CONTOUR VALUE IS  0.4307840201E-02
 MESSAGE (watershell2_main): LOCATION OF INNER BULK BOUNDARY SET TO  -7.753859868     A FROM PROTEIN. CONTOUR VALUE IS  0.8728694856E-02
 MESSAGE (watershell2_main): OUTER BULK BOUNDARY ( -8.253859868    ) IS TOO CLOSE TO SURFACE BOUNDARY ( -8.748786105    ). WILL RECOMPUTE:
 MESSAGE (watershell2_main): LOCATION OF OUTER BULK BOUNDARY SET TO  -8.252168614     A FROM PROTEIN. CONTOUR VALUE IS  0.4318557830E-02
 MESSAGE (watershell2_main): LOCATION OF INNER BULK BOUNDARY SET TO  -7.752168614     A FROM PROTEIN. CONTOUR VALUE IS  0.8748725634E-02
 MESSAGE (watershell2_main): OUTER BULK BOUNDARY ( -8.252168614    ) IS TOO CLOSE TO SURFACE BOUNDARY ( -8.747105339    ). WILL RECOMPUTE:
 MESSAGE (watershell2_main): LOCATION OF OUTER BULK BOUNDARY SET TO  -8.250480855     A FROM PROTEIN. CONTOUR VALUE IS  0.4329277057E-02
 MESSAGE (watershell2_main): LOCATION OF INNER BULK BOUNDARY SET TO  -7.750480855     A FROM PROTEIN. CONTOUR VALUE IS  0.8768755169E-02
 MESSAGE (watershell2_main): OUTER BULK BOUNDARY ( -8.250480855    ) IS TOO CLOSE TO SURFACE BOUNDARY ( -8.745432157    ). WILL RECOMPUTE:
 MESSAGE (watershell2_main): LOCATION OF OUTER BULK BOUNDARY SET TO  -8.248797956     A FROM PROTEIN. CONTOUR VALUE IS  0.4339989096E-02
 MESSAGE (watershell2_main): LOCATION OF INNER BULK BOUNDARY SET TO  -7.748797956     A FROM PROTEIN. CONTOUR VALUE IS  0.8788767051E-02
 MESSAGE (watershell2_main): OUTER BULK BOUNDARY ( -8.248797956    ) IS TOO CLOSE TO SURFACE BOUNDARY ( -8.743768924    ). WILL RECOMPUTE:
 MESSAGE (watershell2_main): LOCATION OF OUTER BULK BOUNDARY SET TO  -8.247121612     A FROM PROTEIN. CONTOUR VALUE IS  0.4350682953E-02
 MESSAGE (watershell2_main): LOCATION OF INNER BULK BOUNDARY SET TO  -7.747121612     A FROM PROTEIN. CONTOUR VALUE IS  0.8808740771E-02
 MESSAGE (watershell2_main): OUTER BULK BOUNDARY ( -8.247121612    ) IS TOO CLOSE TO SURFACE BOUNDARY ( -8.742108435    ). WILL RECOMPUTE:
 MESSAGE (watershell2_main): LOCATION OF OUTER BULK BOUNDARY SET TO  -8.245450553     A FROM PROTEIN. CONTOUR VALUE IS  0.4361366527E-02
 MESSAGE (watershell2_main): LOCATION OF INNER BULK BOUNDARY SET TO  -7.745450553     A FROM PROTEIN. CONTOUR VALUE IS  0.8828691107E-02
 MESSAGE (watershell2_main): OUTER BULK BOUNDARY ( -8.245450553    ) IS TOO CLOSE TO SURFACE BOUNDARY ( -8.740334722    ). WILL RECOMPUTE:
 MESSAGE (watershell2_main): LOCATION OF OUTER BULK BOUNDARY SET TO  -8.243745276     A FROM PROTEIN. CONTOUR VALUE IS  0.4372293030E-02
 MESSAGE (watershell2_main): LOCATION OF INNER BULK BOUNDARY SET TO  -7.743745276     A FROM PROTEIN. CONTOUR VALUE IS  0.8849090779E-02
 MESSAGE (watershell2_main): OUTER BULK BOUNDARY ( -8.243745276    ) IS TOO CLOSE TO SURFACE BOUNDARY ( -8.738684820    ). WILL RECOMPUTE:
 MESSAGE (watershell2_main): LOCATION OF OUTER BULK BOUNDARY SET TO  -8.242058457     A FROM PROTEIN. CONTOUR VALUE IS  0.4383125320E-02
 MESSAGE (watershell2_main): LOCATION OF INNER BULK BOUNDARY SET TO  -7.742058457     A FROM PROTEIN. CONTOUR VALUE IS  0.8869310266E-02
 MESSAGE (watershell2_main): OUTER BULK BOUNDARY ( -8.242058457    ) IS TOO CLOSE TO SURFACE BOUNDARY ( -8.737039067    ). WILL RECOMPUTE:
 MESSAGE (watershell2_main): LOCATION OF OUTER BULK BOUNDARY SET TO  -8.240385327     A FROM PROTEIN. CONTOUR VALUE IS  0.4393893389E-02
 MESSAGE (watershell2_main): LOCATION OF INNER BULK BOUNDARY SET TO  -7.740385327     A FROM PROTEIN. CONTOUR VALUE IS  0.8889405655E-02
 MESSAGE (watershell2_main): OUTER BULK BOUNDARY ( -8.240385327    ) IS TOO CLOSE TO SURFACE BOUNDARY ( -8.735280387    ). WILL RECOMPUTE:
 MESSAGE (watershell2_main): LOCATION OF OUTER BULK BOUNDARY SET TO  -8.238683680     A FROM PROTEIN. CONTOUR VALUE IS  0.4404869223E-02
 MESSAGE (watershell2_main): LOCATION OF INNER BULK BOUNDARY SET TO  -7.738683680     A FROM PROTEIN. CONTOUR VALUE IS  0.8909884455E-02
 MESSAGE (watershell2_main): OUTER BULK BOUNDARY ( -8.238683680    ) IS TOO CLOSE TO SURFACE BOUNDARY ( -8.733640704    ). WILL RECOMPUTE:
 MESSAGE (watershell2_main): LOCATION OF OUTER BULK BOUNDARY SET TO  -8.237002688     A FROM PROTEIN. CONTOUR VALUE IS  0.4415735878E-02
 MESSAGE (watershell2_main): LOCATION OF INNER BULK BOUNDARY SET TO  -7.737002688     A FROM PROTEIN. CONTOUR VALUE IS  0.8930155259E-02
 MESSAGE (watershell2_main): OUTER BULK BOUNDARY ( -8.237002688    ) IS TOO CLOSE TO SURFACE BOUNDARY ( -8.731896536    ). WILL RECOMPUTE:
 MESSAGE (watershell2_main): LOCATION OF OUTER BULK BOUNDARY SET TO  -8.235300638     A FROM PROTEIN. CONTOUR VALUE IS  0.4426763059E-02
 MESSAGE (watershell2_main): LOCATION OF INNER BULK BOUNDARY SET TO  -7.735300638     A FROM PROTEIN. CONTOUR VALUE IS  0.8950721160E-02
 MESSAGE (watershell2_main): OUTER BULK BOUNDARY ( -8.235300638    ) IS TOO CLOSE TO SURFACE BOUNDARY ( -8.730281989    ). WILL RECOMPUTE:
 MESSAGE (watershell2_main): LOCATION OF OUTER BULK BOUNDARY SET TO  -8.233627755     A FROM PROTEIN. CONTOUR VALUE IS  0.4437625234E-02
 MESSAGE (watershell2_main): LOCATION OF INNER BULK BOUNDARY SET TO  -7.733627755     A FROM PROTEIN. CONTOUR VALUE IS  0.8970975045E-02
 MESSAGE (watershell2_main): OUTER BULK BOUNDARY ( -8.233627755    ) IS TOO CLOSE TO SURFACE BOUNDARY ( -8.728555293    ). WILL RECOMPUTE:
 MESSAGE (watershell2_main): LOCATION OF OUTER BULK BOUNDARY SET TO  -8.231936934     A FROM PROTEIN. CONTOUR VALUE IS  0.4448628066E-02
 MESSAGE (watershell2_main): LOCATION OF INNER BULK BOUNDARY SET TO  -7.731936934     A FROM PROTEIN. CONTOUR VALUE IS  0.8991486890E-02
 MESSAGE (watershell2_main): OUTER BULK BOUNDARY ( -8.231936934    ) IS TOO CLOSE TO SURFACE BOUNDARY ( -8.726830645    ). WILL RECOMPUTE:
 MESSAGE (watershell2_main): LOCATION OF OUTER BULK BOUNDARY SET TO  -8.230234838     A FROM PROTEIN. CONTOUR VALUE IS  0.4459728879E-02
 MESSAGE (watershell2_main): LOCATION OF INNER BULK BOUNDARY SET TO  -7.730234838     A FROM PROTEIN. CONTOUR VALUE IS  0.9012177003E-02
 MESSAGE (watershell2_main): OUTER BULK BOUNDARY ( -8.230234838    ) IS TOO CLOSE TO SURFACE BOUNDARY ( -8.725226725    ). WILL RECOMPUTE:
 MESSAGE (watershell2_main): LOCATION OF OUTER BULK BOUNDARY SET TO  -8.228565467     A FROM PROTEIN. CONTOUR VALUE IS  0.4470640288E-02
 MESSAGE (watershell2_main): LOCATION OF INNER BULK BOUNDARY SET TO  -7.728565467     A FROM PROTEIN. CONTOUR VALUE IS  0.9032509809E-02
 MESSAGE (watershell2_main): OUTER BULK BOUNDARY ( -8.228565467    ) IS TOO CLOSE TO SURFACE BOUNDARY ( -8.723511521    ). WILL RECOMPUTE:
 MESSAGE (watershell2_main): LOCATION OF OUTER BULK BOUNDARY SET TO  -8.226880818     A FROM PROTEIN. CONTOUR VALUE IS  0.4481675720E-02
 MESSAGE (watershell2_main): LOCATION OF INNER BULK BOUNDARY SET TO  -7.726880818     A FROM PROTEIN. CONTOUR VALUE IS  0.9053069414E-02
 MESSAGE (watershell2_main): OUTER BULK BOUNDARY ( -8.226880818    ) IS TOO CLOSE TO SURFACE BOUNDARY ( -8.721798109    ). WILL RECOMPUTE:
 MESSAGE (watershell2_main): LOCATION OF OUTER BULK BOUNDARY SET TO  -8.225186582     A FROM PROTEIN. CONTOUR VALUE IS  0.4492798485E-02
 MESSAGE (watershell2_main): LOCATION OF INNER BULK BOUNDARY SET TO  -7.725186582     A FROM PROTEIN. CONTOUR VALUE IS  0.9073787348E-02
 MESSAGE (watershell2_main): OUTER BULK BOUNDARY ( -8.225186582    ) IS TOO CLOSE TO SURFACE BOUNDARY ( -8.720082076    ). WILL RECOMPUTE:
 MESSAGE (watershell2_main): LOCATION OF OUTER BULK BOUNDARY SET TO  -8.223485080     A FROM PROTEIN. CONTOUR VALUE IS  0.4503993753E-02
 MESSAGE (watershell2_main): LOCATION OF INNER BULK BOUNDARY SET TO  -7.723485080     A FROM PROTEIN. CONTOUR VALUE IS  0.9094635903E-02
 MESSAGE (watershell2_main): OUTER BULK BOUNDARY ( -8.223485080    ) IS TOO CLOSE TO SURFACE BOUNDARY ( -8.718481602    ). WILL RECOMPUTE:
 MESSAGE (watershell2_main): LOCATION OF OUTER BULK BOUNDARY SET TO  -8.221817254     A FROM PROTEIN. CONTOUR VALUE IS  0.4514991614E-02
 MESSAGE (watershell2_main): LOCATION OF INNER BULK BOUNDARY SET TO  -7.721817254     A FROM PROTEIN. CONTOUR VALUE IS  0.9115112519E-02
 MESSAGE (watershell2_main): OUTER BULK BOUNDARY ( -8.221817254    ) IS TOO CLOSE TO SURFACE BOUNDARY ( -8.716769963    ). WILL RECOMPUTE:
 MESSAGE (watershell2_main): LOCATION OF OUTER BULK BOUNDARY SET TO  -8.220134823     A FROM PROTEIN. CONTOUR VALUE IS  0.4526110068E-02
 MESSAGE (watershell2_main): LOCATION OF INNER BULK BOUNDARY SET TO  -7.720134823     A FROM PROTEIN. CONTOUR VALUE IS  0.9135809326E-02
 MESSAGE (watershell2_main): OUTER BULK BOUNDARY ( -8.220134823    ) IS TOO CLOSE TO SURFACE BOUNDARY ( -8.715057703    ). WILL RECOMPUTE:
 MESSAGE (watershell2_main): LOCATION OF OUTER BULK BOUNDARY SET TO  -8.218442450     A FROM PROTEIN. CONTOUR VALUE IS  0.4537318888E-02
 MESSAGE (watershell2_main): LOCATION OF INNER BULK BOUNDARY SET TO  -7.718442450     A FROM PROTEIN. CONTOUR VALUE IS  0.9156669945E-02
 MESSAGE (watershell2_main): OUTER BULK BOUNDARY ( -8.218442450    ) IS TOO CLOSE TO SURFACE BOUNDARY ( -8.713347057    ). WILL RECOMPUTE:
 MESSAGE (watershell2_main): LOCATION OF OUTER BULK BOUNDARY SET TO  -8.216743986     A FROM PROTEIN. CONTOUR VALUE IS  0.4548592956E-02
 MESSAGE (watershell2_main): LOCATION OF INNER BULK BOUNDARY SET TO  -7.716743986     A FROM PROTEIN. CONTOUR VALUE IS  0.9177647550E-02
 MESSAGE (watershell2_main): OUTER BULK BOUNDARY ( -8.216743986    ) IS TOO CLOSE TO SURFACE BOUNDARY ( -8.711634505    ). WILL RECOMPUTE:
 MESSAGE (watershell2_main): LOCATION OF OUTER BULK BOUNDARY SET TO  -8.215040825     A FROM PROTEIN. CONTOUR VALUE IS  0.4559923302E-02
 MESSAGE (watershell2_main): LOCATION OF INNER BULK BOUNDARY SET TO  -7.715040825     A FROM PROTEIN. CONTOUR VALUE IS  0.9198725386E-02
 MESSAGE (watershell2_main): OUTER BULK BOUNDARY ( -8.215040825    ) IS TOO CLOSE TO SURFACE BOUNDARY ( -8.710038947    ). WILL RECOMPUTE:
 MESSAGE (watershell2_main): LOCATION OF OUTER BULK BOUNDARY SET TO  -8.213373533     A FROM PROTEIN. CONTOUR VALUE IS  0.4571039436E-02
 MESSAGE (watershell2_main): LOCATION OF INNER BULK BOUNDARY SET TO  -7.713373533     A FROM PROTEIN. CONTOUR VALUE IS  0.9219400365E-02
 MESSAGE (watershell2_main): OUTER BULK BOUNDARY ( -8.213373533    ) IS TOO CLOSE TO SURFACE BOUNDARY ( -8.708329920    ). WILL RECOMPUTE:
 MESSAGE (watershell2_main): LOCATION OF OUTER BULK BOUNDARY SET TO  -8.211692329     A FROM PROTEIN. CONTOUR VALUE IS  0.4582272804E-02
 MESSAGE (watershell2_main): LOCATION OF INNER BULK BOUNDARY SET TO  -7.711692329     A FROM PROTEIN. CONTOUR VALUE IS  0.9240289017E-02
 MESSAGE (watershell2_main): OUTER BULK BOUNDARY ( -8.211692329    ) IS TOO CLOSE TO SURFACE BOUNDARY ( -8.706624077    ). WILL RECOMPUTE:
 MESSAGE (watershell2_main): LOCATION OF OUTER BULK BOUNDARY SET TO  -8.210002911     A FROM PROTEIN. CONTOUR VALUE IS  0.4593585866E-02
 MESSAGE (watershell2_main): LOCATION OF INNER BULK BOUNDARY SET TO  -7.710002911     A FROM PROTEIN. CONTOUR VALUE IS  0.9261321426E-02
 MESSAGE (watershell2_main): OUTER BULK BOUNDARY ( -8.210002911    ) IS TOO CLOSE TO SURFACE BOUNDARY ( -8.704921426    ). WILL RECOMPUTE:
 MESSAGE (watershell2_main): LOCATION OF OUTER BULK BOUNDARY SET TO  -8.208309083     A FROM PROTEIN. CONTOUR VALUE IS  0.4604953487E-02
 MESSAGE (watershell2_main): LOCATION OF INNER BULK BOUNDARY SET TO  -7.708309083     A FROM PROTEIN. CONTOUR VALUE IS  0.9282450796E-02
 MESSAGE (watershell2_main): OUTER BULK BOUNDARY ( -8.208309083    ) IS TOO CLOSE TO SURFACE BOUNDARY ( -8.703223924    ). WILL RECOMPUTE:
 MESSAGE (watershell2_main): LOCATION OF OUTER BULK BOUNDARY SET TO  -8.206614030     A FROM PROTEIN. CONTOUR VALUE IS  0.4616354452E-02
 MESSAGE (watershell2_main): LOCATION OF INNER BULK BOUNDARY SET TO  -7.706614030     A FROM PROTEIN. CONTOUR VALUE IS  0.9303637655E-02
 MESSAGE (watershell2_main): OUTER BULK BOUNDARY ( -8.206614030    ) IS TOO CLOSE TO SURFACE BOUNDARY ( -8.701542041    ). WILL RECOMPUTE:
 MESSAGE (watershell2_main): LOCATION OF OUTER BULK BOUNDARY SET TO  -8.204923367     A FROM PROTEIN. CONTOUR VALUE IS  0.4627750977E-02
 MESSAGE (watershell2_main): LOCATION OF INNER BULK BOUNDARY SET TO  -7.704923367     A FROM PROTEIN. CONTOUR VALUE IS  0.9324811778E-02
 MESSAGE (watershell2_main): OUTER BULK BOUNDARY ( -8.204923367    ) IS TOO CLOSE TO SURFACE BOUNDARY ( -8.699862224    ). WILL RECOMPUTE:
 MESSAGE (watershell2_main): LOCATION OF OUTER BULK BOUNDARY SET TO  -8.203236319     A FROM PROTEIN. CONTOUR VALUE IS  0.4639148150E-02
 MESSAGE (watershell2_main): LOCATION OF INNER BULK BOUNDARY SET TO  -7.703236319     A FROM PROTEIN. CONTOUR VALUE IS  0.9345982635E-02
 MESSAGE (watershell2_main): OUTER BULK BOUNDARY ( -8.203236319    ) IS TOO CLOSE TO SURFACE BOUNDARY ( -8.698189776    ). WILL RECOMPUTE:
 MESSAGE (watershell2_main): LOCATION OF OUTER BULK BOUNDARY SET TO  -8.201554138     A FROM PROTEIN. CONTOUR VALUE IS  0.4650537378E-02
 MESSAGE (watershell2_main): LOCATION OF INNER BULK BOUNDARY SET TO  -7.701554138     A FROM PROTEIN. CONTOUR VALUE IS  0.9367134275E-02
 MESSAGE (watershell2_main): OUTER BULK BOUNDARY ( -8.201554138    ) IS TOO CLOSE TO SURFACE BOUNDARY ( -8.696527597    ). WILL RECOMPUTE:
 MESSAGE (watershell2_main): LOCATION OF OUTER BULK BOUNDARY SET TO  -8.199878624     A FROM PROTEIN. CONTOUR VALUE IS  0.4661906259E-02
 MESSAGE (watershell2_main): LOCATION OF INNER BULK BOUNDARY SET TO  -7.699878624     A FROM PROTEIN. CONTOUR VALUE IS  0.9388243696E-02
 MESSAGE (watershell2_main): OUTER BULK BOUNDARY ( -8.199878624    ) IS TOO CLOSE TO SURFACE BOUNDARY ( -8.694774255    ). WILL RECOMPUTE:
 MESSAGE (watershell2_main): LOCATION OF OUTER BULK BOUNDARY SET TO  -8.198177168     A FROM PROTEIN. CONTOUR VALUE IS  0.4673476539E-02
 MESSAGE (watershell2_main): LOCATION OF INNER BULK BOUNDARY SET TO  -7.698177168     A FROM PROTEIN. CONTOUR VALUE IS  0.9409722532E-02
 MESSAGE (watershell2_main): OUTER BULK BOUNDARY ( -8.198177168    ) IS TOO CLOSE TO SURFACE BOUNDARY ( -8.693137043    ). WILL RECOMPUTE:
 MESSAGE (watershell2_main): LOCATION OF OUTER BULK BOUNDARY SET TO  -8.196497126     A FROM PROTEIN. CONTOUR VALUE IS  0.4684926321E-02
 MESSAGE (watershell2_main): LOCATION OF INNER BULK BOUNDARY SET TO  -7.696497126     A FROM PROTEIN. CONTOUR VALUE IS  0.9430973186E-02
 MESSAGE (watershell2_main): OUTER BULK BOUNDARY ( -8.196497126    ) IS TOO CLOSE TO SURFACE BOUNDARY ( -8.691492137    ). WILL RECOMPUTE:
 MESSAGE (watershell2_main): LOCATION OF OUTER BULK BOUNDARY SET TO  -8.194828797     A FROM PROTEIN. CONTOUR VALUE IS  0.4696321044E-02
 MESSAGE (watershell2_main): LOCATION OF INNER BULK BOUNDARY SET TO  -7.694828797     A FROM PROTEIN. CONTOUR VALUE IS  0.9452117222E-02
 ==========================================================================================
 Iteration:                90000
 Surface boundary distance:         -8.6907246170139203      (contour value:   2.2179228586453048E-003 )
 Current avg. solvent contour val:  0.57594127618195678
 Surface energy:                     91.749336166626151
 Curvature energy:                   9.5706297498473489
 Surface curvature at solvent (min:ave:max): (  -9.2163385049354049E-002 :  -2.3442715274455069E-002 :  0.59741304982502896      )
 ======= FORCE STATISTICS ==============
 Total force applied to surface atoms:    -3.7441454457541083        1.2542081264502301      -0.12505505945412099
 RMS of surface atom forces:               4.4788522296939068E-002
 Largest force acting on a surface atom:   8.0217090511936706E-002
 Total force applied to solvent atoms:    -6.8263735821367826        3.9027880311425021        24.859454755108843
 RMS of solvent atom forces:              0.26585103953597983
 Largest force acting on a solvent atom:   3.4044409465709462
 Rotational restraint energy:           1.7652719914692740
 Translational restraint energy:       0.78036509556550471
 Total rigid-body restraint energy:     2.5456370870347786
 =======================================
 Solute neighbor list search depth (min:ave:max): (          16 :   90.674606955693179      :         159 )
 ======= DENSITY STATISTICS ============
 # Solute atoms used for density:           159
 Target density (g/mL):             0.99700000000000000
 Simulation density (g/mL):         0.77746833501768831
 Instantaneous density (g/mL):      0.74971695383928028
 Volume of bulk solvent (Ang^3):     4550.0000000000000
 Mass of bulk solvent (amu):         2054.2800000000061
 Outer bulk boundary distance:      -8.1948287965183173      (contour value:   4.6963210438265013E-003 )
 Inner bulk boundary distance:      -7.6948287965183173      (contour value:   9.4521172217164051E-003 )
 ======================================
 MESSAGE (watershell2_main): WRITING RESTART FILE TO ("watershell0.restart.txt")
 MESSAGE (FILES_OPEN): Opening FORMATTED file "watershell0.restart.txt" for writing.
 MESSAGE (watershell2_main): OUTER BULK BOUNDARY ( -8.194828797    ) IS TOO CLOSE TO SURFACE BOUNDARY ( -8.689736725    ). WILL RECOMPUTE:
 MESSAGE (watershell2_main): LOCATION OF OUTER BULK BOUNDARY SET TO  -8.193131439     A FROM PROTEIN. CONTOUR VALUE IS  0.4707939390E-02
 MESSAGE (watershell2_main): LOCATION OF INNER BULK BOUNDARY SET TO  -7.693131439     A FROM PROTEIN. CONTOUR VALUE IS  0.9473671676E-02
 MESSAGE (watershell2_main): OUTER BULK BOUNDARY ( -8.193131439    ) IS TOO CLOSE TO SURFACE BOUNDARY ( -8.688098815    ). WILL RECOMPUTE:
 MESSAGE (watershell2_main): LOCATION OF OUTER BULK BOUNDARY SET TO  -8.191453898     A FROM PROTEIN. CONTOUR VALUE IS  0.4719447280E-02
 MESSAGE (watershell2_main): LOCATION OF INNER BULK BOUNDARY SET TO  -7.691453898     A FROM PROTEIN. CONTOUR VALUE IS  0.9495016708E-02
 MESSAGE (watershell2_main): OUTER BULK BOUNDARY ( -8.191453898    ) IS TOO CLOSE TO SURFACE BOUNDARY ( -8.686365599    ). WILL RECOMPUTE:
 MESSAGE (watershell2_main): LOCATION OF OUTER BULK BOUNDARY SET TO  -8.189757798     A FROM PROTEIN. CONTOUR VALUE IS  0.4731107981E-02
 MESSAGE (watershell2_main): LOCATION OF INNER BULK BOUNDARY SET TO  -7.689757798     A FROM PROTEIN. CONTOUR VALUE IS  0.9516640613E-02
 MESSAGE (watershell2_main): OUTER BULK BOUNDARY ( -8.189757798    ) IS TOO CLOSE TO SURFACE BOUNDARY ( -8.684741634    ). WILL RECOMPUTE:
 MESSAGE (watershell2_main): LOCATION OF OUTER BULK BOUNDARY SET TO  -8.188085743     A FROM PROTEIN. CONTOUR VALUE IS  0.4742628520E-02
 MESSAGE (watershell2_main): LOCATION OF INNER BULK BOUNDARY SET TO  -7.688085743     A FROM PROTEIN. CONTOUR VALUE IS  0.9538000098E-02
 MESSAGE (watershell2_main): OUTER BULK BOUNDARY ( -8.188085743    ) IS TOO CLOSE TO SURFACE BOUNDARY ( -8.683012647    ). WILL RECOMPUTE:
 MESSAGE (watershell2_main): LOCATION OF OUTER BULK BOUNDARY SET TO  -8.186394711     A FROM PROTEIN. CONTOUR VALUE IS  0.4754305254E-02
 MESSAGE (watershell2_main): LOCATION OF INNER BULK BOUNDARY SET TO  -7.686394711     A FROM PROTEIN. CONTOUR VALUE IS  0.9559644622E-02
 MESSAGE (watershell2_main): OUTER BULK BOUNDARY ( -8.186394711    ) IS TOO CLOSE TO SURFACE BOUNDARY ( -8.681387469    ). WILL RECOMPUTE:
 MESSAGE (watershell2_main): LOCATION OF OUTER BULK BOUNDARY SET TO  -8.184725631     A FROM PROTEIN. CONTOUR VALUE IS  0.4765855543E-02
 MESSAGE (watershell2_main): LOCATION OF INNER BULK BOUNDARY SET TO  -7.684725631     A FROM PROTEIN. CONTOUR VALUE IS  0.9581050265E-02
 MESSAGE (watershell2_main): OUTER BULK BOUNDARY ( -8.184725631    ) IS TOO CLOSE TO SURFACE BOUNDARY ( -8.679656213    ). WILL RECOMPUTE:
 MESSAGE (watershell2_main): LOCATION OF OUTER BULK BOUNDARY SET TO  -8.183035825     A FROM PROTEIN. CONTOUR VALUE IS  0.4777574738E-02
 MESSAGE (watershell2_main): LOCATION OF INNER BULK BOUNDARY SET TO  -7.683035825     A FROM PROTEIN. CONTOUR VALUE IS  0.9602764373E-02
 MESSAGE (watershell2_main): OUTER BULK BOUNDARY ( -8.183035825    ) IS TOO CLOSE TO SURFACE BOUNDARY ( -8.678034157    ). WILL RECOMPUTE:
 MESSAGE (watershell2_main): LOCATION OF OUTER BULK BOUNDARY SET TO  -8.181368602     A FROM PROTEIN. CONTOUR VALUE IS  0.4789162489E-02
 MESSAGE (watershell2_main): LOCATION OF INNER BULK BOUNDARY SET TO  -7.681368602     A FROM PROTEIN. CONTOUR VALUE IS  0.9624230426E-02
 MESSAGE (watershell2_main): OUTER BULK BOUNDARY ( -8.181368602    ) IS TOO CLOSE TO SURFACE BOUNDARY ( -8.676303337    ). WILL RECOMPUTE:
 MESSAGE (watershell2_main): LOCATION OF OUTER BULK BOUNDARY SET TO  -8.179680181     A FROM PROTEIN. CONTOUR VALUE IS  0.4800923113E-02
 MESSAGE (watershell2_main): LOCATION OF INNER BULK BOUNDARY SET TO  -7.679680181     A FROM PROTEIN. CONTOUR VALUE IS  0.9646012152E-02
 MESSAGE (watershell2_main): OUTER BULK BOUNDARY ( -8.179680181    ) IS TOO CLOSE TO SURFACE BOUNDARY ( -8.674580993    ). WILL RECOMPUTE:
 MESSAGE (watershell2_main): LOCATION OF OUTER BULK BOUNDARY SET TO  -8.177980451     A FROM PROTEIN. CONTOUR VALUE IS  0.4812788500E-02
 MESSAGE (watershell2_main): LOCATION OF INNER BULK BOUNDARY SET TO  -7.677980451     A FROM PROTEIN. CONTOUR VALUE IS  0.9667983254E-02
 MESSAGE (watershell2_main): OUTER BULK BOUNDARY ( -8.177980451    ) IS TOO CLOSE TO SURFACE BOUNDARY ( -8.672965658    ). WILL RECOMPUTE:
 MESSAGE (watershell2_main): LOCATION OF OUTER BULK BOUNDARY SET TO  -8.176308854     A FROM PROTEIN. CONTOUR VALUE IS  0.4824483000E-02
 MESSAGE (watershell2_main): LOCATION OF INNER BULK BOUNDARY SET TO  -7.676308854     A FROM PROTEIN. CONTOUR VALUE IS  0.9689633359E-02
 MESSAGE (watershell2_main): OUTER BULK BOUNDARY ( -8.176308854    ) IS TOO CLOSE TO SURFACE BOUNDARY ( -8.671256082    ). WILL RECOMPUTE:
 MESSAGE (watershell2_main): LOCATION OF OUTER BULK BOUNDARY SET TO  -8.174624596     A FROM PROTEIN. CONTOUR VALUE IS  0.4836291680E-02
 MESSAGE (watershell2_main): LOCATION OF INNER BULK BOUNDARY SET TO  -7.674624596     A FROM PROTEIN. CONTOUR VALUE IS  0.9711490260E-02
 MESSAGE (watershell2_main): OUTER BULK BOUNDARY ( -8.174624596    ) IS TOO CLOSE TO SURFACE BOUNDARY ( -8.669552179    ). WILL RECOMPUTE:
 MESSAGE (watershell2_main): LOCATION OF OUTER BULK BOUNDARY SET TO  -8.172933791     A FROM PROTEIN. CONTOUR VALUE IS  0.4848172182E-02
 MESSAGE (watershell2_main): LOCATION OF INNER BULK BOUNDARY SET TO  -7.672933791     A FROM PROTEIN. CONTOUR VALUE IS  0.9733475457E-02
 MESSAGE (watershell2_main): OUTER BULK BOUNDARY ( -8.172933791    ) IS TOO CLOSE TO SURFACE BOUNDARY ( -8.667858944    ). WILL RECOMPUTE:
 MESSAGE (watershell2_main): LOCATION OF OUTER BULK BOUNDARY SET TO  -8.171242175     A FROM PROTEIN. CONTOUR VALUE IS  0.4860084399E-02
 MESSAGE (watershell2_main): LOCATION OF INNER BULK BOUNDARY SET TO  -7.671242175     A FROM PROTEIN. CONTOUR VALUE IS  0.9755514682E-02
 MESSAGE (watershell2_main): OUTER BULK BOUNDARY ( -8.171242175    ) IS TOO CLOSE TO SURFACE BOUNDARY ( -8.666171439    ). WILL RECOMPUTE:
 MESSAGE (watershell2_main): LOCATION OF OUTER BULK BOUNDARY SET TO  -8.169551930     A FROM PROTEIN. CONTOUR VALUE IS  0.4872013017E-02
 MESSAGE (watershell2_main): LOCATION OF INNER BULK BOUNDARY SET TO  -7.669551930     A FROM PROTEIN. CONTOUR VALUE IS  0.9777579585E-02
 MESSAGE (watershell2_main): OUTER BULK BOUNDARY ( -8.169551930    ) IS TOO CLOSE TO SURFACE BOUNDARY ( -8.664499584    ). WILL RECOMPUTE:
 MESSAGE (watershell2_main): LOCATION OF OUTER BULK BOUNDARY SET TO  -8.167867814     A FROM PROTEIN. CONTOUR VALUE IS  0.4883924315E-02
 MESSAGE (watershell2_main): LOCATION OF INNER BULK BOUNDARY SET TO  -7.667867814     A FROM PROTEIN. CONTOUR VALUE IS  0.9799607802E-02
 MESSAGE (watershell2_main): OUTER BULK BOUNDARY ( -8.167867814    ) IS TOO CLOSE TO SURFACE BOUNDARY ( -8.662835808    ). WILL RECOMPUTE:
 MESSAGE (watershell2_main): LOCATION OF OUTER BULK BOUNDARY SET TO  -8.166190479     A FROM PROTEIN. CONTOUR VALUE IS  0.4895813454E-02
 MESSAGE (watershell2_main): LOCATION OF INNER BULK BOUNDARY SET TO  -7.666190479     A FROM PROTEIN. CONTOUR VALUE IS  0.9821590417E-02
 MESSAGE (watershell2_main): OUTER BULK BOUNDARY ( -8.166190479    ) IS TOO CLOSE TO SURFACE BOUNDARY ( -8.661177226    ). WILL RECOMPUTE:
 MESSAGE (watershell2_main): LOCATION OF OUTER BULK BOUNDARY SET TO  -8.164519395     A FROM PROTEIN. CONTOUR VALUE IS  0.4907683922E-02
 MESSAGE (watershell2_main): LOCATION OF INNER BULK BOUNDARY SET TO  -7.664519395     A FROM PROTEIN. CONTOUR VALUE IS  0.9843533917E-02
 MESSAGE (watershell2_main): OUTER BULK BOUNDARY ( -8.164519395    ) IS TOO CLOSE TO SURFACE BOUNDARY ( -8.659424021    ). WILL RECOMPUTE:
 MESSAGE (watershell2_main): LOCATION OF OUTER BULK BOUNDARY SET TO  -8.162820937     A FROM PROTEIN. CONTOUR VALUE IS  0.4919775111E-02
 MESSAGE (watershell2_main): LOCATION OF INNER BULK BOUNDARY SET TO  -7.662820937     A FROM PROTEIN. CONTOUR VALUE IS  0.9865880728E-02
 MESSAGE (watershell2_main): OUTER BULK BOUNDARY ( -8.162820937    ) IS TOO CLOSE TO SURFACE BOUNDARY ( -8.657779285    ). WILL RECOMPUTE:
 MESSAGE (watershell2_main): LOCATION OF OUTER BULK BOUNDARY SET TO  -8.161140386     A FROM PROTEIN. CONTOUR VALUE IS  0.4931764938E-02
 MESSAGE (watershell2_main): LOCATION OF INNER BULK BOUNDARY SET TO  -7.661140386     A FROM PROTEIN. CONTOUR VALUE IS  0.9888035522E-02
 MESSAGE (watershell2_main): REINITIALIZING VOLUME COMPUTATION GRID.
 MESSAGE (ugrid_initialize):  Initialized grid in 3 dimensions
 ===================
  domain size (possibly adjusted) :
              1  :   -38.303772892490372      -   37.696227107509628
              2  :   -36.674461869129360      -   31.325538130870640
              3  :   -32.844050199868235      -   31.155949800131765
  discretization :
              1  :           77
              2  :           69
              3  :           65
  spacing (possibly adjusted) :
              1  :    1.0000000000000000
              2  :    1.0000000000000000
              3  :    1.0000000000000000
 ===================
 MESSAGE (watershell2_main): OUTER BULK BOUNDARY ( -8.161140386    ) IS TOO CLOSE TO SURFACE BOUNDARY ( -8.656040688    ). WILL RECOMPUTE:
 MESSAGE (watershell2_main): LOCATION OF OUTER BULK BOUNDARY SET TO  -8.159440487     A FROM PROTEIN. CONTOUR VALUE IS  0.4943919286E-02
 MESSAGE (watershell2_main): LOCATION OF INNER BULK BOUNDARY SET TO  -7.659440487     A FROM PROTEIN. CONTOUR VALUE IS  0.9910489569E-02
 MESSAGE (watershell2_main): OUTER BULK BOUNDARY ( -8.159440487    ) IS TOO CLOSE TO SURFACE BOUNDARY ( -8.654402052    ). WILL RECOMPUTE:
 MESSAGE (watershell2_main): LOCATION OF OUTER BULK BOUNDARY SET TO  -8.157761009     A FROM PROTEIN. CONTOUR VALUE IS  0.4955953822E-02
 MESSAGE (watershell2_main): LOCATION OF INNER BULK BOUNDARY SET TO  -7.657761009     A FROM PROTEIN. CONTOUR VALUE IS  0.9932717578E-02
 MESSAGE (watershell2_main): OUTER BULK BOUNDARY ( -8.157761009    ) IS TOO CLOSE TO SURFACE BOUNDARY ( -8.652669080    ). WILL RECOMPUTE:
 MESSAGE (watershell2_main): LOCATION OF OUTER BULK BOUNDARY SET TO  -8.156063699     A FROM PROTEIN. CONTOUR VALUE IS  0.4968142639E-02
 MESSAGE (watershell2_main): LOCATION OF INNER BULK BOUNDARY SET TO  -7.656063699     A FROM PROTEIN. CONTOUR VALUE IS  0.9955225795E-02
 MESSAGE (watershell2_main): OUTER BULK BOUNDARY ( -8.156063699    ) IS TOO CLOSE TO SURFACE BOUNDARY ( -8.651038062    ). WILL RECOMPUTE:
 MESSAGE (watershell2_main): LOCATION OF OUTER BULK BOUNDARY SET TO  -8.154388487     A FROM PROTEIN. CONTOUR VALUE IS  0.4980198948E-02
 MESSAGE (watershell2_main): LOCATION OF INNER BULK BOUNDARY SET TO  -7.654388487     A FROM PROTEIN. CONTOUR VALUE IS  0.9977484623E-02
 MESSAGE (watershell2_main): OUTER BULK BOUNDARY ( -8.154388487    ) IS TOO CLOSE TO SURFACE BOUNDARY ( -8.649309267    ). WILL RECOMPUTE:
 MESSAGE (watershell2_main): LOCATION OF OUTER BULK BOUNDARY SET TO  -8.152695414     A FROM PROTEIN. CONTOUR VALUE IS  0.4992410274E-02
 MESSAGE (watershell2_main): LOCATION OF INNER BULK BOUNDARY SET TO  -7.652695414     A FROM PROTEIN. CONTOUR VALUE IS  0.1000002490E-01
 MESSAGE (watershell2_main): OUTER BULK BOUNDARY ( -8.152695414    ) IS TOO CLOSE TO SURFACE BOUNDARY ( -8.647689227    ). WILL RECOMPUTE:
 MESSAGE (watershell2_main): LOCATION OF OUTER BULK BOUNDARY SET TO  -8.151026685     A FROM PROTEIN. CONTOUR VALUE IS  0.5004472105E-02
 MESSAGE (watershell2_main): LOCATION OF INNER BULK BOUNDARY SET TO  -7.651026685     A FROM PROTEIN. CONTOUR VALUE IS  0.1002228456E-01
 MESSAGE (watershell2_main): OUTER BULK BOUNDARY ( -8.151026685    ) IS TOO CLOSE TO SURFACE BOUNDARY ( -8.645968530    ). WILL RECOMPUTE:
 MESSAGE (watershell2_main): LOCATION OF OUTER BULK BOUNDARY SET TO  -8.149340633     A FROM PROTEIN. CONTOUR VALUE IS  0.5016685500E-02
 MESSAGE (watershell2_main): LOCATION OF INNER BULK BOUNDARY SET TO  -7.649340633     A FROM PROTEIN. CONTOUR VALUE IS  0.1004481919E-01
 MESSAGE (watershell2_main): OUTER BULK BOUNDARY ( -8.149340633    ) IS TOO CLOSE TO SURFACE BOUNDARY ( -8.644241828    ). WILL RECOMPUTE:
 MESSAGE (watershell2_main): LOCATION OF OUTER BULK BOUNDARY SET TO  -8.147641031     A FROM PROTEIN. CONTOUR VALUE IS  0.5029023909E-02
 MESSAGE (watershell2_main): LOCATION OF INNER BULK BOUNDARY SET TO  -7.647641031     A FROM PROTEIN. CONTOUR VALUE IS  0.1006757966E-01
 MESSAGE (watershell2_main): OUTER BULK BOUNDARY ( -8.147641031    ) IS TOO CLOSE TO SURFACE BOUNDARY ( -8.642612654    ). WILL RECOMPUTE:
 MESSAGE (watershell2_main): LOCATION OF OUTER BULK BOUNDARY SET TO  -8.145964905     A FROM PROTEIN. CONTOUR VALUE IS  0.5041218354E-02
 MESSAGE (watershell2_main): LOCATION OF INNER BULK BOUNDARY SET TO  -7.645964905     A FROM PROTEIN. CONTOUR VALUE IS  0.1009006982E-01
 MESSAGE (watershell2_main): OUTER BULK BOUNDARY ( -8.145964905    ) IS TOO CLOSE TO SURFACE BOUNDARY ( -8.640891918    ). WILL RECOMPUTE:
 MESSAGE (watershell2_main): LOCATION OF OUTER BULK BOUNDARY SET TO  -8.144273910     A FROM PROTEIN. CONTOUR VALUE IS  0.5053547658E-02
 MESSAGE (watershell2_main): LOCATION OF INNER BULK BOUNDARY SET TO  -7.644273910     A FROM PROTEIN. CONTOUR VALUE IS  0.1011280391E-01
 MESSAGE (watershell2_main): OUTER BULK BOUNDARY ( -8.144273910    ) IS TOO CLOSE TO SURFACE BOUNDARY ( -8.639177767    ). WILL RECOMPUTE:
 MESSAGE (watershell2_main): LOCATION OF OUTER BULK BOUNDARY SET TO  -8.142575196     A FROM PROTEIN. CONTOUR VALUE IS  0.5065960265E-02
 MESSAGE (watershell2_main): LOCATION OF INNER BULK BOUNDARY SET TO  -7.642575196     A FROM PROTEIN. CONTOUR VALUE IS  0.1013568676E-01
 MESSAGE (watershell2_main): OUTER BULK BOUNDARY ( -8.142575196    ) IS TOO CLOSE TO SURFACE BOUNDARY ( -8.637566379    ). WILL RECOMPUTE:
 MESSAGE (watershell2_main): LOCATION OF OUTER BULK BOUNDARY SET TO  -8.140905590     A FROM PROTEIN. CONTOUR VALUE IS  0.5078186616E-02
 MESSAGE (watershell2_main): LOCATION OF INNER BULK BOUNDARY SET TO  -7.640905590     A FROM PROTEIN. CONTOUR VALUE IS  0.1015822149E-01
 MESSAGE (watershell2_main): OUTER BULK BOUNDARY ( -8.140905590    ) IS TOO CLOSE TO SURFACE BOUNDARY ( -8.635860305    ). WILL RECOMPUTE:
 MESSAGE (watershell2_main): LOCATION OF OUTER BULK BOUNDARY SET TO  -8.139223828     A FROM PROTEIN. CONTOUR VALUE IS  0.5090528539E-02
 MESSAGE (watershell2_main): LOCATION OF INNER BULK BOUNDARY SET TO  -7.639223828     A FROM PROTEIN. CONTOUR VALUE IS  0.1018096447E-01
 MESSAGE (watershell2_main): OUTER BULK BOUNDARY ( -8.139223828    ) IS TOO CLOSE TO SURFACE BOUNDARY ( -8.634156657    ). WILL RECOMPUTE:
 MESSAGE (watershell2_main): LOCATION OF OUTER BULK BOUNDARY SET TO  -8.137534771     A FROM PROTEIN. CONTOUR VALUE IS  0.5102950873E-02
 MESSAGE (watershell2_main): LOCATION OF INNER BULK BOUNDARY SET TO  -7.637534771     A FROM PROTEIN. CONTOUR VALUE IS  0.1020385080E-01
 MESSAGE (watershell2_main): OUTER BULK BOUNDARY ( -8.137534771    ) IS TOO CLOSE TO SURFACE BOUNDARY ( -8.632453224    ). WILL RECOMPUTE:
 MESSAGE (watershell2_main): LOCATION OF OUTER BULK BOUNDARY SET TO  -8.135840922     A FROM PROTEIN. CONTOUR VALUE IS  0.5115435542E-02
 MESSAGE (watershell2_main): LOCATION OF INNER BULK BOUNDARY SET TO  -7.635840922     A FROM PROTEIN. CONTOUR VALUE IS  0.1022684711E-01
 MESSAGE (watershell2_main): OUTER BULK BOUNDARY ( -8.135840922    ) IS TOO CLOSE TO SURFACE BOUNDARY ( -8.630748109    ). WILL RECOMPUTE:
 MESSAGE (watershell2_main): LOCATION OF OUTER BULK BOUNDARY SET TO  -8.134143318     A FROM PROTEIN. CONTOUR VALUE IS  0.5127975162E-02
 MESSAGE (watershell2_main): LOCATION OF INNER BULK BOUNDARY SET TO  -7.634143318     A FROM PROTEIN. CONTOUR VALUE IS  0.1024993974E-01
 MESSAGE (watershell2_main): OUTER BULK BOUNDARY ( -8.134143318    ) IS TOO CLOSE TO SURFACE BOUNDARY ( -8.629139977    ). WILL RECOMPUTE:
 MESSAGE (watershell2_main): LOCATION OF OUTER BULK BOUNDARY SET TO  -8.132475538     A FROM PROTEIN. CONTOUR VALUE IS  0.5140321119E-02
 MESSAGE (watershell2_main): LOCATION OF INNER BULK BOUNDARY SET TO  -7.632475538     A FROM PROTEIN. CONTOUR VALUE IS  0.1027267094E-01
 MESSAGE (watershell2_main): OUTER BULK BOUNDARY ( -8.132475538    ) IS TOO CLOSE TO SURFACE BOUNDARY ( -8.627424719    ). WILL RECOMPUTE:
 MESSAGE (watershell2_main): LOCATION OF OUTER BULK BOUNDARY SET TO  -8.130791931     A FROM PROTEIN. CONTOUR VALUE IS  0.5152811057E-02
 MESSAGE (watershell2_main): LOCATION OF INNER BULK BOUNDARY SET TO  -7.630791931     A FROM PROTEIN. CONTOUR VALUE IS  0.1029566242E-01
 MESSAGE (watershell2_main): OUTER BULK BOUNDARY ( -8.130791931    ) IS TOO CLOSE TO SURFACE BOUNDARY ( -8.625705808    ). WILL RECOMPUTE:
 MESSAGE (watershell2_main): LOCATION OF OUTER BULK BOUNDARY SET TO  -8.129096557     A FROM PROTEIN. CONTOUR VALUE IS  0.5165415583E-02
 MESSAGE (watershell2_main): LOCATION OF INNER BULK BOUNDARY SET TO  -7.629096557     A FROM PROTEIN. CONTOUR VALUE IS  0.1031885993E-01
 MESSAGE (watershell2_main): OUTER BULK BOUNDARY ( -8.129096557    ) IS TOO CLOSE TO SURFACE BOUNDARY ( -8.624082891    ). WILL RECOMPUTE:
 MESSAGE (watershell2_main): LOCATION OF OUTER BULK BOUNDARY SET TO  -8.127425335     A FROM PROTEIN. CONTOUR VALUE IS  0.5177867392E-02
 MESSAGE (watershell2_main): LOCATION OF INNER BULK BOUNDARY SET TO  -7.627425335     A FROM PROTEIN. CONTOUR VALUE IS  0.1034177156E-01
 MESSAGE (watershell2_main): OUTER BULK BOUNDARY ( -8.127425335    ) IS TOO CLOSE TO SURFACE BOUNDARY ( -8.622359544    ). WILL RECOMPUTE:
 MESSAGE (watershell2_main): LOCATION OF OUTER BULK BOUNDARY SET TO  -8.125736738     A FROM PROTEIN. CONTOUR VALUE IS  0.5190475780E-02
 MESSAGE (watershell2_main): LOCATION OF INNER BULK BOUNDARY SET TO  -7.625736738     A FROM PROTEIN. CONTOUR VALUE IS  0.1036496642E-01
 MESSAGE (watershell2_main): OUTER BULK BOUNDARY ( -8.125736738    ) IS TOO CLOSE TO SURFACE BOUNDARY ( -8.620637883    ). WILL RECOMPUTE:
 MESSAGE (watershell2_main): LOCATION OF OUTER BULK BOUNDARY SET TO  -8.124037120     A FROM PROTEIN. CONTOUR VALUE IS  0.5203194043E-02
 MESSAGE (watershell2_main): LOCATION OF INNER BULK BOUNDARY SET TO  -7.624037120     A FROM PROTEIN. CONTOUR VALUE IS  0.1038835845E-01
 MESSAGE (watershell2_main): OUTER BULK BOUNDARY ( -8.124037120    ) IS TOO CLOSE TO SURFACE BOUNDARY ( -8.619019804    ). WILL RECOMPUTE:
 MESSAGE (watershell2_main): LOCATION OF OUTER BULK BOUNDARY SET TO  -8.122364681     A FROM PROTEIN. CONTOUR VALUE IS  0.5215735977E-02
 MESSAGE (watershell2_main): LOCATION OF INNER BULK BOUNDARY SET TO  -7.622364681     A FROM PROTEIN. CONTOUR VALUE IS  0.1041142132E-01
 MESSAGE (watershell2_main): OUTER BULK BOUNDARY ( -8.122364681    ) IS TOO CLOSE TO SURFACE BOUNDARY ( -8.617297487    ). WILL RECOMPUTE:
 MESSAGE (watershell2_main): LOCATION OF OUTER BULK BOUNDARY SET TO  -8.120675616     A FROM PROTEIN. CONTOUR VALUE IS  0.5228429889E-02
 MESSAGE (watershell2_main): LOCATION OF INNER BULK BOUNDARY SET TO  -7.620675616     A FROM PROTEIN. CONTOUR VALUE IS  0.1043475874E-01
 MESSAGE (watershell2_main): OUTER BULK BOUNDARY ( -8.120675616    ) IS TOO CLOSE TO SURFACE BOUNDARY ( -8.615583522    ). WILL RECOMPUTE:
 MESSAGE (watershell2_main): LOCATION OF OUTER BULK BOUNDARY SET TO  -8.118978252     A FROM PROTEIN. CONTOUR VALUE IS  0.5241213859E-02
 MESSAGE (watershell2_main): LOCATION OF INNER BULK BOUNDARY SET TO  -7.618978252     A FROM PROTEIN. CONTOUR VALUE IS  0.1045825675E-01
 MESSAGE (watershell2_main): OUTER BULK BOUNDARY ( -8.118978252    ) IS TOO CLOSE TO SURFACE BOUNDARY ( -8.613973290    ). WILL RECOMPUTE:
 MESSAGE (watershell2_main): LOCATION OF OUTER BULK BOUNDARY SET TO  -8.117309931     A FROM PROTEIN. CONTOUR VALUE IS  0.5253806167E-02
 MESSAGE (watershell2_main): LOCATION OF INNER BULK BOUNDARY SET TO  -7.617309931     A FROM PROTEIN. CONTOUR VALUE IS  0.1048139760E-01
 MESSAGE (watershell2_main): OUTER BULK BOUNDARY ( -8.117309931    ) IS TOO CLOSE TO SURFACE BOUNDARY ( -8.612264219    ). WILL RECOMPUTE:
 MESSAGE (watershell2_main): LOCATION OF OUTER BULK BOUNDARY SET TO  -8.115628027     A FROM PROTEIN. CONTOUR VALUE IS  0.5266528237E-02
 MESSAGE (watershell2_main): LOCATION OF INNER BULK BOUNDARY SET TO  -7.615628027     A FROM PROTEIN. CONTOUR VALUE IS  0.1050477202E-01
 MESSAGE (watershell2_main): OUTER BULK BOUNDARY ( -8.115628027    ) IS TOO CLOSE TO SURFACE BOUNDARY ( -8.610565281    ). WILL RECOMPUTE:
 MESSAGE (watershell2_main): LOCATION OF OUTER BULK BOUNDARY SET TO  -8.113940445     A FROM PROTEIN. CONTOUR VALUE IS  0.5279320791E-02
 MESSAGE (watershell2_main): LOCATION OF INNER BULK BOUNDARY SET TO  -7.613940445     A FROM PROTEIN. CONTOUR VALUE IS  0.1052827099E-01
 MESSAGE (watershell2_main): OUTER BULK BOUNDARY ( -8.113940445    ) IS TOO CLOSE TO SURFACE BOUNDARY ( -8.608882691    ). WILL RECOMPUTE:
 MESSAGE (watershell2_main): LOCATION OF OUTER BULK BOUNDARY SET TO  -8.112254527     A FROM PROTEIN. CONTOUR VALUE IS  0.5292128321E-02
 MESSAGE (watershell2_main): LOCATION OF INNER BULK BOUNDARY SET TO  -7.612254527     A FROM PROTEIN. CONTOUR VALUE IS  0.1055179251E-01
 MESSAGE (watershell2_main): OUTER BULK BOUNDARY ( -8.112254527    ) IS TOO CLOSE TO SURFACE BOUNDARY ( -8.607201199    ). WILL RECOMPUTE:
 MESSAGE (watershell2_main): LOCATION OF OUTER BULK BOUNDARY SET TO  -8.110570084     A FROM PROTEIN. CONTOUR VALUE IS  0.5304952234E-02
 MESSAGE (watershell2_main): LOCATION OF INNER BULK BOUNDARY SET TO  -7.610570084     A FROM PROTEIN. CONTOUR VALUE IS  0.1057533915E-01
 MESSAGE (watershell2_main): OUTER BULK BOUNDARY ( -8.110570084    ) IS TOO CLOSE TO SURFACE BOUNDARY ( -8.605505519    ). WILL RECOMPUTE:
 MESSAGE (watershell2_main): LOCATION OF OUTER BULK BOUNDARY SET TO  -8.108881896     A FROM PROTEIN. CONTOUR VALUE IS  0.5317832383E-02
 MESSAGE (watershell2_main): LOCATION OF INNER BULK BOUNDARY SET TO  -7.608881896     A FROM PROTEIN. CONTOUR VALUE IS  0.1059898407E-01
 MESSAGE (watershell2_main): OUTER BULK BOUNDARY ( -8.108881896    ) IS TOO CLOSE TO SURFACE BOUNDARY ( -8.603816948    ). WILL RECOMPUTE:
 MESSAGE (watershell2_main): LOCATION OF OUTER BULK BOUNDARY SET TO  -8.107193580     A FROM PROTEIN. CONTOUR VALUE IS  0.5330741311E-02
 MESSAGE (watershell2_main): LOCATION OF INNER BULK BOUNDARY SET TO  -7.607193580     A FROM PROTEIN. CONTOUR VALUE IS  0.1062267681E-01
 MESSAGE (watershell2_main): OUTER BULK BOUNDARY ( -8.107193580    ) IS TOO CLOSE TO SURFACE BOUNDARY ( -8.602125839    ). WILL RECOMPUTE:
 MESSAGE (watershell2_main): LOCATION OF OUTER BULK BOUNDARY SET TO  -8.105504333     A FROM PROTEIN. CONTOUR VALUE IS  0.5343685240E-02
 MESSAGE (watershell2_main): LOCATION OF INNER BULK BOUNDARY SET TO  -7.605504333     A FROM PROTEIN. CONTOUR VALUE IS  0.1064642878E-01
 MESSAGE (watershell2_main): OUTER BULK BOUNDARY ( -8.105504333    ) IS TOO CLOSE TO SURFACE BOUNDARY ( -8.600440460    ). WILL RECOMPUTE:
 MESSAGE (watershell2_main): LOCATION OF OUTER BULK BOUNDARY SET TO  -8.103816375     A FROM PROTEIN. CONTOUR VALUE IS  0.5356647196E-02
 MESSAGE (watershell2_main): LOCATION OF INNER BULK BOUNDARY SET TO  -7.603816375     A FROM PROTEIN. CONTOUR VALUE IS  0.1067020880E-01
 MESSAGE (watershell2_main): OUTER BULK BOUNDARY ( -8.103816375    ) IS TOO CLOSE TO SURFACE BOUNDARY ( -8.598762135    ). WILL RECOMPUTE:
 MESSAGE (watershell2_main): LOCATION OF OUTER BULK BOUNDARY SET TO  -8.102131628     A FROM PROTEIN. CONTOUR VALUE IS  0.5369612362E-02
 MESSAGE (watershell2_main): LOCATION OF INNER BULK BOUNDARY SET TO  -7.602131628     A FROM PROTEIN. CONTOUR VALUE IS  0.1069398970E-01
 MESSAGE (watershell2_main): OUTER BULK BOUNDARY ( -8.102131628    ) IS TOO CLOSE TO SURFACE BOUNDARY ( -8.597093000    ). WILL RECOMPUTE:
 MESSAGE (watershell2_main): LOCATION OF OUTER BULK BOUNDARY SET TO  -8.100452086     A FROM PROTEIN. CONTOUR VALUE IS  0.5382565243E-02
 MESSAGE (watershell2_main): LOCATION OF INNER BULK BOUNDARY SET TO  -7.600452086     A FROM PROTEIN. CONTOUR VALUE IS  0.1071774306E-01
 MESSAGE (watershell2_main): OUTER BULK BOUNDARY ( -8.100452086    ) IS TOO CLOSE TO SURFACE BOUNDARY ( -8.595436775    ). WILL RECOMPUTE:
 MESSAGE (watershell2_main): LOCATION OF OUTER BULK BOUNDARY SET TO  -8.098780315     A FROM PROTEIN. CONTOUR VALUE IS  0.5395485758E-02
 MESSAGE (watershell2_main): LOCATION OF INNER BULK BOUNDARY SET TO  -7.598780315     A FROM PROTEIN. CONTOUR VALUE IS  0.1074143211E-01
 MESSAGE (watershell2_main): OUTER BULK BOUNDARY ( -8.098780315    ) IS TOO CLOSE TO SURFACE BOUNDARY ( -8.593687145    ). WILL RECOMPUTE:
 MESSAGE (watershell2_main): LOCATION OF OUTER BULK BOUNDARY SET TO  -8.097082592     A FROM PROTEIN. CONTOUR VALUE IS  0.5408635065E-02
 MESSAGE (watershell2_main): LOCATION OF INNER BULK BOUNDARY SET TO  -7.597082592     A FROM PROTEIN. CONTOUR VALUE IS  0.1076553556E-01
 MESSAGE (watershell2_main): OUTER BULK BOUNDARY ( -8.097082592    ) IS TOO CLOSE TO SURFACE BOUNDARY ( -8.592033650    ). WILL RECOMPUTE:
 MESSAGE (watershell2_main): LOCATION OF OUTER BULK BOUNDARY SET TO  -8.095399611     A FROM PROTEIN. CONTOUR VALUE IS  0.5421698293E-02
 MESSAGE (watershell2_main): LOCATION OF INNER BULK BOUNDARY SET TO  -7.595399611     A FROM PROTEIN. CONTOUR VALUE IS  0.1078947616E-01
 MESSAGE (watershell2_main): OUTER BULK BOUNDARY ( -8.095399611    ) IS TOO CLOSE TO SURFACE BOUNDARY ( -8.590383965    ). WILL RECOMPUTE:
 MESSAGE (watershell2_main): LOCATION OF OUTER BULK BOUNDARY SET TO  -8.093727729     A FROM PROTEIN. CONTOUR VALUE IS  0.5434703135E-02
 MESSAGE (watershell2_main): LOCATION OF INNER BULK BOUNDARY SET TO  -7.593727729     A FROM PROTEIN. CONTOUR VALUE IS  0.1081330476E-01
 MESSAGE (watershell2_main): OUTER BULK BOUNDARY ( -8.093727729    ) IS TOO CLOSE TO SURFACE BOUNDARY ( -8.588632178    ). WILL RECOMPUTE:
 MESSAGE (watershell2_main): LOCATION OF OUTER BULK BOUNDARY SET TO  -8.092029212     A FROM PROTEIN. CONTOUR VALUE IS  0.5447943542E-02
 MESSAGE (watershell2_main): LOCATION OF INNER BULK BOUNDARY SET TO  -7.592029212     A FROM PROTEIN. CONTOUR VALUE IS  0.1083755987E-01
 ==========================================================================================
 Iteration:               100000
 Surface boundary distance:         -8.5885344370635224      (contour value:   2.6007447596460009E-003 )
 Current avg. solvent contour val:  0.28899775418739448
 Surface energy:                     88.367324863005010
 Curvature energy:                   12.299211912481459
 Surface curvature at solvent (min:ave:max): (  -9.3555604409244306E-002 :  -2.4107238893765700E-002 :  0.53337416458833853      )
 ======= FORCE STATISTICS ==============
 Total force applied to surface atoms:    -4.6029995350468029        8.4262934718424276E-002  -1.0037960888520603
 RMS of surface atom forces:               3.4810688399782033E-002
 Largest force acting on a surface atom:   5.2078407915943245E-002
 Total force applied to solvent atoms:    0.91841039816230741       -3.2806375540331123       -7.2290078262532962
 RMS of solvent atom forces:              0.30634287850351133
 Largest force acting on a solvent atom:   3.7263801795067399
 Rotational restraint energy:          0.42639531157135369
 Translational restraint energy:        1.1101155774901561
 Total rigid-body restraint energy:     1.5365108890615098
 =======================================
 Solute neighbor list search depth (min:ave:max): (          16 :   90.148642210576455      :         159 )
 ======= DENSITY STATISTICS ============
 # Solute atoms used for density:           159
 Target density (g/mL):             0.99700000000000000
 Simulation density (g/mL):         0.80151828722717955
 Instantaneous density (g/mL):      0.74790737147981001
 Volume of bulk solvent (Ang^3):     4521.0000000000000
 Mass of bulk solvent (amu):         2036.2600000000020
 Outer bulk boundary distance:      -8.0920292121506634      (contour value:   5.4479435418298694E-003 )
 Inner bulk boundary distance:      -7.5920292121506634      (contour value:   1.0837559867777014E-002 )
 ======================================
 MESSAGE (watershell2_main): WRITING RESTART FILE TO ("watershell0.restart.txt")
 MESSAGE (FILES_OPEN): Opening FORMATTED file "watershell0.restart.txt" for writing.
 MESSAGE (watershell2_main): OUTER BULK BOUNDARY ( -8.092029212    ) IS TOO CLOSE TO SURFACE BOUNDARY ( -8.586970270    ). WILL RECOMPUTE:
 MESSAGE (watershell2_main): LOCATION OF OUTER BULK BOUNDARY SET TO  -8.090342898     A FROM PROTEIN. CONTOUR VALUE IS  0.5461117174E-02
 MESSAGE (watershell2_main): LOCATION OF INNER BULK BOUNDARY SET TO  -7.590342898     A FROM PROTEIN. CONTOUR VALUE IS  0.1086168754E-01
 MESSAGE (watershell2_main): OUTER BULK BOUNDARY ( -8.090342898    ) IS TOO CLOSE TO SURFACE BOUNDARY ( -8.585300241    ). WILL RECOMPUTE:
 MESSAGE (watershell2_main): LOCATION OF OUTER BULK BOUNDARY SET TO  -8.088662013     A FROM PROTEIN. CONTOUR VALUE IS  0.5474276564E-02
 MESSAGE (watershell2_main): LOCATION OF INNER BULK BOUNDARY SET TO  -7.588662013     A FROM PROTEIN. CONTOUR VALUE IS  0.1088578406E-01
 MESSAGE (watershell2_main): OUTER BULK BOUNDARY ( -8.088662013    ) IS TOO CLOSE TO SURFACE BOUNDARY ( -8.583630713    ). WILL RECOMPUTE:
 MESSAGE (watershell2_main): LOCATION OF OUTER BULK BOUNDARY SET TO  -8.086984913     A FROM PROTEIN. CONTOUR VALUE IS  0.5487434392E-02
 MESSAGE (watershell2_main): LOCATION OF INNER BULK BOUNDARY SET TO  -7.586984913     A FROM PROTEIN. CONTOUR VALUE IS  0.1090987266E-01
 MESSAGE (watershell2_main): OUTER BULK BOUNDARY ( -8.086984913    ) IS TOO CLOSE TO SURFACE BOUNDARY ( -8.581978420    ). WILL RECOMPUTE:
 MESSAGE (watershell2_main): LOCATION OF OUTER BULK BOUNDARY SET TO  -8.085316082     A FROM PROTEIN. CONTOUR VALUE IS  0.5500555230E-02
 MESSAGE (watershell2_main): LOCATION OF INNER BULK BOUNDARY SET TO  -7.585316082     A FROM PROTEIN. CONTOUR VALUE IS  0.1093388852E-01
 MESSAGE (watershell2_main): OUTER BULK BOUNDARY ( -8.085316082    ) IS TOO CLOSE TO SURFACE BOUNDARY ( -8.580247073    ). WILL RECOMPUTE:
 MESSAGE (watershell2_main): LOCATION OF OUTER BULK BOUNDARY SET TO  -8.083626412     A FROM PROTEIN. CONTOUR VALUE IS  0.5513868301E-02
 MESSAGE (watershell2_main): LOCATION OF INNER BULK BOUNDARY SET TO  -7.583626412     A FROM PROTEIN. CONTOUR VALUE IS  0.1095825112E-01
 MESSAGE (watershell2_main): OUTER BULK BOUNDARY ( -8.083626412    ) IS TOO CLOSE TO SURFACE BOUNDARY ( -8.578618338    ). WILL RECOMPUTE:
 MESSAGE (watershell2_main): LOCATION OF OUTER BULK BOUNDARY SET TO  -8.081957054     A FROM PROTEIN. CONTOUR VALUE IS  0.5527049439E-02
 MESSAGE (watershell2_main): LOCATION OF INNER BULK BOUNDARY SET TO  -7.581957054     A FROM PROTEIN. CONTOUR VALUE IS  0.1098236722E-01
 MESSAGE (watershell2_main): OUTER BULK BOUNDARY ( -8.081957054    ) IS TOO CLOSE TO SURFACE BOUNDARY ( -8.576905593    ). WILL RECOMPUTE:
 MESSAGE (watershell2_main): LOCATION OF OUTER BULK BOUNDARY SET TO  -8.080273234     A FROM PROTEIN. CONTOUR VALUE IS  0.5540373123E-02
 MESSAGE (watershell2_main): LOCATION OF INNER BULK BOUNDARY SET TO  -7.580273234     A FROM PROTEIN. CONTOUR VALUE IS  0.1100673900E-01
 MESSAGE (watershell2_main): OUTER BULK BOUNDARY ( -8.080273234    ) IS TOO CLOSE TO SURFACE BOUNDARY ( -8.575199327    ). WILL RECOMPUTE:
 MESSAGE (watershell2_main): LOCATION OF OUTER BULK BOUNDARY SET TO  -8.078581931     A FROM PROTEIN. CONTOUR VALUE IS  0.5553784723E-02
 MESSAGE (watershell2_main): LOCATION OF INNER BULK BOUNDARY SET TO  -7.578581931     A FROM PROTEIN. CONTOUR VALUE IS  0.1103126643E-01
 MESSAGE (watershell2_main): OUTER BULK BOUNDARY ( -8.078581931    ) IS TOO CLOSE TO SURFACE BOUNDARY ( -8.573493385    ). WILL RECOMPUTE:
 MESSAGE (watershell2_main): LOCATION OF OUTER BULK BOUNDARY SET TO  -8.076885749     A FROM PROTEIN. CONTOUR VALUE IS  0.5567263977E-02
 MESSAGE (watershell2_main): LOCATION OF INNER BULK BOUNDARY SET TO  -7.576885749     A FROM PROTEIN. CONTOUR VALUE IS  0.1105591237E-01
 MESSAGE (watershell2_main): OUTER BULK BOUNDARY ( -8.076885749    ) IS TOO CLOSE TO SURFACE BOUNDARY ( -8.571885334    ). WILL RECOMPUTE:
 MESSAGE (watershell2_main): LOCATION OF OUTER BULK BOUNDARY SET TO  -8.075218944     A FROM PROTEIN. CONTOUR VALUE IS  0.5580538074E-02
 MESSAGE (watershell2_main): LOCATION OF INNER BULK BOUNDARY SET TO  -7.575218944     A FROM PROTEIN. CONTOUR VALUE IS  0.1108017808E-01
 MESSAGE (watershell2_main): OUTER BULK BOUNDARY ( -8.075218944    ) IS TOO CLOSE TO SURFACE BOUNDARY ( -8.570182491    ). WILL RECOMPUTE:
 MESSAGE (watershell2_main): LOCATION OF OUTER BULK BOUNDARY SET TO  -8.073540126     A FROM PROTEIN. CONTOUR VALUE IS  0.5593936245E-02
 MESSAGE (watershell2_main): LOCATION OF INNER BULK BOUNDARY SET TO  -7.573540126     A FROM PROTEIN. CONTOUR VALUE IS  0.1110466549E-01
 MESSAGE (watershell2_main): OUTER BULK BOUNDARY ( -8.073540126    ) IS TOO CLOSE TO SURFACE BOUNDARY ( -8.568474414    ). WILL RECOMPUTE:
 MESSAGE (watershell2_main): LOCATION OF OUTER BULK BOUNDARY SET TO  -8.071851556     A FROM PROTEIN. CONTOUR VALUE IS  0.5607441063E-02
 MESSAGE (watershell2_main): LOCATION OF INNER BULK BOUNDARY SET TO  -7.571851556     A FROM PROTEIN. CONTOUR VALUE IS  0.1112934261E-01
 MESSAGE (watershell2_main): OUTER BULK BOUNDARY ( -8.071851556    ) IS TOO CLOSE TO SURFACE BOUNDARY ( -8.566773675    ). WILL RECOMPUTE:
 MESSAGE (watershell2_main): LOCATION OF OUTER BULK BOUNDARY SET TO  -8.070158929     A FROM PROTEIN. CONTOUR VALUE IS  0.5621007371E-02
 MESSAGE (watershell2_main): LOCATION OF INNER BULK BOUNDARY SET TO  -7.570158929     A FROM PROTEIN. CONTOUR VALUE IS  0.1115412686E-01
 MESSAGE (watershell2_main): OUTER BULK BOUNDARY ( -8.070158929    ) IS TOO CLOSE TO SURFACE BOUNDARY ( -8.565081316    ). WILL RECOMPUTE:
 MESSAGE (watershell2_main): LOCATION OF OUTER BULK BOUNDARY SET TO  -8.068466391     A FROM PROTEIN. CONTOUR VALUE IS  0.5634602100E-02
 MESSAGE (watershell2_main): LOCATION OF INNER BULK BOUNDARY SET TO  -7.568466391     A FROM PROTEIN. CONTOUR VALUE IS  0.1117895777E-01
 MESSAGE (watershell2_main): OUTER BULK BOUNDARY ( -8.068466391    ) IS TOO CLOSE TO SURFACE BOUNDARY ( -8.563387318    ). WILL RECOMPUTE:
 MESSAGE (watershell2_main): LOCATION OF OUTER BULK BOUNDARY SET TO  -8.066773367     A FROM PROTEIN. CONTOUR VALUE IS  0.5648229938E-02
 MESSAGE (watershell2_main): LOCATION OF INNER BULK BOUNDARY SET TO  -7.566773367     A FROM PROTEIN. CONTOUR VALUE IS  0.1120384389E-01
 MESSAGE (watershell2_main): OUTER BULK BOUNDARY ( -8.066773367    ) IS TOO CLOSE TO SURFACE BOUNDARY ( -8.561695901    ). WILL RECOMPUTE:
 MESSAGE (watershell2_main): LOCATION OF OUTER BULK BOUNDARY SET TO  -8.065080878     A FROM PROTEIN. CONTOUR VALUE IS  0.5661882707E-02
 MESSAGE (watershell2_main): LOCATION OF INNER BULK BOUNDARY SET TO  -7.565080878     A FROM PROTEIN. CONTOUR VALUE IS  0.1122877026E-01
 MESSAGE (watershell2_main): OUTER BULK BOUNDARY ( -8.065080878    ) IS TOO CLOSE TO SURFACE BOUNDARY ( -8.560003719    ). WILL RECOMPUTE:
 MESSAGE (watershell2_main): LOCATION OF OUTER BULK BOUNDARY SET TO  -8.063388492     A FROM PROTEIN. CONTOUR VALUE IS  0.5675563938E-02
 MESSAGE (watershell2_main): LOCATION OF INNER BULK BOUNDARY SET TO  -7.563388492     A FROM PROTEIN. CONTOUR VALUE IS  0.1125374330E-01
 MESSAGE (watershell2_main): OUTER BULK BOUNDARY ( -8.063388492    ) IS TOO CLOSE TO SURFACE BOUNDARY ( -8.558324577    ). WILL RECOMPUTE:
 MESSAGE (watershell2_main): LOCATION OF OUTER BULK BOUNDARY SET TO  -8.061700520     A FROM PROTEIN. CONTOUR VALUE IS  0.5689238708E-02
 MESSAGE (watershell2_main): LOCATION OF INNER BULK BOUNDARY SET TO  -7.561700520     A FROM PROTEIN. CONTOUR VALUE IS  0.1127869928E-01
 MESSAGE (watershell2_main): OUTER BULK BOUNDARY ( -8.061700520    ) IS TOO CLOSE TO SURFACE BOUNDARY ( -8.556650448    ). WILL RECOMPUTE:
 MESSAGE (watershell2_main): LOCATION OF OUTER BULK BOUNDARY SET TO  -8.060017163     A FROM PROTEIN. CONTOUR VALUE IS  0.5702905217E-02
 MESSAGE (watershell2_main): LOCATION OF INNER BULK BOUNDARY SET TO  -7.560017163     A FROM PROTEIN. CONTOUR VALUE IS  0.1130363493E-01
 MESSAGE (watershell2_main): OUTER BULK BOUNDARY ( -8.060017163    ) IS TOO CLOSE TO SURFACE BOUNDARY ( -8.554982610    ). WILL RECOMPUTE:
 MESSAGE (watershell2_main): LOCATION OF OUTER BULK BOUNDARY SET TO  -8.058338979     A FROM PROTEIN. CONTOUR VALUE IS  0.5716558727E-02
 MESSAGE (watershell2_main): LOCATION OF INNER BULK BOUNDARY SET TO  -7.558338979     A FROM PROTEIN. CONTOUR VALUE IS  0.1132854162E-01
 MESSAGE (watershell2_main): OUTER BULK BOUNDARY ( -8.058338979    ) IS TOO CLOSE TO SURFACE BOUNDARY ( -8.553315388    ). WILL RECOMPUTE:
 MESSAGE (watershell2_main): LOCATION OF OUTER BULK BOUNDARY SET TO  -8.056664449     A FROM PROTEIN. CONTOUR VALUE IS  0.5730211419E-02
 MESSAGE (watershell2_main): LOCATION OF INNER BULK BOUNDARY SET TO  -7.556664449     A FROM PROTEIN. CONTOUR VALUE IS  0.1135344160E-01
 MESSAGE (watershell2_main): OUTER BULK BOUNDARY ( -8.056664449    ) IS TOO CLOSE TO SURFACE BOUNDARY ( -8.551661175    ). WILL RECOMPUTE:
 MESSAGE (watershell2_main): LOCATION OF OUTER BULK BOUNDARY SET TO  -8.054996691     A FROM PROTEIN. CONTOUR VALUE IS  0.5743837653E-02
 MESSAGE (watershell2_main): LOCATION OF INNER BULK BOUNDARY SET TO  -7.554996691     A FROM PROTEIN. CONTOUR VALUE IS  0.1137828813E-01
 MESSAGE (watershell2_main): OUTER BULK BOUNDARY ( -8.054996691    ) IS TOO CLOSE TO SURFACE BOUNDARY ( -8.549929717    ). WILL RECOMPUTE:
 MESSAGE (watershell2_main): LOCATION OF OUTER BULK BOUNDARY SET TO  -8.053307699     A FROM PROTEIN. CONTOUR VALUE IS  0.5757666673E-02
 MESSAGE (watershell2_main): LOCATION OF INNER BULK BOUNDARY SET TO  -7.553307699     A FROM PROTEIN. CONTOUR VALUE IS  0.1140349914E-01
 MESSAGE (watershell2_main): OUTER BULK BOUNDARY ( -8.053307699    ) IS TOO CLOSE TO SURFACE BOUNDARY ( -8.548289391    ). WILL RECOMPUTE:
 MESSAGE (watershell2_main): LOCATION OF OUTER BULK BOUNDARY SET TO  -8.051634930     A FROM PROTEIN. CONTOUR VALUE IS  0.5771391990E-02
 MESSAGE (watershell2_main): LOCATION OF INNER BULK BOUNDARY SET TO  -7.551634930     A FROM PROTEIN. CONTOUR VALUE IS  0.1142851583E-01
 MESSAGE (watershell2_main): OUTER BULK BOUNDARY ( -8.051634930    ) IS TOO CLOSE TO SURFACE BOUNDARY ( -8.546556595    ). WILL RECOMPUTE:
 MESSAGE (watershell2_main): LOCATION OF OUTER BULK BOUNDARY SET TO  -8.049942152     A FROM PROTEIN. CONTOUR VALUE IS  0.5785311029E-02
 MESSAGE (watershell2_main): LOCATION OF INNER BULK BOUNDARY SET TO  -7.549942152     A FROM PROTEIN. CONTOUR VALUE IS  0.1145388028E-01
 MESSAGE (watershell2_main): OUTER BULK BOUNDARY ( -8.049942152    ) IS TOO CLOSE TO SURFACE BOUNDARY ( -8.544917295    ). WILL RECOMPUTE:
 MESSAGE (watershell2_main): LOCATION OF OUTER BULK BOUNDARY SET TO  -8.048267200     A FROM PROTEIN. CONTOUR VALUE IS  0.5799112802E-02
 MESSAGE (watershell2_main): LOCATION OF INNER BULK BOUNDARY SET TO  -7.548267200     A FROM PROTEIN. CONTOUR VALUE IS  0.1147902574E-01
 MESSAGE (watershell2_main): OUTER BULK BOUNDARY ( -8.048267200    ) IS TOO CLOSE TO SURFACE BOUNDARY ( -8.543186986    ). WILL RECOMPUTE:
 MESSAGE (watershell2_main): LOCATION OF OUTER BULK BOUNDARY SET TO  -8.046573795     A FROM PROTEIN. CONTOUR VALUE IS  0.5813096316E-02
 MESSAGE (watershell2_main): LOCATION OF INNER BULK BOUNDARY SET TO  -7.546573795     A FROM PROTEIN. CONTOUR VALUE IS  0.1150449695E-01
 MESSAGE (watershell2_main): OUTER BULK BOUNDARY ( -8.046573795    ) IS TOO CLOSE TO SURFACE BOUNDARY ( -8.541548257    ). WILL RECOMPUTE:
 MESSAGE (watershell2_main): LOCATION OF OUTER BULK BOUNDARY SET TO  -8.044898616     A FROM PROTEIN. CONTOUR VALUE IS  0.5826958760E-02
 MESSAGE (watershell2_main): LOCATION OF INNER BULK BOUNDARY SET TO  -7.544898616     A FROM PROTEIN. CONTOUR VALUE IS  0.1152974231E-01
 MESSAGE (watershell2_main): OUTER BULK BOUNDARY ( -8.044898616    ) IS TOO CLOSE TO SURFACE BOUNDARY ( -8.539826386    ). WILL RECOMPUTE:
 MESSAGE (watershell2_main): LOCATION OF OUTER BULK BOUNDARY SET TO  -8.043207872     A FROM PROTEIN. CONTOUR VALUE IS  0.5840979727E-02
 MESSAGE (watershell2_main): LOCATION OF INNER BULK BOUNDARY SET TO  -7.543207872     A FROM PROTEIN. CONTOUR VALUE IS  0.1155527099E-01
 MESSAGE (watershell2_main): OUTER BULK BOUNDARY ( -8.043207872    ) IS TOO CLOSE TO SURFACE BOUNDARY ( -8.538204895    ). WILL RECOMPUTE:
 MESSAGE (watershell2_main): LOCATION OF OUTER BULK BOUNDARY SET TO  -8.041540213     A FROM PROTEIN. CONTOUR VALUE IS  0.5854838572E-02
 MESSAGE (watershell2_main): LOCATION OF INNER BULK BOUNDARY SET TO  -7.541540213     A FROM PROTEIN. CONTOUR VALUE IS  0.1158049919E-01
 MESSAGE (watershell2_main): OUTER BULK BOUNDARY ( -8.041540213    ) IS TOO CLOSE TO SURFACE BOUNDARY ( -8.536513346    ). WILL RECOMPUTE:
 MESSAGE (watershell2_main): LOCATION OF OUTER BULK BOUNDARY SET TO  -8.039864591     A FROM PROTEIN. CONTOUR VALUE IS  0.5868792965E-02
 MESSAGE (watershell2_main): LOCATION OF INNER BULK BOUNDARY SET TO  -7.539864591     A FROM PROTEIN. CONTOUR VALUE IS  0.1160589601E-01
 MESSAGE (watershell2_main): OUTER BULK BOUNDARY ( -8.039864591    ) IS TOO CLOSE TO SURFACE BOUNDARY ( -8.534829642    ). WILL RECOMPUTE:
 MESSAGE (watershell2_main): LOCATION OF OUTER BULK BOUNDARY SET TO  -8.038186275     A FROM PROTEIN. CONTOUR VALUE IS  0.5882799356E-02
 MESSAGE (watershell2_main): LOCATION OF INNER BULK BOUNDARY SET TO  -7.538186275     A FROM PROTEIN. CONTOUR VALUE IS  0.1163138212E-01
 MESSAGE (watershell2_main): OUTER BULK BOUNDARY ( -8.038186275    ) IS TOO CLOSE TO SURFACE BOUNDARY ( -8.533142165    ). WILL RECOMPUTE:
 MESSAGE (watershell2_main): LOCATION OF OUTER BULK BOUNDARY SET TO  -8.036504905     A FROM PROTEIN. CONTOUR VALUE IS  0.5896860951E-02
 MESSAGE (watershell2_main): LOCATION OF INNER BULK BOUNDARY SET TO  -7.536504905     A FROM PROTEIN. CONTOUR VALUE IS  0.1165696331E-01
 MESSAGE (watershell2_main): OUTER BULK BOUNDARY ( -8.036504905    ) IS TOO CLOSE TO SURFACE BOUNDARY ( -8.531461167    ). WILL RECOMPUTE:
 MESSAGE (watershell2_main): LOCATION OF OUTER BULK BOUNDARY SET TO  -8.034823659     A FROM PROTEIN. CONTOUR VALUE IS  0.5910951306E-02
 MESSAGE (watershell2_main): LOCATION OF INNER BULK BOUNDARY SET TO  -7.534823659     A FROM PROTEIN. CONTOUR VALUE IS  0.1168259143E-01
 MESSAGE (watershell2_main): OUTER BULK BOUNDARY ( -8.034823659    ) IS TOO CLOSE TO SURFACE BOUNDARY ( -8.529793565    ). WILL RECOMPUTE:
 MESSAGE (watershell2_main): LOCATION OF OUTER BULK BOUNDARY SET TO  -8.033146961     A FROM PROTEIN. CONTOUR VALUE IS  0.5925033275E-02
 MESSAGE (watershell2_main): LOCATION OF INNER BULK BOUNDARY SET TO  -7.533146961     A FROM PROTEIN. CONTOUR VALUE IS  0.1170819892E-01
 MESSAGE (watershell2_main): OUTER BULK BOUNDARY ( -8.033146961    ) IS TOO CLOSE TO SURFACE BOUNDARY ( -8.528138715    ). WILL RECOMPUTE:
 MESSAGE (watershell2_main): LOCATION OF OUTER BULK BOUNDARY SET TO  -8.031477546     A FROM PROTEIN. CONTOUR VALUE IS  0.5939083629E-02
 MESSAGE (watershell2_main): LOCATION OF INNER BULK BOUNDARY SET TO  -7.531477546     A FROM PROTEIN. CONTOUR VALUE IS  0.1173374357E-01
 MESSAGE (watershell2_main): OUTER BULK BOUNDARY ( -8.031477546    ) IS TOO CLOSE TO SURFACE BOUNDARY ( -8.526405921    ). WILL RECOMPUTE:
 MESSAGE (watershell2_main): LOCATION OF OUTER BULK BOUNDARY SET TO  -8.029787004     A FROM PROTEIN. CONTOUR VALUE IS  0.5953341885E-02
 MESSAGE (watershell2_main): LOCATION OF INNER BULK BOUNDARY SET TO  -7.529787004     A FROM PROTEIN. CONTOUR VALUE IS  0.1175966077E-01
 MESSAGE (watershell2_main): OUTER BULK BOUNDARY ( -8.029787004    ) IS TOO CLOSE TO SURFACE BOUNDARY ( -8.524759053    ). WILL RECOMPUTE:
 MESSAGE (watershell2_main): LOCATION OF OUTER BULK BOUNDARY SET TO  -8.028111021     A FROM PROTEIN. CONTOUR VALUE IS  0.5967507309E-02
 MESSAGE (watershell2_main): LOCATION OF INNER BULK BOUNDARY SET TO  -7.528111021     A FROM PROTEIN. CONTOUR VALUE IS  0.1178540380E-01
 MESSAGE (watershell2_main): OUTER BULK BOUNDARY ( -8.028111021    ) IS TOO CLOSE TO SURFACE BOUNDARY ( -8.523042125    ). WILL RECOMPUTE:
 MESSAGE (watershell2_main): LOCATION OF OUTER BULK BOUNDARY SET TO  -8.026421389     A FROM PROTEIN. CONTOUR VALUE IS  0.5981818329E-02
 MESSAGE (watershell2_main): LOCATION OF INNER BULK BOUNDARY SET TO  -7.526421389     A FROM PROTEIN. CONTOUR VALUE IS  0.1181140596E-01
 MESSAGE (watershell2_main): OUTER BULK BOUNDARY ( -8.026421389    ) IS TOO CLOSE TO SURFACE BOUNDARY ( -8.521335807    ). WILL RECOMPUTE:
 MESSAGE (watershell2_main): LOCATION OF OUTER BULK BOUNDARY SET TO  -8.024726195     A FROM PROTEIN. CONTOUR VALUE IS  0.5996207027E-02
 MESSAGE (watershell2_main): LOCATION OF INNER BULK BOUNDARY SET TO  -7.524726195     A FROM PROTEIN. CONTOUR VALUE IS  0.1183754372E-01
 MESSAGE (watershell2_main): OUTER BULK BOUNDARY ( -8.024726195    ) IS TOO CLOSE TO SURFACE BOUNDARY ( -8.519707784    ). WILL RECOMPUTE:
 MESSAGE (watershell2_main): LOCATION OF OUTER BULK BOUNDARY SET TO  -8.023053391     A FROM PROTEIN. CONTOUR VALUE IS  0.6010435746E-02
 MESSAGE (watershell2_main): LOCATION OF INNER BULK BOUNDARY SET TO  -7.523053391     A FROM PROTEIN. CONTOUR VALUE IS  0.1186338543E-01
 MESSAGE (watershell2_main): OUTER BULK BOUNDARY ( -8.023053391    ) IS TOO CLOSE TO SURFACE BOUNDARY ( -8.517991716    ). WILL RECOMPUTE:
 MESSAGE (watershell2_main): LOCATION OF OUTER BULK BOUNDARY SET TO  -8.021366166     A FROM PROTEIN. CONTOUR VALUE IS  0.6024817441E-02
 MESSAGE (watershell2_main): LOCATION OF INNER BULK BOUNDARY SET TO  -7.521366166     A FROM PROTEIN. CONTOUR VALUE IS  0.1188949948E-01
 MESSAGE (watershell2_main): OUTER BULK BOUNDARY ( -8.021366166    ) IS TOO CLOSE TO SURFACE BOUNDARY ( -8.516360454    ). WILL RECOMPUTE:
 MESSAGE (watershell2_main): LOCATION OF OUTER BULK BOUNDARY SET TO  -8.019697596     A FROM PROTEIN. CONTOUR VALUE IS  0.6039070118E-02
 MESSAGE (watershell2_main): LOCATION OF INNER BULK BOUNDARY SET TO  -7.519697596     A FROM PROTEIN. CONTOUR VALUE IS  0.1191537383E-01
 MESSAGE (watershell2_main): OUTER BULK BOUNDARY ( -8.019697596    ) IS TOO CLOSE TO SURFACE BOUNDARY ( -8.514650313    ). WILL RECOMPUTE:
 MESSAGE (watershell2_main): LOCATION OF OUTER BULK BOUNDARY SET TO  -8.018015168     A FROM PROTEIN. CONTOUR VALUE IS  0.6053471408E-02
 MESSAGE (watershell2_main): LOCATION OF INNER BULK BOUNDARY SET TO  -7.518015168     A FROM PROTEIN. CONTOUR VALUE IS  0.1194151250E-01
 MESSAGE (watershell2_main): OUTER BULK BOUNDARY ( -8.018015168    ) IS TOO CLOSE TO SURFACE BOUNDARY ( -8.512947090    ). WILL RECOMPUTE:
 MESSAGE (watershell2_main): LOCATION OF OUTER BULK BOUNDARY SET TO  -8.016325809     A FROM PROTEIN. CONTOUR VALUE IS  0.6067962649E-02
 MESSAGE (watershell2_main): LOCATION OF INNER BULK BOUNDARY SET TO  -7.516325809     A FROM PROTEIN. CONTOUR VALUE IS  0.1196780889E-01
 MESSAGE (watershell2_main): OUTER BULK BOUNDARY ( -8.016325809    ) IS TOO CLOSE TO SURFACE BOUNDARY ( -8.511252550    ). WILL RECOMPUTE:
 MESSAGE (watershell2_main): LOCATION OF OUTER BULK BOUNDARY SET TO  -8.014634722     A FROM PROTEIN. CONTOUR VALUE IS  0.6082499484E-02
 MESSAGE (watershell2_main): LOCATION OF INNER BULK BOUNDARY SET TO  -7.514634722     A FROM PROTEIN. CONTOUR VALUE IS  0.1199418244E-01
 MESSAGE (watershell2_main): OUTER BULK BOUNDARY ( -8.014634722    ) IS TOO CLOSE TO SURFACE BOUNDARY ( -8.509564488    ). WILL RECOMPUTE:
 MESSAGE (watershell2_main): LOCATION OF OUTER BULK BOUNDARY SET TO  -8.012944644     A FROM PROTEIN. CONTOUR VALUE IS  0.6097058476E-02
 MESSAGE (watershell2_main): LOCATION OF INNER BULK BOUNDARY SET TO  -7.512944644     A FROM PROTEIN. CONTOUR VALUE IS  0.1202059060E-01
 MESSAGE (watershell2_main): OUTER BULK BOUNDARY ( -8.012944644    ) IS TOO CLOSE TO SURFACE BOUNDARY ( -8.507872607    ). WILL RECOMPUTE:
 MESSAGE (watershell2_main): LOCATION OF OUTER BULK BOUNDARY SET TO  -8.011253965     A FROM PROTEIN. CONTOUR VALUE IS  0.6111653533E-02
 MESSAGE (watershell2_main): LOCATION OF INNER BULK BOUNDARY SET TO  -7.511253965     A FROM PROTEIN. CONTOUR VALUE IS  0.1204705859E-01
 MESSAGE (watershell2_main): OUTER BULK BOUNDARY ( -8.011253965    ) IS TOO CLOSE TO SURFACE BOUNDARY ( -8.506183208    ). WILL RECOMPUTE:
 MESSAGE (watershell2_main): LOCATION OF OUTER BULK BOUNDARY SET TO  -8.009563713     A FROM PROTEIN. CONTOUR VALUE IS  0.6126275841E-02
 MESSAGE (watershell2_main): LOCATION OF INNER BULK BOUNDARY SET TO  -7.509563713     A FROM PROTEIN. CONTOUR VALUE IS  0.1207357040E-01
 MESSAGE (watershell2_main): OUTER BULK BOUNDARY ( -8.009563713    ) IS TOO CLOSE TO SURFACE BOUNDARY ( -8.504491576    ). WILL RECOMPUTE:
 MESSAGE (watershell2_main): LOCATION OF OUTER BULK BOUNDARY SET TO  -8.007873001     A FROM PROTEIN. CONTOUR VALUE IS  0.6140933125E-02
 MESSAGE (watershell2_main): LOCATION OF INNER BULK BOUNDARY SET TO  -7.507873001     A FROM PROTEIN. CONTOUR VALUE IS  0.1210014000E-01
 MESSAGE (watershell2_main): OUTER BULK BOUNDARY ( -8.007873001    ) IS TOO CLOSE TO SURFACE BOUNDARY ( -8.502804221    ). WILL RECOMPUTE:
 MESSAGE (watershell2_main): LOCATION OF OUTER BULK BOUNDARY SET TO  -8.006183407     A FROM PROTEIN. CONTOUR VALUE IS  0.6155611735E-02
 MESSAGE (watershell2_main): LOCATION OF INNER BULK BOUNDARY SET TO  -7.506183407     A FROM PROTEIN. CONTOUR VALUE IS  0.1212674264E-01
 MESSAGE (watershell2_main): OUTER BULK BOUNDARY ( -8.006183407    ) IS TOO CLOSE TO SURFACE BOUNDARY ( -8.501113408    ). WILL RECOMPUTE:
 MESSAGE (watershell2_main): LOCATION OF OUTER BULK BOUNDARY SET TO  -8.004493408     A FROM PROTEIN. CONTOUR VALUE IS  0.6170324962E-02
 MESSAGE (watershell2_main): LOCATION OF INNER BULK BOUNDARY SET TO  -7.504493408     A FROM PROTEIN. CONTOUR VALUE IS  0.1215340238E-01
 MESSAGE (watershell2_main): OUTER BULK BOUNDARY ( -8.004493408    ) IS TOO CLOSE TO SURFACE BOUNDARY ( -8.499425550    ). WILL RECOMPUTE:
 MESSAGE (watershell2_main): LOCATION OF OUTER BULK BOUNDARY SET TO  -8.002804122     A FROM PROTEIN. CONTOUR VALUE IS  0.6185063097E-02
 MESSAGE (watershell2_main): LOCATION OF INNER BULK BOUNDARY SET TO  -7.502804122     A FROM PROTEIN. CONTOUR VALUE IS  0.1218010161E-01
 ==========================================================================================
 Iteration:               110000
 Surface boundary distance:         -8.4984052899845803      (contour value:   2.9868921098080148E-003 )
 Current avg. solvent contour val:  0.29646295571144188
 Surface energy:                     94.157469014435222
 Curvature energy:                   12.177004415288675
 Surface curvature at solvent (min:ave:max): (  -9.4596400507300865E-002 :  -2.6234917040964166E-002 :  0.55138030279714623      )
 ======= FORCE STATISTICS ==============
 Total force applied to surface atoms:   -0.69545575670526005       -2.0994455550331099       -3.7204741920665527
 RMS of surface atom forces:               2.8958169098239762E-002
 Largest force acting on a surface atom:   4.1972087088126220E-002
 Total force applied to solvent atoms:     3.5141671195426460      -0.92636703125755793        15.546639727389998
 RMS of solvent atom forces:              0.29043644012912700
 Largest force acting on a solvent atom:   4.2830244019460677
 Rotational restraint energy:          0.12436710014323991
 Translational restraint energy:       0.93666292809580187
 Total rigid-body restraint energy:     1.0610300282390417
 =======================================
 Solute neighbor list search depth (min:ave:max): (          16 :   90.578847070033348      :         159 )
 ======= DENSITY STATISTICS ============
 # Solute atoms used for density:           159
 Target density (g/mL):             0.99700000000000000
 Simulation density (g/mL):         0.82691370667148134
 Instantaneous density (g/mL):      0.83823145333250126
 Volume of bulk solvent (Ang^3):     4605.0000000000000
 Mass of bulk solvent (amu):         2324.5799999999945
 Outer bulk boundary distance:      -8.0028041216547763      (contour value:   6.1850630968145470E-003 )
 Inner bulk boundary distance:      -7.5028041216547781      (contour value:   1.2180101611227678E-002 )
 ======================================
 MESSAGE (watershell2_main): WRITING RESTART FILE TO ("watershell0.restart.txt")
 MESSAGE (FILES_OPEN): Opening FORMATTED file "watershell0.restart.txt" for writing.
 MESSAGE (watershell2_main): OUTER BULK BOUNDARY ( -8.002804122    ) IS TOO CLOSE TO SURFACE BOUNDARY ( -8.497724945    ). WILL RECOMPUTE:
 MESSAGE (watershell2_main): LOCATION OF OUTER BULK BOUNDARY SET TO  -8.001111063     A FROM PROTEIN. CONTOUR VALUE IS  0.6199865425E-02
 MESSAGE (watershell2_main): LOCATION OF INNER BULK BOUNDARY SET TO  -7.501111063     A FROM PROTEIN. CONTOUR VALUE IS  0.1220691147E-01
 MESSAGE (watershell2_main): OUTER BULK BOUNDARY ( -8.001111063    ) IS TOO CLOSE TO SURFACE BOUNDARY ( -8.496027767    ). WILL RECOMPUTE:
 MESSAGE (watershell2_main): LOCATION OF OUTER BULK BOUNDARY SET TO  -7.999416631     A FROM PROTEIN. CONTOUR VALUE IS  0.6214711162E-02
 MESSAGE (watershell2_main): LOCATION OF INNER BULK BOUNDARY SET TO  -7.499416631     A FROM PROTEIN. CONTOUR VALUE IS  0.1223379425E-01
 MESSAGE (watershell2_main): OUTER BULK BOUNDARY ( -7.999416631    ) IS TOO CLOSE TO SURFACE BOUNDARY ( -8.494342032    ). WILL RECOMPUTE:
 MESSAGE (watershell2_main): LOCATION OF OUTER BULK BOUNDARY SET TO  -7.997725098     A FROM PROTEIN. CONTOUR VALUE IS  0.6229562892E-02
 MESSAGE (watershell2_main): LOCATION OF INNER BULK BOUNDARY SET TO  -7.497725098     A FROM PROTEIN. CONTOUR VALUE IS  0.1226068219E-01
 MESSAGE (watershell2_main): OUTER BULK BOUNDARY ( -7.997725098    ) IS TOO CLOSE TO SURFACE BOUNDARY ( -8.492673716    ). WILL RECOMPUTE:
 MESSAGE (watershell2_main): LOCATION OF OUTER BULK BOUNDARY SET TO  -7.996041304     A FROM PROTEIN. CONTOUR VALUE IS  0.6244377881E-02
 MESSAGE (watershell2_main): LOCATION OF INNER BULK BOUNDARY SET TO  -7.496041304     A FROM PROTEIN. CONTOUR VALUE IS  0.1228749795E-01
 MESSAGE (watershell2_main): OUTER BULK BOUNDARY ( -7.996041304    ) IS TOO CLOSE TO SURFACE BOUNDARY ( -8.491012438    ). WILL RECOMPUTE:
 MESSAGE (watershell2_main): LOCATION OF OUTER BULK BOUNDARY SET TO  -7.994365015     A FROM PROTEIN. CONTOUR VALUE IS  0.6259157815E-02
 MESSAGE (watershell2_main): LOCATION OF INNER BULK BOUNDARY SET TO  -7.494365015     A FROM PROTEIN. CONTOUR VALUE IS  0.1231424465E-01
 MESSAGE (watershell2_main): OUTER BULK BOUNDARY ( -7.994365015    ) IS TOO CLOSE TO SURFACE BOUNDARY ( -8.489350025    ). WILL RECOMPUTE:
 MESSAGE (watershell2_main): LOCATION OF OUTER BULK BOUNDARY SET TO  -7.992693352     A FROM PROTEIN. CONTOUR VALUE IS  0.6273927808E-02
 MESSAGE (watershell2_main): LOCATION OF INNER BULK BOUNDARY SET TO  -7.492693352     A FROM PROTEIN. CONTOUR VALUE IS  0.1234096776E-01
 MESSAGE (watershell2_main): OUTER BULK BOUNDARY ( -7.992693352    ) IS TOO CLOSE TO SURFACE BOUNDARY ( -8.487615808    ). WILL RECOMPUTE:
 MESSAGE (watershell2_main): LOCATION OF OUTER BULK BOUNDARY SET TO  -7.991000837     A FROM PROTEIN. CONTOUR VALUE IS  0.6288913460E-02
 MESSAGE (watershell2_main): LOCATION OF INNER BULK BOUNDARY SET TO  -7.491000837     A FROM PROTEIN. CONTOUR VALUE IS  0.1236807536E-01
 MESSAGE (watershell2_main): OUTER BULK BOUNDARY ( -7.991000837    ) IS TOO CLOSE TO SURFACE BOUNDARY ( -8.485965559    ). WILL RECOMPUTE:
 MESSAGE (watershell2_main): LOCATION OF OUTER BULK BOUNDARY SET TO  -7.989322411     A FROM PROTEIN. CONTOUR VALUE IS  0.6303805659E-02
 MESSAGE (watershell2_main): LOCATION OF INNER BULK BOUNDARY SET TO  -7.489322411     A FROM PROTEIN. CONTOUR VALUE IS  0.1239500823E-01
 MESSAGE (watershell2_main): OUTER BULK BOUNDARY ( -7.989322411    ) IS TOO CLOSE TO SURFACE BOUNDARY ( -8.484319647    ). WILL RECOMPUTE:
 MESSAGE (watershell2_main): LOCATION OF OUTER BULK BOUNDARY SET TO  -7.987654823     A FROM PROTEIN. CONTOUR VALUE IS  0.6318632602E-02
 MESSAGE (watershell2_main): LOCATION OF INNER BULK BOUNDARY SET TO  -7.487654823     A FROM PROTEIN. CONTOUR VALUE IS  0.1242181748E-01
 MESSAGE (watershell2_main): OUTER BULK BOUNDARY ( -7.987654823    ) IS TOO CLOSE TO SURFACE BOUNDARY ( -8.482587430    ). WILL RECOMPUTE:
 MESSAGE (watershell2_main): LOCATION OF OUTER BULK BOUNDARY SET TO  -7.985965692     A FROM PROTEIN. CONTOUR VALUE IS  0.6333682553E-02
 MESSAGE (watershell2_main): LOCATION OF INNER BULK BOUNDARY SET TO  -7.485965692     A FROM PROTEIN. CONTOUR VALUE IS  0.1244902425E-01
 MESSAGE (watershell2_main): OUTER BULK BOUNDARY ( -7.985965692    ) IS TOO CLOSE TO SURFACE BOUNDARY ( -8.480949364    ). WILL RECOMPUTE:
 MESSAGE (watershell2_main): LOCATION OF OUTER BULK BOUNDARY SET TO  -7.984293583     A FROM PROTEIN. CONTOUR VALUE IS  0.6348612087E-02
 MESSAGE (watershell2_main): LOCATION OF INNER BULK BOUNDARY SET TO  -7.484293583     A FROM PROTEIN. CONTOUR VALUE IS  0.1247600766E-01
 MESSAGE (watershell2_main): OUTER BULK BOUNDARY ( -7.984293583    ) IS TOO CLOSE TO SURFACE BOUNDARY ( -8.479241220    ). WILL RECOMPUTE:
 MESSAGE (watershell2_main): LOCATION OF OUTER BULK BOUNDARY SET TO  -7.982609462     A FROM PROTEIN. CONTOUR VALUE IS  0.6363680342E-02
 MESSAGE (watershell2_main): LOCATION OF INNER BULK BOUNDARY SET TO  -7.482609462     A FROM PROTEIN. CONTOUR VALUE IS  0.1250323608E-01
 MESSAGE (watershell2_main): OUTER BULK BOUNDARY ( -7.982609462    ) IS TOO CLOSE TO SURFACE BOUNDARY ( -8.477546416    ). WILL RECOMPUTE:
 MESSAGE (watershell2_main): LOCATION OF OUTER BULK BOUNDARY SET TO  -7.980921780     A FROM PROTEIN. CONTOUR VALUE IS  0.6378812201E-02
 MESSAGE (watershell2_main): LOCATION OF INNER BULK BOUNDARY SET TO  -7.480921780     A FROM PROTEIN. CONTOUR VALUE IS  0.1253057367E-01
 MESSAGE (watershell2_main): OUTER BULK BOUNDARY ( -7.980921780    ) IS TOO CLOSE TO SURFACE BOUNDARY ( -8.475851945    ). WILL RECOMPUTE:
 MESSAGE (watershell2_main): LOCATION OF OUTER BULK BOUNDARY SET TO  -7.979231835     A FROM PROTEIN. CONTOUR VALUE IS  0.6393996250E-02
 MESSAGE (watershell2_main): LOCATION OF INNER BULK BOUNDARY SET TO  -7.479231835     A FROM PROTEIN. CONTOUR VALUE IS  0.1255799976E-01
 MESSAGE (watershell2_main): OUTER BULK BOUNDARY ( -7.979231835    ) IS TOO CLOSE TO SURFACE BOUNDARY ( -8.474168423    ). WILL RECOMPUTE:
 MESSAGE (watershell2_main): LOCATION OF OUTER BULK BOUNDARY SET TO  -7.977544031     A FROM PROTEIN. CONTOUR VALUE IS  0.6409192977E-02
 MESSAGE (watershell2_main): LOCATION OF INNER BULK BOUNDARY SET TO  -7.477544031     A FROM PROTEIN. CONTOUR VALUE IS  0.1258544295E-01
 MESSAGE (watershell2_main): OUTER BULK BOUNDARY ( -7.977544031    ) IS TOO CLOSE TO SURFACE BOUNDARY ( -8.472508985    ). WILL RECOMPUTE:
 MESSAGE (watershell2_main): LOCATION OF OUTER BULK BOUNDARY SET TO  -7.975865682     A FROM PROTEIN. CONTOUR VALUE IS  0.6424336252E-02
 MESSAGE (watershell2_main): LOCATION OF INNER BULK BOUNDARY SET TO  -7.475865682     A FROM PROTEIN. CONTOUR VALUE IS  0.1261278386E-01
 MESSAGE (watershell2_main): OUTER BULK BOUNDARY ( -7.975865682    ) IS TOO CLOSE TO SURFACE BOUNDARY ( -8.470864453    ). WILL RECOMPUTE:
 MESSAGE (watershell2_main): LOCATION OF OUTER BULK BOUNDARY SET TO  -7.974198606     A FROM PROTEIN. CONTOUR VALUE IS  0.6439409153E-02
 MESSAGE (watershell2_main): LOCATION OF INNER BULK BOUNDARY SET TO  -7.474198606     A FROM PROTEIN. CONTOUR VALUE IS  0.1263999201E-01
 MESSAGE (watershell2_main): OUTER BULK BOUNDARY ( -7.974198606    ) IS TOO CLOSE TO SURFACE BOUNDARY ( -8.469154712    ). WILL RECOMPUTE:
 MESSAGE (watershell2_main): LOCATION OF OUTER BULK BOUNDARY SET TO  -7.972517308     A FROM PROTEIN. CONTOUR VALUE IS  0.6454642319E-02
 MESSAGE (watershell2_main): LOCATION OF INNER BULK BOUNDARY SET TO  -7.472517308     A FROM PROTEIN. CONTOUR VALUE IS  0.1266748371E-01
 MESSAGE (watershell2_main): OUTER BULK BOUNDARY ( -7.972517308    ) IS TOO CLOSE TO SURFACE BOUNDARY ( -8.467457227    ). WILL RECOMPUTE:
 MESSAGE (watershell2_main): LOCATION OF OUTER BULK BOUNDARY SET TO  -7.970830614     A FROM PROTEIN. CONTOUR VALUE IS  0.6469956396E-02
 MESSAGE (watershell2_main): LOCATION OF INNER BULK BOUNDARY SET TO  -7.470830614     A FROM PROTEIN. CONTOUR VALUE IS  0.1269511562E-01
 MESSAGE (watershell2_main): OUTER BULK BOUNDARY ( -7.970830614    ) IS TOO CLOSE TO SURFACE BOUNDARY ( -8.465792421    ). WILL RECOMPUTE:
 MESSAGE (watershell2_main): LOCATION OF OUTER BULK BOUNDARY SET TO  -7.969151217     A FROM PROTEIN. CONTOUR VALUE IS  0.6485236156E-02
 MESSAGE (watershell2_main): LOCATION OF INNER BULK BOUNDARY SET TO  -7.469151217     A FROM PROTEIN. CONTOUR VALUE IS  0.1272267980E-01
 MESSAGE (watershell2_main): OUTER BULK BOUNDARY ( -7.969151217    ) IS TOO CLOSE TO SURFACE BOUNDARY ( -8.464149455    ). WILL RECOMPUTE:
 MESSAGE (watershell2_main): LOCATION OF OUTER BULK BOUNDARY SET TO  -7.967483963     A FROM PROTEIN. CONTOUR VALUE IS  0.6500436992E-02
 MESSAGE (watershell2_main): LOCATION OF INNER BULK BOUNDARY SET TO  -7.467483963     A FROM PROTEIN. CONTOUR VALUE IS  0.1275009586E-01
 MESSAGE (watershell2_main): OUTER BULK BOUNDARY ( -7.967483963    ) IS TOO CLOSE TO SURFACE BOUNDARY ( -8.462438780    ). WILL RECOMPUTE:
 MESSAGE (watershell2_main): LOCATION OF OUTER BULK BOUNDARY SET TO  -7.965802235     A FROM PROTEIN. CONTOUR VALUE IS  0.6515801708E-02
 MESSAGE (watershell2_main): LOCATION OF INNER BULK BOUNDARY SET TO  -7.465802235     A FROM PROTEIN. CONTOUR VALUE IS  0.1277780170E-01
 MESSAGE (watershell2_main): OUTER BULK BOUNDARY ( -7.965802235    ) IS TOO CLOSE TO SURFACE BOUNDARY ( -8.460787704    ). WILL RECOMPUTE:
 MESSAGE (watershell2_main): LOCATION OF OUTER BULK BOUNDARY SET TO  -7.964130725     A FROM PROTEIN. CONTOUR VALUE IS  0.6531104898E-02
 MESSAGE (watershell2_main): LOCATION OF INNER BULK BOUNDARY SET TO  -7.464130725     A FROM PROTEIN. CONTOUR VALUE IS  0.1280539081E-01
 MESSAGE (watershell2_main): OUTER BULK BOUNDARY ( -7.964130725    ) IS TOO CLOSE TO SURFACE BOUNDARY ( -8.459067379    ). WILL RECOMPUTE:
 MESSAGE (watershell2_main): LOCATION OF OUTER BULK BOUNDARY SET TO  -7.962442943     A FROM PROTEIN. CONTOUR VALUE IS  0.6546589300E-02
 MESSAGE (watershell2_main): LOCATION OF INNER BULK BOUNDARY SET TO  -7.462442943     A FROM PROTEIN. CONTOUR VALUE IS  0.1283330076E-01
 MESSAGE (watershell2_main): OUTER BULK BOUNDARY ( -7.962442943    ) IS TOO CLOSE TO SURFACE BOUNDARY ( -8.457429972    ). WILL RECOMPUTE:
 MESSAGE (watershell2_main): LOCATION OF OUTER BULK BOUNDARY SET TO  -7.960771953     A FROM PROTEIN. CONTOUR VALUE IS  0.6561951624E-02
 MESSAGE (watershell2_main): LOCATION OF INNER BULK BOUNDARY SET TO  -7.460771953     A FROM PROTEIN. CONTOUR VALUE IS  0.1286098485E-01
 MESSAGE (watershell2_main): OUTER BULK BOUNDARY ( -7.960771953    ) IS TOO CLOSE TO SURFACE BOUNDARY ( -8.455712261    ). WILL RECOMPUTE:
 MESSAGE (watershell2_main): LOCATION OF OUTER BULK BOUNDARY SET TO  -7.959085389     A FROM PROTEIN. CONTOUR VALUE IS  0.6577489439E-02
 MESSAGE (watershell2_main): LOCATION OF INNER BULK BOUNDARY SET TO  -7.459085389     A FROM PROTEIN. CONTOUR VALUE IS  0.1288897931E-01
 MESSAGE (watershell2_main): OUTER BULK BOUNDARY ( -7.959085389    ) IS TOO CLOSE TO SURFACE BOUNDARY ( -8.454067527    ). WILL RECOMPUTE:
 MESSAGE (watershell2_main): LOCATION OF OUTER BULK BOUNDARY SET TO  -7.957412768     A FROM PROTEIN. CONTOUR VALUE IS  0.6592930921E-02
 MESSAGE (watershell2_main): LOCATION OF INNER BULK BOUNDARY SET TO  -7.457412768     A FROM PROTEIN. CONTOUR VALUE IS  0.1291679436E-01
 MESSAGE (watershell2_main): OUTER BULK BOUNDARY ( -7.957412768    ) IS TOO CLOSE TO SURFACE BOUNDARY ( -8.452353564    ). WILL RECOMPUTE:
 MESSAGE (watershell2_main): LOCATION OF OUTER BULK BOUNDARY SET TO  -7.955726367     A FROM PROTEIN. CONTOUR VALUE IS  0.6608532065E-02
 MESSAGE (watershell2_main): LOCATION OF INNER BULK BOUNDARY SET TO  -7.455726367     A FROM PROTEIN. CONTOUR VALUE IS  0.1294489112E-01
 MESSAGE (watershell2_main): OUTER BULK BOUNDARY ( -7.955726367    ) IS TOO CLOSE TO SURFACE BOUNDARY ( -8.450706671    ). WILL RECOMPUTE:
 MESSAGE (watershell2_main): LOCATION OF OUTER BULK BOUNDARY SET TO  -7.954053135     A FROM PROTEIN. CONTOUR VALUE IS  0.6624043627E-02
 MESSAGE (watershell2_main): LOCATION OF INNER BULK BOUNDARY SET TO  -7.454053135     A FROM PROTEIN. CONTOUR VALUE IS  0.1297282068E-01
 MESSAGE (watershell2_main): OUTER BULK BOUNDARY ( -7.954053135    ) IS TOO CLOSE TO SURFACE BOUNDARY ( -8.449047179    ). WILL RECOMPUTE:
 MESSAGE (watershell2_main): LOCATION OF OUTER BULK BOUNDARY SET TO  -7.952384483     A FROM PROTEIN. CONTOUR VALUE IS  0.6639544776E-02
 MESSAGE (watershell2_main): LOCATION OF INNER BULK BOUNDARY SET TO  -7.452384483     A FROM PROTEIN. CONTOUR VALUE IS  0.1300072566E-01
 MESSAGE (watershell2_main): OUTER BULK BOUNDARY ( -7.952384483    ) IS TOO CLOSE TO SURFACE BOUNDARY ( -8.447382542    ). WILL RECOMPUTE:
 MESSAGE (watershell2_main): LOCATION OF OUTER BULK BOUNDARY SET TO  -7.950717169     A FROM PROTEIN. CONTOUR VALUE IS  0.6655065511E-02
 MESSAGE (watershell2_main): LOCATION OF INNER BULK BOUNDARY SET TO  -7.450717169     A FROM PROTEIN. CONTOUR VALUE IS  0.1302866007E-01
 MESSAGE (watershell2_main): OUTER BULK BOUNDARY ( -7.950717169    ) IS TOO CLOSE TO SURFACE BOUNDARY ( -8.445656696    ). WILL RECOMPUTE:
 MESSAGE (watershell2_main): LOCATION OF OUTER BULK BOUNDARY SET TO  -7.949030345     A FROM PROTEIN. CONTOUR VALUE IS  0.6670800495E-02
 MESSAGE (watershell2_main): LOCATION OF INNER BULK BOUNDARY SET TO  -7.449030345     A FROM PROTEIN. CONTOUR VALUE IS  0.1305697415E-01
 MESSAGE (watershell2_main): OUTER BULK BOUNDARY ( -7.949030345    ) IS TOO CLOSE TO SURFACE BOUNDARY ( -8.443960503    ). WILL RECOMPUTE:
 MESSAGE (watershell2_main): LOCATION OF OUTER BULK BOUNDARY SET TO  -7.947340398     A FROM PROTEIN. CONTOUR VALUE IS  0.6686597573E-02
 MESSAGE (watershell2_main): LOCATION OF INNER BULK BOUNDARY SET TO  -7.447340398     A FROM PROTEIN. CONTOUR VALUE IS  0.1308539397E-01
 MESSAGE (watershell2_main): OUTER BULK BOUNDARY ( -7.947340398    ) IS TOO CLOSE TO SURFACE BOUNDARY ( -8.442280204    ). WILL RECOMPUTE:
 MESSAGE (watershell2_main): LOCATION OF OUTER BULK BOUNDARY SET TO  -7.945653666     A FROM PROTEIN. CONTOUR VALUE IS  0.6702397549E-02
 MESSAGE (watershell2_main): LOCATION OF INNER BULK BOUNDARY SET TO  -7.445653666     A FROM PROTEIN. CONTOUR VALUE IS  0.1311381300E-01
 MESSAGE (watershell2_main): OUTER BULK BOUNDARY ( -7.945653666    ) IS TOO CLOSE TO SURFACE BOUNDARY ( -8.440593469    ). WILL RECOMPUTE:
 MESSAGE (watershell2_main): LOCATION OF OUTER BULK BOUNDARY SET TO  -7.943966934     A FROM PROTEIN. CONTOUR VALUE IS  0.6718230523E-02
 MESSAGE (watershell2_main): LOCATION OF INNER BULK BOUNDARY SET TO  -7.443966934     A FROM PROTEIN. CONTOUR VALUE IS  0.1314228537E-01
 MESSAGE (watershell2_main): OUTER BULK BOUNDARY ( -7.943966934    ) IS TOO CLOSE TO SURFACE BOUNDARY ( -8.438930371    ). WILL RECOMPUTE:
 MESSAGE (watershell2_main): LOCATION OF OUTER BULK BOUNDARY SET TO  -7.942288080     A FROM PROTEIN. CONTOUR VALUE IS  0.6734022355E-02
 MESSAGE (watershell2_main): LOCATION OF INNER BULK BOUNDARY SET TO  -7.442288080     A FROM PROTEIN. CONTOUR VALUE IS  0.1317067779E-01
 MESSAGE (watershell2_main): OUTER BULK BOUNDARY ( -7.942288080    ) IS TOO CLOSE TO SURFACE BOUNDARY ( -8.437284552    ). WILL RECOMPUTE:
 MESSAGE (watershell2_main): LOCATION OF OUTER BULK BOUNDARY SET TO  -7.940620237     A FROM PROTEIN. CONTOUR VALUE IS  0.6749743077E-02
 MESSAGE (watershell2_main): LOCATION OF INNER BULK BOUNDARY SET TO  -7.440620237     A FROM PROTEIN. CONTOUR VALUE IS  0.1319893645E-01
 MESSAGE (watershell2_main): OUTER BULK BOUNDARY ( -7.940620237    ) IS TOO CLOSE TO SURFACE BOUNDARY ( -8.435592299    ). WILL RECOMPUTE:
 MESSAGE (watershell2_main): LOCATION OF OUTER BULK BOUNDARY SET TO  -7.938944258     A FROM PROTEIN. CONTOUR VALUE IS  0.6765573153E-02
 MESSAGE (watershell2_main): LOCATION OF INNER BULK BOUNDARY SET TO  -7.438944258     A FROM PROTEIN. CONTOUR VALUE IS  0.1322738572E-01
 MESSAGE (watershell2_main): OUTER BULK BOUNDARY ( -7.938944258    ) IS TOO CLOSE TO SURFACE BOUNDARY ( -8.433889442    ). WILL RECOMPUTE:
 MESSAGE (watershell2_main): LOCATION OF OUTER BULK BOUNDARY SET TO  -7.937259319     A FROM PROTEIN. CONTOUR VALUE IS  0.6781520907E-02
 MESSAGE (watershell2_main): LOCATION OF INNER BULK BOUNDARY SET TO  -7.437259319     A FROM PROTEIN. CONTOUR VALUE IS  0.1325604046E-01
 MESSAGE (watershell2_main): OUTER BULK BOUNDARY ( -7.937259319    ) IS TOO CLOSE TO SURFACE BOUNDARY ( -8.432240614    ). WILL RECOMPUTE:
 MESSAGE (watershell2_main): LOCATION OF OUTER BULK BOUNDARY SET TO  -7.935586418     A FROM PROTEIN. CONTOUR VALUE IS  0.6797387580E-02
 MESSAGE (watershell2_main): LOCATION OF INNER BULK BOUNDARY SET TO  -7.435586418     A FROM PROTEIN. CONTOUR VALUE IS  0.1328454353E-01
 MESSAGE (watershell2_main): OUTER BULK BOUNDARY ( -7.935586418    ) IS TOO CLOSE TO SURFACE BOUNDARY ( -8.430580552    ). WILL RECOMPUTE:
 MESSAGE (watershell2_main): LOCATION OF OUTER BULK BOUNDARY SET TO  -7.933917796     A FROM PROTEIN. CONTOUR VALUE IS  0.6813246320E-02
 MESSAGE (watershell2_main): LOCATION OF INNER BULK BOUNDARY SET TO  -7.433917796     A FROM PROTEIN. CONTOUR VALUE IS  0.1331302640E-01
 MESSAGE (watershell2_main): OUTER BULK BOUNDARY ( -7.933917796    ) IS TOO CLOSE TO SURFACE BOUNDARY ( -8.428845917    ). WILL RECOMPUTE:
 MESSAGE (watershell2_main): LOCATION OF OUTER BULK BOUNDARY SET TO  -7.932227169     A FROM PROTEIN. CONTOUR VALUE IS  0.6829347517E-02
 MESSAGE (watershell2_main): LOCATION OF INNER BULK BOUNDARY SET TO  -7.432227169     A FROM PROTEIN. CONTOUR VALUE IS  0.1334193866E-01
 MESSAGE (watershell2_main): OUTER BULK BOUNDARY ( -7.932227169    ) IS TOO CLOSE TO SURFACE BOUNDARY ( -8.427169483    ). WILL RECOMPUTE:
 MESSAGE (watershell2_main): LOCATION OF OUTER BULK BOUNDARY SET TO  -7.930541274     A FROM PROTEIN. CONTOUR VALUE IS  0.6845437116E-02
 MESSAGE (watershell2_main): LOCATION OF INNER BULK BOUNDARY SET TO  -7.430541274     A FROM PROTEIN. CONTOUR VALUE IS  0.1337082400E-01
 MESSAGE (watershell2_main): OUTER BULK BOUNDARY ( -7.930541274    ) IS TOO CLOSE TO SURFACE BOUNDARY ( -8.425484091    ). WILL RECOMPUTE:
 MESSAGE (watershell2_main): LOCATION OF OUTER BULK BOUNDARY SET TO  -7.928855546     A FROM PROTEIN. CONTOUR VALUE IS  0.6861558579E-02
 MESSAGE (watershell2_main): LOCATION OF INNER BULK BOUNDARY SET TO  -7.428855546     A FROM PROTEIN. CONTOUR VALUE IS  0.1339976044E-01
 MESSAGE (watershell2_main): OUTER BULK BOUNDARY ( -7.928855546    ) IS TOO CLOSE TO SURFACE BOUNDARY ( -8.423791641    ). WILL RECOMPUTE:
 MESSAGE (watershell2_main): LOCATION OF OUTER BULK BOUNDARY SET TO  -7.927167578     A FROM PROTEIN. CONTOUR VALUE IS  0.6877735061E-02
 MESSAGE (watershell2_main): LOCATION OF INNER BULK BOUNDARY SET TO  -7.427167578     A FROM PROTEIN. CONTOUR VALUE IS  0.1342878951E-01
 MESSAGE (watershell2_main): OUTER BULK BOUNDARY ( -7.927167578    ) IS TOO CLOSE TO SURFACE BOUNDARY ( -8.422166282    ). WILL RECOMPUTE:
 MESSAGE (watershell2_main): LOCATION OF OUTER BULK BOUNDARY SET TO  -7.925500479     A FROM PROTEIN. CONTOUR VALUE IS  0.6893744587E-02
 MESSAGE (watershell2_main): LOCATION OF INNER BULK BOUNDARY SET TO  -7.425500479     A FROM PROTEIN. CONTOUR VALUE IS  0.1345751295E-01
 ==========================================================================================
 Iteration:               120000
 Surface boundary distance:         -8.4217974320664641      (contour value:   3.3549282738227215E-003 )
 Current avg. solvent contour val:  0.58709271978237210
 Surface energy:                     94.315936146289189
 Curvature energy:                   13.016023041337119
 Surface curvature at solvent (min:ave:max): (  -9.4452416102828701E-002 :  -2.7624746070479888E-002 :  0.51936695059687399      )
 ======= FORCE STATISTICS ==============
 Total force applied to surface atoms:    -3.5086999017079310      -0.72785788105348392       -3.6324368367422166
 RMS of surface atom forces:               3.5722630268410029E-002
 Largest force acting on a surface atom:   6.0384310020935895E-002
 Total force applied to solvent atoms:     1.3814361910033381       -5.7970858249322965E-002   9.5832707084546058
 RMS of solvent atom forces:              0.33888055913487147
 Largest force acting on a solvent atom:   3.7265255065981475
 Rotational restraint energy:          0.31373435271483152
 Translational restraint energy:        1.3017674734089348
 Total rigid-body restraint energy:     1.6155018261237664
 =======================================
 Solute neighbor list search depth (min:ave:max): (          16 :   90.000952834683176      :         159 )
 ======= DENSITY STATISTICS ============
 # Solute atoms used for density:           159
 Target density (g/mL):             0.99700000000000000
 Simulation density (g/mL):         0.84978296810850351
 Instantaneous density (g/mL):      0.88972669274092864
 Volume of bulk solvent (Ang^3):     4473.0000000000000
 Mass of bulk solvent (amu):         2396.6600000000035
 Outer bulk boundary distance:      -7.9255004791025696      (contour value:   6.8937445874094339E-003 )
 Inner bulk boundary distance:      -7.4255004791025705      (contour value:   1.3457512949646866E-002 )
 ======================================
 MESSAGE (watershell2_main): WRITING RESTART FILE TO ("watershell0.restart.txt")
 MESSAGE (FILES_OPEN): Opening FORMATTED file "watershell0.restart.txt" for writing.
 MESSAGE (watershell2_main): OUTER BULK BOUNDARY ( -7.925500479    ) IS TOO CLOSE TO SURFACE BOUNDARY ( -8.420468742    ). WILL RECOMPUTE:
 MESSAGE (watershell2_main): LOCATION OF OUTER BULK BOUNDARY SET TO  -7.923823233     A FROM PROTEIN. CONTOUR VALUE IS  0.6909884756E-02
 MESSAGE (watershell2_main): LOCATION OF INNER BULK BOUNDARY SET TO  -7.423823233     A FROM PROTEIN. CONTOUR VALUE IS  0.1348646473E-01
 MESSAGE (watershell2_main): OUTER BULK BOUNDARY ( -7.923823233    ) IS TOO CLOSE TO SURFACE BOUNDARY ( -8.418775152    ). WILL RECOMPUTE:
 MESSAGE (watershell2_main): LOCATION OF OUTER BULK BOUNDARY SET TO  -7.922140540     A FROM PROTEIN. CONTOUR VALUE IS  0.6926110872E-02
 MESSAGE (watershell2_main): LOCATION OF INNER BULK BOUNDARY SET TO  -7.422140540     A FROM PROTEIN. CONTOUR VALUE IS  0.1351556456E-01
 MESSAGE (watershell2_main): OUTER BULK BOUNDARY ( -7.922140540    ) IS TOO CLOSE TO SURFACE BOUNDARY ( -8.417111101    ). WILL RECOMPUTE:
 MESSAGE (watershell2_main): LOCATION OF OUTER BULK BOUNDARY SET TO  -7.920464060     A FROM PROTEIN. CONTOUR VALUE IS  0.6942310513E-02
 MESSAGE (watershell2_main): LOCATION OF INNER BULK BOUNDARY SET TO  -7.420464060     A FROM PROTEIN. CONTOUR VALUE IS  0.1354461082E-01
 MESSAGE (watershell2_main): OUTER BULK BOUNDARY ( -7.920464060    ) IS TOO CLOSE TO SURFACE BOUNDARY ( -8.415463943    ). WILL RECOMPUTE:
 MESSAGE (watershell2_main): LOCATION OF OUTER BULK BOUNDARY SET TO  -7.918797354     A FROM PROTEIN. CONTOUR VALUE IS  0.6958448859E-02
 MESSAGE (watershell2_main): LOCATION OF INNER BULK BOUNDARY SET TO  -7.418797354     A FROM PROTEIN. CONTOUR VALUE IS  0.1357354112E-01
 MESSAGE (watershell2_main): OUTER BULK BOUNDARY ( -7.918797354    ) IS TOO CLOSE TO SURFACE BOUNDARY ( -8.413755938    ). WILL RECOMPUTE:
 MESSAGE (watershell2_main): LOCATION OF OUTER BULK BOUNDARY SET TO  -7.917116882     A FROM PROTEIN. CONTOUR VALUE IS  0.6974754023E-02
 MESSAGE (watershell2_main): LOCATION OF INNER BULK BOUNDARY SET TO  -7.417116882     A FROM PROTEIN. CONTOUR VALUE IS  0.1360276436E-01
 MESSAGE (watershell2_main): OUTER BULK BOUNDARY ( -7.917116882    ) IS TOO CLOSE TO SURFACE BOUNDARY ( -8.412051028    ). WILL RECOMPUTE:
 MESSAGE (watershell2_main): LOCATION OF OUTER BULK BOUNDARY SET TO  -7.915428264     A FROM PROTEIN. CONTOUR VALUE IS  0.6991172191E-02
 MESSAGE (watershell2_main): LOCATION OF INNER BULK BOUNDARY SET TO  -7.415428264     A FROM PROTEIN. CONTOUR VALUE IS  0.1363218393E-01
 MESSAGE (watershell2_main): OUTER BULK BOUNDARY ( -7.915428264    ) IS TOO CLOSE TO SURFACE BOUNDARY ( -8.410421803    ). WILL RECOMPUTE:
 MESSAGE (watershell2_main): LOCATION OF OUTER BULK BOUNDARY SET TO  -7.913759444     A FROM PROTEIN. CONTOUR VALUE IS  0.7007431375E-02
 MESSAGE (watershell2_main): LOCATION OF INNER BULK BOUNDARY SET TO  -7.413759444     A FROM PROTEIN. CONTOUR VALUE IS  0.1366131250E-01
 MESSAGE (watershell2_main): OUTER BULK BOUNDARY ( -7.913759444    ) IS TOO CLOSE TO SURFACE BOUNDARY ( -8.408742625    ). WILL RECOMPUTE:
 MESSAGE (watershell2_main): LOCATION OF OUTER BULK BOUNDARY SET TO  -7.912087171     A FROM PROTEIN. CONTOUR VALUE IS  0.7023757665E-02
 MESSAGE (watershell2_main): LOCATION OF INNER BULK BOUNDARY SET TO  -7.412087171     A FROM PROTEIN. CONTOUR VALUE IS  0.1369055519E-01
 MESSAGE (watershell2_main): OUTER BULK BOUNDARY ( -7.912087171    ) IS TOO CLOSE TO SURFACE BOUNDARY ( -8.407080362    ). WILL RECOMPUTE:
 MESSAGE (watershell2_main): LOCATION OF OUTER BULK BOUNDARY SET TO  -7.910418234     A FROM PROTEIN. CONTOUR VALUE IS  0.7040084841E-02
 MESSAGE (watershell2_main): LOCATION OF INNER BULK BOUNDARY SET TO  -7.410418234     A FROM PROTEIN. CONTOUR VALUE IS  0.1371979336E-01
 MESSAGE (watershell2_main): OUTER BULK BOUNDARY ( -7.910418234    ) IS TOO CLOSE TO SURFACE BOUNDARY ( -8.405356088    ). WILL RECOMPUTE:
 MESSAGE (watershell2_main): LOCATION OF OUTER BULK BOUNDARY SET TO  -7.908730852     A FROM PROTEIN. CONTOUR VALUE IS  0.7056626515E-02
 MESSAGE (watershell2_main): LOCATION OF INNER BULK BOUNDARY SET TO  -7.408730852     A FROM PROTEIN. CONTOUR VALUE IS  0.1374940943E-01
 MESSAGE (watershell2_main): OUTER BULK BOUNDARY ( -7.908730852    ) IS TOO CLOSE TO SURFACE BOUNDARY ( -8.403705624    ). WILL RECOMPUTE:
 MESSAGE (watershell2_main): LOCATION OF OUTER BULK BOUNDARY SET TO  -7.907055776     A FROM PROTEIN. CONTOUR VALUE IS  0.7073081465E-02
 MESSAGE (watershell2_main): LOCATION OF INNER BULK BOUNDARY SET TO  -7.407055776     A FROM PROTEIN. CONTOUR VALUE IS  0.1377886403E-01
 MESSAGE (watershell2_main): OUTER BULK BOUNDARY ( -7.907055776    ) IS TOO CLOSE TO SURFACE BOUNDARY ( -8.402008535    ). WILL RECOMPUTE:
 MESSAGE (watershell2_main): LOCATION OF OUTER BULK BOUNDARY SET TO  -7.905373363     A FROM PROTEIN. CONTOUR VALUE IS  0.7089642567E-02
 MESSAGE (watershell2_main): LOCATION OF INNER BULK BOUNDARY SET TO  -7.405373363     A FROM PROTEIN. CONTOUR VALUE IS  0.1380850243E-01
 MESSAGE (watershell2_main): OUTER BULK BOUNDARY ( -7.905373363    ) IS TOO CLOSE TO SURFACE BOUNDARY ( -8.400324629    ). WILL RECOMPUTE:
 MESSAGE (watershell2_main): LOCATION OF OUTER BULK BOUNDARY SET TO  -7.903690451     A FROM PROTEIN. CONTOUR VALUE IS  0.7106242786E-02
 MESSAGE (watershell2_main): LOCATION OF INNER BULK BOUNDARY SET TO  -7.403690451     A FROM PROTEIN. CONTOUR VALUE IS  0.1383820459E-01
 MESSAGE (watershell2_main): OUTER BULK BOUNDARY ( -7.903690451    ) IS TOO CLOSE TO SURFACE BOUNDARY ( -8.398635251    ). WILL RECOMPUTE:
 MESSAGE (watershell2_main): LOCATION OF OUTER BULK BOUNDARY SET TO  -7.902005384     A FROM PROTEIN. CONTOUR VALUE IS  0.7122898616E-02
 MESSAGE (watershell2_main): LOCATION OF INNER BULK BOUNDARY SET TO  -7.402005384     A FROM PROTEIN. CONTOUR VALUE IS  0.1386799997E-01
 MESSAGE (watershell2_main): OUTER BULK BOUNDARY ( -7.902005384    ) IS TOO CLOSE TO SURFACE BOUNDARY ( -8.396998948    ). WILL RECOMPUTE:
 MESSAGE (watershell2_main): LOCATION OF OUTER BULK BOUNDARY SET TO  -7.900336572     A FROM PROTEIN. CONTOUR VALUE IS  0.7139427715E-02
 MESSAGE (watershell2_main): LOCATION OF INNER BULK BOUNDARY SET TO  -7.400336572     A FROM PROTEIN. CONTOUR VALUE IS  0.1389756245E-01
 MESSAGE (watershell2_main): OUTER BULK BOUNDARY ( -7.900336572    ) IS TOO CLOSE TO SURFACE BOUNDARY ( -8.395302466    ). WILL RECOMPUTE:
 MESSAGE (watershell2_main): LOCATION OF OUTER BULK BOUNDARY SET TO  -7.898658537     A FROM PROTEIN. CONTOUR VALUE IS  0.7156082273E-02
 MESSAGE (watershell2_main): LOCATION OF INNER BULK BOUNDARY SET TO  -7.398658537     A FROM PROTEIN. CONTOUR VALUE IS  0.1392734308E-01
 MESSAGE (watershell2_main): OUTER BULK BOUNDARY ( -7.898658537    ) IS TOO CLOSE TO SURFACE BOUNDARY ( -8.393616967    ). WILL RECOMPUTE:
 MESSAGE (watershell2_main): LOCATION OF OUTER BULK BOUNDARY SET TO  -7.896978014     A FROM PROTEIN. CONTOUR VALUE IS  0.7172795860E-02
 MESSAGE (watershell2_main): LOCATION OF INNER BULK BOUNDARY SET TO  -7.396978014     A FROM PROTEIN. CONTOUR VALUE IS  0.1395722299E-01
 MESSAGE (watershell2_main): OUTER BULK BOUNDARY ( -7.896978014    ) IS TOO CLOSE TO SURFACE BOUNDARY ( -8.391934366    ). WILL RECOMPUTE:
 MESSAGE (watershell2_main): LOCATION OF OUTER BULK BOUNDARY SET TO  -7.895296798     A FROM PROTEIN. CONTOUR VALUE IS  0.7189550779E-02
 MESSAGE (watershell2_main): LOCATION OF INNER BULK BOUNDARY SET TO  -7.395296798     A FROM PROTEIN. CONTOUR VALUE IS  0.1398717049E-01
 MESSAGE (watershell2_main): OUTER BULK BOUNDARY ( -7.895296798    ) IS TOO CLOSE TO SURFACE BOUNDARY ( -8.390248049    ). WILL RECOMPUTE:
 MESSAGE (watershell2_main): LOCATION OF OUTER BULK BOUNDARY SET TO  -7.893613881     A FROM PROTEIN. CONTOUR VALUE IS  0.7206357205E-02
 MESSAGE (watershell2_main): LOCATION OF INNER BULK BOUNDARY SET TO  -7.393613881     A FROM PROTEIN. CONTOUR VALUE IS  0.1401720375E-01
 MESSAGE (watershell2_main): OUTER BULK BOUNDARY ( -7.893613881    ) IS TOO CLOSE TO SURFACE BOUNDARY ( -8.388558002    ). WILL RECOMPUTE:
 MESSAGE (watershell2_main): LOCATION OF OUTER BULK BOUNDARY SET TO  -7.891928588     A FROM PROTEIN. CONTOUR VALUE IS  0.7223222079E-02
 MESSAGE (watershell2_main): LOCATION OF INNER BULK BOUNDARY SET TO  -7.391928588     A FROM PROTEIN. CONTOUR VALUE IS  0.1404733510E-01
 MESSAGE (watershell2_main): OUTER BULK BOUNDARY ( -7.891928588    ) IS TOO CLOSE TO SURFACE BOUNDARY ( -8.386894270    ). WILL RECOMPUTE:
 MESSAGE (watershell2_main): LOCATION OF OUTER BULK BOUNDARY SET TO  -7.890250482     A FROM PROTEIN. CONTOUR VALUE IS  0.7240049604E-02
 MESSAGE (watershell2_main): LOCATION OF INNER BULK BOUNDARY SET TO  -7.390250482     A FROM PROTEIN. CONTOUR VALUE IS  0.1407739340E-01
 MESSAGE (watershell2_main): OUTER BULK BOUNDARY ( -7.890250482    ) IS TOO CLOSE TO SURFACE BOUNDARY ( -8.385195197    ). WILL RECOMPUTE:
 MESSAGE (watershell2_main): LOCATION OF OUTER BULK BOUNDARY SET TO  -7.888565387     A FROM PROTEIN. CONTOUR VALUE IS  0.7256981986E-02
 MESSAGE (watershell2_main): LOCATION OF INNER BULK BOUNDARY SET TO  -7.388565387     A FROM PROTEIN. CONTOUR VALUE IS  0.1410763266E-01
 MESSAGE (watershell2_main): OUTER BULK BOUNDARY ( -7.888565387    ) IS TOO CLOSE TO SURFACE BOUNDARY ( -8.383563875    ). WILL RECOMPUTE:
 MESSAGE (watershell2_main): LOCATION OF OUTER BULK BOUNDARY SET TO  -7.886898216     A FROM PROTEIN. CONTOUR VALUE IS  0.7273768610E-02
 MESSAGE (watershell2_main): LOCATION OF INNER BULK BOUNDARY SET TO  -7.386898216     A FROM PROTEIN. CONTOUR VALUE IS  0.1413760531E-01
 MESSAGE (watershell2_main): OUTER BULK BOUNDARY ( -7.886898216    ) IS TOO CLOSE TO SURFACE BOUNDARY ( -8.381870292    ). WILL RECOMPUTE:
 MESSAGE (watershell2_main): LOCATION OF OUTER BULK BOUNDARY SET TO  -7.885222242     A FROM PROTEIN. CONTOUR VALUE IS  0.7290678379E-02
 MESSAGE (watershell2_main): LOCATION OF INNER BULK BOUNDARY SET TO  -7.385222242     A FROM PROTEIN. CONTOUR VALUE IS  0.1416779154E-01
 MESSAGE (watershell2_main): OUTER BULK BOUNDARY ( -7.885222242    ) IS TOO CLOSE TO SURFACE BOUNDARY ( -8.380192596    ). WILL RECOMPUTE:
 MESSAGE (watershell2_main): LOCATION OF OUTER BULK BOUNDARY SET TO  -7.883545693     A FROM PROTEIN. CONTOUR VALUE IS  0.7307628604E-02
 MESSAGE (watershell2_main): LOCATION OF INNER BULK BOUNDARY SET TO  -7.383545693     A FROM PROTEIN. CONTOUR VALUE IS  0.1419804365E-01
 MESSAGE (watershell2_main): OUTER BULK BOUNDARY ( -7.883545693    ) IS TOO CLOSE TO SURFACE BOUNDARY ( -8.378519846    ). WILL RECOMPUTE:
 MESSAGE (watershell2_main): LOCATION OF OUTER BULK BOUNDARY SET TO  -7.881870411     A FROM PROTEIN. CONTOUR VALUE IS  0.7324600718E-02
 MESSAGE (watershell2_main): LOCATION OF INNER BULK BOUNDARY SET TO  -7.381870411     A FROM PROTEIN. CONTOUR VALUE IS  0.1422832847E-01
 MESSAGE (watershell2_main): OUTER BULK BOUNDARY ( -7.881870411    ) IS TOO CLOSE TO SURFACE BOUNDARY ( -8.376834934    ). WILL RECOMPUTE:
 MESSAGE (watershell2_main): LOCATION OF OUTER BULK BOUNDARY SET TO  -7.880191919     A FROM PROTEIN. CONTOUR VALUE IS  0.7341640187E-02
 MESSAGE (watershell2_main): LOCATION OF INNER BULK BOUNDARY SET TO  -7.380191919     A FROM PROTEIN. CONTOUR VALUE IS  0.1425872712E-01
 MESSAGE (watershell2_main): OUTER BULK BOUNDARY ( -7.880191919    ) IS TOO CLOSE TO SURFACE BOUNDARY ( -8.375174377    ). WILL RECOMPUTE:
 MESSAGE (watershell2_main): LOCATION OF OUTER BULK BOUNDARY SET TO  -7.878519405     A FROM PROTEIN. CONTOUR VALUE IS  0.7358653708E-02
 MESSAGE (watershell2_main): LOCATION OF INNER BULK BOUNDARY SET TO  -7.378519405     A FROM PROTEIN. CONTOUR VALUE IS  0.1428907311E-01
 MESSAGE (watershell2_main): OUTER BULK BOUNDARY ( -7.878519405    ) IS TOO CLOSE TO SURFACE BOUNDARY ( -8.373481130    ). WILL RECOMPUTE:
 MESSAGE (watershell2_main): LOCATION OF OUTER BULK BOUNDARY SET TO  -7.876839980     A FROM PROTEIN. CONTOUR VALUE IS  0.7375772487E-02
 MESSAGE (watershell2_main): LOCATION OF INNER BULK BOUNDARY SET TO  -7.376839980     A FROM PROTEIN. CONTOUR VALUE IS  0.1431960044E-01
 MESSAGE (watershell2_main): OUTER BULK BOUNDARY ( -7.876839980    ) IS TOO CLOSE TO SURFACE BOUNDARY ( -8.371816821    ). WILL RECOMPUTE:
 MESSAGE (watershell2_main): LOCATION OF OUTER BULK BOUNDARY SET TO  -7.875165593     A FROM PROTEIN. CONTOUR VALUE IS  0.7392874839E-02
 MESSAGE (watershell2_main): LOCATION OF INNER BULK BOUNDARY SET TO  -7.375165593     A FROM PROTEIN. CONTOUR VALUE IS  0.1435009209E-01
 MESSAGE (watershell2_main): OUTER BULK BOUNDARY ( -7.875165593    ) IS TOO CLOSE TO SURFACE BOUNDARY ( -8.370115738    ). WILL RECOMPUTE:
 MESSAGE (watershell2_main): LOCATION OF OUTER BULK BOUNDARY SET TO  -7.873482308     A FROM PROTEIN. CONTOUR VALUE IS  0.7410103300E-02
 MESSAGE (watershell2_main): LOCATION OF INNER BULK BOUNDARY SET TO  -7.373482308     A FROM PROTEIN. CONTOUR VALUE IS  0.1438080213E-01
 MESSAGE (watershell2_main): OUTER BULK BOUNDARY ( -7.873482308    ) IS TOO CLOSE TO SURFACE BOUNDARY ( -8.368442319    ). WILL RECOMPUTE:
 MESSAGE (watershell2_main): LOCATION OF OUTER BULK BOUNDARY SET TO  -7.871802312     A FROM PROTEIN. CONTOUR VALUE IS  0.7427333365E-02
 MESSAGE (watershell2_main): LOCATION OF INNER BULK BOUNDARY SET TO  -7.371802312     A FROM PROTEIN. CONTOUR VALUE IS  0.1441150858E-01
 MESSAGE (watershell2_main): OUTER BULK BOUNDARY ( -7.871802312    ) IS TOO CLOSE TO SURFACE BOUNDARY ( -8.366744807    ). WILL RECOMPUTE:
 MESSAGE (watershell2_main): LOCATION OF OUTER BULK BOUNDARY SET TO  -7.870116477     A FROM PROTEIN. CONTOUR VALUE IS  0.7444658783E-02
 MESSAGE (watershell2_main): LOCATION OF INNER BULK BOUNDARY SET TO  -7.370116477     A FROM PROTEIN. CONTOUR VALUE IS  0.1444237846E-01
 MESSAGE (watershell2_main): OUTER BULK BOUNDARY ( -7.870116477    ) IS TOO CLOSE TO SURFACE BOUNDARY ( -8.365072462    ). WILL RECOMPUTE:
 MESSAGE (watershell2_main): LOCATION OF OUTER BULK BOUNDARY SET TO  -7.868435139     A FROM PROTEIN. CONTOUR VALUE IS  0.7461973447E-02
 MESSAGE (watershell2_main): LOCATION OF INNER BULK BOUNDARY SET TO  -7.368435139     A FROM PROTEIN. CONTOUR VALUE IS  0.1447322268E-01
 MESSAGE (watershell2_main): OUTER BULK BOUNDARY ( -7.868435139    ) IS TOO CLOSE TO SURFACE BOUNDARY ( -8.363421355    ). WILL RECOMPUTE:
 MESSAGE (watershell2_main): LOCATION OF OUTER BULK BOUNDARY SET TO  -7.866763877     A FROM PROTEIN. CONTOUR VALUE IS  0.7479219485E-02
 MESSAGE (watershell2_main): LOCATION OF INNER BULK BOUNDARY SET TO  -7.366763877     A FROM PROTEIN. CONTOUR VALUE IS  0.1450393822E-01
 MESSAGE (watershell2_main): OUTER BULK BOUNDARY ( -7.866763877    ) IS TOO CLOSE TO SURFACE BOUNDARY ( -8.361714752    ). WILL RECOMPUTE:
 MESSAGE (watershell2_main): LOCATION OF OUTER BULK BOUNDARY SET TO  -7.865080836     A FROM PROTEIN. CONTOUR VALUE IS  0.7496622564E-02
 MESSAGE (watershell2_main): LOCATION OF INNER BULK BOUNDARY SET TO  -7.365080836     A FROM PROTEIN. CONTOUR VALUE IS  0.1453492696E-01
 MESSAGE (watershell2_main): OUTER BULK BOUNDARY ( -7.865080836    ) IS TOO CLOSE TO SURFACE BOUNDARY ( -8.360069278    ). WILL RECOMPUTE:
 MESSAGE (watershell2_main): LOCATION OF OUTER BULK BOUNDARY SET TO  -7.863410316     A FROM PROTEIN. CONTOUR VALUE IS  0.7513931422E-02
 MESSAGE (watershell2_main): LOCATION OF INNER BULK BOUNDARY SET TO  -7.363410316     A FROM PROTEIN. CONTOUR VALUE IS  0.1456574146E-01
 MESSAGE (watershell2_main): OUTER BULK BOUNDARY ( -7.863410316    ) IS TOO CLOSE TO SURFACE BOUNDARY ( -8.358365676    ). WILL RECOMPUTE:
 MESSAGE (watershell2_main): LOCATION OF OUTER BULK BOUNDARY SET TO  -7.861728770     A FROM PROTEIN. CONTOUR VALUE IS  0.7531390079E-02
 MESSAGE (watershell2_main): LOCATION OF INNER BULK BOUNDARY SET TO  -7.361728770     A FROM PROTEIN. CONTOUR VALUE IS  0.1459681613E-01
 MESSAGE (watershell2_main): OUTER BULK BOUNDARY ( -7.861728770    ) IS TOO CLOSE TO SURFACE BOUNDARY ( -8.356716746    ). WILL RECOMPUTE:
 MESSAGE (watershell2_main): LOCATION OF OUTER BULK BOUNDARY SET TO  -7.860058095     A FROM PROTEIN. CONTOUR VALUE IS  0.7548771228E-02
 MESSAGE (watershell2_main): LOCATION OF INNER BULK BOUNDARY SET TO  -7.360058095     A FROM PROTEIN. CONTOUR VALUE IS  0.1462774636E-01
 ==========================================================================================
 Iteration:               130000
 Surface boundary distance:         -8.3567167460499707      (contour value:   3.6990769170577864E-003 )
 Current avg. solvent contour val:  0.31223399637741739
 Surface energy:                     96.002760777304573
 Curvature energy:                   14.036627860026451
 Surface curvature at solvent (min:ave:max): (  -9.6310701836239035E-002 :  -2.6513168071761441E-002 :  0.43033327691645523      )
 ======= FORCE STATISTICS ==============
 Total force applied to surface atoms:    -7.2505339620133267        1.7224398425171843       -2.3875005368887599
 RMS of surface atom forces:               5.8568423023634887E-002
 Largest force acting on a surface atom:   9.4994152135355531E-002
 Total force applied to solvent atoms:     2.5134040656101218        17.940501978103573        5.1479450844420631
 RMS of solvent atom forces:              0.34077248106861519
 Largest force acting on a solvent atom:   3.4303972312844722
 Rotational restraint energy:           1.2974048020384059
 Translational restraint energy:        3.0618600279521702
 Total rigid-body restraint energy:     4.3592648299905763
 =======================================
 Solute neighbor list search depth (min:ave:max): (          10 :   90.310624106717484      :         159 )
 ======= DENSITY STATISTICS ============
 # Solute atoms used for density:           159
 Target density (g/mL):             0.99700000000000000
 Simulation density (g/mL):         0.88454571470425591
 Instantaneous density (g/mL):      0.99743045028324451
 Volume of bulk solvent (Ang^3):     4470.0000000000000
 Mass of bulk solvent (amu):         2684.9799999999850
 Outer bulk boundary distance:      -7.8600580950305883      (contour value:   7.5487712280688513E-003 )
 Inner bulk boundary distance:      -7.3600580950305883      (contour value:   1.4627746357608884E-002 )
 ======================================
 MESSAGE (watershell2_main): WRITING RESTART FILE TO ("watershell0.restart.txt")
 MESSAGE (FILES_OPEN): Opening FORMATTED file "watershell0.restart.txt" for writing.
 MESSAGE (watershell2_main): OUTER BULK BOUNDARY ( -7.860058095    ) IS TOO CLOSE TO SURFACE BOUNDARY ( -8.355048067    ). WILL RECOMPUTE:
 MESSAGE (watershell2_main): LOCATION OF OUTER BULK BOUNDARY SET TO  -7.858388086     A FROM PROTEIN. CONTOUR VALUE IS  0.7566180754E-02
 MESSAGE (watershell2_main): LOCATION OF INNER BULK BOUNDARY SET TO  -7.358388086     A FROM PROTEIN. CONTOUR VALUE IS  0.1465872062E-01
 MESSAGE (watershell2_main): OUTER BULK BOUNDARY ( -7.858388086    ) IS TOO CLOSE TO SURFACE BOUNDARY ( -8.353386384    ). WILL RECOMPUTE:
 MESSAGE (watershell2_main): LOCATION OF OUTER BULK BOUNDARY SET TO  -7.856720852     A FROM PROTEIN. CONTOUR VALUE IS  0.7583596604E-02
 MESSAGE (watershell2_main): LOCATION OF INNER BULK BOUNDARY SET TO  -7.356720852     A FROM PROTEIN. CONTOUR VALUE IS  0.1468969967E-01
 MESSAGE (watershell2_main): OUTER BULK BOUNDARY ( -7.856720852    ) IS TOO CLOSE TO SURFACE BOUNDARY ( -8.351719122    ). WILL RECOMPUTE:
 MESSAGE (watershell2_main): LOCATION OF OUTER BULK BOUNDARY SET TO  -7.855053608     A FROM PROTEIN. CONTOUR VALUE IS  0.7601047847E-02
 MESSAGE (watershell2_main): LOCATION OF INNER BULK BOUNDARY SET TO  -7.355053608     A FROM PROTEIN. CONTOUR VALUE IS  0.1472073520E-01
 MESSAGE (watershell2_main): OUTER BULK BOUNDARY ( -7.855053608    ) IS TOO CLOSE TO SURFACE BOUNDARY ( -8.350033190    ). WILL RECOMPUTE:
 MESSAGE (watershell2_main): LOCATION OF OUTER BULK BOUNDARY SET TO  -7.853380136     A FROM PROTEIN. CONTOUR VALUE IS  0.7618599842E-02
 MESSAGE (watershell2_main): LOCATION OF INNER BULK BOUNDARY SET TO  -7.353380136     A FROM PROTEIN. CONTOUR VALUE IS  0.1475194340E-01
 MESSAGE (watershell2_main): OUTER BULK BOUNDARY ( -7.853380136    ) IS TOO CLOSE TO SURFACE BOUNDARY ( -8.348364711    ). WILL RECOMPUTE:
 MESSAGE (watershell2_main): LOCATION OF OUTER BULK BOUNDARY SET TO  -7.851708327     A FROM PROTEIN. CONTOUR VALUE IS  0.7636170000E-02
 MESSAGE (watershell2_main): LOCATION OF INNER BULK BOUNDARY SET TO  -7.351708327     A FROM PROTEIN. CONTOUR VALUE IS  0.1478317735E-01
 MESSAGE (watershell2_main): OUTER BULK BOUNDARY ( -7.851708327    ) IS TOO CLOSE TO SURFACE BOUNDARY ( -8.346659839    ). WILL RECOMPUTE:
 MESSAGE (watershell2_main): LOCATION OF OUTER BULK BOUNDARY SET TO  -7.850025498     A FROM PROTEIN. CONTOUR VALUE IS  0.7653892008E-02
 MESSAGE (watershell2_main): LOCATION OF INNER BULK BOUNDARY SET TO  -7.350025498     A FROM PROTEIN. CONTOUR VALUE IS  0.1481467464E-01
 MESSAGE (watershell2_main): OUTER BULK BOUNDARY ( -7.850025498    ) IS TOO CLOSE TO SURFACE BOUNDARY ( -8.344979227    ). WILL RECOMPUTE:
 MESSAGE (watershell2_main): LOCATION OF OUTER BULK BOUNDARY SET TO  -7.848343408     A FROM PROTEIN. CONTOUR VALUE IS  0.7671642402E-02
 MESSAGE (watershell2_main): LOCATION OF INNER BULK BOUNDARY SET TO  -7.348343408     A FROM PROTEIN. CONTOUR VALUE IS  0.1484621575E-01
 MESSAGE (watershell2_main): OUTER BULK BOUNDARY ( -7.848343408    ) IS TOO CLOSE TO SURFACE BOUNDARY ( -8.343343064    ). WILL RECOMPUTE:
 MESSAGE (watershell2_main): LOCATION OF OUTER BULK BOUNDARY SET TO  -7.846676626     A FROM PROTEIN. CONTOUR VALUE IS  0.7689266979E-02
 MESSAGE (watershell2_main): LOCATION OF INNER BULK BOUNDARY SET TO  -7.346676626     A FROM PROTEIN. CONTOUR VALUE IS  0.1487752674E-01
 MESSAGE (watershell2_main): OUTER BULK BOUNDARY ( -7.846676626    ) IS TOO CLOSE TO SURFACE BOUNDARY ( -8.341666254    ). WILL RECOMPUTE:
 MESSAGE (watershell2_main): LOCATION OF OUTER BULK BOUNDARY SET TO  -7.845006502     A FROM PROTEIN. CONTOUR VALUE IS  0.7706962644E-02
 MESSAGE (watershell2_main): LOCATION OF INNER BULK BOUNDARY SET TO  -7.345006502     A FROM PROTEIN. CONTOUR VALUE IS  0.1490895745E-01
 MESSAGE (watershell2_main): OUTER BULK BOUNDARY ( -7.845006502    ) IS TOO CLOSE TO SURFACE BOUNDARY ( -8.339966772    ). WILL RECOMPUTE:
 MESSAGE (watershell2_main): LOCATION OF OUTER BULK BOUNDARY SET TO  -7.843326592     A FROM PROTEIN. CONTOUR VALUE IS  0.7724798142E-02
 MESSAGE (watershell2_main): LOCATION OF INNER BULK BOUNDARY SET TO  -7.343326592     A FROM PROTEIN. CONTOUR VALUE IS  0.1494062991E-01
 MESSAGE (watershell2_main): OUTER BULK BOUNDARY ( -7.843326592    ) IS TOO CLOSE TO SURFACE BOUNDARY ( -8.338326165    ). WILL RECOMPUTE:
 MESSAGE (watershell2_main): LOCATION OF OUTER BULK BOUNDARY SET TO  -7.841659783     A FROM PROTEIN. CONTOUR VALUE IS  0.7742530437E-02
 MESSAGE (watershell2_main): LOCATION OF INNER BULK BOUNDARY SET TO  -7.341659783     A FROM PROTEIN. CONTOUR VALUE IS  0.1497211251E-01
 MESSAGE (watershell2_main): OUTER BULK BOUNDARY ( -7.841659783    ) IS TOO CLOSE TO SURFACE BOUNDARY ( -8.336616711    ). WILL RECOMPUTE:
 MESSAGE (watershell2_main): LOCATION OF OUTER BULK BOUNDARY SET TO  -7.839978759     A FROM PROTEIN. CONTOUR VALUE IS  0.7760450232E-02
 MESSAGE (watershell2_main): LOCATION OF INNER BULK BOUNDARY SET TO  -7.339978759     A FROM PROTEIN. CONTOUR VALUE IS  0.1500392135E-01
 MESSAGE (watershell2_main): OUTER BULK BOUNDARY ( -7.839978759    ) IS TOO CLOSE TO SURFACE BOUNDARY ( -8.334954006    ). WILL RECOMPUTE:
 MESSAGE (watershell2_main): LOCATION OF OUTER BULK BOUNDARY SET TO  -7.838303841     A FROM PROTEIN. CONTOUR VALUE IS  0.7778341219E-02
 MESSAGE (watershell2_main): LOCATION OF INNER BULK BOUNDARY SET TO  -7.338303841     A FROM PROTEIN. CONTOUR VALUE IS  0.1503567238E-01
 MESSAGE (watershell2_main): OUTER BULK BOUNDARY ( -7.838303841    ) IS TOO CLOSE TO SURFACE BOUNDARY ( -8.333303703    ). WILL RECOMPUTE:
 MESSAGE (watershell2_main): LOCATION OF OUTER BULK BOUNDARY SET TO  -7.836637129     A FROM PROTEIN. CONTOUR VALUE IS  0.7796180580E-02
 MESSAGE (watershell2_main): LOCATION OF INNER BULK BOUNDARY SET TO  -7.336637129     A FROM PROTEIN. CONTOUR VALUE IS  0.1506732519E-01
 MESSAGE (watershell2_main): OUTER BULK BOUNDARY ( -7.836637129    ) IS TOO CLOSE TO SURFACE BOUNDARY ( -8.331592727    ). WILL RECOMPUTE:
 MESSAGE (watershell2_main): LOCATION OF OUTER BULK BOUNDARY SET TO  -7.834955661     A FROM PROTEIN. CONTOUR VALUE IS  0.7814214328E-02
 MESSAGE (watershell2_main): LOCATION OF INNER BULK BOUNDARY SET TO  -7.334955661     A FROM PROTEIN. CONTOUR VALUE IS  0.1509931620E-01
 MESSAGE (watershell2_main): OUTER BULK BOUNDARY ( -7.834955661    ) IS TOO CLOSE TO SURFACE BOUNDARY ( -8.329948033    ). WILL RECOMPUTE:
 MESSAGE (watershell2_main): LOCATION OF OUTER BULK BOUNDARY SET TO  -7.833286452     A FROM PROTEIN. CONTOUR VALUE IS  0.7832152903E-02
 MESSAGE (watershell2_main): LOCATION OF INNER BULK BOUNDARY SET TO  -7.333286452     A FROM PROTEIN. CONTOUR VALUE IS  0.1513113172E-01
 MESSAGE (watershell2_main): OUTER BULK BOUNDARY ( -7.833286452    ) IS TOO CLOSE TO SURFACE BOUNDARY ( -8.328269461    ). WILL RECOMPUTE:
 MESSAGE (watershell2_main): LOCATION OF OUTER BULK BOUNDARY SET TO  -7.831614121     A FROM PROTEIN. CONTOUR VALUE IS  0.7850161336E-02
 MESSAGE (watershell2_main): LOCATION OF INNER BULK BOUNDARY SET TO  -7.331614121     A FROM PROTEIN. CONTOUR VALUE IS  0.1516306447E-01
 MESSAGE (watershell2_main): OUTER BULK BOUNDARY ( -7.831614121    ) IS TOO CLOSE TO SURFACE BOUNDARY ( -8.326574750    ). WILL RECOMPUTE:
 MESSAGE (watershell2_main): LOCATION OF OUTER BULK BOUNDARY SET TO  -7.829934331     A FROM PROTEIN. CONTOUR VALUE IS  0.7868286760E-02
 MESSAGE (watershell2_main): LOCATION OF INNER BULK BOUNDARY SET TO  -7.329934331     A FROM PROTEIN. CONTOUR VALUE IS  0.1519519793E-01
 MESSAGE (watershell2_main): OUTER BULK BOUNDARY ( -7.829934331    ) IS TOO CLOSE TO SURFACE BOUNDARY ( -8.324922383    ). WILL RECOMPUTE:
 MESSAGE (watershell2_main): LOCATION OF OUTER BULK BOUNDARY SET TO  -7.828263682     A FROM PROTEIN. CONTOUR VALUE IS  0.7886350049E-02
 MESSAGE (watershell2_main): LOCATION OF INNER BULK BOUNDARY SET TO  -7.328263682     A FROM PROTEIN. CONTOUR VALUE IS  0.1522721453E-01
 MESSAGE (watershell2_main): OUTER BULK BOUNDARY ( -7.828263682    ) IS TOO CLOSE TO SURFACE BOUNDARY ( -8.323238917    ). WILL RECOMPUTE:
 MESSAGE (watershell2_main): LOCATION OF OUTER BULK BOUNDARY SET TO  -7.826588760     A FROM PROTEIN. CONTOUR VALUE IS  0.7904496133E-02
 MESSAGE (watershell2_main): LOCATION OF INNER BULK BOUNDARY SET TO  -7.326588760     A FROM PROTEIN. CONTOUR VALUE IS  0.1525937116E-01
 MESSAGE (watershell2_main): OUTER BULK BOUNDARY ( -7.826588760    ) IS TOO CLOSE TO SURFACE BOUNDARY ( -8.321558158    ). WILL RECOMPUTE:
 MESSAGE (watershell2_main): LOCATION OF OUTER BULK BOUNDARY SET TO  -7.824911893     A FROM PROTEIN. CONTOUR VALUE IS  0.7922700071E-02
 MESSAGE (watershell2_main): LOCATION OF INNER BULK BOUNDARY SET TO  -7.324911893     A FROM PROTEIN. CONTOUR VALUE IS  0.1529162355E-01
 MESSAGE (watershell2_main): OUTER BULK BOUNDARY ( -7.824911893    ) IS TOO CLOSE TO SURFACE BOUNDARY ( -8.319910608    ). WILL RECOMPUTE:
 MESSAGE (watershell2_main): LOCATION OF OUTER BULK BOUNDARY SET TO  -7.823244798     A FROM PROTEIN. CONTOUR VALUE IS  0.7940834458E-02
 MESSAGE (watershell2_main): LOCATION OF INNER BULK BOUNDARY SET TO  -7.323244798     A FROM PROTEIN. CONTOUR VALUE IS  0.1532374600E-01
 MESSAGE (watershell2_main): OUTER BULK BOUNDARY ( -7.823244798    ) IS TOO CLOSE TO SURFACE BOUNDARY ( -8.318209311    ). WILL RECOMPUTE:
 MESSAGE (watershell2_main): LOCATION OF OUTER BULK BOUNDARY SET TO  -7.821566302     A FROM PROTEIN. CONTOUR VALUE IS  0.7959129723E-02
 MESSAGE (watershell2_main): LOCATION OF INNER BULK BOUNDARY SET TO  -7.321566302     A FROM PROTEIN. CONTOUR VALUE IS  0.1535614664E-01
 MESSAGE (watershell2_main): OUTER BULK BOUNDARY ( -7.821566302    ) IS TOO CLOSE TO SURFACE BOUNDARY ( -8.316552959    ). WILL RECOMPUTE:
 MESSAGE (watershell2_main): LOCATION OF OUTER BULK BOUNDARY SET TO  -7.819895188     A FROM PROTEIN. CONTOUR VALUE IS  0.7977381345E-02
 MESSAGE (watershell2_main): LOCATION OF INNER BULK BOUNDARY SET TO  -7.319895188     A FROM PROTEIN. CONTOUR VALUE IS  0.1538846323E-01
 MESSAGE (watershell2_main): OUTER BULK BOUNDARY ( -7.819895188    ) IS TOO CLOSE TO SURFACE BOUNDARY ( -8.314850184    ). WILL RECOMPUTE:
 MESSAGE (watershell2_main): LOCATION OF OUTER BULK BOUNDARY SET TO  -7.818213520     A FROM PROTEIN. CONTOUR VALUE IS  0.7995785370E-02
 MESSAGE (watershell2_main): LOCATION OF INNER BULK BOUNDARY SET TO  -7.318213520     A FROM PROTEIN. CONTOUR VALUE IS  0.1542104284E-01
 MESSAGE (watershell2_main): OUTER BULK BOUNDARY ( -7.818213520    ) IS TOO CLOSE TO SURFACE BOUNDARY ( -8.313180714    ). WILL RECOMPUTE:
 MESSAGE (watershell2_main): LOCATION OF OUTER BULK BOUNDARY SET TO  -7.816535918     A FROM PROTEIN. CONTOUR VALUE IS  0.8014182079E-02
 MESSAGE (watershell2_main): LOCATION OF INNER BULK BOUNDARY SET TO  -7.316535918     A FROM PROTEIN. CONTOUR VALUE IS  0.1545360265E-01
 MESSAGE (watershell2_main): OUTER BULK BOUNDARY ( -7.816535918    ) IS TOO CLOSE TO SURFACE BOUNDARY ( -8.311522431    ). WILL RECOMPUTE:
 MESSAGE (watershell2_main): LOCATION OF OUTER BULK BOUNDARY SET TO  -7.814864755     A FROM PROTEIN. CONTOUR VALUE IS  0.8032545156E-02
 MESSAGE (watershell2_main): LOCATION OF INNER BULK BOUNDARY SET TO  -7.314864755     A FROM PROTEIN. CONTOUR VALUE IS  0.1548609614E-01
 MESSAGE (watershell2_main): OUTER BULK BOUNDARY ( -7.814864755    ) IS TOO CLOSE TO SURFACE BOUNDARY ( -8.309857721    ). WILL RECOMPUTE:
 MESSAGE (watershell2_main): LOCATION OF OUTER BULK BOUNDARY SET TO  -7.813195744     A FROM PROTEIN. CONTOUR VALUE IS  0.8050921504E-02
 MESSAGE (watershell2_main): LOCATION OF INNER BULK BOUNDARY SET TO  -7.313195744     A FROM PROTEIN. CONTOUR VALUE IS  0.1551860633E-01
 MESSAGE (watershell2_main): OUTER BULK BOUNDARY ( -7.813195744    ) IS TOO CLOSE TO SURFACE BOUNDARY ( -8.308161491    ). WILL RECOMPUTE:
 MESSAGE (watershell2_main): LOCATION OF OUTER BULK BOUNDARY SET TO  -7.811517659     A FROM PROTEIN. CONTOUR VALUE IS  0.8069434990E-02
 MESSAGE (watershell2_main): LOCATION OF INNER BULK BOUNDARY SET TO  -7.311517659     A FROM PROTEIN. CONTOUR VALUE IS  0.1555135228E-01
 ==========================================================================================
 Iteration:               140000
 Surface boundary distance:         -8.3066669360083907      (contour value:   3.9849350812609097E-003 )
 Current avg. solvent contour val:  0.31791386584729642
 Surface energy:                     101.31617092954539
 Curvature energy:                   13.387884185599502
 Surface curvature at solvent (min:ave:max): (  -9.5512494089875569E-002 :  -2.6822988872983473E-002 :  0.47260456116728600      )
 ======= FORCE STATISTICS ==============
 Total force applied to surface atoms:    -2.3078269260807942       -1.2410364910077636       -6.3850854433393414
 RMS of surface atom forces:               5.7609927555920003E-002
 Largest force acting on a surface atom:  0.10345727514604368
 Total force applied to solvent atoms:    -15.909543138982235        7.6643540855402268        6.0940149833123947
 RMS of solvent atom forces:              0.31454572569344785
 Largest force acting on a solvent atom:   3.3377828194322965
 Rotational restraint energy:           1.8433098208868317
 Translational restraint energy:        2.3817776405750175
 Total rigid-body restraint energy:     4.2250874614618494
 =======================================
 Solute neighbor list search depth (min:ave:max): (          16 :   90.056217246307767      :         159 )
 ======= DENSITY STATISTICS ============
 # Solute atoms used for density:           159
 Target density (g/mL):             0.99700000000000000
 Simulation density (g/mL):         0.90601857665110386
 Instantaneous density (g/mL):      0.90161927880157855
 Volume of bulk solvent (Ang^3):     4414.0000000000000
 Mass of bulk solvent (amu):         2396.6599999999999
 Outer bulk boundary distance:      -7.8115176594743385      (contour value:   8.0694349898929318E-003 )
 Inner bulk boundary distance:      -7.3115176594743385      (contour value:   1.5551352276701347E-002 )
 ======================================
 MESSAGE (watershell2_main): WRITING RESTART FILE TO ("watershell0.restart.txt")
 MESSAGE (FILES_OPEN): Opening FORMATTED file "watershell0.restart.txt" for writing.
 MESSAGE (watershell2_main): OUTER BULK BOUNDARY ( -7.811517659    ) IS TOO CLOSE TO SURFACE BOUNDARY ( -8.306484973    ). WILL RECOMPUTE:
 MESSAGE (watershell2_main): LOCATION OF OUTER BULK BOUNDARY SET TO  -7.809840097     A FROM PROTEIN. CONTOUR VALUE IS  0.8087980104E-02
 MESSAGE (watershell2_main): LOCATION OF INNER BULK BOUNDARY SET TO  -7.309840097     A FROM PROTEIN. CONTOUR VALUE IS  0.1558414729E-01
 MESSAGE (watershell2_main): OUTER BULK BOUNDARY ( -7.809840097    ) IS TOO CLOSE TO SURFACE BOUNDARY ( -8.304817587    ). WILL RECOMPUTE:
 MESSAGE (watershell2_main): LOCATION OF OUTER BULK BOUNDARY SET TO  -7.808165927     A FROM PROTEIN. CONTOUR VALUE IS  0.8106525052E-02
 MESSAGE (watershell2_main): LOCATION OF INNER BULK BOUNDARY SET TO  -7.308165927     A FROM PROTEIN. CONTOUR VALUE IS  0.1561693514E-01
 MESSAGE (watershell2_main): OUTER BULK BOUNDARY ( -7.808165927    ) IS TOO CLOSE TO SURFACE BOUNDARY ( -8.303121793    ). WILL RECOMPUTE:
 MESSAGE (watershell2_main): LOCATION OF OUTER BULK BOUNDARY SET TO  -7.806484549     A FROM PROTEIN. CONTOUR VALUE IS  0.8125187444E-02
 MESSAGE (watershell2_main): LOCATION OF INNER BULK BOUNDARY SET TO  -7.306484549     A FROM PROTEIN. CONTOUR VALUE IS  0.1564992370E-01
 MESSAGE (watershell2_main): OUTER BULK BOUNDARY ( -7.806484549    ) IS TOO CLOSE TO SURFACE BOUNDARY ( -8.301449527    ). WILL RECOMPUTE:
 MESSAGE (watershell2_main): LOCATION OF OUTER BULK BOUNDARY SET TO  -7.804806209     A FROM PROTEIN. CONTOUR VALUE IS  0.8143853761E-02
 MESSAGE (watershell2_main): LOCATION OF INNER BULK BOUNDARY SET TO  -7.304806209     A FROM PROTEIN. CONTOUR VALUE IS  0.1568291229E-01
 MESSAGE (watershell2_main): OUTER BULK BOUNDARY ( -7.804806209    ) IS TOO CLOSE TO SURFACE BOUNDARY ( -8.299785183    ). WILL RECOMPUTE:
 MESSAGE (watershell2_main): LOCATION OF OUTER BULK BOUNDARY SET TO  -7.803132533     A FROM PROTEIN. CONTOUR VALUE IS  0.8162505704E-02
 MESSAGE (watershell2_main): LOCATION OF INNER BULK BOUNDARY SET TO  -7.303132533     A FROM PROTEIN. CONTOUR VALUE IS  0.1571586856E-01
 MESSAGE (watershell2_main): OUTER BULK BOUNDARY ( -7.803132533    ) IS TOO CLOSE TO SURFACE BOUNDARY ( -8.298116663    ). WILL RECOMPUTE:
 MESSAGE (watershell2_main): LOCATION OF OUTER BULK BOUNDARY SET TO  -7.801460576     A FROM PROTEIN. CONTOUR VALUE IS  0.8181175961E-02
 MESSAGE (watershell2_main): LOCATION OF INNER BULK BOUNDARY SET TO  -7.301460576     A FROM PROTEIN. CONTOUR VALUE IS  0.1574885029E-01
 MESSAGE (watershell2_main): OUTER BULK BOUNDARY ( -7.801460576    ) IS TOO CLOSE TO SURFACE BOUNDARY ( -8.296431826    ). WILL RECOMPUTE:
 MESSAGE (watershell2_main): LOCATION OF OUTER BULK BOUNDARY SET TO  -7.799784326     A FROM PROTEIN. CONTOUR VALUE IS  0.8199931810E-02
 MESSAGE (watershell2_main): LOCATION OF INNER BULK BOUNDARY SET TO  -7.299784326     A FROM PROTEIN. CONTOUR VALUE IS  0.1578197629E-01
 MESSAGE (watershell2_main): OUTER BULK BOUNDARY ( -7.799784326    ) IS TOO CLOSE TO SURFACE BOUNDARY ( -8.294758303    ). WILL RECOMPUTE:
 MESSAGE (watershell2_main): LOCATION OF OUTER BULK BOUNDARY SET TO  -7.798108985     A FROM PROTEIN. CONTOUR VALUE IS  0.8218715222E-02
 MESSAGE (watershell2_main): LOCATION OF INNER BULK BOUNDARY SET TO  -7.298108985     A FROM PROTEIN. CONTOUR VALUE IS  0.1581514402E-01
 MESSAGE (watershell2_main): OUTER BULK BOUNDARY ( -7.798108985    ) IS TOO CLOSE TO SURFACE BOUNDARY ( -8.293077811    ). WILL RECOMPUTE:
 MESSAGE (watershell2_main): LOCATION OF OUTER BULK BOUNDARY SET TO  -7.796431927     A FROM PROTEIN. CONTOUR VALUE IS  0.8237555728E-02
 MESSAGE (watershell2_main): LOCATION OF INNER BULK BOUNDARY SET TO  -7.296431927     A FROM PROTEIN. CONTOUR VALUE IS  0.1584840560E-01
 MESSAGE (watershell2_main): OUTER BULK BOUNDARY ( -7.796431927    ) IS TOO CLOSE TO SURFACE BOUNDARY ( -8.291400995    ). WILL RECOMPUTE:
 MESSAGE (watershell2_main): LOCATION OF OUTER BULK BOUNDARY SET TO  -7.794754950     A FROM PROTEIN. CONTOUR VALUE IS  0.8256433249E-02
 MESSAGE (watershell2_main): LOCATION OF INNER BULK BOUNDARY SET TO  -7.294754950     A FROM PROTEIN. CONTOUR VALUE IS  0.1588172553E-01
 MESSAGE (watershell2_main): OUTER BULK BOUNDARY ( -7.794754950    ) IS TOO CLOSE TO SURFACE BOUNDARY ( -8.289747960    ). WILL RECOMPUTE:
 MESSAGE (watershell2_main): LOCATION OF OUTER BULK BOUNDARY SET TO  -7.793085953     A FROM PROTEIN. CONTOUR VALUE IS  0.8275258644E-02
 MESSAGE (watershell2_main): LOCATION OF INNER BULK BOUNDARY SET TO  -7.293085953     A FROM PROTEIN. CONTOUR VALUE IS  0.1591494652E-01
 MESSAGE (watershell2_main): OUTER BULK BOUNDARY ( -7.793085953    ) IS TOO CLOSE TO SURFACE BOUNDARY ( -8.288051706    ). WILL RECOMPUTE:
 MESSAGE (watershell2_main): LOCATION OF OUTER BULK BOUNDARY SET TO  -7.791407871     A FROM PROTEIN. CONTOUR VALUE IS  0.8294224517E-02
 MESSAGE (watershell2_main): LOCATION OF INNER BULK BOUNDARY SET TO  -7.291407871     A FROM PROTEIN. CONTOUR VALUE IS  0.1594840840E-01
 MESSAGE (watershell2_main): OUTER BULK BOUNDARY ( -7.791407871    ) IS TOO CLOSE TO SURFACE BOUNDARY ( -8.286394467    ). WILL RECOMPUTE:
 MESSAGE (watershell2_main): LOCATION OF OUTER BULK BOUNDARY SET TO  -7.789736736     A FROM PROTEIN. CONTOUR VALUE IS  0.8313149792E-02
 MESSAGE (watershell2_main): LOCATION OF INNER BULK BOUNDARY SET TO  -7.289736736     A FROM PROTEIN. CONTOUR VALUE IS  0.1598179166E-01
 MESSAGE (watershell2_main): OUTER BULK BOUNDARY ( -7.789736736    ) IS TOO CLOSE TO SURFACE BOUNDARY ( -8.284719728    ). WILL RECOMPUTE:
 MESSAGE (watershell2_main): LOCATION OF OUTER BULK BOUNDARY SET TO  -7.788064400     A FROM PROTEIN. CONTOUR VALUE IS  0.8332126619E-02
 MESSAGE (watershell2_main): LOCATION OF INNER BULK BOUNDARY SET TO  -7.288064400     A FROM PROTEIN. CONTOUR VALUE IS  0.1601525887E-01
 MESSAGE (watershell2_main): OUTER BULK BOUNDARY ( -7.788064400    ) IS TOO CLOSE TO SURFACE BOUNDARY ( -8.283032118    ). WILL RECOMPUTE:
 MESSAGE (watershell2_main): LOCATION OF OUTER BULK BOUNDARY SET TO  -7.786386973     A FROM PROTEIN. CONTOUR VALUE IS  0.8351199420E-02
 MESSAGE (watershell2_main): LOCATION OF INNER BULK BOUNDARY SET TO  -7.286386973     A FROM PROTEIN. CONTOUR VALUE IS  0.1604888829E-01
 MESSAGE (watershell2_main): OUTER BULK BOUNDARY ( -7.786386973    ) IS TOO CLOSE TO SURFACE BOUNDARY ( -8.281352943    ). WILL RECOMPUTE:
 MESSAGE (watershell2_main): LOCATION OF OUTER BULK BOUNDARY SET TO  -7.784708963     A FROM PROTEIN. CONTOUR VALUE IS  0.8370317186E-02
 MESSAGE (watershell2_main): LOCATION OF INNER BULK BOUNDARY SET TO  -7.284708963     A FROM PROTEIN. CONTOUR VALUE IS  0.1608258992E-01
 MESSAGE (watershell2_main): OUTER BULK BOUNDARY ( -7.784708963    ) IS TOO CLOSE TO SURFACE BOUNDARY ( -8.279699983    ). WILL RECOMPUTE:
 MESSAGE (watershell2_main): LOCATION OF OUTER BULK BOUNDARY SET TO  -7.783039303     A FROM PROTEIN. CONTOUR VALUE IS  0.8389377943E-02
 MESSAGE (watershell2_main): LOCATION OF INNER BULK BOUNDARY SET TO  -7.283039303     A FROM PROTEIN. CONTOUR VALUE IS  0.1611618403E-01
 MESSAGE (watershell2_main): OUTER BULK BOUNDARY ( -7.783039303    ) IS TOO CLOSE TO SURFACE BOUNDARY ( -8.278029872    ). WILL RECOMPUTE:
 MESSAGE (watershell2_main): LOCATION OF OUTER BULK BOUNDARY SET TO  -7.781369493     A FROM PROTEIN. CONTOUR VALUE IS  0.8408478517E-02
 MESSAGE (watershell2_main): LOCATION OF INNER BULK BOUNDARY SET TO  -7.281369493     A FROM PROTEIN. CONTOUR VALUE IS  0.1614984129E-01
 MESSAGE (watershell2_main): OUTER BULK BOUNDARY ( -7.781369493    ) IS TOO CLOSE TO SURFACE BOUNDARY ( -8.276368503    ). WILL RECOMPUTE:
 MESSAGE (watershell2_main): LOCATION OF OUTER BULK BOUNDARY SET TO  -7.779702496     A FROM PROTEIN. CONTOUR VALUE IS  0.8427584968E-02
 MESSAGE (watershell2_main): LOCATION OF INNER BULK BOUNDARY SET TO  -7.279702496     A FROM PROTEIN. CONTOUR VALUE IS  0.1618350188E-01
 MESSAGE (watershell2_main): OUTER BULK BOUNDARY ( -7.779702496    ) IS TOO CLOSE TO SURFACE BOUNDARY ( -8.274681790    ). WILL RECOMPUTE:
 MESSAGE (watershell2_main): LOCATION OF OUTER BULK BOUNDARY SET TO  -7.778028927     A FROM PROTEIN. CONTOUR VALUE IS  0.8446805070E-02
 MESSAGE (watershell2_main): LOCATION OF INNER BULK BOUNDARY SET TO  -7.278028927     A FROM PROTEIN. CONTOUR VALUE IS  0.1621735562E-01
 MESSAGE (watershell2_main): OUTER BULK BOUNDARY ( -7.778028927    ) IS TOO CLOSE TO SURFACE BOUNDARY ( -8.273020888    ). WILL RECOMPUTE:
 MESSAGE (watershell2_main): LOCATION OF OUTER BULK BOUNDARY SET TO  -7.776359581     A FROM PROTEIN. CONTOUR VALUE IS  0.8466014996E-02
 MESSAGE (watershell2_main): LOCATION OF INNER BULK BOUNDARY SET TO  -7.276359581     A FROM PROTEIN. CONTOUR VALUE IS  0.1625118437E-01
 MESSAGE (watershell2_main): OUTER BULK BOUNDARY ( -7.776359581    ) IS TOO CLOSE TO SURFACE BOUNDARY ( -8.271336424    ). WILL RECOMPUTE:
 MESSAGE (watershell2_main): LOCATION OF OUTER BULK BOUNDARY SET TO  -7.774685195     A FROM PROTEIN. CONTOUR VALUE IS  0.8485321415E-02
 MESSAGE (watershell2_main): LOCATION OF INNER BULK BOUNDARY SET TO  -7.274685195     A FROM PROTEIN. CONTOUR VALUE IS  0.1628517594E-01
 MESSAGE (watershell2_main): OUTER BULK BOUNDARY ( -7.774685195    ) IS TOO CLOSE TO SURFACE BOUNDARY ( -8.269680010    ). WILL RECOMPUTE:
 MESSAGE (watershell2_main): LOCATION OF OUTER BULK BOUNDARY SET TO  -7.773016800     A FROM PROTEIN. CONTOUR VALUE IS  0.8504597176E-02
 MESSAGE (watershell2_main): LOCATION OF INNER BULK BOUNDARY SET TO  -7.273016800     A FROM PROTEIN. CONTOUR VALUE IS  0.1631910645E-01
 MESSAGE (watershell2_main): OUTER BULK BOUNDARY ( -7.773016800    ) IS TOO CLOSE TO SURFACE BOUNDARY ( -8.267998238    ). WILL RECOMPUTE:
 MESSAGE (watershell2_main): LOCATION OF OUTER BULK BOUNDARY SET TO  -7.771343946     A FROM PROTEIN. CONTOUR VALUE IS  0.8523963019E-02
 MESSAGE (watershell2_main): LOCATION OF INNER BULK BOUNDARY SET TO  -7.271343946     A FROM PROTEIN. CONTOUR VALUE IS  0.1635318840E-01
 MESSAGE (watershell2_main): OUTER BULK BOUNDARY ( -7.771343946    ) IS TOO CLOSE TO SURFACE BOUNDARY ( -8.266327007    ). WILL RECOMPUTE:
 MESSAGE (watershell2_main): LOCATION OF OUTER BULK BOUNDARY SET TO  -7.769671633     A FROM PROTEIN. CONTOUR VALUE IS  0.8543361263E-02
 MESSAGE (watershell2_main): LOCATION OF INNER BULK BOUNDARY SET TO  -7.269671633     A FROM PROTEIN. CONTOUR VALUE IS  0.1638732023E-01
 ==========================================================================================
 Iteration:               150000
 Surface boundary distance:         -8.2661515875413016      (contour value:   4.2306581939967058E-003 )
 Current avg. solvent contour val:  0.59620766857927987
 Surface energy:                     96.667829128000065
 Curvature energy:                   14.963639928221864
 Surface curvature at solvent (min:ave:max): (  -9.6296853777994296E-002 :  -2.6073507640665222E-002 :  0.61806779356466401      )
 ======= FORCE STATISTICS ==============
 Total force applied to surface atoms:    -1.1949165796115204       0.45554990266561135      -0.37160220531548799
 RMS of surface atom forces:               2.7754255949431511E-002
 Largest force acting on a surface atom:   5.4437892595148488E-002
 Total force applied to solvent atoms:     14.954400318753150        8.6271251163216824        4.2528673133203778
 RMS of solvent atom forces:              0.34649922534761207
 Largest force acting on a solvent atom:   3.9786053371991854
 Rotational restraint energy:          0.89421524845094935
 Translational restraint energy:        8.8671977252223824E-002
 Total rigid-body restraint energy:    0.98288722570317322
 =======================================
 Solute neighbor list search depth (min:ave:max): (          16 :   90.386374464030482      :         159 )
 ======= DENSITY STATISTICS ============
 # Solute atoms used for density:           159
 Target density (g/mL):             0.99700000000000000
 Simulation density (g/mL):         0.92659691275190470
 Instantaneous density (g/mL):      0.89748343174770806
 Volume of bulk solvent (Ang^3):     4401.0000000000000
 Mass of bulk solvent (amu):         2378.6399999999958
 Outer bulk boundary distance:      -7.7696716332123295      (contour value:   8.5433612630734790E-003 )
 Inner bulk boundary distance:      -7.2696716332123295      (contour value:   1.6387320234978409E-002 )
 ======================================
 MESSAGE (watershell2_main): WRITING RESTART FILE TO ("watershell0.restart.txt")
 MESSAGE (FILES_OPEN): Opening FORMATTED file "watershell0.restart.txt" for writing.
 MESSAGE (watershell2_main): OUTER BULK BOUNDARY ( -7.769671633    ) IS TOO CLOSE TO SURFACE BOUNDARY ( -8.264651549    ). WILL RECOMPUTE:
 MESSAGE (watershell2_main): LOCATION OF OUTER BULK BOUNDARY SET TO  -7.767998272     A FROM PROTEIN. CONTOUR VALUE IS  0.8562810426E-02
 MESSAGE (watershell2_main): LOCATION OF INNER BULK BOUNDARY SET TO  -7.267998272     A FROM PROTEIN. CONTOUR VALUE IS  0.1642153451E-01
 MESSAGE (watershell2_main): OUTER BULK BOUNDARY ( -7.767998272    ) IS TOO CLOSE TO SURFACE BOUNDARY ( -8.262965763    ). WILL RECOMPUTE:
 MESSAGE (watershell2_main): LOCATION OF OUTER BULK BOUNDARY SET TO  -7.766320769     A FROM PROTEIN. CONTOUR VALUE IS  0.8582346699E-02
 MESSAGE (watershell2_main): LOCATION OF INNER BULK BOUNDARY SET TO  -7.266320769     A FROM PROTEIN. CONTOUR VALUE IS  0.1645589483E-01
 MESSAGE (watershell2_main): OUTER BULK BOUNDARY ( -7.766320769    ) IS TOO CLOSE TO SURFACE BOUNDARY ( -8.261291205    ). WILL RECOMPUTE:
 MESSAGE (watershell2_main): LOCATION OF OUTER BULK BOUNDARY SET TO  -7.764644247     A FROM PROTEIN. CONTOUR VALUE IS  0.8601910597E-02
 MESSAGE (watershell2_main): LOCATION OF INNER BULK BOUNDARY SET TO  -7.264644247     A FROM PROTEIN. CONTOUR VALUE IS  0.1649029652E-01
 MESSAGE (watershell2_main): OUTER BULK BOUNDARY ( -7.764644247    ) IS TOO CLOSE TO SURFACE BOUNDARY ( -8.259626190    ). WILL RECOMPUTE:
 MESSAGE (watershell2_main): LOCATION OF OUTER BULK BOUNDARY SET TO  -7.762971562     A FROM PROTEIN. CONTOUR VALUE IS  0.8621468709E-02
 MESSAGE (watershell2_main): LOCATION OF INNER BULK BOUNDARY SET TO  -7.262971562     A FROM PROTEIN. CONTOUR VALUE IS  0.1652468084E-01
 MESSAGE (watershell2_main): OUTER BULK BOUNDARY ( -7.762971562    ) IS TOO CLOSE TO SURFACE BOUNDARY ( -8.257967036    ). WILL RECOMPUTE:
 MESSAGE (watershell2_main): LOCATION OF OUTER BULK BOUNDARY SET TO  -7.761303386     A FROM PROTEIN. CONTOUR VALUE IS  0.8641012915E-02
 MESSAGE (watershell2_main): LOCATION OF INNER BULK BOUNDARY SET TO  -7.261303386     A FROM PROTEIN. CONTOUR VALUE IS  0.1655903354E-01
 MESSAGE (watershell2_main): OUTER BULK BOUNDARY ( -7.761303386    ) IS TOO CLOSE TO SURFACE BOUNDARY ( -8.256303193    ). WILL RECOMPUTE:
 MESSAGE (watershell2_main): LOCATION OF OUTER BULK BOUNDARY SET TO  -7.759636655     A FROM PROTEIN. CONTOUR VALUE IS  0.8660578999E-02
 MESSAGE (watershell2_main): LOCATION OF INNER BULK BOUNDARY SET TO  -7.259636655     A FROM PROTEIN. CONTOUR VALUE IS  0.1659341752E-01
 MESSAGE (watershell2_main): OUTER BULK BOUNDARY ( -7.759636655    ) IS TOO CLOSE TO SURFACE BOUNDARY ( -8.254602725    ). WILL RECOMPUTE:
 MESSAGE (watershell2_main): LOCATION OF OUTER BULK BOUNDARY SET TO  -7.757958679     A FROM PROTEIN. CONTOUR VALUE IS  0.8680316333E-02
 MESSAGE (watershell2_main): LOCATION OF INNER BULK BOUNDARY SET TO  -7.257958679     A FROM PROTEIN. CONTOUR VALUE IS  0.1662809519E-01
 MESSAGE (watershell2_main): OUTER BULK BOUNDARY ( -7.757958679    ) IS TOO CLOSE TO SURFACE BOUNDARY ( -8.252948855    ). WILL RECOMPUTE:
 MESSAGE (watershell2_main): LOCATION OF OUTER BULK BOUNDARY SET TO  -7.756288737     A FROM PROTEIN. CONTOUR VALUE IS  0.8699998299E-02
 MESSAGE (watershell2_main): LOCATION OF INNER BULK BOUNDARY SET TO  -7.256288737     A FROM PROTEIN. CONTOUR VALUE IS  0.1666266835E-01
 MESSAGE (watershell2_main): OUTER BULK BOUNDARY ( -7.756288737    ) IS TOO CLOSE TO SURFACE BOUNDARY ( -8.251281918    ). WILL RECOMPUTE:
 MESSAGE (watershell2_main): LOCATION OF OUTER BULK BOUNDARY SET TO  -7.754619798     A FROM PROTEIN. CONTOUR VALUE IS  0.8719707546E-02
 MESSAGE (watershell2_main): LOCATION OF INNER BULK BOUNDARY SET TO  -7.254619798     A FROM PROTEIN. CONTOUR VALUE IS  0.1669728221E-01
 MESSAGE (watershell2_main): OUTER BULK BOUNDARY ( -7.754619798    ) IS TOO CLOSE TO SURFACE BOUNDARY ( -8.249594184    ). WILL RECOMPUTE:
 MESSAGE (watershell2_main): LOCATION OF OUTER BULK BOUNDARY SET TO  -7.752944593     A FROM PROTEIN. CONTOUR VALUE IS  0.8739530137E-02
 MESSAGE (watershell2_main): LOCATION OF INNER BULK BOUNDARY SET TO  -7.252944593     A FROM PROTEIN. CONTOUR VALUE IS  0.1673208785E-01
 MESSAGE (watershell2_main): OUTER BULK BOUNDARY ( -7.752944593    ) IS TOO CLOSE TO SURFACE BOUNDARY ( -8.247921049    ). WILL RECOMPUTE:
 MESSAGE (watershell2_main): LOCATION OF OUTER BULK BOUNDARY SET TO  -7.751270078     A FROM PROTEIN. CONTOUR VALUE IS  0.8759384038E-02
 MESSAGE (watershell2_main): LOCATION OF INNER BULK BOUNDARY SET TO  -7.251270078     A FROM PROTEIN. CONTOUR VALUE IS  0.1676694116E-01
 MESSAGE (watershell2_main): OUTER BULK BOUNDARY ( -7.751270078    ) IS TOO CLOSE TO SURFACE BOUNDARY ( -8.246253809    ). WILL RECOMPUTE:
 MESSAGE (watershell2_main): LOCATION OF OUTER BULK BOUNDARY SET TO  -7.749597989     A FROM PROTEIN. CONTOUR VALUE IS  0.8779248626E-02
 MESSAGE (watershell2_main): LOCATION OF INNER BULK BOUNDARY SET TO  -7.249597989     A FROM PROTEIN. CONTOUR VALUE IS  0.1680180595E-01
 MESSAGE (watershell2_main): OUTER BULK BOUNDARY ( -7.749597989    ) IS TOO CLOSE TO SURFACE BOUNDARY ( -8.244575353    ). WILL RECOMPUTE:
 MESSAGE (watershell2_main): LOCATION OF OUTER BULK BOUNDARY SET TO  -7.747923777     A FROM PROTEIN. CONTOUR VALUE IS  0.8799177981E-02
 MESSAGE (watershell2_main): LOCATION OF INNER BULK BOUNDARY SET TO  -7.247923777     A FROM PROTEIN. CONTOUR VALUE IS  0.1683677709E-01
 MESSAGE (watershell2_main): OUTER BULK BOUNDARY ( -7.747923777    ) IS TOO CLOSE TO SURFACE BOUNDARY ( -8.242912995    ). WILL RECOMPUTE:
 MESSAGE (watershell2_main): LOCATION OF OUTER BULK BOUNDARY SET TO  -7.746253516     A FROM PROTEIN. CONTOUR VALUE IS  0.8819099802E-02
 MESSAGE (watershell2_main): LOCATION OF INNER BULK BOUNDARY SET TO  -7.246253516     A FROM PROTEIN. CONTOUR VALUE IS  0.1687172770E-01
 MESSAGE (watershell2_main): OUTER BULK BOUNDARY ( -7.746253516    ) IS TOO CLOSE TO SURFACE BOUNDARY ( -8.241241369    ). WILL RECOMPUTE:
 MESSAGE (watershell2_main): LOCATION OF OUTER BULK BOUNDARY SET TO  -7.744582800     A FROM PROTEIN. CONTOUR VALUE IS  0.8839066590E-02
 MESSAGE (watershell2_main): LOCATION OF INNER BULK BOUNDARY SET TO  -7.244582800     A FROM PROTEIN. CONTOUR VALUE IS  0.1690674989E-01
 MESSAGE (watershell2_main): OUTER BULK BOUNDARY ( -7.744582800    ) IS TOO CLOSE TO SURFACE BOUNDARY ( -8.239560778    ). WILL RECOMPUTE:
 MESSAGE (watershell2_main): LOCATION OF OUTER BULK BOUNDARY SET TO  -7.742908793     A FROM PROTEIN. CONTOUR VALUE IS  0.8859112443E-02
 MESSAGE (watershell2_main): LOCATION OF INNER BULK BOUNDARY SET TO  -7.242908793     A FROM PROTEIN. CONTOUR VALUE IS  0.1694190341E-01
 MESSAGE (watershell2_main): OUTER BULK BOUNDARY ( -7.742908793    ) IS TOO CLOSE TO SURFACE BOUNDARY ( -8.237902996    ). WILL RECOMPUTE:
 MESSAGE (watershell2_main): LOCATION OF OUTER BULK BOUNDARY SET TO  -7.741240194     A FROM PROTEIN. CONTOUR VALUE IS  0.8879133165E-02
 MESSAGE (watershell2_main): LOCATION OF INNER BULK BOUNDARY SET TO  -7.241240194     A FROM PROTEIN. CONTOUR VALUE IS  0.1697700552E-01
 MESSAGE (watershell2_main): OUTER BULK BOUNDARY ( -7.741240194    ) IS TOO CLOSE TO SURFACE BOUNDARY ( -8.236224144    ). WILL RECOMPUTE:
 MESSAGE (watershell2_main): LOCATION OF OUTER BULK BOUNDARY SET TO  -7.739568177     A FROM PROTEIN. CONTOUR VALUE IS  0.8899234651E-02
 MESSAGE (watershell2_main): LOCATION OF INNER BULK BOUNDARY SET TO  -7.239568177     A FROM PROTEIN. CONTOUR VALUE IS  0.1701224188E-01
 MESSAGE (watershell2_main): OUTER BULK BOUNDARY ( -7.739568177    ) IS TOO CLOSE TO SURFACE BOUNDARY ( -8.234552962    ). WILL RECOMPUTE:
 MESSAGE (watershell2_main): LOCATION OF OUTER BULK BOUNDARY SET TO  -7.737896439     A FROM PROTEIN. CONTOUR VALUE IS  0.8919372648E-02
 MESSAGE (watershell2_main): LOCATION OF INNER BULK BOUNDARY SET TO  -7.237896439     A FROM PROTEIN. CONTOUR VALUE IS  0.1704753487E-01
 MESSAGE (watershell2_main): OUTER BULK BOUNDARY ( -7.737896439    ) IS TOO CLOSE TO SURFACE BOUNDARY ( -8.232876122    ). WILL RECOMPUTE:
 MESSAGE (watershell2_main): LOCATION OF OUTER BULK BOUNDARY SET TO  -7.736223000     A FROM PROTEIN. CONTOUR VALUE IS  0.8939571100E-02
 MESSAGE (watershell2_main): LOCATION OF INNER BULK BOUNDARY SET TO  -7.236223000     A FROM PROTEIN. CONTOUR VALUE IS  0.1708292640E-01
 MESSAGE (watershell2_main): OUTER BULK BOUNDARY ( -7.736223000    ) IS TOO CLOSE TO SURFACE BOUNDARY ( -8.231187875    ). WILL RECOMPUTE:
 MESSAGE (watershell2_main): LOCATION OF OUTER BULK BOUNDARY SET TO  -7.734544625     A FROM PROTEIN. CONTOUR VALUE IS  0.8959869372E-02
 MESSAGE (watershell2_main): LOCATION OF INNER BULK BOUNDARY SET TO  -7.234544625     A FROM PROTEIN. CONTOUR VALUE IS  0.1711848539E-01
 MESSAGE (watershell2_main): OUTER BULK BOUNDARY ( -7.734544625    ) IS TOO CLOSE TO SURFACE BOUNDARY ( -8.229528911    ). WILL RECOMPUTE:
 MESSAGE (watershell2_main): LOCATION OF OUTER BULK BOUNDARY SET TO  -7.732872720     A FROM PROTEIN. CONTOUR VALUE IS  0.8980129522E-02
 MESSAGE (watershell2_main): LOCATION OF INNER BULK BOUNDARY SET TO  -7.232872720     A FROM PROTEIN. CONTOUR VALUE IS  0.1715397016E-01
 ==========================================================================================
 Iteration:               160000
 Surface boundary distance:         -8.2291421581964759      (contour value:   4.4668682022786510E-003 )
 Current avg. solvent contour val:  0.31996422125948731
 Surface energy:                     104.05073392622552
 Curvature energy:                   13.569980359069156
 Surface curvature at solvent (min:ave:max): (  -9.6623846353709616E-002 :  -2.6369159054411225E-002 :  0.53433384220520241      )
 ======= FORCE STATISTICS ==============
 Total force applied to surface atoms:    -1.8412400592808504        3.8410078941530661       -2.5811831999353343
 RMS of surface atom forces:               3.6412986850469529E-002
 Largest force acting on a surface atom:   6.2941177155568212E-002
 Total force applied to solvent atoms:    -24.520059645716607        8.3721835189447074       -4.6614738549072365
 RMS of solvent atom forces:              0.36960118560571564
 Largest force acting on a solvent atom:   3.3412430170989800
 Rotational restraint energy:          0.43884874344975516
 Translational restraint energy:        1.2403006655237570
 Total rigid-body restraint energy:     1.6791494089735122
 =======================================
 Solute neighbor list search depth (min:ave:max): (          16 :   89.820867079561694      :         159 )
 ======= DENSITY STATISTICS ============
 # Solute atoms used for density:           159
 Target density (g/mL):             0.99700000000000000
 Simulation density (g/mL):         0.92642816553141361
 Instantaneous density (g/mL):      0.89885385682484731
 Volume of bulk solvent (Ang^3):     4361.0000000000000
 Mass of bulk solvent (amu):         2360.6199999999917
 Outer bulk boundary distance:      -7.7328727201457648      (contour value:   8.9801295222698418E-003 )
 Inner bulk boundary distance:      -7.2328727201457639      (contour value:   1.7153970157642473E-002 )
 ======================================
 MESSAGE (watershell2_main): WRITING RESTART FILE TO ("watershell0.restart.txt")
 MESSAGE (FILES_OPEN): Opening FORMATTED file "watershell0.restart.txt" for writing.
 MESSAGE (watershell2_main): OUTER BULK BOUNDARY ( -7.732872720    ) IS TOO CLOSE TO SURFACE BOUNDARY ( -8.227846064    ). WILL RECOMPUTE:
 MESSAGE (watershell2_main): LOCATION OF OUTER BULK BOUNDARY SET TO  -7.731197168     A FROM PROTEIN. CONTOUR VALUE IS  0.9000474119E-02
 MESSAGE (watershell2_main): LOCATION OF INNER BULK BOUNDARY SET TO  -7.231197168     A FROM PROTEIN. CONTOUR VALUE IS  0.1718959538E-01
 MESSAGE (watershell2_main): OUTER BULK BOUNDARY ( -7.731197168    ) IS TOO CLOSE TO SURFACE BOUNDARY ( -8.226194882    ). WILL RECOMPUTE:
 MESSAGE (watershell2_main): LOCATION OF OUTER BULK BOUNDARY SET TO  -7.729529739     A FROM PROTEIN. CONTOUR VALUE IS  0.9020760150E-02
 MESSAGE (watershell2_main): LOCATION OF INNER BULK BOUNDARY SET TO  -7.229529739     A FROM PROTEIN. CONTOUR VALUE IS  0.1722511063E-01
 MESSAGE (watershell2_main): OUTER BULK BOUNDARY ( -7.729529739    ) IS TOO CLOSE TO SURFACE BOUNDARY ( -8.224505852    ). WILL RECOMPUTE:
 MESSAGE (watershell2_main): LOCATION OF OUTER BULK BOUNDARY SET TO  -7.727855110     A FROM PROTEIN. CONTOUR VALUE IS  0.9041174073E-02
 MESSAGE (watershell2_main): LOCATION OF INNER BULK BOUNDARY SET TO  -7.227855110     A FROM PROTEIN. CONTOUR VALUE IS  0.1726084231E-01
 MESSAGE (watershell2_main): OUTER BULK BOUNDARY ( -7.727855110    ) IS TOO CLOSE TO SURFACE BOUNDARY ( -8.222849359    ). WILL RECOMPUTE:
 MESSAGE (watershell2_main): LOCATION OF OUTER BULK BOUNDARY SET TO  -7.726186526     A FROM PROTEIN. CONTOUR VALUE IS  0.9061554531E-02
 MESSAGE (watershell2_main): LOCATION OF INNER BULK BOUNDARY SET TO  -7.226186526     A FROM PROTEIN. CONTOUR VALUE IS  0.1729650797E-01
 MESSAGE (watershell2_main): OUTER BULK BOUNDARY ( -7.726186526    ) IS TOO CLOSE TO SURFACE BOUNDARY ( -8.221165547    ). WILL RECOMPUTE:
 MESSAGE (watershell2_main): LOCATION OF OUTER BULK BOUNDARY SET TO  -7.724512867     A FROM PROTEIN. CONTOUR VALUE IS  0.9082037393E-02
 MESSAGE (watershell2_main): LOCATION OF INNER BULK BOUNDARY SET TO  -7.224512867     A FROM PROTEIN. CONTOUR VALUE IS  0.1733234534E-01
 MESSAGE (watershell2_main): OUTER BULK BOUNDARY ( -7.724512867    ) IS TOO CLOSE TO SURFACE BOUNDARY ( -8.219497221    ). WILL RECOMPUTE:
 MESSAGE (watershell2_main): LOCATION OF OUTER BULK BOUNDARY SET TO  -7.722840985     A FROM PROTEIN. CONTOUR VALUE IS  0.9102538957E-02
 MESSAGE (watershell2_main): LOCATION OF INNER BULK BOUNDARY SET TO  -7.222840985     A FROM PROTEIN. CONTOUR VALUE IS  0.1736820793E-01
 MESSAGE (watershell2_main): OUTER BULK BOUNDARY ( -7.722840985    ) IS TOO CLOSE TO SURFACE BOUNDARY ( -8.217834547    ). WILL RECOMPUTE:
 MESSAGE (watershell2_main): LOCATION OF OUTER BULK BOUNDARY SET TO  -7.721172172     A FROM PROTEIN. CONTOUR VALUE IS  0.9123043285E-02
 MESSAGE (watershell2_main): LOCATION OF INNER BULK BOUNDARY SET TO  -7.221172172     A FROM PROTEIN. CONTOUR VALUE IS  0.1740406788E-01
 MESSAGE (watershell2_main): OUTER BULK BOUNDARY ( -7.721172172    ) IS TOO CLOSE TO SURFACE BOUNDARY ( -8.216159335    ). WILL RECOMPUTE:
 MESSAGE (watershell2_main): LOCATION OF OUTER BULK BOUNDARY SET TO  -7.719501226     A FROM PROTEIN. CONTOUR VALUE IS  0.9143614323E-02
 MESSAGE (watershell2_main): LOCATION OF INNER BULK BOUNDARY SET TO  -7.219501226     A FROM PROTEIN. CONTOUR VALUE IS  0.1744003698E-01
 MESSAGE (watershell2_main): OUTER BULK BOUNDARY ( -7.719501226    ) IS TOO CLOSE TO SURFACE BOUNDARY ( -8.214490905    ). WILL RECOMPUTE:
 MESSAGE (watershell2_main): LOCATION OF OUTER BULK BOUNDARY SET TO  -7.717831119     A FROM PROTEIN. CONTOUR VALUE IS  0.9164215606E-02
 MESSAGE (watershell2_main): LOCATION OF INNER BULK BOUNDARY SET TO  -7.217831119     A FROM PROTEIN. CONTOUR VALUE IS  0.1747605144E-01
 MESSAGE (watershell2_main): OUTER BULK BOUNDARY ( -7.717831119    ) IS TOO CLOSE TO SURFACE BOUNDARY ( -8.212822478    ). WILL RECOMPUTE:
 MESSAGE (watershell2_main): LOCATION OF OUTER BULK BOUNDARY SET TO  -7.716161572     A FROM PROTEIN. CONTOUR VALUE IS  0.9184850576E-02
 MESSAGE (watershell2_main): LOCATION OF INNER BULK BOUNDARY SET TO  -7.216161572     A FROM PROTEIN. CONTOUR VALUE IS  0.1751211727E-01
 MESSAGE (watershell2_main): OUTER BULK BOUNDARY ( -7.716161572    ) IS TOO CLOSE TO SURFACE BOUNDARY ( -8.211145082    ). WILL RECOMPUTE:
 MESSAGE (watershell2_main): LOCATION OF OUTER BULK BOUNDARY SET TO  -7.714489409     A FROM PROTEIN. CONTOUR VALUE IS  0.9205558636E-02
 MESSAGE (watershell2_main): LOCATION OF INNER BULK BOUNDARY SET TO  -7.214489409     A FROM PROTEIN. CONTOUR VALUE IS  0.1754830328E-01
 MESSAGE (watershell2_main): OUTER BULK BOUNDARY ( -7.714489409    ) IS TOO CLOSE TO SURFACE BOUNDARY ( -8.209462282    ). WILL RECOMPUTE:
 MESSAGE (watershell2_main): LOCATION OF OUTER BULK BOUNDARY SET TO  -7.712813700     A FROM PROTEIN. CONTOUR VALUE IS  0.9226351590E-02
 MESSAGE (watershell2_main): LOCATION OF INNER BULK BOUNDARY SET TO  -7.212813700     A FROM PROTEIN. CONTOUR VALUE IS  0.1758463004E-01
 MESSAGE (watershell2_main): OUTER BULK BOUNDARY ( -7.712813700    ) IS TOO CLOSE TO SURFACE BOUNDARY ( -8.207808503    ). WILL RECOMPUTE:
 MESSAGE (watershell2_main): LOCATION OF OUTER BULK BOUNDARY SET TO  -7.711145301     A FROM PROTEIN. CONTOUR VALUE IS  0.9247094662E-02
 MESSAGE (watershell2_main): LOCATION OF INNER BULK BOUNDARY SET TO  -7.211145301     A FROM PROTEIN. CONTOUR VALUE IS  0.1762086207E-01
 MESSAGE (watershell2_main): OUTER BULK BOUNDARY ( -7.711145301    ) IS TOO CLOSE TO SURFACE BOUNDARY ( -8.206128504    ). WILL RECOMPUTE:
 MESSAGE (watershell2_main): LOCATION OF OUTER BULK BOUNDARY SET TO  -7.709473035     A FROM PROTEIN. CONTOUR VALUE IS  0.9267926747E-02
 MESSAGE (watershell2_main): LOCATION OF INNER BULK BOUNDARY SET TO  -7.209473035     A FROM PROTEIN. CONTOUR VALUE IS  0.1765724199E-01
 MESSAGE (watershell2_main): OUTER BULK BOUNDARY ( -7.709473035    ) IS TOO CLOSE TO SURFACE BOUNDARY ( -8.204455244    ). WILL RECOMPUTE:
 MESSAGE (watershell2_main): LOCATION OF OUTER BULK BOUNDARY SET TO  -7.707800438     A FROM PROTEIN. CONTOUR VALUE IS  0.9288804028E-02
 MESSAGE (watershell2_main): LOCATION OF INNER BULK BOUNDARY SET TO  -7.207800438     A FROM PROTEIN. CONTOUR VALUE IS  0.1769369322E-01
 MESSAGE (watershell2_main): OUTER BULK BOUNDARY ( -7.707800438    ) IS TOO CLOSE TO SURFACE BOUNDARY ( -8.202787480    ). WILL RECOMPUTE:
 MESSAGE (watershell2_main): LOCATION OF OUTER BULK BOUNDARY SET TO  -7.706129452     A FROM PROTEIN. CONTOUR VALUE IS  0.9309702277E-02
 MESSAGE (watershell2_main): LOCATION OF INNER BULK BOUNDARY SET TO  -7.206129452     A FROM PROTEIN. CONTOUR VALUE IS  0.1773017343E-01
 MESSAGE (watershell2_main): OUTER BULK BOUNDARY ( -7.706129452    ) IS TOO CLOSE TO SURFACE BOUNDARY ( -8.201123747    ). WILL RECOMPUTE:
 MESSAGE (watershell2_main): LOCATION OF OUTER BULK BOUNDARY SET TO  -7.704460884     A FROM PROTEIN. CONTOUR VALUE IS  0.9330611326E-02
 MESSAGE (watershell2_main): LOCATION OF INNER BULK BOUNDARY SET TO  -7.204460884     A FROM PROTEIN. CONTOUR VALUE IS  0.1776666487E-01
 MESSAGE (watershell2_main): OUTER BULK BOUNDARY ( -7.704460884    ) IS TOO CLOSE TO SURFACE BOUNDARY ( -8.199460138    ). WILL RECOMPUTE:
 MESSAGE (watershell2_main): LOCATION OF OUTER BULK BOUNDARY SET TO  -7.702793969     A FROM PROTEIN. CONTOUR VALUE IS  0.9351540673E-02
 MESSAGE (watershell2_main): LOCATION OF INNER BULK BOUNDARY SET TO  -7.202793969     A FROM PROTEIN. CONTOUR VALUE IS  0.1780318413E-01
 ==========================================================================================
 Iteration:               170000
 Surface boundary distance:         -8.1994601378919203      (contour value:   4.6647496870476091E-003 )
 Current avg. solvent contour val:  0.32696095758288163
 Surface energy:                     100.46764491034074
 Curvature energy:                   14.554912828040491
 Surface curvature at solvent (min:ave:max): (  -9.7801950679304903E-002 :  -2.7792447701454035E-002 :  0.60585083740750900      )
 ======= FORCE STATISTICS ==============
 Total force applied to surface atoms:    -5.8721322659295092        2.8290459671248831      -0.31122102825925235
 RMS of surface atom forces:               5.5260313696881058E-002
 Largest force acting on a surface atom:   9.6785518464668471E-002
 Total force applied to solvent atoms:     3.9530399044254274       -13.889548896013469       -4.3604389674532102
 RMS of solvent atom forces:              0.36327461855025522
 Largest force acting on a solvent atom:   3.4580378564357828
 Rotational restraint energy:           1.7350657193986183
 Translational restraint energy:        2.1291148480553335
 Total rigid-body restraint energy:     3.8641805674539516
 =======================================
 Solute neighbor list search depth (min:ave:max): (          21 :   90.309194854692706      :         159 )
 ======= DENSITY STATISTICS ============
 # Solute atoms used for density:           159
 Target density (g/mL):             0.99700000000000000
 Simulation density (g/mL):         0.94548018629486963
 Instantaneous density (g/mL):      0.95958756057060512
 Volume of bulk solvent (Ang^3):     4428.0000000000000
 Mass of bulk solvent (amu):         2558.8399999999965
 Outer bulk boundary distance:      -7.7027939685921876      (contour value:   9.3515406732248563E-003 )
 Inner bulk boundary distance:      -7.2027939685921876      (contour value:   1.7803184125295080E-002 )
 ======================================
 MESSAGE (watershell2_main): WRITING RESTART FILE TO ("watershell0.restart.txt")
 MESSAGE (FILES_OPEN): Opening FORMATTED file "watershell0.restart.txt" for writing.
 MESSAGE (watershell2_main): OUTER BULK BOUNDARY ( -7.702793969    ) IS TOO CLOSE TO SURFACE BOUNDARY ( -8.197790348    ). WILL RECOMPUTE:
 MESSAGE (watershell2_main): LOCATION OF OUTER BULK BOUNDARY SET TO  -7.701126095     A FROM PROTEIN. CONTOUR VALUE IS  0.9372523141E-02
 MESSAGE (watershell2_main): LOCATION OF INNER BULK BOUNDARY SET TO  -7.201126095     A FROM PROTEIN. CONTOUR VALUE IS  0.1783978844E-01
 MESSAGE (watershell2_main): OUTER BULK BOUNDARY ( -7.701126095    ) IS TOO CLOSE TO SURFACE BOUNDARY ( -8.196124465    ). WILL RECOMPUTE:
 MESSAGE (watershell2_main): LOCATION OF OUTER BULK BOUNDARY SET TO  -7.699458885     A FROM PROTEIN. CONTOUR VALUE IS  0.9393538407E-02
 MESSAGE (watershell2_main): LOCATION OF INNER BULK BOUNDARY SET TO  -7.199458885     A FROM PROTEIN. CONTOUR VALUE IS  0.1787644233E-01
 MESSAGE (watershell2_main): OUTER BULK BOUNDARY ( -7.699458885    ) IS TOO CLOSE TO SURFACE BOUNDARY ( -8.194455865    ). WILL RECOMPUTE:
 MESSAGE (watershell2_main): LOCATION OF OUTER BULK BOUNDARY SET TO  -7.697791212     A FROM PROTEIN. CONTOUR VALUE IS  0.9414600737E-02
 MESSAGE (watershell2_main): LOCATION OF INNER BULK BOUNDARY SET TO  -7.197791212     A FROM PROTEIN. CONTOUR VALUE IS  0.1791317065E-01
 MESSAGE (watershell2_main): OUTER BULK BOUNDARY ( -7.697791212    ) IS TOO CLOSE TO SURFACE BOUNDARY ( -8.192774766    ). WILL RECOMPUTE:
 MESSAGE (watershell2_main): LOCATION OF OUTER BULK BOUNDARY SET TO  -7.696119063     A FROM PROTEIN. CONTOUR VALUE IS  0.9435761045E-02
 MESSAGE (watershell2_main): LOCATION OF INNER BULK BOUNDARY SET TO  -7.196119063     A FROM PROTEIN. CONTOUR VALUE IS  0.1795006212E-01
 MESSAGE (watershell2_main): OUTER BULK BOUNDARY ( -7.696119063    ) IS TOO CLOSE TO SURFACE BOUNDARY ( -8.191104225    ). WILL RECOMPUTE:
 MESSAGE (watershell2_main): LOCATION OF OUTER BULK BOUNDARY SET TO  -7.694447450     A FROM PROTEIN. CONTOUR VALUE IS  0.9456956133E-02
 MESSAGE (watershell2_main): LOCATION OF INNER BULK BOUNDARY SET TO  -7.194447450     A FROM PROTEIN. CONTOUR VALUE IS  0.1798700651E-01
 MESSAGE (watershell2_main): OUTER BULK BOUNDARY ( -7.694447450    ) IS TOO CLOSE TO SURFACE BOUNDARY ( -8.189424957    ). WILL RECOMPUTE:
 MESSAGE (watershell2_main): LOCATION OF OUTER BULK BOUNDARY SET TO  -7.692773286     A FROM PROTEIN. CONTOUR VALUE IS  0.9478225292E-02
 MESSAGE (watershell2_main): LOCATION OF INNER BULK BOUNDARY SET TO  -7.192773286     A FROM PROTEIN. CONTOUR VALUE IS  0.1802407225E-01
 MESSAGE (watershell2_main): OUTER BULK BOUNDARY ( -7.692773286    ) IS TOO CLOSE TO SURFACE BOUNDARY ( -8.187770515    ). WILL RECOMPUTE:
 MESSAGE (watershell2_main): LOCATION OF OUTER BULK BOUNDARY SET TO  -7.691105696     A FROM PROTEIN. CONTOUR VALUE IS  0.9499452498E-02
 MESSAGE (watershell2_main): LOCATION OF INNER BULK BOUNDARY SET TO  -7.191105696     A FROM PROTEIN. CONTOUR VALUE IS  0.1806105716E-01
 MESSAGE (watershell2_main): OUTER BULK BOUNDARY ( -7.691105696    ) IS TOO CLOSE TO SURFACE BOUNDARY ( -8.186100075    ). WILL RECOMPUTE:
 MESSAGE (watershell2_main): LOCATION OF OUTER BULK BOUNDARY SET TO  -7.689437156     A FROM PROTEIN. CONTOUR VALUE IS  0.9520733385E-02
 MESSAGE (watershell2_main): LOCATION OF INNER BULK BOUNDARY SET TO  -7.189437156     A FROM PROTEIN. CONTOUR VALUE IS  0.1809812786E-01
 MESSAGE (watershell2_main): OUTER BULK BOUNDARY ( -7.689437156    ) IS TOO CLOSE TO SURFACE BOUNDARY ( -8.184430364    ). WILL RECOMPUTE:
 MESSAGE (watershell2_main): LOCATION OF OUTER BULK BOUNDARY SET TO  -7.687768225     A FROM PROTEIN. CONTOUR VALUE IS  0.9542060934E-02
 MESSAGE (watershell2_main): LOCATION OF INNER BULK BOUNDARY SET TO  -7.187768225     A FROM PROTEIN. CONTOUR VALUE IS  0.1813527211E-01
 MESSAGE (watershell2_main): OUTER BULK BOUNDARY ( -7.687768225    ) IS TOO CLOSE TO SURFACE BOUNDARY ( -8.182767925    ). WILL RECOMPUTE:
 MESSAGE (watershell2_main): LOCATION OF OUTER BULK BOUNDARY SET TO  -7.686101459     A FROM PROTEIN. CONTOUR VALUE IS  0.9563402502E-02
 MESSAGE (watershell2_main): LOCATION OF INNER BULK BOUNDARY SET TO  -7.186101459     A FROM PROTEIN. CONTOUR VALUE IS  0.1817243301E-01
 MESSAGE (watershell2_main): OUTER BULK BOUNDARY ( -7.686101459    ) IS TOO CLOSE TO SURFACE BOUNDARY ( -8.181077233    ). WILL RECOMPUTE:
 MESSAGE (watershell2_main): LOCATION OF OUTER BULK BOUNDARY SET TO  -7.684426717     A FROM PROTEIN. CONTOUR VALUE IS  0.9584888200E-02
 MESSAGE (watershell2_main): LOCATION OF INNER BULK BOUNDARY SET TO  -7.184426717     A FROM PROTEIN. CONTOUR VALUE IS  0.1820983708E-01
 MESSAGE (watershell2_main): OUTER BULK BOUNDARY ( -7.684426717    ) IS TOO CLOSE TO SURFACE BOUNDARY ( -8.179406864    ). WILL RECOMPUTE:
 MESSAGE (watershell2_main): LOCATION OF OUTER BULK BOUNDARY SET TO  -7.682753432     A FROM PROTEIN. CONTOUR VALUE IS  0.9606397323E-02
 MESSAGE (watershell2_main): LOCATION OF INNER BULK BOUNDARY SET TO  -7.182753432     A FROM PROTEIN. CONTOUR VALUE IS  0.1824727408E-01
 MESSAGE (watershell2_main): OUTER BULK BOUNDARY ( -7.682753432    ) IS TOO CLOSE TO SURFACE BOUNDARY ( -8.177745602    ). WILL RECOMPUTE:
 MESSAGE (watershell2_main): LOCATION OF OUTER BULK BOUNDARY SET TO  -7.681084156     A FROM PROTEIN. CONTOUR VALUE IS  0.9627896956E-02
 MESSAGE (watershell2_main): LOCATION OF INNER BULK BOUNDARY SET TO  -7.181084156     A FROM PROTEIN. CONTOUR VALUE IS  0.1828468675E-01
 MESSAGE (watershell2_main): OUTER BULK BOUNDARY ( -7.681084156    ) IS TOO CLOSE TO SURFACE BOUNDARY ( -8.176080101    ). WILL RECOMPUTE:
 MESSAGE (watershell2_main): LOCATION OF OUTER BULK BOUNDARY SET TO  -7.679416137     A FROM PROTEIN. CONTOUR VALUE IS  0.9649422370E-02
 MESSAGE (watershell2_main): LOCATION OF INNER BULK BOUNDARY SET TO  -7.179416137     A FROM PROTEIN. CONTOUR VALUE IS  0.1832213648E-01
 ==========================================================================================
 Iteration:               180000
 Surface boundary distance:         -8.1751302241475230      (contour value:   4.8327439149128404E-003 )
 Current avg. solvent contour val:  0.60756385461345686
 Surface energy:                     97.417019508516191
 Curvature energy:                   14.690986240340830
 Surface curvature at solvent (min:ave:max): (  -9.7425787892889151E-002 :  -2.8228081088137805E-002 :  0.50802976857075433      )
 ======= FORCE STATISTICS ==============
 Total force applied to surface atoms:   -0.94474830414058153        3.6987246537322500       -2.0146921615546374
 RMS of surface atom forces:               5.3504934798606178E-002
 Largest force acting on a surface atom:  0.10738299651187788
 Total force applied to solvent atoms:    -7.2512421663585354        6.7035361666610518        15.210541837828890
 RMS of solvent atom forces:              0.40512896326560294
 Largest force acting on a solvent atom:   4.3382004562702843
 Rotational restraint energy:           2.7005029615611837
 Translational restraint energy:       0.93160489640664801
 Total rigid-body restraint energy:     3.6321078579678319
 =======================================
 Solute neighbor list search depth (min:ave:max): (          16 :   89.772272510719390      :         159 )
 ======= DENSITY STATISTICS ============
 # Solute atoms used for density:           159
 Target density (g/mL):             0.99700000000000000
 Simulation density (g/mL):         0.95835209856655201
 Instantaneous density (g/mL):      0.95124673212915412
 Volume of bulk solvent (Ang^3):     4341.0000000000000
 Mass of bulk solvent (amu):         2486.7600000000020
 Outer bulk boundary distance:      -7.6794161374770118      (contour value:   9.6494223701914517E-003 )
 Inner bulk boundary distance:      -7.1794161374770127      (contour value:   1.8322136476602857E-002 )
 ======================================
 MESSAGE (watershell2_main): WRITING RESTART FILE TO ("watershell0.restart.txt")
 MESSAGE (FILES_OPEN): Opening FORMATTED file "watershell0.restart.txt" for writing.
 MESSAGE (watershell2_main): OUTER BULK BOUNDARY ( -7.679416137    ) IS TOO CLOSE TO SURFACE BOUNDARY ( -8.174396637    ). WILL RECOMPUTE:
 MESSAGE (watershell2_main): LOCATION OF OUTER BULK BOUNDARY SET TO  -7.677742971     A FROM PROTEIN. CONTOUR VALUE IS  0.9671056464E-02
 MESSAGE (watershell2_main): LOCATION OF INNER BULK BOUNDARY SET TO  -7.177742971     A FROM PROTEIN. CONTOUR VALUE IS  0.1835976742E-01
 MESSAGE (watershell2_main): OUTER BULK BOUNDARY ( -7.677742971    ) IS TOO CLOSE TO SURFACE BOUNDARY ( -8.172725292    ). WILL RECOMPUTE:
 MESSAGE (watershell2_main): LOCATION OF OUTER BULK BOUNDARY SET TO  -7.676070411     A FROM PROTEIN. CONTOUR VALUE IS  0.9692725056E-02
 MESSAGE (watershell2_main): LOCATION OF INNER BULK BOUNDARY SET TO  -7.176070411     A FROM PROTEIN. CONTOUR VALUE IS  0.1839745049E-01
 MESSAGE (watershell2_main): OUTER BULK BOUNDARY ( -7.676070411    ) IS TOO CLOSE TO SURFACE BOUNDARY ( -8.171051417    ). WILL RECOMPUTE:
 MESSAGE (watershell2_main): LOCATION OF OUTER BULK BOUNDARY SET TO  -7.674397413     A FROM PROTEIN. CONTOUR VALUE IS  0.9714441750E-02
 MESSAGE (watershell2_main): LOCATION OF INNER BULK BOUNDARY SET TO  -7.174397413     A FROM PROTEIN. CONTOUR VALUE IS  0.1843520931E-01
 MESSAGE (watershell2_main): OUTER BULK BOUNDARY ( -7.674397413    ) IS TOO CLOSE TO SURFACE BOUNDARY ( -8.169389742    ). WILL RECOMPUTE:
 MESSAGE (watershell2_main): LOCATION OF OUTER BULK BOUNDARY SET TO  -7.672728189     A FROM PROTEIN. CONTOUR VALUE IS  0.9736151809E-02
 MESSAGE (watershell2_main): LOCATION OF INNER BULK BOUNDARY SET TO  -7.172728189     A FROM PROTEIN. CONTOUR VALUE IS  0.1847294872E-01
 MESSAGE (watershell2_main): OUTER BULK BOUNDARY ( -7.672728189    ) IS TOO CLOSE TO SURFACE BOUNDARY ( -8.167717210    ). WILL RECOMPUTE:
 MESSAGE (watershell2_main): LOCATION OF OUTER BULK BOUNDARY SET TO  -7.671057863     A FROM PROTEIN. CONTOUR VALUE IS  0.9757918626E-02
 MESSAGE (watershell2_main): LOCATION OF INNER BULK BOUNDARY SET TO  -7.171057863     A FROM PROTEIN. CONTOUR VALUE IS  0.1851077889E-01
 MESSAGE (watershell2_main): OUTER BULK BOUNDARY ( -7.671057863    ) IS TOO CLOSE TO SURFACE BOUNDARY ( -8.166050747    ). WILL RECOMPUTE:
 MESSAGE (watershell2_main): LOCATION OF OUTER BULK BOUNDARY SET TO  -7.669388824     A FROM PROTEIN. CONTOUR VALUE IS  0.9779711107E-02
 MESSAGE (watershell2_main): LOCATION OF INNER BULK BOUNDARY SET TO  -7.169388824     A FROM PROTEIN. CONTOUR VALUE IS  0.1854864576E-01
 MESSAGE (watershell2_main): OUTER BULK BOUNDARY ( -7.669388824    ) IS TOO CLOSE TO SURFACE BOUNDARY ( -8.164379606    ). WILL RECOMPUTE:
 MESSAGE (watershell2_main): LOCATION OF OUTER BULK BOUNDARY SET TO  -7.667719085     A FROM PROTEIN. CONTOUR VALUE IS  0.9801555265E-02
 MESSAGE (watershell2_main): LOCATION OF INNER BULK BOUNDARY SET TO  -7.167719085     A FROM PROTEIN. CONTOUR VALUE IS  0.1858659451E-01
 MESSAGE (watershell2_main): OUTER BULK BOUNDARY ( -7.667719085    ) IS TOO CLOSE TO SURFACE BOUNDARY ( -8.162705265    ). WILL RECOMPUTE:
 MESSAGE (watershell2_main): LOCATION OF OUTER BULK BOUNDARY SET TO  -7.666047811     A FROM PROTEIN. CONTOUR VALUE IS  0.9823462154E-02
 MESSAGE (watershell2_main): LOCATION OF INNER BULK BOUNDARY SET TO  -7.166047811     A FROM PROTEIN. CONTOUR VALUE IS  0.1862464429E-01
 MESSAGE (watershell2_main): OUTER BULK BOUNDARY ( -7.666047811    ) IS TOO CLOSE TO SURFACE BOUNDARY ( -8.161036000    ). WILL RECOMPUTE:
 MESSAGE (watershell2_main): LOCATION OF OUTER BULK BOUNDARY SET TO  -7.664377208     A FROM PROTEIN. CONTOUR VALUE IS  0.9845402989E-02
 MESSAGE (watershell2_main): LOCATION OF INNER BULK BOUNDARY SET TO  -7.164377208     A FROM PROTEIN. CONTOUR VALUE IS  0.1866274507E-01
 MESSAGE (watershell2_main): OUTER BULK BOUNDARY ( -7.664377208    ) IS TOO CLOSE TO SURFACE BOUNDARY ( -8.159375376    ). WILL RECOMPUTE:
 MESSAGE (watershell2_main): LOCATION OF OUTER BULK BOUNDARY SET TO  -7.662709931     A FROM PROTEIN. CONTOUR VALUE IS  0.9867342790E-02
 MESSAGE (watershell2_main): LOCATION OF INNER BULK BOUNDARY SET TO  -7.162709931     A FROM PROTEIN. CONTOUR VALUE IS  0.1870083610E-01
 ==========================================================================================
 Iteration:               190000
 Surface boundary distance:         -8.1592737790593546      (contour value:   4.9451126876633444E-003 )
 Current avg. solvent contour val:  0.33253151363621675
 Surface energy:                     94.792850996454362
 Curvature energy:                   15.711241001910340
 Surface curvature at solvent (min:ave:max): (  -9.7962358505086958E-002 :  -2.9011173380760237E-002 :  0.39109755768972987      )
 ======= FORCE STATISTICS ==============
 Total force applied to surface atoms:     1.6370112795783435E-002 -0.61679450947486514       -2.4498754410440000
 RMS of surface atom forces:               2.6066161771671981E-002
 Largest force acting on a surface atom:   4.5361730792551680E-002
 Total force applied to solvent atoms:     20.849319523301407       -7.4435221513839878       -4.0480710017755062
 RMS of solvent atom forces:              0.38190814474219370
 Largest force acting on a solvent atom:   3.6953337538766737
 Rotational restraint energy:          0.54736540262846878
 Translational restraint energy:       0.31912965620709133
 Total rigid-body restraint energy:    0.86649505883556011
 =======================================
 Solute neighbor list search depth (min:ave:max): (          16 :   90.614578370652694      :         159 )
 ======= DENSITY STATISTICS ============
 # Solute atoms used for density:           159
 Target density (g/mL):             0.99700000000000000
 Simulation density (g/mL):         0.97289662606262828
 Instantaneous density (g/mL):       1.1195177802255394
 Volume of bulk solvent (Ang^3):     4330.0000000000000
 Mass of bulk solvent (amu):         2919.2399999999943
 Outer bulk boundary distance:      -7.6627099305432820      (contour value:   9.8673427897009169E-003 )
 Inner bulk boundary distance:      -7.1627099305432811      (contour value:   1.8700836103611285E-002 )
 ======================================
 MESSAGE (watershell2_main): WRITING RESTART FILE TO ("watershell0.restart.txt")
 MESSAGE (FILES_OPEN): Opening FORMATTED file "watershell0.restart.txt" for writing.
 MESSAGE (watershell2_main): OUTER BULK BOUNDARY ( -7.662709931    ) IS TOO CLOSE TO SURFACE BOUNDARY ( -8.157701812    ). WILL RECOMPUTE:
 MESSAGE (watershell2_main): LOCATION OF OUTER BULK BOUNDARY SET TO  -7.661040558     A FROM PROTEIN. CONTOUR VALUE IS  0.9889352930E-02
 MESSAGE (watershell2_main): LOCATION OF INNER BULK BOUNDARY SET TO  -7.161040558     A FROM PROTEIN. CONTOUR VALUE IS  0.1873904129E-01
 MESSAGE (watershell2_main): OUTER BULK BOUNDARY ( -7.661040558    ) IS TOO CLOSE TO SURFACE BOUNDARY ( -8.156036125    ). WILL RECOMPUTE:
 MESSAGE (watershell2_main): LOCATION OF OUTER BULK BOUNDARY SET TO  -7.659372414     A FROM PROTEIN. CONTOUR VALUE IS  0.9911389677E-02
 MESSAGE (watershell2_main): LOCATION OF INNER BULK BOUNDARY SET TO  -7.159372414     A FROM PROTEIN. CONTOUR VALUE IS  0.1877728469E-01
 MESSAGE (watershell2_main): OUTER BULK BOUNDARY ( -7.659372414    ) IS TOO CLOSE TO SURFACE BOUNDARY ( -8.154370650    ). WILL RECOMPUTE:
 MESSAGE (watershell2_main): LOCATION OF OUTER BULK BOUNDARY SET TO  -7.657705159     A FROM PROTEIN. CONTOUR VALUE IS  0.9933457496E-02
 MESSAGE (watershell2_main): LOCATION OF INNER BULK BOUNDARY SET TO  -7.157705159     A FROM PROTEIN. CONTOUR VALUE IS  0.1881557402E-01
 MESSAGE (watershell2_main): OUTER BULK BOUNDARY ( -7.657705159    ) IS TOO CLOSE TO SURFACE BOUNDARY ( -8.152699768    ). WILL RECOMPUTE:
 MESSAGE (watershell2_main): LOCATION OF OUTER BULK BOUNDARY SET TO  -7.656036696     A FROM PROTEIN. CONTOUR VALUE IS  0.9955584252E-02
 MESSAGE (watershell2_main): LOCATION OF INNER BULK BOUNDARY SET TO  -7.156036696     A FROM PROTEIN. CONTOUR VALUE IS  0.1885395761E-01
 MESSAGE (watershell2_main): OUTER BULK BOUNDARY ( -7.656036696    ) IS TOO CLOSE TO SURFACE BOUNDARY ( -8.151035030    ). WILL RECOMPUTE:
 MESSAGE (watershell2_main): LOCATION OF OUTER BULK BOUNDARY SET TO  -7.654369474     A FROM PROTEIN. CONTOUR VALUE IS  0.9977737503E-02
 MESSAGE (watershell2_main): LOCATION OF INNER BULK BOUNDARY SET TO  -7.154369474     A FROM PROTEIN. CONTOUR VALUE IS  0.1889237915E-01
 MESSAGE (watershell2_main): OUTER BULK BOUNDARY ( -7.654369474    ) IS TOO CLOSE TO SURFACE BOUNDARY ( -8.149368572    ). WILL RECOMPUTE:
 MESSAGE (watershell2_main): LOCATION OF OUTER BULK BOUNDARY SET TO  -7.652702507     A FROM PROTEIN. CONTOUR VALUE IS  0.9999930379E-02
 MESSAGE (watershell2_main): LOCATION OF INNER BULK BOUNDARY SET TO  -7.152702507     A FROM PROTEIN. CONTOUR VALUE IS  0.1893086140E-01
 ==========================================================================================
 Iteration:               200000
 Surface boundary distance:         -8.1484039489927529      (contour value:   5.0234821027181908E-003 )
 Current avg. solvent contour val:  0.33191152824163189
 Surface energy:                     102.62830185075106
 Curvature energy:                   15.506039942686009
 Surface curvature at solvent (min:ave:max): (  -9.8007245440299803E-002 :  -2.9743254949499771E-002 :  0.41562075675657534      )
 ======= FORCE STATISTICS ==============
 Total force applied to surface atoms:   -0.46732345026511729       -4.1238205934037948        1.9397215481221224
 RMS of surface atom forces:               2.8858602905835945E-002
 Largest force acting on a surface atom:   3.0269634877512323E-002
 Total force applied to solvent atoms:    -3.6585826866702913       0.76314605115169332        4.7601892171379863
 RMS of solvent atom forces:              0.36601556736329960
 Largest force acting on a solvent atom:   3.7429458417895547
 Rotational restraint energy:           3.4223784762139700E-003
 Translational restraint energy:        1.0493403588999108
 Total rigid-body restraint energy:     1.0527627373761248
 =======================================
 Solute neighbor list search depth (min:ave:max): (          16 :   89.915197713196761      :         159 )
 ======= DENSITY STATISTICS ============
 # Solute atoms used for density:           159
 Target density (g/mL):             0.99700000000000000
 Simulation density (g/mL):         0.97198573332943394
 Instantaneous density (g/mL):       1.0016331066748903
 Volume of bulk solvent (Ang^3):     4272.0000000000000
 Mass of bulk solvent (amu):         2576.8599999999933
 Outer bulk boundary distance:      -7.6527025065431591      (contour value:   9.9999303785578419E-003 )
 Inner bulk boundary distance:      -7.1527025065431600      (contour value:   1.8930861399950594E-002 )
 ======================================
 MESSAGE (watershell2_main): WRITING RESTART FILE TO ("watershell0.restart.txt")
 MESSAGE (FILES_OPEN): Opening FORMATTED file "watershell0.restart.txt" for writing.
 MESSAGE (watershell2_main): OUTER BULK BOUNDARY ( -7.652702507    ) IS TOO CLOSE TO SURFACE BOUNDARY ( -8.147694878    ). WILL RECOMPUTE:
 MESSAGE (watershell2_main): LOCATION OF OUTER BULK BOUNDARY SET TO  -7.651033297     A FROM PROTEIN. CONTOUR VALUE IS  0.1002219627E-01
 MESSAGE (watershell2_main): LOCATION OF INNER BULK BOUNDARY SET TO  -7.151033297     A FROM PROTEIN. CONTOUR VALUE IS  0.1896946220E-01
 MESSAGE (watershell2_main): OUTER BULK BOUNDARY ( -7.651033297    ) IS TOO CLOSE TO SURFACE BOUNDARY ( -8.146024262    ). WILL RECOMPUTE:
 MESSAGE (watershell2_main): LOCATION OF OUTER BULK BOUNDARY SET TO  -7.649363619     A FROM PROTEIN. CONTOUR VALUE IS  0.1004451168E-01
 MESSAGE (watershell2_main): LOCATION OF INNER BULK BOUNDARY SET TO  -7.149363619     A FROM PROTEIN. CONTOUR VALUE IS  0.1900814078E-01
 MESSAGE (master_done_plugin): FINALIZING MASTER PLUGIN
 MESSAGE (watershell2_done): WRITING RESTART FILE.
 MESSAGE (FILES_OPEN): Opening FORMATTED file "watershell0.restart.txt" for writing.
 MESSAGE (subroutine watershell_sbf_spline_done):  Destroying 2D (curvature,distance) spline array
